code_muni,name_muni,abbrev_state,n_anos,distribuicao,idf_k,idf_a,idf_b,idf_c,idf_r2,intensidade_tr100_24h_mm_h,chuva_max_media_mm,pct_anos_vizinhanca
5101837,Boa Esperança do Norte,MT,65,GEV,577.17,0.1558,11.827,0.758,0.9993,4.62,51.8,0.0
1200054,Assis Brasil,AC,65,GEV,349.33,0.5334,11.827,0.758,0.9984,16.55,61.8,0.0
1200104,Brasiléia,AC,65,GEV,393.99,0.4956,11.827,0.758,0.999,15.54,63.6,0.0
1200252,Epitaciolândia,AC,65,GEV,449.98,0.4748,11.827,0.758,0.9993,16.02,68.4,0.0
1200708,Xapuri,AC,65,GEV,436.14,0.4759,11.827,0.758,0.9992,15.64,67.1,0.0
1200013,Acrelândia,AC,65,GEV,532.6,0.4451,11.827,0.758,0.9995,16.42,74.5,0.0
1200138,Bujari,AC,65,GEV,510.08,0.3637,11.827,0.758,0.9995,10.78,63.9,0.0
1200179,Capixaba,AC,65,GEV,518.55,0.4347,11.827,0.758,0.9996,15.2,71.5,0.0
1200385,Plácido de Castro,AC,65,Log-Normal,725.43,0.3291,11.827,0.758,0.9986,12.73,77.4,0.0
1200401,Rio Branco,AC,65,GEV,536.6,0.3724,11.827,0.758,0.9995,11.8,67.3,0.0
1200450,Senador Guiomard,AC,65,GEV,441.67,0.5149,11.827,0.758,0.9993,18.93,70.3,0.0
1200807,Porto Acre,AC,65,GEV,426.13,0.4444,11.827,0.758,0.9993,13.21,62.6,0.0
1200344,Manoel Urbano,AC,65,GEV,504.32,0.3336,11.827,0.758,0.9995,9.25,59.3,0.0
1200435,Santa Rosa do Purus,AC,65,Log-Normal,561.66,0.299,11.827,0.758,0.999,8.63,59.8,0.0
1200500,Sena Madureira,AC,65,GEV,481.05,0.3428,11.827,0.758,0.9995,9.27,60.1,0.0
1200203,Cruzeiro do Sul,AC,65,Weibull,650.01,0.1131,11.827,0.758,0.9989,4.25,52.2,0.0
1200336,Mâncio Lima,AC,65,Normal,699.2,0.0807,11.827,0.758,0.9992,3.96,55.1,0.0
1200351,Marechal Thaumaturgo,AC,65,Gama,657.11,0.1388,11.827,0.758,0.999,4.84,55.7,0.0
1200393,Porto Walter,AC,65,Weibull,658.47,0.1196,11.827,0.758,0.999,4.44,54.0,0.0
1200427,Rodrigues Alves,AC,65,Normal,678.14,0.0806,11.827,0.758,0.9992,3.84,53.4,0.0
1200302,Feijó,AC,65,GEV,565.89,0.2662,11.827,0.758,0.9993,7.54,57.7,0.0
1200328,Jordão,AC,65,GEV,604.69,0.1886,11.827,0.758,0.9993,5.63,55.9,0.0
1200609,Tarauacá,AC,65,Weibull,629.8,0.1367,11.827,0.758,0.9989,4.58,52.2,0.0
2700300,Arapiraca,AL,65,Log-Normal,432.11,0.2477,11.827,0.758,0.999,5.25,42.4,0.0
2701506,Campo Grande,AL,65,GEV,548.24,0.1508,11.827,0.758,0.9987,4.25,44.4,0.0
2702009,Coité do Nóia,AL,65,Gumbel,483.02,0.1624,11.827,0.758,0.999,3.96,41.8,0.0
2702355,Craíbas,AL,65,Gama,428.61,0.1843,11.827,0.758,0.9986,3.87,37.1,0.0
2702603,Feira Grande,AL,65,GEV,548.24,0.1508,11.827,0.758,0.9987,4.25,44.4,0.0
2702900,Girau do Ponciano,AL,65,Gama,501.79,0.1706,11.827,0.758,0.9985,4.25,40.9,0.0
2704104,Lagoa da Canoa,AL,65,Weibull,531.49,0.1533,11.827,0.758,0.9984,4.15,41.5,0.0
2704203,Limoeiro de Anadia,AL,65,Weibull,535.09,0.1616,11.827,0.758,0.9986,4.35,44.7,0.0
2704807,Maribondo,AL,65,Gumbel,589.74,0.1656,11.827,0.758,0.999,4.91,50.8,0.0
2705903,Olho d'Água Grande,AL,65,Gumbel,547.68,0.1788,11.827,0.758,0.9988,4.83,46.5,0.0
2708808,São Sebastião,AL,65,GEV,577.1,0.2243,11.827,0.758,0.9989,6.28,52.5,0.0
2709004,Tanque d'Arca,AL,65,Gama,584.79,0.1626,11.827,0.758,0.9988,4.79,49.3,0.0
2709103,Taquarana,AL,65,Weibull,554.54,0.1378,11.827,0.758,0.9987,4.05,44.3,0.0
2709202,Traipu,AL,65,GEV,493.45,0.1255,11.827,0.758,0.9987,3.4,39.0,0.0
2704906,Mar Vermelho,AL,65,Weibull,588.4,0.142,11.827,0.758,0.9987,4.38,47.9,0.0
2700805,Belém,AL,65,Gama,527.15,0.1558,11.827,0.758,0.9988,4.18,44.1,0.0
2701209,Cacimbinhas,AL,65,Log-Normal,442.66,0.1252,11.827,0.758,0.999,3.06,36.1,0.0
2702553,Estrela de Alagoas,AL,65,Weibull,439.33,0.1644,11.827,0.758,0.9988,3.63,38.2,0.0
2703106,Igaci,AL,65,Gama,430.49,0.2061,11.827,0.758,0.9985,4.29,39.2,0.0
2705309,Minador do Negrão,AL,65,Gumbel,421.11,0.1628,11.827,0.758,0.999,3.46,35.9,0.0
2706307,Palmeira dos Índios,AL,65,Weibull,488.99,0.1454,11.827,0.758,0.9987,3.69,39.9,0.0
2706604,Paulo Jacinto,AL,65,Gumbel,563.17,0.1708,11.827,0.758,0.9989,4.8,48.4,0.0
2707602,Quebrangulo,AL,65,Gumbel,563.17,0.1708,11.827,0.758,0.9989,4.8,48.4,0.0
2708204,São Brás,AL,65,Log-Normal,608.25,0.1577,11.827,0.758,0.9987,4.86,48.7,0.0
2704005,Junqueiro,AL,65,Gumbel,544.24,0.1828,11.827,0.758,0.9988,4.89,46.7,0.0
2709152,Teotônio Vilela,AL,65,GEV,593.24,0.2215,11.827,0.758,0.9989,6.38,54.0,0.0
2700409,Atalaia,AL,65,Weibull,720.41,0.1568,11.827,0.758,0.9985,5.72,58.8,0.0
2701308,Cajueiro,AL,65,Weibull,726.39,0.1297,11.827,0.758,0.9987,5.11,57.1,0.0
2701704,Capela,AL,65,Weibull,718.1,0.1306,11.827,0.758,0.9987,5.07,57.1,0.0
2701902,Chã Preta,AL,65,Gama,593.82,0.157,11.827,0.758,0.9988,4.74,49.6,0.0
2707008,Pindoba,AL,65,GEV,591.2,0.1617,11.827,0.758,0.9989,4.83,50.5,0.0
2709400,Viçosa,AL,65,Gumbel,579.6,0.171,11.827,0.758,0.9989,4.94,49.6,0.0
2700508,Barra de Santo Antônio,AL,65,Weibull,817.38,0.1967,11.827,0.758,0.9983,7.78,71.0,0.0
2700607,Barra de São Miguel,AL,65,Weibull,819.2,0.145,11.827,0.758,0.9985,6.16,63.8,0.0
2702207,Coqueiro Seco,AL,65,Weibull,893.18,0.1502,11.827,0.758,0.9986,6.9,73.3,0.0
2702801,Flexeiras,AL,65,Log-Normal,761.5,0.1871,11.827,0.758,0.9989,6.99,66.4,0.0
2703809,Joaquim Gomes,AL,65,Gumbel,624.91,0.1993,11.827,0.758,0.9985,6.03,53.2,0.0
2704302,Maceió,AL,65,Gumbel,873.03,0.1696,11.827,0.758,0.9989,7.39,74.7,0.0
2704708,Marechal Deodoro,AL,65,GEV,824.39,0.1637,11.827,0.758,0.9988,6.78,69.1,0.0
2705200,Messias,AL,65,Gumbel,810.13,0.1713,11.827,0.758,0.9989,6.91,69.6,0.0
2706448,Paripueira,AL,65,Gama,891.96,0.1539,11.827,0.758,0.9988,7.02,74.7,0.0
2706901,Pilar,AL,65,Log-Normal,696.18,0.2116,11.827,0.758,0.9989,7.15,63.3,0.0
2707701,Rio Largo,AL,65,Gama,858.08,0.1574,11.827,0.758,0.9988,6.86,71.7,0.0
2707909,Santa Luzia do Norte,AL,65,Weibull,893.18,0.1502,11.827,0.758,0.9986,6.9,73.3,0.0
2708907,Satuba,AL,65,GEV,862.74,0.1597,11.827,0.758,0.9989,6.98,72.6,0.0
2702306,Coruripe,AL,65,Gumbel,708.08,0.1921,11.827,0.758,0.9986,6.62,60.1,0.0
2702702,Feliz Deserto,AL,65,Gumbel,722.37,0.1796,11.827,0.758,0.9988,6.4,62.0,0.0
2703205,Igreja Nova,AL,65,Gumbel,628.09,0.1813,11.827,0.758,0.9988,5.6,53.9,0.0
2706703,Penedo,AL,65,Gumbel,675.26,0.1879,11.827,0.758,0.9987,6.2,57.5,0.0
2706802,Piaçabuçu,AL,65,Gumbel,704.78,0.1772,11.827,0.758,0.9988,6.17,60.8,0.0
2707503,Porto Real do Colégio,AL,65,Normal,717.52,0.1202,11.827,0.758,0.9987,4.83,53.1,0.0
2701357,Campestre,AL,65,Gumbel,656.13,0.1857,11.827,0.758,0.9987,5.97,56.3,0.0
2702108,Colônia Leopoldina,AL,65,Gumbel,612.68,0.1973,11.827,0.758,0.9985,5.87,52.4,0.0
2703502,Jacuípe,AL,65,GEV,687.81,0.2145,11.827,0.758,0.9989,7.16,62.1,0.0
2703601,Japaratinga,AL,65,GEV,776.95,0.1973,11.827,0.758,0.9988,7.46,67.5,0.0
2703908,Jundiá,AL,65,GEV,563.42,0.2618,11.827,0.758,0.9993,7.34,56.6,0.0
2704500,Maragogi,AL,65,GEV,761.17,0.222,11.827,0.758,0.9989,8.2,69.5,0.0
2705101,Matriz de Camaragibe,AL,65,Gama,751.02,0.1891,11.827,0.758,0.9984,6.91,63.0,0.0
2705606,Novo Lino,AL,65,GEV,547.74,0.2669,11.827,0.758,0.9992,7.29,54.8,0.0
2706505,Passo de Camaragibe,AL,65,Gumbel,790.57,0.1764,11.827,0.758,0.9989,6.9,68.0,0.0
2707305,Porto Calvo,AL,65,GEV,785.18,0.1655,11.827,0.758,0.9988,6.51,65.4,0.0
2707404,Porto de Pedras,AL,65,GEV,815.62,0.1718,11.827,0.758,0.9987,6.96,68.1,0.0
2708501,São Luís do Quitunde,AL,65,Weibull,777.9,0.1899,11.827,0.758,0.9982,7.17,65.4,0.0
2708709,São Miguel dos Milagres,AL,65,Log-Normal,825.59,0.158,11.827,0.758,0.9989,6.63,68.6,0.0
2700201,Anadia,AL,65,GEV,673.18,0.1272,11.827,0.758,0.9987,4.68,53.1,0.0
2701001,Boca da Mata,AL,65,Weibull,677.91,0.1252,11.827,0.758,0.9988,4.67,53.7,0.0
2701407,Campo Alegre,AL,65,GEV,606.04,0.1787,11.827,0.758,0.9988,5.34,51.5,0.0
2703759,Jequiá da Praia,AL,65,Weibull,734.98,0.1734,11.827,0.758,0.9984,6.29,60.9,0.0
2707800,Roteiro,AL,65,Weibull,804.76,0.1527,11.827,0.758,0.9984,6.26,62.7,0.0
2708600,São Miguel dos Campos,AL,65,Weibull,719.29,0.1409,11.827,0.758,0.9986,5.32,57.0,0.0
2701100,Branquinha,AL,65,Gama,687.82,0.1556,11.827,0.758,0.9987,5.45,56.1,0.0
2703007,Ibateguara,AL,65,Gumbel,554.22,0.2052,11.827,0.758,0.9984,5.49,46.9,0.0
2705507,Murici,AL,65,Gumbel,744.58,0.1837,11.827,0.758,0.9988,6.71,63.2,0.0
2708105,Santana do Mundaú,AL,65,Gumbel,609.68,0.1791,11.827,0.758,0.9988,5.39,51.9,0.0
2708303,São José da Laje,AL,65,Weibull,515.96,0.2192,11.827,0.758,0.9978,5.42,44.1,0.0
2709301,União dos Palmares,AL,65,Weibull,630.35,0.1613,11.827,0.758,0.9985,5.11,51.1,0.0
2703700,Jaramataia,AL,65,Weibull,446.79,0.1412,11.827,0.758,0.9988,3.32,37.1,0.0
2700102,Água Branca,AL,65,Weibull,505.03,0.1728,11.827,0.758,0.9983,4.31,41.4,0.0
2702405,Delmiro Gouveia,AL,65,Weibull,523.13,0.1371,11.827,0.758,0.9986,3.8,40.8,0.0
2703304,Inhapi,AL,65,Gumbel,416.31,0.1673,11.827,0.758,0.999,3.49,35.5,0.0
2705002,Mata Grande,AL,65,Weibull,470.48,0.1568,11.827,0.758,0.9985,3.74,38.3,0.0
2705804,Olho d'Água do Casado,AL,65,Log-Normal,455.53,0.214,11.827,0.758,0.9988,4.72,40.8,0.0
2706422,Pariconha,AL,65,Weibull,528.57,0.176,11.827,0.758,0.9982,4.57,43.1,0.0
2707107,Piranhas,AL,65,Gumbel,412.22,0.193,11.827,0.758,0.9986,3.87,34.9,0.0
2704401,Major Isidoro,AL,65,Weibull,434.79,0.1462,11.827,0.758,0.9988,3.3,36.4,0.0
2700706,Batalha,AL,65,Gumbel,401.56,0.1723,11.827,0.758,0.9989,3.44,34.2,0.0
2700904,Belo Monte,AL,65,Gama,415.13,0.1609,11.827,0.758,0.9988,3.37,35.0,0.0
2703403,Jacaré dos Homens,AL,65,Weibull,413.65,0.1474,11.827,0.758,0.9987,3.15,33.9,0.0
2705408,Monteirópolis,AL,65,Gama,395.71,0.1547,11.827,0.758,0.9988,3.12,32.8,0.0
2705705,Olho d'Água das Flores,AL,65,Weibull,396.4,0.1414,11.827,0.758,0.9986,2.94,31.5,0.0
2706208,Palestina,AL,65,Gama,406.48,0.1483,11.827,0.758,0.9989,3.12,34.0,0.0
2706406,Pão de Açúcar,AL,65,Weibull,403.75,0.1576,11.827,0.758,0.9985,3.22,32.6,0.0
2708402,São José da Tapera,AL,65,Weibull,392.46,0.1368,11.827,0.758,0.9987,2.85,31.2,0.0
2701605,Canapi,AL,65,Weibull,408.54,0.1223,11.827,0.758,0.9989,2.78,33.0,0.0
2701803,Carneiros,AL,65,GEV,376.76,0.1377,11.827,0.758,0.9988,2.75,30.4,0.0
2702504,Dois Riachos,AL,65,Gama,394.65,0.1708,11.827,0.758,0.9988,3.36,34.4,0.0
2704609,Maravilha,AL,65,Gama,382.13,0.1239,11.827,0.758,0.9991,2.63,31.6,0.0
2706000,Olivença,AL,65,Gumbel,381.31,0.1573,11.827,0.758,0.9991,3.06,32.9,0.0
2706109,Ouro Branco,AL,65,Weibull,408.54,0.1223,11.827,0.758,0.9989,2.78,33.0,0.0
2707206,Poço das Trincheiras,AL,65,GEV,368.25,0.1444,11.827,0.758,0.9991,2.79,31.5,0.0
2708006,Santana do Ipanema,AL,65,GEV,389.78,0.1337,11.827,0.758,0.999,2.8,32.5,0.0
2708956,Senador Rui Palmeira,AL,65,GEV,376.76,0.1377,11.827,0.758,0.9988,2.75,30.4,0.0
1300102,Anori,AM,65,Weibull,631.08,0.1257,11.827,0.758,0.9989,4.37,51.6,0.0
1300631,Beruri,AM,65,Weibull,592.31,0.1456,11.827,0.758,0.9989,4.49,50.7,0.0
1301209,Coari,AM,65,Gumbel,617.99,0.1642,11.827,0.758,0.999,5.11,53.6,0.0
1301308,Codajás,AM,65,Gumbel,598.51,0.1456,11.827,0.758,0.9992,4.56,51.6,0.0
1301902,Itacoatiara,AM,65,Log-Normal,634.83,0.1076,11.827,0.758,0.9992,4.07,52.6,0.0
1302009,Itapiranga,AM,65,Gama,629.51,0.1147,11.827,0.758,0.9992,4.16,53.4,0.0
1303957,São Sebastião do Uatumã,AM,65,Gumbel,608.51,0.1222,11.827,0.758,0.9993,4.18,52.8,0.0
1304005,Silves,AM,65,Normal,676.99,0.0754,11.827,0.758,0.9992,3.74,53.6,0.0
1304302,Urucará,AM,65,Log-Normal,598.92,0.1466,11.827,0.758,0.9993,4.59,53.1,0.0
1304401,Urucurituba,AM,65,Weibull,671.94,0.0966,11.827,0.758,0.9991,4.08,53.7,0.0
1300086,Anamã,AM,65,Log-Normal,606.6,0.1124,11.827,0.758,0.9991,3.96,48.7,0.0
1300839,Caapiranga,AM,65,Gama,598.63,0.1052,11.827,0.758,0.9991,3.79,48.4,0.0
1302504,Manacapuru,AM,65,Gama,628.11,0.125,11.827,0.758,0.999,4.34,51.9,0.0
1300300,Autazes,AM,65,Log-Normal,605.83,0.1388,11.827,0.758,0.9991,4.47,51.5,0.0
1301100,Careiro,AM,65,Gama,684.51,0.1328,11.827,0.758,0.999,4.91,57.4,0.0
1301159,Careiro da Várzea,AM,65,GEV,689.71,0.1144,11.827,0.758,0.9991,4.54,56.7,0.0
1301852,Iranduba,AM,65,Normal,780.95,0.0949,11.827,0.758,0.9991,4.7,60.3,0.0
1302553,Manaquiri,AM,65,Gumbel,583.76,0.1485,11.827,0.758,0.9991,4.5,50.3,0.0
1302603,Manaus,AM,65,Log-Normal,720.46,0.1177,11.827,0.758,0.9992,4.83,59.7,0.0
1303106,Nova Olinda do Norte,AM,65,Gumbel,615.78,0.1327,11.827,0.758,0.9992,4.43,53.2,0.0
1303536,Presidente Figueiredo,AM,65,GEV,629.19,0.1593,11.827,0.758,0.9992,5.11,55.8,0.0
1303569,Rio Preto da Eva,AM,65,GEV,644.78,0.147,11.827,0.758,0.9993,4.96,57.5,0.0
1300508,Barreirinha,AM,65,Log-Normal,631.62,0.1178,11.827,0.758,0.9991,4.23,52.1,0.0
1300680,Boa Vista do Ramos,AM,65,Log-Normal,621.65,0.1252,11.827,0.758,0.9991,4.31,51.9,0.0
1302900,Maués,AM,65,Weibull,592.16,0.0911,11.827,0.758,0.9992,3.52,49.1,0.0
1303007,Nhamundá,AM,65,Weibull,635.73,0.0909,11.827,0.758,0.9992,3.77,51.6,0.0
1303403,Parintins,AM,65,Log-Normal,682.32,0.0857,11.827,0.758,0.9992,3.95,54.9,0.0
1300029,Alvarães,AM,65,Gumbel,618.78,0.1482,11.827,0.758,0.9991,4.77,53.7,0.0
1304203,Tefé,AM,65,GEV,585.13,0.2003,11.827,0.758,0.9994,5.76,55.8,0.0
1304260,Uarini,AM,65,GEV,581.96,0.1795,11.827,0.758,0.9993,5.19,53.2,0.0
1303205,Novo Airão,AM,65,Gumbel,616.45,0.1293,11.827,0.758,0.9993,4.37,53.3,0.0
1300409,Barcelos,AM,65,Gumbel,604.93,0.1282,11.827,0.758,0.9993,4.26,52.8,0.0
1303601,Santa Isabel do Rio Negro,AM,65,Gama,595.65,0.105,11.827,0.758,0.9992,3.77,50.2,0.0
1303809,São Gabriel da Cachoeira,AM,65,Weibull,707.7,0.0626,11.827,0.758,0.9993,3.69,56.4,0.0
1302108,Japurá,AM,65,GEV,562.58,0.14,11.827,0.758,0.9994,4.2,50.8,0.0
1302801,Maraã,AM,65,Log-Normal,535.71,0.1862,11.827,0.758,0.9993,4.93,50.2,0.0
1301407,Eirunepé,AM,65,Weibull,607.15,0.1203,11.827,0.758,0.999,4.11,50.3,0.0
1301506,Envira,AM,65,Gama,626.25,0.1363,11.827,0.758,0.9991,4.56,53.4,0.0
1301654,Guajará,AM,65,GEV,670.43,0.0835,11.827,0.758,0.9991,3.83,53.2,0.0
1301803,Ipixuna,AM,65,Log-Normal,561.69,0.1087,11.827,0.758,0.9992,3.62,46.6,0.0
1301951,Itamarati,AM,65,Gumbel,564.08,0.1257,11.827,0.758,0.9993,3.93,48.6,0.0
1300060,Amaturá,AM,65,Log-Normal,591.87,0.0975,11.827,0.758,0.9993,3.63,50.0,0.0
1300201,Atalaia do Norte,AM,65,GEV,501.31,0.1806,11.827,0.758,0.9995,4.53,48.4,0.0
1300607,Benjamin Constant,AM,65,GEV,623.2,0.1089,11.827,0.758,0.9992,4.01,52.4,0.0
1303700,Santo Antônio do Içá,AM,65,Weibull,622.19,0.0903,11.827,0.758,0.9991,3.68,50.2,0.0
1303908,São Paulo de Olivença,AM,65,Gama,647.71,0.1388,11.827,0.758,0.9991,4.77,55.5,0.0
1304062,Tabatinga,AM,65,Log-Normal,647.71,0.1122,11.827,0.758,0.9992,4.23,53.6,0.0
1304237,Tonantins,AM,65,GEV,552.19,0.1731,11.827,0.758,0.9995,4.82,53.1,0.0
1301001,Carauari,AM,65,GEV,647.73,0.0867,11.827,0.758,0.9991,3.76,51.5,0.0
1301605,Fonte Boa,AM,65,GEV,634.07,0.1062,11.827,0.758,0.9992,4.04,53.4,0.0
1302207,Juruá,AM,65,Log-Normal,585.09,0.2117,11.827,0.758,0.9993,6.05,56.7,0.0
1302306,Jutaí,AM,65,Gumbel,639.32,0.1268,11.827,0.758,0.9993,4.48,55.8,0.0
1300706,Boca do Acre,AM,65,GEV,524.34,0.2913,11.827,0.758,0.9995,7.87,56.9,0.0
1300904,Canutama,AM,65,Gama,665.53,0.1146,11.827,0.758,0.9992,4.4,55.4,0.0
1302405,Lábrea,AM,65,GEV,536.1,0.2706,11.827,0.758,0.9995,7.34,57.3,0.0
1303502,Pauini,AM,65,Log-Normal,559.85,0.1966,11.827,0.758,0.9993,5.4,53.3,0.0
1304104,Tapauá,AM,65,Weibull,609.3,0.1023,11.827,0.758,0.9991,3.8,49.5,0.0
1300805,Borba,AM,65,GEV,565.16,0.1081,11.827,0.758,0.9993,3.63,48.3,0.0
1300144,Apuí,AM,65,Log-Normal,647.94,0.0998,11.827,0.758,0.9992,4.0,53.1,0.0
1301704,Humaitá,AM,65,GEV,637.84,0.1191,11.827,0.758,0.9992,4.3,54.0,0.0
1302702,Manicoré,AM,65,GEV,585.55,0.1363,11.827,0.758,0.9993,4.29,51.9,0.0
1303304,Novo Aripuanã,AM,65,Weibull,668.29,0.1472,11.827,0.758,0.9988,5.1,56.2,0.0
1600105,Amapá,AP,65,Weibull,829.12,0.1372,11.827,0.758,0.9988,6.05,68.8,0.0
1600204,Calçoene,AP,65,GEV,732.98,0.1888,11.827,0.758,0.9994,6.85,69.7,0.0
1600501,Oiapoque,AP,65,GEV,702.95,0.1786,11.827,0.758,0.9994,6.28,66.4,0.0
1600550,Pracuúba,AP,65,Log-Normal,705.17,0.1549,11.827,0.758,0.9993,5.62,63.4,0.0
1600709,Tartarugalzinho,AP,65,Weibull,687.57,0.1145,11.827,0.758,0.9991,4.53,57.6,0.0
1600279,Laranjal do Jari,AP,65,Gama,544.95,0.1022,11.827,0.758,0.9993,3.41,45.8,0.0
1600808,Vitória do Jari,AP,65,Gama,626.98,0.1125,11.827,0.758,0.9992,4.1,52.5,0.0
1600253,Itaubal,AP,65,GEV,625.41,0.1172,11.827,0.758,0.9992,4.19,53.1,0.0
1600303,Macapá,AP,65,GEV,625.41,0.1172,11.827,0.758,0.9992,4.19,53.1,0.0
1600402,Mazagão,AP,65,Log-Normal,633.93,0.1042,11.827,0.758,0.9992,3.99,51.5,0.0
1600600,Santana,AP,65,Gumbel,610.58,0.147,11.827,0.758,0.9991,4.68,52.4,0.0
1600212,Cutias,AP,65,Log-Normal,675.7,0.0913,11.827,0.758,0.9993,4.02,55.7,0.0
1600055,Serra do Navio,AP,65,GEV,497.22,0.2036,11.827,0.758,0.9995,5.01,49.9,0.0
1600154,Pedra Branca do Amapari,AP,65,Gumbel,528.31,0.136,11.827,0.758,0.9992,3.86,45.8,0.0
1600238,Ferreira Gomes,AP,65,Gumbel,573.79,0.1551,11.827,0.758,0.9991,4.56,49.2,0.0
1600535,Porto Grande,AP,65,Gama,559.28,0.1163,11.827,0.758,0.9991,3.72,46.4,0.0
2924108,Pedrão,BA,65,GEV,611.33,0.1551,11.827,0.758,0.9988,4.83,50.4,0.0
2931400,Teodoro Sampaio,BA,65,Weibull,704.44,0.1613,11.827,0.758,0.9986,5.72,58.2,0.0
2916856,Itatim,BA,65,Log-Normal,510.43,0.1882,11.827,0.758,0.9987,4.69,43.1,0.0
2928505,Santa Terezinha,BA,65,GEV,526.58,0.1616,11.827,0.758,0.9987,4.29,43.6,0.0
2900405,Água Fria,BA,65,Log-Normal,470.52,0.1938,11.827,0.758,0.9988,4.45,41.1,0.0
2901502,Anguera,BA,65,Weibull,568.48,0.1153,11.827,0.758,0.9988,3.74,43.3,0.0
2901700,Antônio Cardoso,BA,65,Gumbel,529.91,0.1704,11.827,0.758,0.9989,4.51,45.4,0.0
2902609,Baixa Grande,BA,65,Weibull,619.12,0.1129,11.827,0.758,0.9988,4.04,47.6,0.0
2908200,Conceição da Feira,BA,65,Weibull,608.31,0.1395,11.827,0.758,0.9987,4.48,49.3,0.0
2908507,Conceição do Jacuípe,BA,65,Gumbel,588.87,0.1645,11.827,0.758,0.999,4.88,50.6,0.0
2908903,Coração de Maria,BA,65,Log-Normal,602.96,0.1407,11.827,0.758,0.9989,4.47,49.0,0.0
2910800,Feira de Santana,BA,65,Gama,540.9,0.1538,11.827,0.758,0.9988,4.25,44.4,0.0
2913804,Ipecaetá,BA,65,Weibull,581.49,0.1087,11.827,0.758,0.9988,3.72,43.8,0.0
2914000,Ipirá,BA,65,Weibull,618.94,0.117,11.827,0.758,0.9987,4.11,46.7,0.0
2914505,Irará,BA,65,Gumbel,537.01,0.1734,11.827,0.758,0.9989,4.63,46.2,0.0
2919603,Macajuba,BA,65,Log-Normal,614.76,0.1359,11.827,0.758,0.9988,4.46,48.6,0.0
2920106,Mairi,BA,65,Log-Normal,539.91,0.1641,11.827,0.758,0.9988,4.45,44.8,0.0
2922102,Mundo Novo,BA,65,Log-Normal,562.28,0.1399,11.827,0.758,0.9988,4.15,44.8,0.0
2923308,Ouriçangas,BA,65,Gumbel,553.33,0.1757,11.827,0.758,0.9989,4.82,47.2,0.0
2924652,Pintadas,BA,65,Log-Normal,552.26,0.1439,11.827,0.758,0.9988,4.15,43.9,0.0
2925956,Rafael Jambeiro,BA,65,GEV,533.29,0.1604,11.827,0.758,0.9988,4.32,44.2,0.0
2927507,Santa Bárbara,BA,65,Log-Normal,515.21,0.1543,11.827,0.758,0.9988,4.06,42.1,0.0
2928307,Santanópolis,BA,65,Log-Normal,523.53,0.1636,11.827,0.758,0.9989,4.31,44.0,0.0
2928802,Santo Estêvão,BA,65,Gumbel,516.76,0.1666,11.827,0.758,0.999,4.32,44.4,0.0
2929305,São Gonçalo dos Campos,BA,65,Weibull,592.28,0.1343,11.827,0.758,0.9987,4.25,47.3,0.0
2930402,Serra Preta,BA,65,Log-Normal,552.46,0.1235,11.827,0.758,0.9989,3.79,43.5,0.0
2931103,Tanquinho,BA,65,Weibull,547.14,0.144,11.827,0.758,0.9985,4.1,42.7,0.0
2933059,Várzea da Roça,BA,65,GEV,535.73,0.1808,11.827,0.758,0.9987,4.76,45.2,0.0
2901155,América Dourada,BA,65,GEV,547.73,0.1704,11.827,0.758,0.999,4.66,47.3,0.0
2903003,Barra do Mendes,BA,65,Gumbel,560.48,0.1785,11.827,0.758,0.9988,4.94,47.8,0.0
2903235,Barro Alto,BA,65,Normal,630.84,0.1064,11.827,0.758,0.9989,4.0,47.9,0.0
2905305,Cafarnaum,BA,65,Log-Normal,515.55,0.1672,11.827,0.758,0.9989,4.32,43.6,0.0
2906204,Canarana,BA,65,Weibull,585.84,0.1274,11.827,0.758,0.9988,4.08,46.5,0.0
2907608,Central,BA,65,GEV,606.11,0.1579,11.827,0.758,0.9989,4.86,51.2,0.0
2912400,Ibipeba,BA,65,Weibull,643.01,0.134,11.827,0.758,0.9987,4.61,50.8,0.0
2913101,Ibititá,BA,65,Weibull,666.06,0.1355,11.827,0.758,0.9986,4.8,52.2,0.0
2914604,Irecê,BA,65,Weibull,593.08,0.168,11.827,0.758,0.9988,4.98,51.8,0.0
2918357,João Dourado,BA,65,Gumbel,574.99,0.1693,11.827,0.758,0.9989,4.86,49.4,0.0
2918506,Jussara,BA,65,Gumbel,552.25,0.1675,11.827,0.758,0.999,4.64,47.3,0.0
2919157,Lapão,BA,65,Log-Normal,605.52,0.1602,11.827,0.758,0.999,4.92,51.8,0.0
2921708,Morro do Chapéu,BA,65,Weibull,568.7,0.1279,11.827,0.758,0.9988,3.97,44.3,0.0
2922052,Mulungu do Morro,BA,65,Weibull,497.26,0.1627,11.827,0.758,0.9985,4.06,40.8,0.0
2925600,Presidente Dutra,BA,65,Gumbel,633.18,0.1659,11.827,0.758,0.999,5.28,54.3,0.0
2929255,São Gabriel,BA,65,GEV,584.79,0.1693,11.827,0.758,0.9989,4.95,49.9,0.0
2932408,Uibaí,BA,65,Gama,646.97,0.1655,11.827,0.758,0.9987,5.36,54.3,0.0
2903805,Boa Vista do Tupim,BA,65,Gama,555.91,0.1455,11.827,0.758,0.9989,4.21,46.1,0.0
2911907,Iaçu,BA,65,Gumbel,522.68,0.1911,11.827,0.758,0.9986,4.87,44.2,0.0
2912608,Ibiquera,BA,65,Weibull,575.31,0.1122,11.827,0.758,0.9989,3.74,44.9,0.0
2914703,Itaberaba,BA,65,Log-Normal,623.01,0.1335,11.827,0.758,0.9988,4.46,49.0,0.0
2919009,Lajedinho,BA,65,Weibull,593.21,0.0947,11.827,0.758,0.999,3.57,45.7,0.0
2927200,Ruy Barbosa,BA,65,Gama,550.05,0.1611,11.827,0.758,0.9986,4.46,44.1,0.0
2905107,Caém,BA,65,Gumbel,567.14,0.1729,11.827,0.758,0.9989,4.88,48.9,0.0
2905503,Caldeirão Grande,BA,65,GEV,562.37,0.1858,11.827,0.758,0.9989,5.13,49.3,0.0
2906873,Capim Grosso,BA,65,Weibull,547.45,0.1403,11.827,0.758,0.9985,4.03,42.7,0.0
2917508,Jacobina,BA,65,Weibull,721.5,0.1417,11.827,0.758,0.9986,5.35,56.9,0.0
2921203,Miguel Calmon,BA,65,GEV,645.14,0.1579,11.827,0.758,0.9987,5.16,53.1,0.0
2921401,Mirangaba,BA,65,GEV,478.68,0.228,11.827,0.758,0.9991,5.32,45.1,0.0
2923357,Ourolândia,BA,65,GEV,434.62,0.2104,11.827,0.758,0.9991,4.46,40.2,0.0
2924801,Piritiba,BA,65,Log-Normal,622.84,0.1318,11.827,0.758,0.9988,4.43,48.4,0.0
2925931,Quixabeira,BA,65,Normal,607.37,0.1167,11.827,0.758,0.9988,4.03,45.3,0.0
2929370,São José do Jacuípe,BA,65,Gumbel,490.59,0.1773,11.827,0.758,0.9988,4.3,41.8,0.0
2929800,Saúde,BA,65,Gumbel,571.6,0.1797,11.827,0.758,0.9988,5.06,48.5,0.0
2930600,Serrolândia,BA,65,GEV,580.39,0.1795,11.827,0.758,0.9988,5.14,49.4,0.0
2931301,Tapiramutá,BA,65,Weibull,549.54,0.145,11.827,0.758,0.9984,4.13,42.4,0.0
2932457,Umburanas,BA,65,Gumbel,439.52,0.1651,11.827,0.758,0.999,3.65,37.8,0.0
2933109,Várzea do Poço,BA,65,Gumbel,581.49,0.1856,11.827,0.758,0.9987,5.29,49.4,0.0
2933158,Várzea Nova,BA,65,Gama,513.17,0.1746,11.827,0.758,0.9986,4.43,42.7,0.0
2910305,Elísio Medrado,BA,65,GEV,593.56,0.1412,11.827,0.758,0.9985,4.39,46.5,0.0
2914406,Iraquara,BA,65,Weibull,541.8,0.179,11.827,0.758,0.9986,4.77,46.7,0.0
2930808,Souto Soares,BA,65,Gumbel,510.09,0.1776,11.827,0.758,0.9988,4.48,43.6,0.0
2901353,Andorinha,BA,65,Gumbel,491.65,0.1664,11.827,0.758,0.999,4.11,42.2,0.0
2901809,Antônio Gonçalves,BA,65,Log-Normal,528.57,0.1605,11.827,0.758,0.999,4.3,45.1,0.0
2906006,Campo Formoso,BA,65,Log-Normal,341.3,0.3076,11.827,0.758,0.999,5.46,36.7,0.0
2910859,Filadélfia,BA,65,Gumbel,536.15,0.1572,11.827,0.758,0.9991,4.3,46.4,0.0
2917003,Itiúba,BA,65,GEV,518.47,0.1435,11.827,0.758,0.9988,3.89,42.6,0.0
2917706,Jaguarari,BA,65,Log-Normal,477.52,0.1566,11.827,0.758,0.9988,3.8,38.8,0.0
2924603,Pindobaçu,BA,65,Gama,579.57,0.1418,11.827,0.758,0.9989,4.32,47.2,0.0
2925253,Ponto Novo,BA,65,GEV,597.18,0.1083,11.827,0.758,0.9989,3.81,47.1,0.0
2930105,Senhor do Bonfim,BA,65,GEV,526.66,0.165,11.827,0.758,0.9991,4.38,46.3,0.0
2911303,Gentio do Ouro,BA,65,Weibull,593.96,0.1402,11.827,0.758,0.9987,4.38,48.2,0.0
2904100,Boquira,BA,65,Gumbel,510.5,0.1678,11.827,0.758,0.999,4.29,44.2,0.0
2912509,Ibipitanga,BA,65,Log-Normal,493.56,0.1429,11.827,0.758,0.9989,3.7,39.9,0.0
2919801,Macaúbas,BA,65,Gumbel,535.75,0.1647,11.827,0.758,0.999,4.44,46.0,0.0
2900108,Abaíra,BA,65,Gama,544.89,0.1449,11.827,0.758,0.9988,4.12,44.4,0.0
2900504,Érico Cardoso,BA,65,Log-Normal,528.32,0.1324,11.827,0.758,0.999,3.78,42.8,0.0
2902005,Aracatu,BA,65,GEV,602.78,0.1111,11.827,0.758,0.9987,3.89,46.7,0.0
2904605,Brumado,BA,65,Gama,558.58,0.1388,11.827,0.758,0.9989,4.1,45.3,0.0
2907558,Caturama,BA,65,Normal,537.63,0.1061,11.827,0.758,0.9989,3.4,40.8,0.0
2910107,Dom Basílio,BA,65,GEV,536.06,0.1581,11.827,0.758,0.9989,4.31,45.1,0.0
2918605,Jussiape,BA,65,Log-Normal,477.54,0.1846,11.827,0.758,0.999,4.34,42.0,0.0
2919504,Livramento de Nossa Senhora,BA,65,Weibull,557.02,0.1561,11.827,0.758,0.9987,4.42,46.3,0.0
2920304,Malhada de Pedras,BA,65,Weibull,560.82,0.1209,11.827,0.758,0.9988,3.79,44.1,0.0
2923605,Paramirim,BA,65,Normal,571.61,0.0958,11.827,0.758,0.999,3.46,44.1,0.0
2926707,Rio de Contas,BA,65,GEV,454.36,0.2092,11.827,0.758,0.9992,4.64,42.4,0.0
2926905,Rio do Pires,BA,65,Gumbel,478.22,0.1834,11.827,0.758,0.9988,4.31,40.5,0.0
2904209,Botuporã,BA,65,Weibull,575.28,0.1187,11.827,0.758,0.9989,3.85,45.3,0.0
2905008,Caculé,BA,65,Weibull,589.25,0.1379,11.827,0.758,0.9987,4.3,47.3,0.0
2905206,Caetité,BA,65,Gumbel,521.61,0.1752,11.827,0.758,0.9989,4.53,44.4,0.0
2906600,Candiba,BA,65,Gama,631.28,0.1362,11.827,0.758,0.9989,4.58,51.2,0.0
2911659,Guajeru,BA,65,Log-Normal,556.82,0.1395,11.827,0.758,0.999,4.11,45.9,0.0
2911709,Guanambi,BA,65,Gama,562.67,0.157,11.827,0.758,0.9988,4.49,46.9,0.0
2912004,Ibiassucê,BA,65,Normal,649.22,0.1014,11.827,0.758,0.999,4.03,49.7,0.0
2913408,Igaporã,BA,65,Weibull,551.61,0.1357,11.827,0.758,0.9987,3.99,44.5,0.0
2917334,Iuiu,BA,65,GEV,527.67,0.1896,11.827,0.758,0.9993,4.94,49.1,0.0
2917409,Jacaraci,BA,65,Gumbel,541.4,0.1666,11.827,0.758,0.999,4.53,46.8,0.0
2918753,Lagoa Real,BA,65,Log-Normal,537.03,0.1474,11.827,0.758,0.999,4.11,44.7,0.0
2919405,Licínio de Almeida,BA,65,Weibull,585.96,0.1308,11.827,0.758,0.9988,4.15,46.9,0.0
2920205,Malhada,BA,65,Gumbel,526.05,0.1592,11.827,0.758,0.999,4.26,45.3,0.0
2921054,Matina,BA,65,Normal,567.15,0.0996,11.827,0.758,0.999,3.49,43.5,0.0
2921807,Mortugaba,BA,65,Weibull,542.44,0.1543,11.827,0.758,0.9986,4.26,44.4,0.0
2923407,Palmas de Monte Alto,BA,65,Gama,552.9,0.1422,11.827,0.758,0.9989,4.13,45.2,0.0
2924504,Pindaí,BA,65,Weibull,607.92,0.1394,11.827,0.758,0.9987,4.47,49.0,0.0
2926400,Riacho de Santana,BA,65,Weibull,570.41,0.1104,11.827,0.758,0.9989,3.68,45.1,0.0
2926806,Rio do Antônio,BA,65,Gumbel,544.61,0.1685,11.827,0.758,0.9989,4.59,46.8,0.0
2930006,Sebastião Laranjeiras,BA,65,Gumbel,600.63,0.1582,11.827,0.758,0.9991,4.84,51.8,0.0
2931053,Tanque Novo,BA,65,Gama,576.72,0.1306,11.827,0.758,0.9989,4.09,46.7,0.0
2932606,Urandi,BA,65,Gumbel,583.7,0.1612,11.827,0.758,0.999,4.76,50.1,0.0
2912301,Ibicuí,BA,65,Gumbel,564.03,0.1659,11.827,0.758,0.999,4.7,48.3,0.0
2910008,Dário Meira,BA,65,Normal,564.24,0.1048,11.827,0.758,0.9989,3.55,42.9,0.0
2904050,Bonito,BA,65,Gumbel,476.32,0.1785,11.827,0.758,0.9988,4.2,40.8,0.0
2901304,Andaraí,BA,65,Gama,752.44,0.1376,11.827,0.758,0.9988,5.5,60.0,0.0
2915007,Itaeté,BA,65,Log-Normal,682.31,0.1351,11.827,0.758,0.9991,4.95,57.2,0.0
2920809,Marcionílio Souza,BA,65,Log-Normal,614.29,0.1385,11.827,0.758,0.999,4.52,50.7,0.0
2922854,Nova Redenção,BA,65,Log-Normal,660.88,0.1358,11.827,0.758,0.999,4.8,54.0,0.0
2932804,Utinga,BA,65,Gama,499.64,0.166,11.827,0.758,0.9986,4.14,40.6,0.0
2933406,Wagner,BA,65,Gumbel,509.52,0.1745,11.827,0.758,0.9989,4.41,43.6,0.0
2916401,Itapetinga,BA,65,Log-Normal,641.34,0.1286,11.827,0.758,0.9989,4.5,51.4,0.0
2916807,Itarantim,BA,65,Weibull,563.16,0.1196,11.827,0.758,0.9988,3.79,44.4,0.0
2917102,Itororó,BA,65,Normal,661.34,0.0984,11.827,0.758,0.999,4.05,50.8,0.0
2919702,Macarani,BA,65,GEV,558.78,0.1301,11.827,0.758,0.9989,3.94,45.2,0.0
2920007,Maiquinique,BA,65,Normal,593.26,0.1022,11.827,0.758,0.999,3.69,45.3,0.0
2925402,Potiraguá,BA,65,Weibull,536.03,0.1386,11.827,0.758,0.9987,3.93,43.4,0.0
2900603,Aiquara,BA,65,Normal,603.27,0.1142,11.827,0.758,0.9988,3.96,45.2,0.0
2901957,Apuarema,BA,65,Log-Normal,511.14,0.1861,11.827,0.758,0.9989,4.67,44.9,0.0
2909505,Cravolândia,BA,65,Gumbel,496.75,0.1856,11.827,0.758,0.9987,4.52,42.8,0.0
2914208,Irajuba,BA,65,Gama,538.87,0.1843,11.827,0.758,0.9983,4.85,44.1,0.0
2915106,Itagi,BA,65,Normal,546.33,0.104,11.827,0.758,0.9989,3.43,41.6,0.0
2916708,Itaquara,BA,65,GEV,463.3,0.2211,11.827,0.758,0.9989,4.97,42.1,0.0
2916906,Itiruçu,BA,65,Gumbel,513.68,0.1755,11.827,0.758,0.9989,4.47,44.1,0.0
2917607,Jaguaquara,BA,65,Gama,539.25,0.1618,11.827,0.758,0.9986,4.39,44.1,0.0
2918001,Jequié,BA,65,Log-Normal,527.62,0.1426,11.827,0.758,0.9989,3.95,42.7,0.0
2918308,Jitaúna,BA,65,Normal,582.26,0.1083,11.827,0.758,0.9989,3.72,44.1,0.0
2918704,Lafaiete Coutinho,BA,65,Normal,579.92,0.1081,11.827,0.758,0.9989,3.7,43.9,0.0
2919058,Lajedo do Tabocal,BA,65,GEV,528.44,0.1849,11.827,0.758,0.9988,4.8,45.6,0.0
2920403,Manoel Vitorino,BA,65,Weibull,581.75,0.1372,11.827,0.758,0.9986,4.23,45.7,0.0
2920502,Maracás,BA,65,Normal,599.25,0.1076,11.827,0.758,0.9989,3.82,45.4,0.0
2924900,Planaltino,BA,65,Log-Normal,549.98,0.1423,11.827,0.758,0.9988,4.1,44.0,0.0
2927903,Santa Inês,BA,65,Gumbel,497.45,0.1874,11.827,0.758,0.9987,4.56,42.7,0.0
2901007,Amargosa,BA,65,Weibull,560.1,0.1607,11.827,0.758,0.9983,4.52,44.0,0.0
2904308,Brejões,BA,65,Weibull,516.12,0.2073,11.827,0.758,0.9978,5.13,42.6,0.0
2918209,Jiquiriçá,BA,65,GEV,507.02,0.1954,11.827,0.758,0.999,4.84,45.4,0.0
2918803,Laje,BA,65,Gumbel,590.82,0.1691,11.827,0.758,0.9989,4.99,50.7,0.0
2921302,Milagres,BA,65,GEV,527.14,0.1974,11.827,0.758,0.9985,5.04,44.1,0.0
2922409,Mutuípe,BA,65,Gama,576.14,0.1498,11.827,0.758,0.9988,4.45,46.8,0.0
2922805,Nova Itarana,BA,65,GEV,477.52,0.2252,11.827,0.758,0.9988,5.21,42.8,0.0
2929404,São Miguel das Matas,BA,65,GEV,596.05,0.1604,11.827,0.758,0.9988,4.83,50.0,0.0
2932101,Ubaíra,BA,65,GEV,484.91,0.207,11.827,0.758,0.9989,4.88,43.6,0.0
2904001,Boninal,BA,65,Weibull,520.5,0.1548,11.827,0.758,0.9984,4.09,41.1,0.0
2913002,Ibitiara,BA,65,GEV,442.87,0.1868,11.827,0.758,0.9988,4.05,38.1,0.0
2919306,Lençóis,BA,65,Log-Normal,662.41,0.1452,11.827,0.758,0.9989,5.02,54.6,0.0
2921906,Mucugê,BA,65,Gumbel,658.53,0.171,11.827,0.758,0.9989,5.61,55.3,0.0
2923035,Novo Horizonte,BA,65,Gumbel,457.85,0.1806,11.827,0.758,0.9988,4.07,39.1,0.0
2923506,Palmeiras,BA,65,Weibull,646.37,0.1455,11.827,0.758,0.9987,4.89,52.7,0.0
2924306,Piatã,BA,65,Weibull,519.74,0.1272,11.827,0.758,0.9988,3.62,41.1,0.0
2929909,Seabra,BA,65,Gumbel,501.25,0.1775,11.827,0.758,0.9988,4.4,42.8,0.0
2901205,Anagé,BA,65,Weibull,631.2,0.119,11.827,0.758,0.9988,4.23,48.7,0.0
2902807,Barra da Estiva,BA,65,Weibull,577.01,0.1467,11.827,0.758,0.9985,4.38,45.9,0.0
2902906,Barra do Choça,BA,65,Weibull,542.7,0.1807,11.827,0.758,0.9983,4.8,45.7,0.0
2903508,Belo Campo,BA,65,Weibull,646.1,0.1435,11.827,0.758,0.9987,4.84,52.2,0.0
2903706,Boa Nova,BA,65,GEV,536.73,0.1418,11.827,0.758,0.9988,3.99,43.6,0.0
2903953,Bom Jesus da Serra,BA,65,Weibull,591.19,0.1172,11.827,0.758,0.9988,3.93,46.0,0.0
2904803,Caatiba,BA,65,Gama,547.56,0.1656,11.827,0.758,0.9987,4.54,46.1,0.0
2905156,Caetanos,BA,65,GEV,594.7,0.1786,11.827,0.758,0.9988,5.24,50.4,0.0
2906709,Cândido Sales,BA,65,Normal,687.99,0.1015,11.827,0.758,0.999,4.27,52.6,0.0
2906899,Caraíbas,BA,65,Gama,573.28,0.1474,11.827,0.758,0.9989,4.38,47.8,0.0
2908705,Condeúba,BA,65,Gumbel,550.28,0.1583,11.827,0.758,0.999,4.43,47.4,0.0
2908804,Contendas do Sincorá,BA,65,Gama,598.51,0.1532,11.827,0.758,0.9988,4.69,49.2,0.0
2909000,Cordeiros,BA,65,Log-Normal,578.26,0.139,11.827,0.758,0.9991,4.27,48.6,0.0
2910404,Encruzilhada,BA,65,Normal,621.07,0.1021,11.827,0.758,0.999,3.86,47.5,0.0
2912202,Ibicoara,BA,65,Weibull,599.27,0.112,11.827,0.758,0.9989,3.89,46.9,0.0
2913507,Iguaí,BA,65,Gama,536.88,0.1498,11.827,0.758,0.9989,4.15,44.6,0.0
2914307,Iramaia,BA,65,Weibull,554.79,0.1561,11.827,0.758,0.9986,4.4,45.9,0.0
2915809,Itambé,BA,65,Gumbel,573.52,0.1706,11.827,0.758,0.9989,4.88,49.1,0.0
2917201,Ituaçu,BA,65,Normal,623.79,0.1076,11.827,0.758,0.9989,3.97,47.3,0.0
2919959,Maetinga,BA,65,Weibull,595.53,0.1552,11.827,0.758,0.9986,4.7,48.6,0.0
2921450,Mirante,BA,65,Normal,657.57,0.1129,11.827,0.758,0.9988,4.29,49.4,0.0
2922706,Nova Canaã,BA,65,Weibull,578.2,0.1354,11.827,0.758,0.9987,4.17,45.7,0.0
2924702,Piripá,BA,65,GEV,598.89,0.1544,11.827,0.758,0.9989,4.73,50.2,0.0
2925006,Planalto,BA,65,Weibull,533.99,0.1562,11.827,0.758,0.9987,4.24,44.8,0.0
2925105,Poções,BA,65,Weibull,532.59,0.1507,11.827,0.758,0.9986,4.12,43.6,0.0
2925709,Presidente Jânio Quadros,BA,65,Gumbel,565.68,0.1679,11.827,0.758,0.999,4.76,48.6,0.0
2926657,Ribeirão do Largo,BA,65,GEV,585.59,0.1199,11.827,0.758,0.9989,3.94,47.0,0.0
2931004,Tanhaçu,BA,65,Gama,606.84,0.1754,11.827,0.758,0.9985,5.25,50.4,0.0
2931806,Tremedal,BA,65,Gama,625.14,0.1428,11.827,0.758,0.9989,4.68,51.1,0.0
2933307,Vitória da Conquista,BA,65,Weibull,620.89,0.1453,11.827,0.758,0.9987,4.69,51.1,0.0
2904506,Brotas de Macaúbas,BA,65,Weibull,503.0,0.1412,11.827,0.758,0.9988,3.73,41.6,0.0
2914109,Ipupiara,BA,65,Log-Normal,499.97,0.1589,11.827,0.758,0.999,4.04,42.5,0.0
2923209,Oliveira dos Brejinhos,BA,65,GEV,503.16,0.1546,11.827,0.758,0.999,3.98,43.1,0.0
2901403,Angical,BA,65,GEV,546.47,0.1845,11.827,0.758,0.9992,4.98,50.0,0.0
2902500,Baianópolis,BA,65,Gumbel,555.79,0.1558,11.827,0.758,0.9991,4.43,48.1,0.0
2903201,Barreiras,BA,65,GEV,616.78,0.1117,11.827,0.758,0.9991,4.02,51.0,0.0
2904407,Brejolândia,BA,65,GEV,478.26,0.1878,11.827,0.758,0.9994,4.46,45.6,0.0
2907400,Catolândia,BA,65,Weibull,653.07,0.1512,11.827,0.758,0.999,5.09,56.9,0.0
2909406,Cotegipe,BA,65,GEV,590.18,0.1689,11.827,0.758,0.9992,5.0,52.5,0.0
2909703,Cristópolis,BA,65,GEV,516.17,0.1965,11.827,0.758,0.9993,4.98,48.3,0.0
2911105,Formosa do Rio Preto,BA,65,Gumbel,509.48,0.1494,11.827,0.758,0.9991,3.95,44.1,0.0
2919553,Luís Eduardo Magalhães,BA,65,Log-Normal,551.0,0.1325,11.827,0.758,0.9991,3.95,46.3,0.0
2920452,Mansidão,BA,65,GEV,597.43,0.1764,11.827,0.758,0.9991,5.24,53.3,0.0
2926202,Riachão das Neves,BA,65,Gama,559.95,0.1268,11.827,0.758,0.9991,3.91,47.3,0.0
2928208,Santana,BA,65,Gumbel,567.54,0.1425,11.827,0.758,0.9992,4.26,49.4,0.0
2928406,Santa Rita de Cássia,BA,65,GEV,582.43,0.1785,11.827,0.758,0.9991,5.15,51.8,0.0
2928901,São Desidério,BA,65,GEV,503.01,0.2432,11.827,0.758,0.9995,6.05,51.5,0.0
2930303,Serra Dourada,BA,65,Weibull,589.54,0.1153,11.827,0.758,0.9989,3.89,47.6,0.0
2930907,Tabocas do Brejo Velho,BA,65,Weibull,540.98,0.1508,11.827,0.758,0.9989,4.2,46.4,0.0
2933455,Wanderley,BA,65,GEV,571.5,0.1686,11.827,0.758,0.9992,4.84,51.1,0.0
2906105,Canápolis,BA,65,GEV,564.65,0.1716,11.827,0.758,0.9991,4.84,50.0,0.0
2908101,Cocos,BA,65,Gumbel,600.97,0.1583,11.827,0.758,0.999,4.84,51.7,0.0
2909109,Coribe,BA,65,Gama,663.22,0.1257,11.827,0.758,0.9991,4.6,55.0,0.0
2909307,Correntina,BA,65,Weibull,612.04,0.1272,11.827,0.758,0.9988,4.26,49.4,0.0
2917359,Jaborandi,BA,65,Gama,611.68,0.1535,11.827,0.758,0.9989,4.81,51.7,0.0
2928109,Santa Maria da Vitória,BA,65,Gumbel,640.97,0.1677,11.827,0.758,0.999,5.38,55.2,0.0
2929057,São Félix do Coribe,BA,65,GEV,632.6,0.1596,11.827,0.758,0.9989,5.12,53.6,0.0
2904852,Cabaceiras do Paraguaçu,BA,65,GEV,537.65,0.1673,11.827,0.758,0.999,4.51,46.2,0.0
2904902,Cachoeira,BA,65,Gama,650.2,0.1654,11.827,0.758,0.9988,5.39,55.5,0.0
2907301,Castro Alves,BA,65,GEV,507.95,0.1415,11.827,0.758,0.999,3.78,42.4,0.0
2908309,Conceição do Almeida,BA,65,GEV,626.41,0.0822,11.827,0.758,0.9989,3.55,47.5,0.0
2909802,Cruz das Almas,BA,65,GEV,605.64,0.14,11.827,0.758,0.999,4.48,50.5,0.0
2911600,Governador Mangabeira,BA,65,Weibull,597.19,0.1359,11.827,0.758,0.9987,4.32,47.7,0.0
2922300,Muritiba,BA,65,Weibull,597.19,0.1359,11.827,0.758,0.9987,4.32,47.7,0.0
2929008,São Félix,BA,65,GEV,604.69,0.1538,11.827,0.758,0.999,4.76,51.2,0.0
2929107,São Felipe,BA,65,GEV,612.59,0.1441,11.827,0.758,0.9989,4.61,50.9,0.0
2929602,Sapeaçu,BA,65,GEV,571.05,0.1546,11.827,0.758,0.9989,4.51,47.7,0.0
2901106,Amélia Rodrigues,BA,65,GEV,713.16,0.1483,11.827,0.758,0.9989,5.48,59.7,0.0
2902302,Aratuípe,BA,65,GEV,600.62,0.1878,11.827,0.758,0.9991,5.55,54.4,0.0
2916104,Itaparica,BA,65,Weibull,963.05,0.1217,11.827,0.758,0.9988,6.53,75.5,0.0
2917805,Jaguaripe,BA,65,Gama,693.07,0.1608,11.827,0.758,0.9987,5.62,57.8,0.0
2920601,Maragogipe,BA,65,Gumbel,632.47,0.1642,11.827,0.758,0.999,5.23,54.6,0.0
2922508,Nazaré,BA,65,Gama,686.25,0.1638,11.827,0.758,0.9987,5.64,57.1,0.0
2927309,Salinas da Margarida,BA,65,GEV,923.31,0.1186,11.827,0.758,0.9988,6.18,72.7,0.0
2933208,Vera Cruz,BA,65,Weibull,976.26,0.1332,11.827,0.758,0.9987,6.97,77.2,0.0
2905701,Camaçari,BA,65,Gama,888.94,0.154,11.827,0.758,0.9988,7.0,73.5,0.0
2906501,Candeias,BA,65,Weibull,930.17,0.1346,11.827,0.758,0.9987,6.69,73.7,0.0
2907509,Catu,BA,65,GEV,767.86,0.1186,11.827,0.758,0.9987,5.13,59.4,0.0
2910057,Dias d'Ávila,BA,65,Weibull,899.3,0.1161,11.827,0.758,0.9988,5.95,69.1,0.0
2915908,Itanagra,BA,65,Weibull,854.92,0.1393,11.827,0.758,0.9986,6.27,67.4,0.0
2919207,Lauro de Freitas,BA,65,Gumbel,920.89,0.176,11.827,0.758,0.9989,8.03,78.8,0.0
2919926,Madre de Deus,BA,65,Log-Normal,833.4,0.1955,11.827,0.758,0.9989,7.95,73.5,0.0
2921005,Mata de São João,BA,65,Normal,909.5,0.1012,11.827,0.758,0.999,5.63,69.6,0.0
2925204,Pojuca,BA,65,GEV,804.59,0.1361,11.827,0.758,0.9988,5.83,64.9,0.0
2927408,Salvador,BA,65,Gama,990.21,0.1351,11.827,0.758,0.9989,7.15,79.8,0.0
2928604,Santo Amaro,BA,65,GEV,631.26,0.2164,11.827,0.758,0.9993,6.68,60.4,0.0
2929206,São Francisco do Conde,BA,65,Gama,905.67,0.1539,11.827,0.758,0.9988,7.12,74.2,0.0
2929503,São Sebastião do Passé,BA,65,Gumbel,796.64,0.1682,11.827,0.758,0.9989,6.71,68.4,0.0
2929750,Saubara,BA,65,Weibull,846.75,0.1541,11.827,0.758,0.9985,6.65,68.5,0.0
2930709,Simões Filho,BA,65,Gumbel,884.78,0.1689,11.827,0.758,0.9989,7.47,76.1,0.0
2931707,Terra Nova,BA,65,Gumbel,704.79,0.1548,11.827,0.758,0.9991,5.59,60.9,0.0
2910206,Dom Macedo Costa,BA,65,Weibull,617.83,0.1142,11.827,0.758,0.9989,4.06,49.0,0.0
2922201,Muniz Ferreira,BA,65,Gama,637.53,0.1275,11.827,0.758,0.999,4.46,52.1,0.0
2928703,Santo Antônio de Jesus,BA,65,Gama,632.11,0.1283,11.827,0.758,0.999,4.43,51.7,0.0
2933174,Varzedo,BA,65,GEV,560.69,0.1456,11.827,0.758,0.9988,4.25,46.2,0.0
2900306,Acajutiba,BA,65,Weibull,623.93,0.1422,11.827,0.758,0.9986,4.64,49.9,0.0
2900702,Alagoinhas,BA,65,GEV,621.52,0.1689,11.827,0.758,0.9989,5.25,53.1,0.0
2901908,Aporá,BA,65,Gama,548.84,0.1343,11.827,0.758,0.9988,3.95,43.8,0.0
2902054,Araçás,BA,65,Weibull,780.07,0.1463,11.827,0.758,0.9985,5.91,61.6,0.0
2902203,Aramari,BA,65,Log-Normal,615.44,0.151,11.827,0.758,0.9989,4.79,50.8,0.0
2907004,Cardeal da Silva,BA,65,Gumbel,682.96,0.1746,11.827,0.758,0.9989,5.91,58.3,0.0
2908606,Conde,BA,65,Weibull,700.99,0.178,11.827,0.758,0.9986,6.14,60.8,0.0
2909604,Crisópolis,BA,65,Log-Normal,509.95,0.1403,11.827,0.758,0.9989,3.78,41.4,0.0
2910503,Entre Rios,BA,65,Weibull,776.51,0.1387,11.827,0.758,0.9986,5.69,61.8,0.0
2910602,Esplanada,BA,65,Gumbel,656.96,0.1691,11.827,0.758,0.9989,5.55,56.3,0.0
2913705,Inhambupe,BA,65,GEV,533.15,0.1517,11.827,0.758,0.9989,4.16,44.4,0.0
2916500,Itapicuru,BA,65,GEV,395.46,0.2332,11.827,0.758,0.9992,4.51,37.9,0.0
2917904,Jandaíra,BA,65,Gama,717.36,0.1732,11.827,0.758,0.9987,6.16,61.5,0.0
2927002,Rio Real,BA,65,GEV,566.85,0.1883,11.827,0.758,0.999,5.24,50.2,0.0
2929701,Sátiro Dias,BA,65,Gama,427.23,0.2056,11.827,0.758,0.9982,4.23,36.5,0.0
2908408,Conceição do Coité,BA,65,GEV,486.76,0.1767,11.827,0.758,0.9987,4.24,40.7,0.0
2922656,Nordestina,BA,65,Log-Normal,446.52,0.2196,11.827,0.758,0.9986,4.74,39.7,0.0
2925808,Queimadas,BA,65,GEV,480.04,0.2159,11.827,0.758,0.9989,5.03,43.3,0.0
2926103,Retirolândia,BA,65,Gumbel,479.59,0.189,11.827,0.758,0.9987,4.43,40.7,0.0
2928000,Santaluz,BA,65,Gumbel,466.73,0.1818,11.827,0.758,0.9988,4.17,39.9,0.0
2928950,São Domingos,BA,65,Log-Normal,457.33,0.2233,11.827,0.758,0.9987,4.94,41.3,0.0
2933000,Valente,BA,65,Weibull,475.94,0.1972,11.827,0.758,0.9981,4.53,39.9,0.0
2900355,Adustina,BA,65,Gama,446.11,0.1943,11.827,0.758,0.9984,4.2,37.9,0.0
2901601,Antas,BA,65,GEV,382.34,0.2585,11.827,0.758,0.9989,4.87,36.5,0.0
2907806,Cícero Dantas,BA,65,GEV,379.21,0.2711,11.827,0.758,0.9991,5.14,37.7,0.0
2910750,Fátima,BA,65,Weibull,457.78,0.2197,11.827,0.758,0.9979,4.82,39.6,0.0
2911857,Heliópolis,BA,65,GEV,423.05,0.2494,11.827,0.758,0.9989,5.17,39.9,0.0
2923803,Paripiranga,BA,65,Weibull,514.26,0.1405,11.827,0.758,0.9986,3.8,40.9,0.0
2906808,Cansanção,BA,65,Gumbel,418.58,0.1864,11.827,0.758,0.9987,3.82,35.9,0.0
2906824,Canudos,BA,65,Gama,416.59,0.2065,11.827,0.758,0.9982,4.14,35.7,0.0
2910701,Euclides da Cunha,BA,65,Gama,409.49,0.2009,11.827,0.758,0.9983,3.97,35.1,0.0
2921500,Monte Santo,BA,65,GEV,505.08,0.1738,11.827,0.758,0.9987,4.35,42.4,0.0
2925907,Quijingue,BA,65,GEV,350.01,0.2706,11.827,0.758,0.9991,4.73,34.7,0.0
2906402,Candeal,BA,65,Normal,561.0,0.105,11.827,0.758,0.9989,3.53,42.7,0.0
2906857,Capela do Alto Alegre,BA,65,Gumbel,495.67,0.1796,11.827,0.758,0.9988,4.39,42.3,0.0
2911253,Gavião,BA,65,Log-Normal,479.2,0.1918,11.827,0.758,0.9988,4.49,41.5,0.0
2913309,Ichu,BA,65,Log-Normal,494.42,0.1662,11.827,0.758,0.9988,4.12,41.0,0.0
2919108,Lamarão,BA,65,Log-Normal,518.23,0.1525,11.827,0.758,0.9988,4.05,41.9,0.0
2922730,Nova Fátima,BA,65,Weibull,494.1,0.1804,11.827,0.758,0.9982,4.36,40.7,0.0
2924058,Pé de Serra,BA,65,Log-Normal,526.78,0.147,11.827,0.758,0.9988,4.01,42.1,0.0
2926301,Riachão do Jacuípe,BA,65,Gumbel,483.6,0.1825,11.827,0.758,0.9988,4.34,41.0,0.0
2909208,Coronel João Sá,BA,65,GEV,372.8,0.2129,11.827,0.758,0.9991,3.87,34.6,0.0
2918100,Jeremoabo,BA,65,Gama,453.38,0.1819,11.827,0.758,0.9985,4.04,38.2,0.0
2923050,Novo Triunfo,BA,65,Gama,417.04,0.2052,11.827,0.758,0.9982,4.13,35.8,0.0
2924207,Pedro Alexandre,BA,65,Gumbel,407.91,0.1785,11.827,0.758,0.9988,3.59,34.9,0.0
2930766,Sítio do Quinto,BA,65,GEV,340.34,0.254,11.827,0.758,0.9991,4.26,33.2,0.0
2932002,Uauá,BA,65,Log-Normal,502.99,0.1488,11.827,0.758,0.9988,3.86,40.2,0.0
2927606,Santa Brígida,BA,65,Normal,480.59,0.1171,11.827,0.758,0.9988,3.19,35.8,0.0
2902658,Banzaê,BA,65,GEV,355.07,0.2842,11.827,0.758,0.9992,5.12,36.2,0.0
2907905,Cipó,BA,65,Weibull,492.95,0.1672,11.827,0.758,0.9984,4.1,39.6,0.0
2922904,Nova Soure,BA,65,Weibull,455.61,0.2057,11.827,0.758,0.9978,4.5,37.8,0.0
2923100,Olindina,BA,65,Weibull,457.2,0.1419,11.827,0.758,0.9985,3.39,35.9,0.0
2926509,Ribeira do Amparo,BA,65,Log-Normal,440.44,0.2558,11.827,0.758,0.9985,5.51,41.0,0.0
2926608,Ribeira do Pombal,BA,65,GEV,396.56,0.2694,11.827,0.758,0.9989,5.31,38.3,0.0
2931905,Tucano,BA,65,Log-Normal,430.87,0.2435,11.827,0.758,0.9986,5.11,39.9,0.0
2902104,Araci,BA,65,GEV,419.8,0.2121,11.827,0.758,0.9989,4.32,37.8,0.0
2903276,Barrocas,BA,65,Gama,480.49,0.2003,11.827,0.758,0.9983,4.65,41.0,0.0
2903607,Biritinga,BA,65,Normal,494.54,0.1214,11.827,0.758,0.9987,3.35,36.5,0.0
2930501,Serrinha,BA,65,Log-Normal,485.12,0.1758,11.827,0.758,0.9987,4.22,40.4,0.0
2931509,Teofilândia,BA,65,Gama,466.9,0.2109,11.827,0.758,0.9982,4.74,40.2,0.0
2902252,Arataca,BA,65,Gama,645.05,0.1472,11.827,0.758,0.9988,4.92,53.2,0.0
2905602,Camacan,BA,65,Weibull,652.5,0.1283,11.827,0.758,0.9988,4.56,51.9,0.0
2906303,Canavieiras,BA,65,GEV,643.76,0.1404,11.827,0.758,0.9989,4.77,53.2,0.0
2918555,Jussari,BA,65,Log-Normal,622.63,0.1191,11.827,0.758,0.9991,4.2,51.3,0.0
2920908,Mascote,BA,65,Weibull,628.06,0.1275,11.827,0.758,0.9988,4.38,49.7,0.0
2923902,Pau Brasil,BA,65,Weibull,609.73,0.1607,11.827,0.758,0.9986,4.93,50.7,0.0
2928059,Santa Luzia,BA,65,GEV,626.02,0.1533,11.827,0.758,0.9989,4.92,52.3,0.0
2932507,Una,BA,65,Log-Normal,669.5,0.1391,11.827,0.758,0.999,4.93,54.9,0.0
2903409,Belmonte,BA,65,Gumbel,617.16,0.1653,11.827,0.758,0.999,5.13,53.0,0.0
2910727,Eunápolis,BA,65,Gama,633.57,0.133,11.827,0.758,0.999,4.54,51.9,0.0
2911808,Guaratinga,BA,65,GEV,585.63,0.1739,11.827,0.758,0.9991,5.07,51.7,0.0
2914653,Itabela,BA,65,Weibull,660.32,0.1562,11.827,0.758,0.9986,5.24,54.6,0.0
2915304,Itagimirim,BA,65,GEV,578.78,0.1679,11.827,0.758,0.9989,4.86,49.5,0.0
2916302,Itapebi,BA,65,Log-Normal,574.25,0.1529,11.827,0.758,0.999,4.51,48.5,0.0
2925303,Porto Seguro,BA,65,Log-Normal,616.24,0.2311,11.827,0.758,0.9988,6.91,57.0,0.0
2927705,Santa Cruz Cabrália,BA,65,GEV,624.32,0.1984,11.827,0.758,0.9991,6.06,56.8,0.0
2900900,Almadina,BA,65,Weibull,608.0,0.1746,11.827,0.758,0.9984,5.24,51.1,0.0
2902401,Aurelino Leal,BA,65,Normal,608.09,0.0983,11.827,0.758,0.999,3.72,46.8,0.0
2903300,Barro Preto,BA,65,Gama,618.42,0.1725,11.827,0.758,0.9988,5.3,53.8,0.0
2904704,Buerarema,BA,65,Weibull,723.03,0.1311,11.827,0.758,0.9987,5.12,57.2,0.0
2908002,Coaraci,BA,65,Weibull,586.63,0.1743,11.827,0.758,0.9985,5.05,50.1,0.0
2910909,Firmino Alves,BA,65,Weibull,651.75,0.1282,11.827,0.758,0.9988,4.56,52.0,0.0
2911006,Floresta Azul,BA,65,GEV,585.64,0.1831,11.827,0.758,0.999,5.28,51.5,0.0
2912103,Ibicaraí,BA,65,Gama,586.8,0.209,11.827,0.758,0.9983,5.91,51.8,0.0
2912707,Ibirapitanga,BA,65,Gumbel,547.75,0.1728,11.827,0.758,0.9989,4.71,46.9,0.0
2913606,Ilhéus,BA,65,Weibull,772.54,0.1428,11.827,0.758,0.9986,5.76,61.6,0.0
2914802,Itabuna,BA,65,Weibull,711.33,0.1403,11.827,0.758,0.9986,5.25,56.8,0.0
2914901,Itacaré,BA,65,Gama,651.27,0.1391,11.827,0.758,0.9989,4.8,54.0,0.0
2915403,Itaju do Colônia,BA,65,GEV,707.2,0.1089,11.827,0.758,0.9988,4.52,55.0,0.0
2915502,Itajuípe,BA,65,Weibull,641.5,0.1364,11.827,0.758,0.9988,4.66,52.5,0.0
2916203,Itapé,BA,65,Gama,600.76,0.1886,11.827,0.758,0.9986,5.53,52.2,0.0
2916609,Itapitanga,BA,65,Normal,632.18,0.1106,11.827,0.758,0.9989,4.08,47.6,0.0
2920700,Maraú,BA,65,GEV,630.57,0.1968,11.827,0.758,0.9992,6.08,57.8,0.0
2927804,Santa Cruz da Vitória,BA,65,Log-Normal,639.06,0.1325,11.827,0.758,0.999,4.57,51.8,0.0
2929354,São José da Vitória,BA,65,Gumbel,616.11,0.1651,11.827,0.758,0.999,5.12,53.0,0.0
2932200,Ubaitaba,BA,65,Log-Normal,591.96,0.1487,11.827,0.758,0.999,4.57,50.2,0.0
2932705,Uruçuca,BA,65,Log-Normal,654.29,0.1289,11.827,0.758,0.999,4.6,53.1,0.0
2903102,Barra do Rocha,BA,65,Gumbel,541.93,0.1738,11.827,0.758,0.9989,4.68,46.1,0.0
2911204,Gandu,BA,65,Weibull,634.84,0.1561,11.827,0.758,0.9987,5.04,53.3,0.0
2911501,Gongogi,BA,65,Normal,626.41,0.1077,11.827,0.758,0.9989,3.99,47.4,0.0
2912905,Ibirataia,BA,65,Log-Normal,536.1,0.1635,11.827,0.758,0.999,4.42,46.2,0.0
2913903,Ipiaú,BA,65,Gama,552.58,0.1428,11.827,0.758,0.9988,4.13,44.7,0.0
2915205,Itagibá,BA,65,Weibull,625.03,0.1003,11.827,0.758,0.9989,3.85,46.8,0.0
2915700,Itamari,BA,65,Weibull,558.06,0.1671,11.827,0.758,0.9986,4.65,47.5,0.0
2922755,Nova Ibiá,BA,65,Gama,606.03,0.1651,11.827,0.758,0.9987,5.01,50.6,0.0
2924678,Piraí do Norte,BA,65,Weibull,638.23,0.1621,11.827,0.758,0.9987,5.2,53.9,0.0
2931608,Teolândia,BA,65,Gumbel,599.4,0.1695,11.827,0.758,0.9989,5.07,51.5,0.0
2932309,Ubatã,BA,65,Gumbel,547.75,0.1728,11.827,0.758,0.9989,4.71,46.9,0.0
2933505,Wenceslau Guimarães,BA,65,Weibull,565.78,0.19,11.827,0.758,0.9985,5.23,49.9,0.0
2900801,Alcobaça,BA,65,Log-Normal,687.0,0.137,11.827,0.758,0.999,5.02,56.6,0.0
2906907,Caravelas,BA,65,Weibull,652.16,0.1606,11.827,0.758,0.9987,5.29,56.0,0.0
2912806,Ibirapuã,BA,65,Log-Normal,637.22,0.128,11.827,0.758,0.999,4.47,51.7,0.0
2915601,Itamaraju,BA,65,Gumbel,615.25,0.1701,11.827,0.758,0.9989,5.22,52.9,0.0
2916005,Itanhém,BA,65,Log-Normal,613.43,0.1588,11.827,0.758,0.9991,4.96,53.4,0.0
2918456,Jucuruçu,BA,65,GEV,618.95,0.1344,11.827,0.758,0.9989,4.46,50.9,0.0
2918902,Lajedão,BA,65,Log-Normal,596.15,0.1674,11.827,0.758,0.999,5.0,51.2,0.0
2921104,Medeiros Neto,BA,65,Gama,644.44,0.1291,11.827,0.758,0.9989,4.53,51.9,0.0
2922003,Mucuri,BA,65,Weibull,670.53,0.1144,11.827,0.758,0.9989,4.41,53.9,0.0
2923001,Nova Viçosa,BA,65,Gama,654.31,0.151,11.827,0.758,0.999,5.09,56.3,0.0
2925501,Prado,BA,65,Gumbel,676.86,0.1803,11.827,0.758,0.9988,6.01,57.8,0.0
2931350,Teixeira de Freitas,BA,65,Weibull,657.31,0.1019,11.827,0.758,0.999,4.08,51.6,0.0
2933257,Vereda,BA,65,Weibull,635.11,0.1288,11.827,0.758,0.9988,4.45,51.2,0.0
2905404,Cairu,BA,65,Gumbel,710.66,0.163,11.827,0.758,0.999,5.85,61.3,0.0
2905800,Camamu,BA,65,GEV,672.32,0.2087,11.827,0.758,0.9991,6.83,61.6,0.0
2913457,Igrapiúna,BA,65,GEV,674.11,0.1962,11.827,0.758,0.9991,6.47,61.1,0.0
2917300,Ituberá,BA,65,GEV,628.11,0.2048,11.827,0.758,0.9992,6.28,58.3,0.0
2922607,Nilo Peçanha,BA,65,Gumbel,666.6,0.1617,11.827,0.758,0.999,5.45,57.4,0.0
2925758,Presidente Tancredo Neves,BA,65,GEV,576.85,0.1647,11.827,0.758,0.999,4.78,49.9,0.0
2931202,Taperoá,BA,65,GEV,642.98,0.1934,11.827,0.758,0.999,6.09,57.6,0.0
2932903,Valença,BA,65,Gumbel,685.62,0.1643,11.827,0.758,0.999,5.67,59.0,0.0
2903904,Bom Jesus da Lapa,BA,65,Normal,664.71,0.0895,11.827,0.758,0.9991,3.91,51.8,0.0
2923704,Paratinga,BA,65,Gumbel,533.75,0.1459,11.827,0.758,0.9992,4.07,46.2,0.0
2930154,Serra do Ramalho,BA,65,GEV,619.96,0.14,11.827,0.758,0.999,4.59,51.7,0.0
2930758,Sítio do Mato,BA,65,Weibull,637.9,0.0908,11.827,0.758,0.9991,3.77,50.2,0.0
2907103,Carinhanha,BA,65,Gumbel,544.39,0.1555,11.827,0.758,0.9991,4.33,46.8,0.0
2910776,Feira da Mata,BA,65,Gumbel,677.37,0.1663,11.827,0.758,0.999,5.66,58.4,0.0
2915353,Itaguaçu da Bahia,BA,65,Log-Normal,522.74,0.1758,11.827,0.758,0.999,4.56,45.4,0.0
2905909,Campo Alegre de Lourdes,BA,65,Weibull,544.7,0.1596,11.827,0.758,0.9986,4.39,45.0,0.0
2907202,Casa Nova,BA,65,GEV,473.1,0.1358,11.827,0.758,0.9988,3.43,38.4,0.0
2909901,Curaçá,BA,65,GEV,457.94,0.1639,11.827,0.758,0.9987,3.77,37.9,0.0
2918407,Juazeiro,BA,65,Gumbel,568.74,0.1715,11.827,0.758,0.9989,4.86,48.3,0.0
2924405,Pilão Arcado,BA,65,Gumbel,480.64,0.1653,11.827,0.758,0.999,4.0,41.4,0.0
2926004,Remanso,BA,65,Normal,616.89,0.1111,11.827,0.758,0.9988,3.99,46.4,0.0
2930204,Sento Sé,BA,65,Weibull,501.02,0.1132,11.827,0.758,0.9988,3.27,38.8,0.0
2930774,Sobradinho,BA,65,Weibull,559.61,0.1372,11.827,0.758,0.9986,4.07,44.0,0.0
2900207,Abaré,BA,65,Gumbel,545.81,0.1852,11.827,0.758,0.9987,4.95,46.3,0.0
2907707,Chorrochó,BA,65,Log-Normal,488.33,0.1841,11.827,0.758,0.9987,4.41,41.4,0.0
2911402,Glória,BA,65,Weibull,523.48,0.1568,11.827,0.758,0.9984,4.15,41.5,0.0
2919900,Macururé,BA,65,Gumbel,464.54,0.1879,11.827,0.758,0.9987,4.27,39.3,0.0
2924009,Paulo Afonso,BA,65,Gama,489.93,0.1807,11.827,0.758,0.9985,4.34,40.7,0.0
2927101,Rodelas,BA,65,Gama,498.76,0.1672,11.827,0.758,0.9986,4.16,41.0,0.0
2902708,Barra,BA,65,Weibull,565.89,0.1158,11.827,0.758,0.9989,3.74,45.0,0.0
2904753,Buritirama,BA,65,Weibull,554.32,0.1015,11.827,0.758,0.999,3.44,44.3,0.0
2913200,Ibotirama,BA,65,GEV,518.17,0.2034,11.827,0.758,0.9992,5.16,48.4,0.0
2921609,Morpará,BA,65,Gama,558.69,0.1793,11.827,0.758,0.9987,4.93,48.3,0.0
2922250,Muquém do São Francisco,BA,65,GEV,523.92,0.1452,11.827,0.758,0.999,3.97,44.3,0.0
2933604,Xique-Xique,BA,65,Gama,519.26,0.1525,11.827,0.758,0.9989,4.06,44.0,0.0
2301802,Baixio,CE,65,Weibull,724.22,0.0841,11.827,0.758,0.9991,4.16,56.5,0.0
2305407,Icó,CE,65,GEV,622.71,0.1372,11.827,0.758,0.999,4.55,51.8,0.0
2305704,Ipaumirim,CE,65,Weibull,722.94,0.1594,11.827,0.758,0.9987,5.82,61.6,0.0
2309508,Orós,CE,65,Log-Normal,621.44,0.1389,11.827,0.758,0.999,4.58,51.9,0.0
2313708,Umari,CE,65,Weibull,699.75,0.115,11.827,0.758,0.999,4.62,56.9,0.0
2303303,Cariús,CE,65,Gumbel,760.17,0.1679,11.827,0.758,0.999,6.39,65.8,0.0
2303808,Cedro,CE,65,Gumbel,744.49,0.1589,11.827,0.758,0.999,6.02,64.4,0.0
2305506,Iguatu,CE,65,Gama,931.46,0.1241,11.827,0.758,0.999,6.41,75.3,0.0
2307403,Jucás,CE,65,Log-Normal,663.55,0.1915,11.827,0.758,0.9991,6.23,60.2,0.0
2311355,Quixelô,CE,65,GEV,598.68,0.1525,11.827,0.758,0.9991,4.7,51.6,0.0
2300804,Antonina do Norte,CE,65,Weibull,649.98,0.0979,11.827,0.758,0.999,3.96,49.9,0.0
2307502,Lavras da Mangabeira,CE,65,Gama,725.63,0.1606,11.827,0.758,0.9989,5.9,62.9,0.0
2313252,Tarrafas,CE,65,Normal,670.11,0.0939,11.827,0.758,0.9991,4.02,51.9,0.0
2314003,Várzea Alegre,CE,65,Log-Normal,724.66,0.1746,11.827,0.758,0.9991,6.3,64.7,0.0
2301109,Aracati,CE,65,Normal,746.72,0.1021,11.827,0.758,0.999,4.64,57.1,0.0
2304459,Fortim,CE,65,Gama,799.02,0.1215,11.827,0.758,0.9989,5.43,63.2,0.0
2305357,Icapuí,CE,65,Gumbel,627.88,0.1817,11.827,0.758,0.9988,5.61,53.6,100.0
2306207,Itaiçaba,CE,65,Weibull,750.1,0.1366,11.827,0.758,0.9986,5.44,58.4,0.0
2307007,Jaguaruana,CE,65,Log-Normal,565.21,0.1767,11.827,0.758,0.9989,4.95,48.8,0.0
2305332,Ibicuitinga,CE,65,GEV,558.98,0.1573,11.827,0.758,0.9989,4.47,46.9,0.0
2300705,Alto Santo,CE,65,GEV,589.92,0.1329,11.827,0.758,0.999,4.22,48.7,0.0
2304277,Ereré,CE,65,Gumbel,636.52,0.1694,11.827,0.758,0.9989,5.39,54.7,0.0
2306009,Iracema,CE,65,GEV,640.01,0.1211,11.827,0.758,0.9988,4.33,50.5,0.0
2306702,Jaguaretama,CE,65,Weibull,661.35,0.1115,11.827,0.758,0.9989,4.29,51.4,0.0
2306801,Jaguaribara,CE,65,Weibull,593.01,0.157,11.827,0.758,0.9987,4.73,50.7,0.0
2306900,Jaguaribe,CE,65,Weibull,623.69,0.1744,11.827,0.758,0.9986,5.38,54.0,0.0
2307601,Limoeiro do Norte,CE,65,GEV,586.37,0.1546,11.827,0.758,0.999,4.64,49.8,0.0
2308708,Morada Nova,CE,65,GEV,502.08,0.2093,11.827,0.758,0.9993,5.14,47.3,0.0
2310001,Palhano,CE,65,Gumbel,622.54,0.174,11.827,0.758,0.9989,5.38,53.5,0.0
2310803,Pereiro,CE,65,Weibull,683.88,0.1302,11.827,0.758,0.9988,4.83,55.1,0.0
2311231,Potiretama,CE,65,Gama,612.37,0.1463,11.827,0.758,0.9988,4.65,49.8,0.0
2311504,Quixeré,CE,65,GEV,584.89,0.1295,11.827,0.758,0.9989,4.12,47.3,0.0
2311801,Russas,CE,65,Normal,601.7,0.0984,11.827,0.758,0.999,3.68,46.3,0.0
2312502,São João do Jaguaribe,CE,65,Weibull,667.82,0.123,11.827,0.758,0.9988,4.56,53.5,0.0
2313104,Tabuleiro do Norte,CE,65,Log-Normal,563.16,0.1704,11.827,0.758,0.999,4.8,49.1,0.0
2301000,Aquiraz,CE,65,Log-Normal,794.45,0.1647,11.827,0.758,0.9988,6.57,66.2,0.0
2303709,Caucaia,CE,65,Gama,786.78,0.1553,11.827,0.758,0.9988,6.23,66.3,0.0
2304285,Eusébio,CE,65,Normal,947.81,0.1076,11.827,0.758,0.9989,6.04,71.8,0.0
2304400,Fortaleza,CE,65,Log-Normal,988.51,0.1394,11.827,0.758,0.999,7.3,82.6,0.0
2304954,Guaiúba,CE,65,Weibull,685.02,0.137,11.827,0.758,0.9987,4.98,55.4,0.0
2305233,Horizonte,CE,65,Gama,688.18,0.157,11.827,0.758,0.9988,5.49,57.0,0.0
2306256,Itaitinga,CE,65,Gumbel,689.33,0.1602,11.827,0.758,0.999,5.6,59.4,0.0
2307650,Maracanaú,CE,65,GEV,770.44,0.1475,11.827,0.758,0.9989,5.9,64.5,0.0
2307700,Maranguape,CE,65,Weibull,667.51,0.1303,11.827,0.758,0.9988,4.72,54.6,0.0
2309607,Pacajus,CE,65,Gama,688.18,0.157,11.827,0.758,0.9988,5.49,57.0,0.0
2309706,Pacatuba,CE,65,GEV,770.44,0.1475,11.827,0.758,0.9989,5.9,64.5,0.0
2300200,Acaraú,CE,65,GEV,646.42,0.2237,11.827,0.758,0.9991,7.04,60.2,0.0
2302305,Bela Cruz,CE,65,GEV,656.06,0.2203,11.827,0.758,0.9991,7.04,61.6,0.0
2304251,Cruz,CE,65,Gumbel,741.58,0.1778,11.827,0.758,0.9988,6.52,63.2,0.0
2306553,Itarema,CE,65,Weibull,767.56,0.142,11.827,0.758,0.9986,5.7,60.5,0.0
2307254,Jijoca de Jericoacoara,CE,65,Weibull,707.15,0.1568,11.827,0.758,0.9985,5.62,56.9,0.0
2307809,Marco,CE,65,Gumbel,562.15,0.1759,11.827,0.758,0.9989,4.9,48.5,0.0
2302057,Barroquinha,CE,65,Gumbel,709.31,0.18,11.827,0.758,0.9988,6.29,60.4,0.0
2302602,Camocim,CE,65,Weibull,729.21,0.1673,11.827,0.758,0.9984,6.07,59.7,0.0
2303907,Chaval,CE,65,Gama,679.67,0.1826,11.827,0.758,0.9985,6.08,57.2,0.0
2304707,Granja,CE,65,Gumbel,660.66,0.1676,11.827,0.758,0.999,5.55,56.8,0.0
2311009,Poranga,CE,65,Log-Normal,508.58,0.196,11.827,0.758,0.999,4.87,46.1,0.0
2306108,Irauçuba,CE,65,Gama,455.7,0.1727,11.827,0.758,0.9986,3.9,37.8,0.0
2308377,Miraíma,CE,65,Gama,485.95,0.1927,11.827,0.758,0.9983,4.54,40.6,0.0
2300507,Alcântaras,CE,65,GEV,506.28,0.2424,11.827,0.758,0.9989,5.99,47.2,0.0
2303105,Cariré,CE,65,GEV,539.45,0.2248,11.827,0.758,0.999,5.89,49.8,0.0
2303659,Catunda,CE,65,GEV,577.93,0.1863,11.827,0.758,0.9989,5.29,50.7,0.0
2304004,Coreaú,CE,65,Log-Normal,541.89,0.1304,11.827,0.758,0.9991,3.84,44.9,0.0
2304350,Forquilha,CE,65,Gumbel,519.48,0.1799,11.827,0.758,0.9988,4.6,44.8,0.0
2304509,Frecheirinha,CE,65,Weibull,631.48,0.1347,11.827,0.758,0.999,4.56,53.1,0.0
2304657,Graça,CE,65,Weibull,706.09,0.1576,11.827,0.758,0.9988,5.65,60.2,0.0
2304905,Groaíras,CE,65,GEV,495.46,0.2179,11.827,0.758,0.9991,5.25,45.9,0.0
2305209,Hidrolândia,CE,65,Gumbel,555.11,0.1545,11.827,0.758,0.9991,4.4,48.2,0.0
2307908,Martinópole,CE,65,Gama,651.13,0.1973,11.827,0.758,0.9986,6.24,58.3,0.0
2308005,Massapê,CE,65,Gumbel,580.48,0.1772,11.827,0.758,0.9988,5.09,49.8,0.0
2308203,Meruoca,CE,65,GEV,504.99,0.2467,11.827,0.758,0.9993,6.14,49.8,0.0
2308807,Moraújo,CE,65,Weibull,630.93,0.1415,11.827,0.758,0.9988,4.69,51.0,0.0
2308906,Morrinhos,CE,65,GEV,463.18,0.2283,11.827,0.758,0.999,5.15,43.2,0.0
2309003,Mucambo,CE,65,GEV,622.9,0.2105,11.827,0.758,0.9993,6.41,59.1,0.0
2309904,Pacujá,CE,65,Gumbel,669.34,0.1673,11.827,0.758,0.999,5.61,57.7,0.0
2311702,Reriutaba,CE,65,Log-Normal,698.97,0.141,11.827,0.758,0.999,5.2,57.4,0.0
2312007,Santana do Acaraú,CE,65,GEV,439.26,0.2742,11.827,0.758,0.9993,6.06,44.8,0.0
2312205,Santa Quitéria,CE,65,GEV,490.09,0.2122,11.827,0.758,0.9991,5.07,45.3,0.0
2312809,Senador Sá,CE,65,Gama,659.85,0.1698,11.827,0.758,0.9986,5.57,55.0,0.0
2312908,Sobral,CE,65,Gumbel,519.48,0.1799,11.827,0.758,0.9988,4.6,44.8,0.0
2313906,Uruoca,CE,65,Gama,706.82,0.1488,11.827,0.758,0.9988,5.43,58.2,0.0
2313955,Varjota,CE,65,GEV,547.67,0.1982,11.827,0.758,0.9991,5.31,49.8,0.0
2303402,Carnaubal,CE,65,Weibull,528.76,0.1893,11.827,0.758,0.9986,4.88,47.0,0.0
2304236,Croatá,CE,65,Log-Normal,589.42,0.1376,11.827,0.758,0.9988,4.31,46.9,0.0
2305001,Guaraciaba do Norte,CE,65,GEV,554.71,0.2024,11.827,0.758,0.9991,5.48,50.8,0.0
2305308,Ibiapina,CE,65,Weibull,613.8,0.1937,11.827,0.758,0.9986,5.78,55.1,0.0
2305803,Ipu,CE,65,Gumbel,664.76,0.1672,11.827,0.758,0.999,5.57,56.9,0.0
2305902,Ipueiras,CE,65,Gumbel,569.8,0.1736,11.827,0.758,0.9989,4.91,48.8,0.0
2310951,Pires Ferreira,CE,65,Weibull,603.81,0.161,11.827,0.758,0.9986,4.9,50.2,0.0
2312304,São Benedito,CE,65,GEV,579.09,0.2083,11.827,0.758,0.9991,5.88,53.3,0.0
2313401,Tianguá,CE,65,Gama,661.4,0.146,11.827,0.758,0.9989,5.03,55.0,0.0
2313609,Ubajara,CE,65,Weibull,613.8,0.1937,11.827,0.758,0.9986,5.78,55.1,0.0
2314102,Viçosa do Ceará,CE,65,Weibull,583.08,0.1765,11.827,0.758,0.9987,5.08,50.9,0.0
2302800,Canindé,CE,65,GEV,475.07,0.1834,11.827,0.758,0.9987,4.27,40.2,0.0
2303006,Caridade,CE,65,Gumbel,573.61,0.1569,11.827,0.758,0.9991,4.59,49.8,0.0
2306603,Itatira,CE,65,Gumbel,447.18,0.1651,11.827,0.758,0.999,3.71,38.7,0.0
2310407,Paramoti,CE,65,Normal,542.49,0.1074,11.827,0.758,0.9989,3.45,41.1,0.0
2302206,Beberibe,CE,65,Log-Normal,762.54,0.1427,11.827,0.758,0.9988,5.7,61.2,0.0
2303501,Cascavel,CE,65,GEV,790.16,0.1641,11.827,0.758,0.9987,6.51,65.4,0.0
2303956,Chorozinho,CE,65,Weibull,714.96,0.1275,11.827,0.758,0.9987,4.98,56.2,0.0
2310100,Palmácia,CE,65,Gama,708.83,0.1272,11.827,0.758,0.999,4.95,57.5,0.0
2310209,Paracuru,CE,65,Log-Normal,644.7,0.2362,11.827,0.758,0.999,7.42,61.6,0.0
2310258,Paraipaba,CE,65,Gumbel,679.89,0.17,11.827,0.758,0.9989,5.77,58.8,0.0
2310852,Pindoretama,CE,65,GEV,790.16,0.1641,11.827,0.758,0.9987,6.51,65.4,0.0
2312403,São Gonçalo do Amarante,CE,65,Log-Normal,656.57,0.2197,11.827,0.758,0.9986,6.97,58.3,0.0
2312601,São Luís do Curu,CE,65,Log-Normal,573.67,0.2186,11.827,0.758,0.9987,6.07,51.2,0.0
2300903,Apuiarés,CE,65,Log-Normal,520.09,0.1729,11.827,0.758,0.9989,4.47,44.5,0.0
2304608,General Sampaio,CE,65,GEV,501.42,0.1608,11.827,0.758,0.999,4.08,43.0,0.0
2306306,Itapajé,CE,65,Gumbel,523.78,0.168,11.827,0.758,0.9989,4.41,44.9,0.0
2310704,Pentecoste,CE,65,Log-Normal,532.34,0.1608,11.827,0.758,0.9989,4.33,44.4,0.0
2313351,Tejuçuoca,CE,65,GEV,490.42,0.1852,11.827,0.758,0.9988,4.46,42.3,0.0
2300754,Amontada,CE,65,Weibull,603.18,0.1493,11.827,0.758,0.9986,4.63,49.1,0.0
2306405,Itapipoca,CE,65,Weibull,652.49,0.1584,11.827,0.758,0.9986,5.23,54.6,0.0
2313500,Trairi,CE,65,GEV,580.64,0.2293,11.827,0.758,0.9994,6.53,57.2,0.0
2313559,Tururu,CE,65,Weibull,610.17,0.1821,11.827,0.758,0.9983,5.43,51.3,0.0
2313757,Umirim,CE,65,Log-Normal,551.88,0.199,11.827,0.758,0.9987,5.34,48.0,0.0
2313807,Uruburetama,CE,65,Normal,613.19,0.1022,11.827,0.758,0.999,3.81,46.9,0.0
2300150,Acarape,CE,65,Weibull,685.02,0.137,11.827,0.758,0.9987,4.98,55.4,0.0
2301208,Aracoiaba,CE,65,Weibull,629.61,0.1305,11.827,0.758,0.9987,4.44,49.4,0.0
2301406,Aratuba,CE,65,Gama,687.73,0.1509,11.827,0.758,0.9989,5.35,58.3,0.0
2301950,Barreira,CE,65,Gumbel,609.31,0.1702,11.827,0.758,0.9989,5.17,52.0,0.0
2302107,Baturité,CE,65,Weibull,699.49,0.1119,11.827,0.758,0.9989,4.54,54.6,0.0
2302909,Capistrano,CE,65,GEV,578.38,0.1442,11.827,0.758,0.9989,4.36,47.9,0.0
2305100,Guaramiranga,CE,65,Weibull,707.6,0.1343,11.827,0.758,0.9988,5.09,58.0,0.0
2306504,Itapiúna,CE,65,GEV,610.92,0.1125,11.827,0.758,0.9989,3.98,48.7,0.0
2309102,Mulungu,CE,65,Gumbel,715.53,0.1665,11.827,0.758,0.999,5.98,61.2,0.0
2309458,Ocara,CE,65,Gumbel,595.87,0.1663,11.827,0.758,0.999,4.97,51.1,0.0
2309805,Pacoti,CE,65,Gama,708.83,0.1272,11.827,0.758,0.999,4.95,57.5,0.0
2311603,Redenção,CE,65,Weibull,688.29,0.1371,11.827,0.758,0.9988,5.01,56.4,0.0
2302404,Boa Viagem,CE,65,Log-Normal,510.2,0.1406,11.827,0.758,0.9989,3.78,41.3,0.0
2307635,Madalena,CE,65,Gama,484.5,0.1596,11.827,0.758,0.9988,3.91,41.0,0.0
2301257,Ararendá,CE,65,GEV,614.05,0.1372,11.827,0.758,0.9987,4.47,49.3,0.0
2304103,Crateús,CE,65,Log-Normal,725.75,0.1375,11.827,0.758,0.9988,5.3,57.4,0.0
2305605,Independência,CE,65,Weibull,601.66,0.1397,11.827,0.758,0.9985,4.42,45.8,0.0
2305654,Ipaporanga,CE,65,Normal,647.72,0.1038,11.827,0.758,0.9989,4.06,49.4,0.0
2308609,Monsenhor Tabosa,CE,65,Weibull,528.73,0.1706,11.827,0.758,0.9986,4.48,44.6,0.0
2309300,Nova Russas,CE,65,Gumbel,647.75,0.1634,11.827,0.758,0.999,5.34,55.5,0.0
2309409,Novo Oriente,CE,65,Gumbel,620.49,0.173,11.827,0.758,0.9989,5.34,53.4,0.0
2311264,Quiterianópolis,CE,65,Weibull,604.33,0.1694,11.827,0.758,0.9984,5.08,50.2,0.0
2313203,Tamboril,CE,65,Gumbel,536.96,0.1785,11.827,0.758,0.9988,4.73,46.1,0.0
2300309,Acopiara,CE,65,GEV,560.27,0.1888,11.827,0.758,0.9992,5.21,51.5,0.0
2303600,Catarina,CE,65,Gumbel,541.24,0.1696,11.827,0.758,0.9989,4.58,46.5,0.0
2308500,Mombaça,CE,65,Log-Normal,562.54,0.1549,11.827,0.758,0.999,4.46,48.0,0.0
2310902,Piquet Carneiro,CE,65,Weibull,626.43,0.1794,11.827,0.758,0.9985,5.52,53.9,0.0
2311900,Saboeiro,CE,65,Gama,555.08,0.1784,11.827,0.758,0.9987,4.88,47.8,0.0
2300408,Aiuaba,CE,65,Weibull,607.45,0.1373,11.827,0.758,0.9986,4.42,48.0,0.0
2301851,Banabuiú,CE,65,Log-Normal,601.64,0.1201,11.827,0.758,0.9989,4.06,47.3,0.0
2303931,Choró,CE,65,Weibull,524.47,0.1268,11.827,0.758,0.999,3.65,43.3,0.0
2304269,Deputado Irapuan Pinheiro,CE,65,Gumbel,642.98,0.1579,11.827,0.758,0.9991,5.17,55.7,0.0
2305266,Ibaretama,CE,65,Log-Normal,515.28,0.1978,11.827,0.758,0.999,4.97,46.4,0.0
2308351,Milhã,CE,65,Weibull,667.9,0.1747,11.827,0.758,0.9986,5.76,57.3,0.0
2310506,Pedra Branca,CE,65,GEV,469.78,0.218,11.827,0.758,0.9992,5.0,44.5,0.0
2311306,Quixadá,CE,65,Gama,540.57,0.1448,11.827,0.758,0.999,4.09,45.6,0.0
2311405,Quixeramobim,CE,65,GEV,646.56,0.135,11.827,0.758,0.9989,4.67,52.9,0.0
2312700,Senador Pompeu,CE,65,GEV,695.12,0.1601,11.827,0.758,0.9989,5.64,59.1,0.0
2313005,Solonópole,CE,65,GEV,603.28,0.1715,11.827,0.758,0.9992,5.18,54.0,0.0
2301505,Arneiroz,CE,65,Log-Normal,506.35,0.2112,11.827,0.758,0.9989,5.19,46.4,0.0
2310308,Parambu,CE,65,GEV,567.56,0.177,11.827,0.758,0.9988,4.97,48.5,0.0
2313302,Tauá,CE,65,GEV,515.14,0.2431,11.827,0.758,0.9992,6.15,50.2,0.0
2300101,Abaiara,CE,65,Gama,800.63,0.1136,11.827,0.758,0.9991,5.26,65.5,0.0
2302008,Barro,CE,65,Log-Normal,650.53,0.1717,11.827,0.758,0.999,5.57,56.8,0.0
2302503,Brejo Santo,CE,65,GEV,642.46,0.1893,11.827,0.758,0.9992,5.99,58.7,0.0
2307205,Jati,CE,65,Weibull,701.74,0.1849,11.827,0.758,0.9984,6.34,60.6,0.0
2308104,Mauriti,CE,65,GEV,639.9,0.138,11.827,0.758,0.999,4.69,53.6,0.0
2308302,Milagres,CE,65,Log-Normal,704.14,0.1587,11.827,0.758,0.9991,5.69,61.1,0.0
2310605,Penaforte,CE,65,Gumbel,656.1,0.159,11.827,0.758,0.999,5.3,56.4,0.0
2311108,Porteiras,CE,65,Gumbel,737.54,0.1579,11.827,0.758,0.9991,5.93,63.9,0.0
2300606,Altaneira,CE,65,Gumbel,695.56,0.1515,11.827,0.758,0.9991,5.44,59.8,0.0
2301307,Araripe,CE,65,GEV,551.89,0.1575,11.827,0.758,0.9989,4.42,46.8,0.0
2301604,Assaré,CE,65,Gumbel,602.46,0.1594,11.827,0.758,0.999,4.88,51.6,0.0
2301703,Aurora,CE,65,GEV,724.85,0.1074,11.827,0.758,0.999,4.62,58.1,0.0
2301901,Barbalha,CE,65,Gumbel,829.0,0.1444,11.827,0.758,0.9992,6.28,71.9,0.0
2302701,Campos Sales,CE,65,Gama,544.37,0.1738,11.827,0.758,0.9987,4.69,46.7,0.0
2303204,Caririaçu,CE,65,Gama,698.65,0.1591,11.827,0.758,0.999,5.64,61.3,0.0
2304202,Crato,CE,65,Log-Normal,803.08,0.1608,11.827,0.758,0.9992,6.56,71.3,0.0
2304301,Farias Brito,CE,65,GEV,646.63,0.1577,11.827,0.758,0.9991,5.2,56.2,0.0
2304806,Granjeiro,CE,65,Weibull,788.95,0.1524,11.827,0.758,0.9988,6.16,66.4,0.0
2307106,Jardim,CE,65,Gama,751.34,0.101,11.827,0.758,0.9992,4.66,61.2,0.0
2307304,Juazeiro do Norte,CE,65,Gama,778.23,0.1387,11.827,0.758,0.999,5.72,64.8,0.0
2308401,Missão Velha,CE,65,GEV,807.59,0.0988,11.827,0.758,0.9991,4.95,65.3,0.0
2309201,Nova Olinda,CE,65,GEV,692.28,0.1701,11.827,0.758,0.9991,5.9,61.4,0.0
2311207,Potengi,CE,65,GEV,542.18,0.1774,11.827,0.758,0.999,4.77,47.4,0.0
2311959,Salitre,CE,65,Gama,535.84,0.1581,11.827,0.758,0.9989,4.3,45.6,0.0
2312106,Santana do Cariri,CE,65,GEV,675.58,0.1298,11.827,0.758,0.999,4.77,55.8,0.0
5300108,Brasília,DF,65,Weibull,634.28,0.1345,11.827,0.758,0.9989,4.57,53.1,0.0
3200102,Afonso Cláudio,ES,65,Weibull,639.06,0.1307,11.827,0.758,0.9989,4.52,52.7,0.0
3201159,Brejetuba,ES,65,GEV,635.68,0.1152,11.827,0.758,0.9991,4.21,52.7,0.0
3201704,Conceição do Castelo,ES,65,Gama,680.45,0.1379,11.827,0.758,0.9991,5.0,58.6,0.0
3201902,Domingos Martins,ES,65,Weibull,644.92,0.1565,11.827,0.758,0.9991,5.16,58.0,0.0
3202900,Itarana,ES,65,Log-Normal,655.81,0.1825,11.827,0.758,0.999,5.9,57.6,0.0
3203163,Laranja da Terra,ES,65,Weibull,654.83,0.102,11.827,0.758,0.999,4.07,51.1,0.0
3203346,Marechal Floriano,ES,65,Weibull,758.49,0.1265,11.827,0.758,0.999,5.28,63.0,0.0
3204500,Santa Leopoldina,ES,65,Normal,889.96,0.0962,11.827,0.758,0.999,5.39,68.6,0.0
3204559,Santa Maria de Jetibá,ES,65,Weibull,649.13,0.1705,11.827,0.758,0.9986,5.5,56.0,0.0
3204609,Santa Teresa,ES,65,Weibull,748.04,0.1803,11.827,0.758,0.9985,6.62,64.7,0.0
3205069,Venda Nova do Imigrante,ES,65,Gumbel,639.0,0.1518,11.827,0.758,0.9991,5.0,55.6,0.0
3202603,Iconha,ES,65,Weibull,871.5,0.1556,11.827,0.758,0.9986,6.9,72.3,0.0
3204401,Rio Novo do Sul,ES,65,Gumbel,835.75,0.1641,11.827,0.758,0.999,6.91,72.3,0.0
3202702,Itaguaçu,ES,65,Log-Normal,711.61,0.1395,11.827,0.758,0.999,5.25,58.3,0.0
3204955,São Roque do Canaã,ES,65,Gama,757.48,0.146,11.827,0.758,0.9989,5.75,62.8,0.0
3200300,Alfredo Chaves,ES,65,GEV,804.94,0.1964,11.827,0.758,0.9993,7.77,75.6,0.0
3200409,Anchieta,ES,65,GEV,859.96,0.1468,11.827,0.758,0.9992,6.59,75.0,0.0
3201308,Cariacica,ES,65,Gumbel,832.51,0.1682,11.827,0.758,0.9989,7.01,71.3,0.0
3202405,Guarapari,ES,65,GEV,774.55,0.1563,11.827,0.758,0.999,6.18,66.7,0.0
3204203,Piúma,ES,65,GEV,743.04,0.1984,11.827,0.758,0.9993,7.23,69.5,0.0
3205002,Serra,ES,65,Normal,900.17,0.1145,11.827,0.758,0.9988,5.91,67.4,0.0
3205101,Viana,ES,65,Weibull,828.71,0.1688,11.827,0.758,0.9986,6.97,70.5,0.0
3205200,Vila Velha,ES,65,GEV,840.29,0.1786,11.827,0.758,0.9989,7.42,72.6,0.0
3200607,Aracruz,ES,65,GEV,724.84,0.1943,11.827,0.758,0.999,6.89,64.8,0.0
3202504,Ibiraçu,ES,65,GEV,898.06,0.1313,11.827,0.758,0.9989,6.37,73.0,0.0
3203130,João Neiva,ES,65,GEV,837.22,0.1454,11.827,0.758,0.999,6.35,70.2,0.0
3203205,Linhares,ES,65,GEV,671.52,0.2151,11.827,0.758,0.999,7.02,61.6,0.0
3204351,Rio Bananal,ES,65,GEV,754.84,0.1627,11.827,0.758,0.9989,6.2,64.3,0.0
3205010,Sooretama,ES,65,GEV,704.36,0.1561,11.827,0.758,0.9989,5.6,59.1,0.0
3201605,Conceição da Barra,ES,65,GEV,663.89,0.1783,11.827,0.758,0.9992,5.88,59.5,0.0
3203056,Jaguaré,ES,65,GEV,701.28,0.1441,11.827,0.758,0.9989,5.28,57.8,0.0
3203502,Montanha,ES,65,Gama,687.45,0.1272,11.827,0.758,0.999,4.8,56.6,0.0
3203601,Mucurici,ES,65,Gama,724.69,0.1197,11.827,0.758,0.9991,4.89,59.6,0.0
3204054,Pedro Canário,ES,65,Gumbel,644.74,0.1539,11.827,0.758,0.9991,5.1,55.8,0.0
3204104,Pinheiros,ES,65,Gumbel,651.2,0.1486,11.827,0.758,0.9991,5.03,56.5,0.0
3204252,Ponto Belo,ES,65,Log-Normal,721.57,0.1679,11.827,0.758,0.999,6.07,62.3,0.0
3204906,São Mateus,ES,65,GEV,703.39,0.1438,11.827,0.758,0.9989,5.29,58.7,0.0
3202207,Fundão,ES,65,GEV,835.72,0.1403,11.827,0.758,0.9989,6.18,68.7,0.0
3200136,Águia Branca,ES,65,Weibull,727.05,0.1533,11.827,0.758,0.9986,5.69,60.2,0.0
3200359,Alto Rio Novo,ES,65,Log-Normal,655.48,0.1372,11.827,0.758,0.999,4.79,54.5,0.0
3200805,Baixo Guandu,ES,65,Gumbel,676.14,0.1513,11.827,0.758,0.9991,5.28,58.6,0.0
3201506,Colatina,ES,65,Weibull,766.63,0.1224,11.827,0.758,0.9987,5.22,59.6,0.0
3202256,Governador Lindenberg,ES,65,Weibull,757.7,0.1726,11.827,0.758,0.9984,6.46,63.3,0.0
3203304,Mantenópolis,ES,65,Log-Normal,659.81,0.1187,11.827,0.758,0.9991,4.44,53.9,0.0
3203353,Marilândia,ES,65,GEV,719.36,0.1734,11.827,0.758,0.9989,6.2,62.0,0.0
3204005,Pancas,ES,65,Log-Normal,706.9,0.1454,11.827,0.758,0.999,5.36,58.9,0.0
3204658,São Domingos do Norte,ES,65,Weibull,788.76,0.1645,11.827,0.758,0.9985,6.49,65.1,0.0
3204708,São Gabriel da Palha,ES,65,Weibull,791.71,0.1474,11.827,0.758,0.9986,6.03,64.2,0.0
3205176,Vila Valério,ES,65,Gama,735.62,0.1549,11.827,0.758,0.9988,5.81,61.4,0.0
3200169,Água Doce do Norte,ES,65,GEV,683.83,0.1557,11.827,0.758,0.999,5.44,58.3,0.0
3200904,Barra de São Francisco,ES,65,GEV,689.37,0.1584,11.827,0.758,0.9989,5.55,58.4,0.0
3202108,Ecoporanga,ES,65,GEV,721.38,0.153,11.827,0.758,0.999,5.67,61.8,0.0
3203908,Nova Venécia,ES,65,Gumbel,697.07,0.1605,11.827,0.758,0.999,5.67,60.0,0.0
3205150,Vila Pavão,ES,65,Weibull,742.88,0.1159,11.827,0.758,0.9989,4.91,58.8,0.0
3201001,Boa Esperança,ES,65,GEV,661.85,0.1891,11.827,0.758,0.9992,6.16,60.7,0.0
3200201,Alegre,ES,65,Weibull,715.85,0.1709,11.827,0.758,0.9988,6.09,62.9,0.0
3200508,Apiacá,ES,65,Weibull,738.41,0.1604,11.827,0.758,0.9987,5.98,62.3,0.0
3201100,Bom Jesus do Norte,ES,65,Weibull,720.94,0.1373,11.827,0.758,0.9988,5.25,59.0,0.0
3201803,Divino de São Lourenço,ES,65,GEV,772.62,0.0763,11.827,0.758,0.999,4.27,59.9,0.0
3202009,Dores do Rio Preto,ES,65,Weibull,707.81,0.1034,11.827,0.758,0.9991,4.44,57.8,0.0
3202306,Guaçuí,ES,65,Log-Normal,703.95,0.1219,11.827,0.758,0.9991,4.81,58.3,0.0
3202454,Ibatiba,ES,65,Weibull,720.81,0.1417,11.827,0.758,0.9988,5.36,60.4,0.0
3202553,Ibitirama,ES,65,Weibull,755.75,0.1059,11.827,0.758,0.9991,4.79,61.1,0.0
3202652,Irupi,ES,65,GEV,720.71,0.1439,11.827,0.758,0.9992,5.46,63.1,0.0
3203007,Iúna,ES,65,GEV,720.71,0.1439,11.827,0.758,0.9992,5.46,63.1,0.0
3203700,Muniz Freire,ES,65,Gumbel,717.34,0.133,11.827,0.758,0.9992,5.17,62.6,0.0
3204807,São José do Calçado,ES,65,Log-Normal,711.94,0.1235,11.827,0.758,0.9991,4.89,58.8,0.0
3200706,Atílio Vivácqua,ES,65,Weibull,744.69,0.1383,11.827,0.758,0.9987,5.45,60.1,0.0
3201209,Cachoeiro de Itapemirim,ES,65,Gama,719.94,0.1462,11.827,0.758,0.9989,5.48,60.2,0.0
3201407,Castelo,ES,65,GEV,618.63,0.1816,11.827,0.758,0.9993,5.58,57.4,0.0
3202801,Itapemirim,ES,65,Weibull,814.3,0.15,11.827,0.758,0.9987,6.28,67.3,0.0
3203106,Jerônimo Monteiro,ES,65,GEV,724.96,0.1674,11.827,0.758,0.9991,6.1,63.5,0.0
3203320,Marataízes,ES,65,Weibull,809.22,0.1302,11.827,0.758,0.9989,5.72,66.5,0.0
3203403,Mimoso do Sul,ES,65,GEV,686.95,0.2026,11.827,0.758,0.9991,6.79,62.7,0.0
3203809,Muqui,ES,65,GEV,724.96,0.1674,11.827,0.758,0.9991,6.1,63.5,0.0
3204302,Presidente Kennedy,ES,65,Gumbel,695.44,0.1596,11.827,0.758,0.999,5.64,60.0,0.0
3205036,Vargem Alta,ES,65,GEV,775.98,0.1965,11.827,0.758,0.9993,7.49,72.4,0.0
5201108,Anápolis,GO,65,GEV,562.23,0.1628,11.827,0.758,0.9993,4.65,50.7,0.0
5204854,Campo Limpo de Goiás,GO,65,Gumbel,577.71,0.1417,11.827,0.758,0.9992,4.32,50.2,0.0
5208400,Goianápolis,GO,65,Gumbel,644.07,0.1579,11.827,0.758,0.9991,5.18,55.8,0.0
5211800,Jaraguá,GO,65,GEV,577.19,0.1737,11.827,0.758,0.9993,5.02,53.0,0.0
5212055,Jesúpolis,GO,65,Weibull,590.81,0.1437,11.827,0.758,0.999,4.45,51.1,0.0
5212303,Leopoldo de Bulhões,GO,65,GEV,624.81,0.1523,11.827,0.758,0.9991,4.9,53.9,0.0
5215405,Ouro Verde de Goiás,GO,65,Log-Normal,598.61,0.1582,11.827,0.758,0.9991,4.83,52.6,0.0
5216809,Petrolina de Goiás,GO,65,Log-Normal,577.26,0.1585,11.827,0.758,0.9992,4.67,51.1,0.0
5219506,Santa Rosa de Goiás,GO,65,Gumbel,591.27,0.1474,11.827,0.758,0.9991,4.54,51.0,0.0
5219902,São Francisco de Goiás,GO,65,Gumbel,588.04,0.1397,11.827,0.758,0.9992,4.36,51.0,0.0
5203203,Barro Alto,GO,65,GEV,544.59,0.2197,11.827,0.758,0.9994,5.86,53.2,0.0
5205000,Carmo do Rio Verde,GO,65,GEV,626.8,0.1484,11.827,0.758,0.9993,4.86,56.3,0.0
5205406,Ceres,GO,65,Gumbel,667.82,0.1331,11.827,0.758,0.9992,4.81,57.8,0.0
5208608,Goianésia,GO,65,GEV,543.07,0.1793,11.827,0.758,0.9994,4.87,51.6,0.0
5209457,Guarinos,GO,65,Gama,685.29,0.1592,11.827,0.758,0.9989,5.53,59.4,0.0
5210158,Ipiranga de Goiás,GO,65,Weibull,703.55,0.1186,11.827,0.758,0.9991,4.72,58.7,0.0
5210901,Itapaci,GO,65,Gama,645.85,0.1506,11.827,0.758,0.9991,5.02,56.8,0.0
5213855,Morro Agudo de Goiás,GO,65,Log-Normal,653.7,0.1512,11.827,0.758,0.9993,5.12,58.6,0.0
5214705,Nova América,GO,65,GEV,673.74,0.1365,11.827,0.758,0.9992,4.93,58.7,0.0
5214861,Nova Glória,GO,65,GEV,644.24,0.1445,11.827,0.758,0.9992,4.89,56.5,0.0
5216908,Pilar de Goiás,GO,65,Weibull,729.05,0.1317,11.827,0.758,0.9988,5.18,59.4,0.0
5218607,Rialma,GO,65,Log-Normal,587.0,0.1839,11.827,0.758,0.9993,5.35,55.5,0.0
5218706,Rianápolis,GO,65,GEV,554.84,0.2026,11.827,0.758,0.9995,5.54,54.6,0.0
5218904,Rubiataba,GO,65,Gama,694.71,0.1133,11.827,0.758,0.9992,4.56,58.1,0.0
5219357,Santa Isabel,GO,65,GEV,585.15,0.1653,11.827,0.758,0.9993,4.9,53.6,0.0
5219456,Santa Rita do Novo Destino,GO,65,GEV,610.37,0.1659,11.827,0.758,0.9991,5.1,53.4,0.0
5220280,São Patrício,GO,65,Gama,674.56,0.1293,11.827,0.758,0.9991,4.77,57.9,0.0
5221700,Uruana,GO,65,GEV,558.96,0.1909,11.827,0.758,0.9995,5.3,54.5,0.0
5209291,Guaraíta,GO,65,Gama,683.66,0.1588,11.827,0.758,0.999,5.51,59.9,0.0
5211206,Itapuranga,GO,65,Log-Normal,666.93,0.1576,11.827,0.758,0.9992,5.38,59.6,0.0
5213905,Mossâmedes,GO,65,Log-Normal,619.98,0.1676,11.827,0.758,0.9991,5.22,55.1,0.0
5215207,Novo Brasil,GO,65,Gama,694.1,0.1123,11.827,0.758,0.9992,4.54,58.2,0.0
5200050,Abadia de Goiás,GO,65,Gama,627.98,0.1613,11.827,0.758,0.9989,5.12,54.9,0.0
5201405,Aparecida de Goiânia,GO,65,Weibull,633.66,0.1625,11.827,0.758,0.9988,5.18,54.8,0.0
5201801,Aragoiânia,GO,65,Log-Normal,593.73,0.1863,11.827,0.758,0.9991,5.45,53.9,0.0
5203302,Bela Vista de Goiás,GO,65,GEV,616.3,0.112,11.827,0.758,0.999,4.01,50.4,0.0
5203559,Bonfinópolis,GO,65,GEV,648.18,0.147,11.827,0.758,0.999,4.95,54.6,0.0
5203609,Brazabrantes,GO,65,GEV,572.29,0.1822,11.827,0.758,0.9993,5.17,52.7,0.0
5204557,Caldazinha,GO,65,Log-Normal,622.94,0.1407,11.827,0.758,0.9991,4.64,52.8,0.0
5205208,Caturaí,GO,65,GEV,564.62,0.1755,11.827,0.758,0.9993,4.95,51.4,0.0
5208707,Goiânia,GO,65,Normal,742.36,0.1051,11.827,0.758,0.9989,4.68,56.5,0.0
5208806,Goianira,GO,65,GEV,587.54,0.1669,11.827,0.758,0.9992,4.94,52.1,0.0
5209200,Guapó,GO,65,Weibull,598.12,0.1871,11.827,0.758,0.9987,5.47,53.7,0.0
5209705,Hidrolândia,GO,65,Gumbel,592.64,0.1415,11.827,0.758,0.9992,4.43,51.3,0.0
5214507,Nerópolis,GO,65,Weibull,679.33,0.1355,11.827,0.758,0.9988,4.91,55.3,0.0
5215009,Nova Veneza,GO,65,Gumbel,600.92,0.1505,11.827,0.758,0.9991,4.68,52.2,0.0
5219738,Santo Antônio de Goiás,GO,65,GEV,631.75,0.1514,11.827,0.758,0.9991,4.93,54.3,0.0
5220454,Senador Canedo,GO,65,Weibull,647.48,0.1627,11.827,0.758,0.9987,5.29,55.1,0.0
5221197,Terezópolis de Goiás,GO,65,Weibull,657.92,0.1346,11.827,0.758,0.9989,4.74,54.2,0.0
5221403,Trindade,GO,65,Log-Normal,596.98,0.1623,11.827,0.758,0.9992,4.91,52.9,0.0
5200159,Adelândia,GO,65,Log-Normal,592.19,0.1865,11.827,0.758,0.9991,5.44,53.9,0.0
5200852,Americano do Brasil,GO,65,GEV,583.97,0.1705,11.827,0.758,0.9993,5.0,52.9,0.0
5201306,Anicuns,GO,65,GEV,547.39,0.188,11.827,0.758,0.9993,5.09,50.9,0.0
5201603,Araçu,GO,65,Gumbel,585.81,0.1543,11.827,0.758,0.9991,4.64,50.6,0.0
5202809,Avelinópolis,GO,65,GEV,532.55,0.1795,11.827,0.758,0.9993,4.75,48.9,0.0
5206800,Damolândia,GO,65,Gama,619.03,0.1438,11.827,0.758,0.999,4.66,52.2,0.0
5209606,Heitoraí,GO,65,GEV,637.84,0.1524,11.827,0.758,0.9993,5.02,56.7,0.0
5210000,Inhumas,GO,65,GEV,541.93,0.2001,11.827,0.758,0.9994,5.33,51.5,0.0
5210406,Itaberaí,GO,65,GEV,539.18,0.213,11.827,0.758,0.9995,5.65,53.4,0.0
5210562,Itaguari,GO,65,Gumbel,616.44,0.151,11.827,0.758,0.9991,4.81,53.2,0.0
5210604,Itaguaru,GO,65,GEV,598.81,0.1622,11.827,0.758,0.9993,4.94,54.4,0.0
5211404,Itauçu,GO,65,GEV,585.26,0.1402,11.827,0.758,0.9991,4.34,49.6,0.0
5221007,Taquaral de Goiás,GO,65,Gumbel,563.87,0.1483,11.827,0.758,0.9991,4.35,48.7,0.0
5200902,Amorinópolis,GO,65,Gumbel,643.95,0.1523,11.827,0.758,0.9991,5.05,55.5,0.0
5210208,Iporá,GO,65,GEV,739.76,0.0816,11.827,0.758,0.9989,4.18,56.3,0.0
5210307,Israelândia,GO,65,Weibull,680.7,0.1211,11.827,0.758,0.9989,4.61,55.3,0.0
5212006,Jaupaci,GO,65,Gama,687.62,0.1252,11.827,0.758,0.9991,4.76,57.5,0.0
5207808,Firminópolis,GO,65,GEV,487.87,0.2319,11.827,0.758,0.9995,5.61,51.1,0.0
5214408,Nazário,GO,65,GEV,516.72,0.1936,11.827,0.758,0.9994,4.93,49.0,0.0
5219100,Santa Bárbara de Goiás,GO,65,GEV,512.1,0.2053,11.827,0.758,0.9993,5.15,48.3,0.0
5221502,Turvânia,GO,65,Weibull,583.09,0.1581,11.827,0.758,0.9988,4.68,50.6,0.0
5202601,Aurilândia,GO,65,Log-Normal,571.68,0.1728,11.827,0.758,0.9992,4.94,52.2,0.0
5203939,Buriti de Goiás,GO,65,Log-Normal,648.59,0.179,11.827,0.758,0.9992,5.76,59.1,0.0
5204201,Cachoeira de Goiás,GO,65,GEV,573.48,0.157,11.827,0.758,0.9993,4.62,52.0,0.0
5205703,Córrego do Ouro,GO,65,Gama,664.03,0.1388,11.827,0.758,0.999,4.89,55.3,0.0
5207600,Fazenda Nova,GO,65,Weibull,677.14,0.1347,11.827,0.758,0.9989,4.89,56.9,0.0
5211602,Ivolândia,GO,65,Weibull,644.51,0.131,11.827,0.758,0.9989,4.57,53.7,0.0
5213400,Moiporá,GO,65,GEV,610.89,0.1399,11.827,0.758,0.9992,4.53,52.5,0.0
5219001,Sanclerlândia,GO,65,Log-Normal,626.5,0.1827,11.827,0.758,0.9991,5.65,56.6,0.0
5220108,São Luís de Montes Belos,GO,65,GEV,498.41,0.2248,11.827,0.758,0.9995,5.53,50.7,0.0
5209804,Hidrolina,GO,65,Weibull,725.9,0.1149,11.827,0.758,0.9989,4.78,57.7,0.0
5220157,São Luiz do Norte,GO,65,Weibull,678.08,0.1232,11.827,0.758,0.9989,4.64,54.7,0.0
5200100,Abadiânia,GO,65,GEV,620.13,0.1013,11.827,0.758,0.9991,3.85,50.4,0.0
5200308,Alexânia,GO,65,Gumbel,593.2,0.1338,11.827,0.758,0.9992,4.29,51.4,0.0
5205802,Corumbá de Goiás,GO,65,GEV,612.74,0.1087,11.827,0.758,0.9992,3.94,51.1,0.0
5217302,Pirenópolis,GO,65,Log-Normal,617.53,0.111,11.827,0.758,0.9991,4.01,50.3,0.0
5222302,Vila Propício,GO,65,Gumbel,557.95,0.1464,11.827,0.758,0.9992,4.27,48.3,0.0
5200175,Água Fria de Goiás,GO,65,Gumbel,574.71,0.1493,11.827,0.758,0.9991,4.45,49.9,0.0
5207907,Flores de Goiás,GO,65,Gama,562.14,0.1312,11.827,0.758,0.9991,4.0,47.3,0.0
5222203,Vila Boa,GO,65,Gama,587.08,0.1416,11.827,0.758,0.999,4.38,49.3,0.0
5205497,Cidade Ocidental,GO,65,Weibull,638.75,0.1102,11.827,0.758,0.999,4.13,52.0,0.0
5206206,Cristalina,GO,65,Weibull,595.89,0.1513,11.827,0.758,0.9989,4.64,51.5,0.0
5212501,Luziânia,GO,65,Weibull,580.83,0.0929,11.827,0.758,0.9991,3.47,46.8,0.0
5215231,Novo Gama,GO,65,Gama,617.73,0.1401,11.827,0.758,0.9991,4.58,52.9,0.0
5219753,Santo Antônio do Descoberto,GO,65,Log-Normal,656.99,0.1144,11.827,0.758,0.9991,4.33,53.7,0.0
5221858,Valparaíso de Goiás,GO,65,Log-Normal,607.15,0.1472,11.827,0.758,0.9992,4.66,52.7,0.0
5200803,Alvorada do Norte,GO,65,Gama,565.07,0.1067,11.827,0.758,0.9992,3.6,47.1,0.0
5203962,Buritinópolis,GO,65,Normal,601.11,0.0861,11.827,0.758,0.9991,3.48,47.0,0.0
5206701,Damianópolis,GO,65,Log-Normal,582.21,0.1153,11.827,0.758,0.9992,3.86,48.1,0.0
5208301,Divinópolis de Goiás,GO,65,GEV,496.9,0.1941,11.827,0.758,0.9993,4.75,46.5,0.0
5209408,Guarani de Goiás,GO,65,Normal,609.18,0.0898,11.827,0.758,0.9991,3.59,47.4,0.0
5209903,Iaciara,GO,65,GEV,550.23,0.1245,11.827,0.758,0.9991,3.8,46.1,0.0
5212709,Mambaí,GO,65,Gumbel,572.78,0.1528,11.827,0.758,0.9991,4.51,49.7,0.0
5218300,Posse,GO,65,Weibull,603.62,0.0909,11.827,0.758,0.9991,3.57,47.6,0.0
5219803,São Domingos,GO,65,GEV,443.93,0.2421,11.827,0.758,0.9995,5.33,45.9,0.0
5220686,Simolândia,GO,65,GEV,599.01,0.0777,11.827,0.758,0.9991,3.34,47.4,0.0
5220702,Sítio d'Abadia,GO,65,Weibull,621.88,0.096,11.827,0.758,0.9991,3.77,49.6,0.0
5200258,Águas Lindas de Goiás,GO,65,Log-Normal,673.7,0.1154,11.827,0.758,0.9991,4.47,55.5,0.0
5204003,Cabeceiras,GO,65,Gumbel,566.17,0.1513,11.827,0.758,0.9991,4.42,48.8,0.0
5205513,Cocalzinho de Goiás,GO,65,Weibull,673.69,0.1119,11.827,0.758,0.999,4.38,54.5,0.0
5208004,Formosa,GO,65,Gama,588.29,0.1663,11.827,0.758,0.9989,4.9,51.6,0.0
5213053,Mimoso de Goiás,GO,65,Weibull,594.04,0.1941,11.827,0.758,0.9986,5.61,53.7,0.0
5215603,Padre Bernardo,GO,65,GEV,558.38,0.1155,11.827,0.758,0.9992,3.71,47.6,0.0
5217609,Planaltina,GO,65,Gumbel,545.15,0.1433,11.827,0.758,0.9992,4.11,47.5,0.0
5206404,Crixás,GO,65,Gama,656.87,0.163,11.827,0.758,0.999,5.4,58.5,0.0
5221577,Uirapuru,GO,65,Log-Normal,595.49,0.181,11.827,0.758,0.9993,5.36,56.4,0.0
5202155,Araguapaz,GO,65,Gama,662.23,0.1692,11.827,0.758,0.9989,5.6,59.3,0.0
5202502,Aruanã,GO,65,Gumbel,656.66,0.1383,11.827,0.758,0.9992,4.84,57.1,0.0
5203807,Britânia,GO,65,GEV,666.77,0.1518,11.827,0.758,0.9993,5.24,59.5,0.0
5207535,Faina,GO,65,Weibull,660.01,0.182,11.827,0.758,0.9989,5.92,60.9,0.0
5208905,Goiás,GO,65,Weibull,681.47,0.176,11.827,0.758,0.9987,5.93,60.1,0.0
5211008,Itapirapuã,GO,65,Normal,796.1,0.089,11.827,0.758,0.9991,4.67,62.0,0.0
5212204,Jussara,GO,65,GEV,676.84,0.1291,11.827,0.758,0.9992,4.78,57.6,0.0
5212956,Matrinchã,GO,65,GEV,722.97,0.1307,11.827,0.758,0.9992,5.14,61.7,0.0
5214002,Mozarlândia,GO,65,Gama,663.3,0.1393,11.827,0.758,0.9991,4.9,57.1,0.0
5214838,Nova Crixás,GO,65,Gumbel,583.26,0.12,11.827,0.758,0.9993,3.96,50.6,0.0
5219258,Santa Fé de Goiás,GO,65,Gumbel,684.6,0.1362,11.827,0.758,0.9992,5.0,59.4,0.0
5201702,Aragarças,GO,65,Gumbel,658.5,0.1524,11.827,0.758,0.9991,5.17,57.1,0.0
5202353,Arenópolis,GO,65,Gama,649.7,0.1279,11.827,0.758,0.9991,4.55,54.3,0.0
5203104,Baliza,GO,65,Weibull,642.46,0.1506,11.827,0.758,0.9989,4.99,55.5,0.0
5203401,Bom Jardim de Goiás,GO,65,Gama,677.38,0.1443,11.827,0.758,0.999,5.11,57.1,0.0
5207105,Diorama,GO,65,Gumbel,681.79,0.1519,11.827,0.758,0.9991,5.34,58.3,0.0
5213707,Montes Claros de Goiás,GO,65,Log-Normal,691.74,0.1134,11.827,0.758,0.9992,4.55,57.2,0.0
5217203,Piranhas,GO,65,GEV,566.22,0.1594,11.827,0.758,0.9993,4.62,51.6,0.0
5214051,Mundo Novo,GO,65,Log-Normal,593.14,0.1297,11.827,0.758,0.9992,4.2,50.1,0.0
5215256,Novo Planalto,GO,65,GEV,617.52,0.1715,11.827,0.758,0.9991,5.29,54.6,0.0
5220207,São Miguel do Araguaia,GO,65,GEV,609.88,0.1652,11.827,0.758,0.9992,5.09,54.2,0.0
5204953,Campos Verdes,GO,65,Gama,671.63,0.1592,11.827,0.758,0.9989,5.42,57.3,0.0
5219704,Santa Terezinha de Goiás,GO,65,Weibull,691.91,0.1427,11.827,0.758,0.9988,5.17,57.4,0.0
5200605,Alto Paraíso de Goiás,GO,65,Log-Normal,584.47,0.118,11.827,0.758,0.9992,3.92,48.5,0.0
5205307,Cavalcante,GO,65,Gama,616.7,0.1511,11.827,0.758,0.9989,4.79,51.6,0.0
5220009,São João d'Aliança,GO,65,GEV,550.01,0.1337,11.827,0.758,0.9992,3.97,47.0,0.0
5221080,Teresina de Goiás,GO,65,Log-Normal,559.27,0.1265,11.827,0.758,0.9991,3.9,46.4,0.0
5203575,Bonópolis,GO,65,Gumbel,629.59,0.1552,11.827,0.758,0.9991,5.0,54.5,0.0
5204656,Campinaçu,GO,65,Gumbel,636.06,0.1619,11.827,0.758,0.999,5.21,54.3,0.0
5207501,Estrela do Norte,GO,65,Gama,679.31,0.166,11.827,0.758,0.9987,5.65,57.3,0.0
5208103,Formoso,GO,65,Gumbel,653.18,0.1629,11.827,0.758,0.999,5.37,56.3,0.0
5213087,Minaçu,GO,65,Gumbel,605.16,0.1567,11.827,0.758,0.9991,4.84,52.3,0.0
5213772,Montividiu do Norte,GO,65,GEV,601.21,0.1843,11.827,0.758,0.9991,5.46,53.6,0.0
5214101,Mutunópolis,GO,65,GEV,696.49,0.1674,11.827,0.758,0.999,5.85,60.4,0.0
5218003,Porangatu,GO,65,Gumbel,699.86,0.1651,11.827,0.758,0.999,5.81,60.3,0.0
5219605,Santa Tereza de Goiás,GO,65,Gumbel,684.21,0.1636,11.827,0.758,0.999,5.65,58.9,0.0
5221452,Trombas,GO,65,Log-Normal,632.2,0.1705,11.827,0.758,0.999,5.38,54.9,0.0
5204904,Campos Belos,GO,65,Log-Normal,528.54,0.1615,11.827,0.758,0.9992,4.33,46.7,0.0
5213509,Monte Alegre de Goiás,GO,65,Log-Normal,577.93,0.1375,11.827,0.758,0.999,4.23,48.1,0.0
5214903,Nova Roma,GO,65,Gumbel,553.05,0.1478,11.827,0.758,0.9991,4.25,47.6,0.0
5200555,Alto Horizonte,GO,65,Gama,683.33,0.1675,11.827,0.758,0.9988,5.72,58.4,0.0
5200829,Amaralina,GO,65,Gumbel,637.96,0.1573,11.827,0.758,0.9991,5.12,55.2,0.0
5204706,Campinorte,GO,65,Log-Normal,658.33,0.144,11.827,0.758,0.999,4.96,54.8,0.0
5205521,Colinas do Sul,GO,65,Gumbel,587.57,0.151,11.827,0.758,0.9991,4.58,50.9,0.0
5212808,Mara Rosa,GO,65,Weibull,702.43,0.1275,11.827,0.758,0.9988,4.9,56.1,0.0
5214606,Niquelândia,GO,65,GEV,620.47,0.1804,11.827,0.758,0.9992,5.55,56.1,0.0
5214879,Nova Iguaçu de Goiás,GO,65,Weibull,728.99,0.1213,11.827,0.758,0.9989,4.94,58.5,0.0
5221601,Uruaçu,GO,65,Weibull,690.16,0.137,11.827,0.758,0.9987,5.02,55.8,0.0
5208152,Gameleira de Goiás,GO,65,Log-Normal,582.78,0.1185,11.827,0.758,0.9992,3.92,49.0,0.0
5220264,São Miguel do Passa Quatro,GO,65,Gama,606.89,0.1278,11.827,0.758,0.9991,4.25,50.5,0.0
5220603,Silvânia,GO,65,Weibull,577.89,0.1278,11.827,0.758,0.999,4.04,48.2,0.0
5222005,Vianópolis,GO,65,Gama,610.09,0.1321,11.827,0.758,0.999,4.35,50.4,0.0
5200209,Água Limpa,GO,65,Weibull,606.77,0.141,11.827,0.758,0.9989,4.51,51.8,0.0
5204508,Caldas Novas,GO,65,Gama,636.21,0.1249,11.827,0.758,0.9991,4.4,53.6,0.0
5205901,Corumbaíba,GO,65,Log-Normal,589.82,0.1379,11.827,0.758,0.9992,4.35,51.5,0.0
5212907,Marzagão,GO,65,Weibull,629.05,0.1013,11.827,0.758,0.9991,3.9,51.1,0.0
5213806,Morrinhos,GO,65,GEV,657.95,0.1169,11.827,0.758,0.9991,4.39,54.5,0.0
5218789,Rio Quente,GO,65,Weibull,632.31,0.1475,11.827,0.758,0.9989,4.83,53.9,0.0
5201207,Anhanguera,GO,65,Gumbel,620.36,0.1317,11.827,0.758,0.9993,4.44,53.6,0.0
5204805,Campo Alegre de Goiás,GO,65,Weibull,693.88,0.1106,11.827,0.758,0.9989,4.48,55.0,0.0
5205109,Catalão,GO,65,GEV,548.29,0.2127,11.827,0.758,0.9995,5.74,54.7,0.0
5206602,Cumari,GO,65,Gumbel,630.62,0.132,11.827,0.758,0.9992,4.52,54.8,0.0
5206909,Davinópolis,GO,65,Log-Normal,626.31,0.1642,11.827,0.758,0.9992,5.2,55.7,0.0
5208509,Goiandira,GO,65,GEV,636.13,0.1083,11.827,0.758,0.9992,4.09,53.6,0.0
5210109,Ipameri,GO,65,Weibull,635.66,0.1225,11.827,0.758,0.999,4.34,53.4,0.0
5214804,Nova Aurora,GO,65,Gama,617.68,0.1272,11.827,0.758,0.9991,4.32,52.7,0.0
5215504,Ouvidor,GO,65,Gama,628.27,0.1637,11.827,0.758,0.9989,5.18,55.2,0.0
5221304,Três Ranchos,GO,65,GEV,544.84,0.2391,11.827,0.758,0.9995,6.45,56.0,0.0
5221908,Varjão,GO,65,GEV,578.11,0.1623,11.827,0.758,0.9992,4.76,51.5,0.0
5215652,Palestina de Goiás,GO,65,Gumbel,607.67,0.1442,11.827,0.758,0.9992,4.6,52.6,0.0
5200506,Aloândia,GO,65,Gumbel,623.4,0.1477,11.827,0.758,0.9991,4.79,53.8,0.0
5203500,Bom Jesus de Goiás,GO,65,Gama,652.22,0.1127,11.827,0.758,0.9991,4.26,52.8,0.0
5203906,Buriti Alegre,GO,65,Normal,673.03,0.0793,11.827,0.758,0.9992,3.78,53.1,0.0
5204250,Cachoeira Dourada,GO,65,Weibull,637.69,0.1493,11.827,0.758,0.9988,4.91,54.0,0.0
5209101,Goiatuba,GO,65,GEV,709.06,0.0762,11.827,0.758,0.999,3.91,54.0,0.0
5211503,Itumbiara,GO,65,Gumbel,696.52,0.1631,11.827,0.758,0.999,5.73,60.0,0.0
5212105,Joviânia,GO,65,Gama,640.47,0.115,11.827,0.758,0.9991,4.24,53.1,0.0
5216007,Panamá,GO,65,GEV,656.42,0.1817,11.827,0.758,0.9991,5.9,59.1,0.0
5201504,Aporé,GO,65,Log-Normal,585.5,0.1351,11.827,0.758,0.9992,4.26,50.9,0.0
5204409,Caiapônia,GO,65,Gama,584.57,0.1301,11.827,0.758,0.999,4.14,48.7,0.0
5205471,Chapadão do Céu,GO,65,Gumbel,584.95,0.12,11.827,0.758,0.9993,3.98,50.8,0.0
5207253,Doverlândia,GO,65,Gama,560.95,0.1633,11.827,0.758,0.999,4.62,50.5,0.0
5211909,Jataí,GO,65,GEV,585.36,0.1398,11.827,0.758,0.9991,4.34,50.2,0.0
5213103,Mineiros,GO,65,Weibull,626.27,0.0982,11.827,0.758,0.999,3.83,49.8,0.0
5216452,Perolândia,GO,65,Log-Normal,570.83,0.0975,11.827,0.758,0.9992,3.49,46.7,0.0
5218102,Portelândia,GO,65,Normal,645.82,0.0845,11.827,0.758,0.9992,3.72,50.6,0.0
5219407,Santa Rita do Araguaia,GO,65,Weibull,670.09,0.1023,11.827,0.758,0.9991,4.18,54.6,0.0
5220504,Serranópolis,GO,65,Gama,576.71,0.1324,11.827,0.758,0.9991,4.13,49.8,0.0
5200134,Acreúna,GO,65,Gumbel,595.57,0.1516,11.827,0.758,0.9991,4.66,51.8,0.0
5204607,Campestre de Goiás,GO,65,Weibull,569.98,0.1761,11.827,0.758,0.9988,4.97,51.1,0.0
5205455,Cezarina,GO,65,Gumbel,586.31,0.1456,11.827,0.758,0.9992,4.47,50.7,0.0
5207402,Edéia,GO,65,Gumbel,597.55,0.1438,11.827,0.758,0.9992,4.52,51.8,0.0
5209952,Indiara,GO,65,GEV,576.39,0.1391,11.827,0.758,0.9992,4.26,49.9,0.0
5211701,Jandaia,GO,65,Weibull,616.97,0.1075,11.827,0.758,0.999,3.93,49.5,0.0
5215702,Palmeiras de Goiás,GO,65,Gumbel,578.6,0.1419,11.827,0.758,0.9992,4.34,50.1,0.0
5215900,Palminópolis,GO,65,Weibull,582.69,0.1404,11.827,0.758,0.999,4.32,50.1,0.0
5216403,Paraúna,GO,65,GEV,570.21,0.1545,11.827,0.758,0.9992,4.53,50.5,0.0
5220058,São João da Paraúna,GO,65,Gumbel,582.14,0.1479,11.827,0.758,0.9991,4.48,50.4,0.0
5206305,Cristianópolis,GO,65,Gumbel,617.53,0.1391,11.827,0.758,0.9992,4.57,53.3,0.0
5206503,Cromínia,GO,65,GEV,599.28,0.1638,11.827,0.758,0.9992,4.96,53.0,0.0
5207352,Edealina,GO,65,GEV,603.84,0.1456,11.827,0.758,0.9992,4.6,52.4,0.0
5212600,Mairipotaba,GO,65,Gumbel,609.73,0.1564,11.827,0.758,0.9991,4.87,52.9,0.0
5217104,Piracanjuba,GO,65,Gumbel,606.35,0.1531,11.827,0.758,0.9991,4.77,52.2,0.0
5217708,Pontalina,GO,65,GEV,589.61,0.1549,11.827,0.758,0.9992,4.69,52.2,0.0
5218391,Professor Jamil,GO,65,GEV,612.56,0.1441,11.827,0.758,0.999,4.62,52.0,0.0
5222054,Vicentinópolis,GO,65,Gumbel,614.79,0.1445,11.827,0.758,0.9992,4.66,53.0,0.0
5215306,Orizona,GO,65,Log-Normal,626.65,0.1359,11.827,0.758,0.9991,4.56,52.6,0.0
5215801,Palmelo,GO,65,Weibull,655.9,0.1114,11.827,0.758,0.999,4.26,53.4,0.0
5217401,Pires do Rio,GO,65,Gama,643.89,0.1175,11.827,0.758,0.9991,4.31,53.2,0.0
5219209,Santa Cruz de Goiás,GO,65,Gumbel,614.84,0.1406,11.827,0.758,0.9992,4.58,53.1,0.0
5221809,Urutaí,GO,65,Weibull,629.28,0.1356,11.827,0.758,0.999,4.56,53.5,0.0
5209150,Gouvelândia,GO,65,Weibull,606.94,0.1068,11.827,0.758,0.999,3.86,48.6,0.0
5209937,Inaciolândia,GO,65,Weibull,621.17,0.1194,11.827,0.758,0.999,4.18,51.6,0.0
5216304,Paranaiguara,GO,65,Weibull,585.1,0.1316,11.827,0.758,0.9989,4.16,48.5,0.0
5218508,Quirinópolis,GO,65,GEV,571.7,0.1418,11.827,0.758,0.999,4.27,48.2,0.0
5220405,São Simão,GO,65,Weibull,605.53,0.109,11.827,0.758,0.999,3.89,49.0,0.0
5201454,Aparecida do Rio Doce,GO,65,Gumbel,557.05,0.1465,11.827,0.758,0.9992,4.26,47.9,0.0
5204102,Cachoeira Alta,GO,65,Gama,573.25,0.1267,11.827,0.758,0.9991,4.0,48.2,0.0
5204300,Caçu,GO,65,Weibull,560.54,0.1315,11.827,0.758,0.9989,3.99,46.9,0.0
5205059,Castelândia,GO,65,Log-Normal,615.54,0.1161,11.827,0.758,0.9992,4.1,51.6,0.0
5210802,Itajá,GO,65,GEV,598.74,0.1532,11.827,0.758,0.9992,4.73,53.0,0.0
5211305,Itarumã,GO,65,GEV,574.54,0.1502,11.827,0.758,0.9993,4.48,51.0,0.0
5212253,Lagoa Santa,GO,65,GEV,588.44,0.1485,11.827,0.758,0.9993,4.55,52.3,0.0
5213004,Maurilândia,GO,65,GEV,625.5,0.1292,11.827,0.758,0.9991,4.41,52.8,0.0
5213756,Montividiu,GO,65,Gumbel,573.48,0.1442,11.827,0.758,0.9992,4.34,49.7,0.0
5218052,Porteirão,GO,65,Weibull,663.3,0.1284,11.827,0.758,0.9989,4.65,54.6,0.0
5218805,Rio Verde,GO,65,GEV,539.82,0.1879,11.827,0.758,0.9993,5.01,50.5,0.0
5219308,Santa Helena de Goiás,GO,65,Gumbel,634.04,0.1544,11.827,0.758,0.9991,5.02,55.0,0.0
5219712,Santo Antônio da Barra,GO,65,GEV,589.08,0.1913,11.827,0.758,0.9992,5.54,54.3,0.0
5221551,Turvelândia,GO,65,Weibull,675.97,0.1274,11.827,0.758,0.9988,4.71,54.8,0.0
2101202,Bacabal,MA,65,Weibull,720.26,0.1462,11.827,0.758,0.9989,5.48,61.9,0.0
2102077,Bom Lugar,MA,65,Weibull,776.15,0.129,11.827,0.758,0.9989,5.46,64.5,0.0
2105906,Lago Verde,MA,65,Weibull,725.22,0.1783,11.827,0.758,0.9987,6.38,64.8,0.0
2107407,Olho d'Água das Cunhãs,MA,65,Weibull,767.5,0.126,11.827,0.758,0.9989,5.32,63.4,0.0
2111409,São Luís Gonzaga do Maranhão,MA,65,Log-Normal,672.75,0.1747,11.827,0.758,0.9992,5.87,61.6,0.0
2111508,São Mateus do Maranhão,MA,65,Log-Normal,626.77,0.174,11.827,0.758,0.9993,5.46,58.6,0.0
2111722,Satubinha,MA,65,Weibull,707.29,0.1464,11.827,0.758,0.9989,5.38,60.4,0.0
2100956,Arame,MA,65,Log-Normal,601.93,0.1304,11.827,0.758,0.9991,4.27,50.0,0.0
2101608,Barra do Corda,MA,65,Weibull,621.81,0.1528,11.827,0.758,0.9988,4.87,52.5,0.0
2104081,Fernando Falcão,MA,65,Gama,571.36,0.1296,11.827,0.758,0.999,4.03,47.3,0.0
2104099,Formosa da Serra Negra,MA,65,GEV,572.48,0.1131,11.827,0.758,0.999,3.74,46.2,0.0
2104800,Grajaú,MA,65,Gumbel,587.11,0.1532,11.827,0.758,0.9991,4.63,50.4,0.0
2105351,Itaipava do Grajaú,MA,65,Weibull,555.03,0.163,11.827,0.758,0.9987,4.55,47.3,0.0
2105476,Jenipapo dos Vieiras,MA,65,Weibull,562.87,0.1318,11.827,0.758,0.9989,4.0,45.7,0.0
2111805,Sítio Novo,MA,65,Gumbel,574.63,0.1442,11.827,0.758,0.9992,4.35,49.6,0.0
2101939,Bernardo do Mearim,MA,65,Weibull,751.95,0.1132,11.827,0.758,0.999,4.92,61.8,0.0
2104008,Esperantinópolis,MA,65,Log-Normal,672.26,0.1667,11.827,0.758,0.9991,5.63,59.2,0.0
2105203,Igarapé Grande,MA,65,GEV,688.7,0.1738,11.827,0.758,0.9994,6.01,64.1,0.0
2105609,Joselândia,MA,65,Weibull,730.92,0.1362,11.827,0.758,0.9987,5.3,59.0,0.0
2105807,Lago do Junco,MA,65,Weibull,776.78,0.1159,11.827,0.758,0.999,5.15,63.6,0.0
2105948,Lago dos Rodrigues,MA,65,Gumbel,728.17,0.1364,11.827,0.758,0.9992,5.32,63.0,0.0
2106003,Lima Campos,MA,65,GEV,692.52,0.1248,11.827,0.758,0.9992,4.79,58.8,0.0
2108207,Pedreiras,MA,65,Gumbel,711.88,0.1407,11.827,0.758,0.9992,5.31,62.0,0.0
2108900,Poção de Pedras,MA,65,Log-Normal,673.18,0.1706,11.827,0.758,0.9992,5.76,61.0,0.0
2110302,Santo Antônio dos Lopes,MA,65,Weibull,697.25,0.1284,11.827,0.758,0.9989,4.89,58.0,0.0
2111631,São Raimundo do Doca Bezerra,MA,65,Gumbel,686.35,0.1569,11.827,0.758,0.9991,5.5,59.4,0.0
2111672,São Roberto,MA,65,Weibull,694.6,0.1555,11.827,0.758,0.9988,5.51,59.3,0.0
2112233,Trizidela do Vale,MA,65,Gumbel,713.57,0.1349,11.827,0.758,0.9992,5.18,62.3,0.0
2103802,Dom Pedro,MA,65,Gama,654.24,0.1482,11.827,0.758,0.9989,5.03,55.5,0.0
2104206,Fortuna,MA,65,Weibull,616.85,0.1162,11.827,0.758,0.999,4.1,51.2,0.0
2104404,Gonçalves Dias,MA,65,GEV,608.05,0.1187,11.827,0.758,0.9992,4.09,51.3,0.0
2104503,Governador Archer,MA,65,GEV,623.22,0.1273,11.827,0.758,0.9992,4.37,53.4,0.0
2104602,Governador Eugênio Barros,MA,65,Gumbel,580.41,0.1403,11.827,0.758,0.9992,4.32,50.0,0.0
2104628,Governador Luiz Rocha,MA,65,Weibull,623.53,0.0984,11.827,0.758,0.9991,3.82,50.0,0.0
2104701,Graça Aranha,MA,65,Weibull,610.75,0.1076,11.827,0.758,0.9992,3.91,50.9,0.0
2109106,Presidente Dutra,MA,65,GEV,647.48,0.1001,11.827,0.758,0.9991,4.0,52.5,0.0
2109759,Santa Filomena do Maranhão,MA,65,Weibull,677.18,0.0914,11.827,0.758,0.9991,4.01,53.3,0.0
2110708,São Domingos do Maranhão,MA,65,GEV,609.02,0.1012,11.827,0.758,0.9992,3.79,50.6,0.0
2111250,São José dos Basílios,MA,65,Gumbel,641.99,0.1498,11.827,0.758,0.9991,4.98,55.2,0.0
2111748,Senador Alexandre Costa,MA,65,Gama,641.04,0.0785,11.827,0.758,0.9992,3.59,51.2,0.0
2112308,Tuntum,MA,65,Log-Normal,647.65,0.1057,11.827,0.758,0.9991,4.1,52.1,0.0
2108702,Pio XII,MA,65,Gama,744.75,0.1126,11.827,0.758,0.9991,4.87,60.9,0.0
2100436,Alto Alegre do Maranhão,MA,65,Log-Normal,661.14,0.1321,11.827,0.758,0.9993,4.74,57.5,0.0
2100105,Afonso Cunha,MA,65,Gumbel,644.01,0.1455,11.827,0.758,0.9992,4.9,55.7,0.0
2100303,Aldeias Altas,MA,65,Log-Normal,617.78,0.1677,11.827,0.758,0.9993,5.22,56.7,0.0
2103000,Caxias,MA,65,Gumbel,634.68,0.1452,11.827,0.758,0.9992,4.83,54.8,0.0
2103406,Coelho Neto,MA,65,GEV,598.52,0.1733,11.827,0.758,0.9994,5.2,55.5,0.0
2103901,Duque Bacelar,MA,65,GEV,625.28,0.1576,11.827,0.758,0.9993,5.05,56.2,0.0
2111078,São João do Soter,MA,65,Log-Normal,589.76,0.1657,11.827,0.758,0.9992,4.93,52.9,0.0
2100808,Anapurus,MA,65,Gama,624.25,0.1269,11.827,0.758,0.9991,4.36,53.1,0.0
2101731,Belágua,MA,65,Gumbel,594.89,0.1295,11.827,0.758,0.9993,4.22,51.8,0.0
2102101,Brejo,MA,65,Gumbel,608.44,0.1433,11.827,0.758,0.9992,4.59,52.7,0.0
2102200,Buriti,MA,65,GEV,689.64,0.1196,11.827,0.758,0.9991,4.66,57.4,0.0
2103208,Chapadinha,MA,65,GEV,633.81,0.1745,11.827,0.758,0.9994,5.55,59.6,0.0
2106409,Mata Roma,MA,65,Log-Normal,645.4,0.1589,11.827,0.758,0.9992,5.23,57.2,0.0
2106672,Milagres do Maranhão,MA,65,Gumbel,595.37,0.1504,11.827,0.758,0.9991,4.63,51.5,0.0
2110104,Santa Quitéria do Maranhão,MA,65,GEV,551.6,0.1573,11.827,0.758,0.9993,4.44,49.4,0.0
2110401,São Benedito do Rio Preto,MA,65,Log-Normal,632.56,0.1856,11.827,0.758,0.9993,5.81,59.7,0.0
2112605,Urbano Santos,MA,65,Gama,587.7,0.1327,11.827,0.758,0.9991,4.22,50.6,0.0
2103307,Codó,MA,65,Gumbel,669.18,0.128,11.827,0.758,0.9993,4.71,58.4,0.0
2103604,Coroatá,MA,65,GEV,562.81,0.1826,11.827,0.758,0.9995,5.13,54.0,0.0
2108454,Peritoró,MA,65,Gumbel,635.8,0.1464,11.827,0.758,0.9992,4.86,54.9,0.0
2112100,Timbiras,MA,65,Weibull,705.57,0.1254,11.827,0.758,0.999,4.88,58.7,0.0
2103505,Colinas,MA,65,Gumbel,643.83,0.1369,11.827,0.758,0.9992,4.72,55.8,0.0
2105450,Jatobá,MA,65,Gumbel,597.19,0.1332,11.827,0.758,0.9992,4.3,51.8,0.0
2106706,Mirador,MA,65,Weibull,601.71,0.101,11.827,0.758,0.9991,3.73,48.3,0.0
2111904,Sucupira do Norte,MA,65,Weibull,631.27,0.1215,11.827,0.758,0.9989,4.29,51.2,0.0
2102754,Capinzal do Norte,MA,65,GEV,695.4,0.1145,11.827,0.758,0.9991,4.59,58.1,0.0
2101509,Barão de Grajaú,MA,65,GEV,578.11,0.1753,11.827,0.758,0.9994,5.08,53.8,0.0
2105922,Lagoa do Mato,MA,65,Weibull,606.42,0.1303,11.827,0.758,0.999,4.29,51.4,0.0
2107308,Nova Iorque,MA,65,GEV,544.9,0.1499,11.827,0.758,0.9989,4.21,45.6,0.0
2107704,Paraibano,MA,65,Gama,564.05,0.1325,11.827,0.758,0.9991,4.04,48.2,0.0
2107902,Passagem Franca,MA,65,Gama,613.67,0.1124,11.827,0.758,0.9992,4.01,51.3,0.0
2108009,Pastos Bons,MA,65,Gama,605.36,0.0991,11.827,0.758,0.9991,3.72,47.9,0.0
2110906,São Francisco do Maranhão,MA,65,Gama,664.32,0.108,11.827,0.758,0.9991,4.25,53.9,0.0
2111102,São João dos Patos,MA,65,Gama,532.61,0.1769,11.827,0.758,0.9988,4.66,47.5,0.0
2111953,Sucupira do Riachão,MA,65,Gama,556.55,0.1611,11.827,0.758,0.9989,4.53,48.2,0.0
2102309,Buriti Bravo,MA,65,Gumbel,602.05,0.1354,11.827,0.758,0.9992,4.38,52.3,0.0
2106607,Matões,MA,65,Gumbel,657.25,0.1402,11.827,0.758,0.9992,4.89,56.8,0.0
2107803,Parnarama,MA,65,Log-Normal,690.36,0.1309,11.827,0.758,0.9992,4.92,58.9,0.0
2112209,Timon,MA,65,Gumbel,689.07,0.1564,11.827,0.758,0.9991,5.51,59.1,0.0
2100154,Água Doce do Maranhão,MA,65,Log-Normal,681.16,0.1023,11.827,0.758,0.9992,4.25,55.1,0.0
2100907,Araioses,MA,65,Log-Normal,671.94,0.1121,11.827,0.758,0.9991,4.38,54.7,0.0
2106300,Magalhães de Almeida,MA,65,Log-Normal,588.28,0.1207,11.827,0.758,0.9992,4.0,50.2,0.0
2110237,Santana do Maranhão,MA,65,Gumbel,564.25,0.1391,11.827,0.758,0.9992,4.18,48.9,0.0
2110609,São Bernardo,MA,65,Gama,648.58,0.113,11.827,0.758,0.9991,4.25,53.4,0.0
2103554,Conceição do Lago-Açu,MA,65,Gama,705.3,0.1679,11.827,0.758,0.9989,5.93,63.1,0.0
2101707,Barreirinhas,MA,65,Gama,606.19,0.1169,11.827,0.758,0.9992,4.05,51.0,0.0
2105005,Humberto de Campos,MA,65,GEV,640.6,0.1513,11.827,0.758,0.9993,5.02,56.8,0.0
2109403,Primeira Cruz,MA,65,Weibull,623.74,0.1483,11.827,0.758,0.9989,4.79,53.0,0.0
2110278,Santo Amaro do Maranhão,MA,65,Weibull,607.4,0.1613,11.827,0.758,0.9989,4.95,53.1,0.0
2100832,Apicum-Açu,MA,65,Gumbel,715.63,0.1471,11.827,0.758,0.9991,5.49,61.4,0.0
2101301,Bacuri,MA,65,Gumbel,703.09,0.1406,11.827,0.758,0.9992,5.24,60.8,0.0
2103109,Cedral,MA,65,Gama,718.47,0.1179,11.827,0.758,0.9991,4.81,59.2,0.0
2103125,Central do Maranhão,MA,65,GEV,690.94,0.1172,11.827,0.758,0.9991,4.62,57.9,0.0
2103703,Cururupu,MA,65,Weibull,775.7,0.1141,11.827,0.758,0.9989,5.09,62.2,0.0
2104909,Guimarães,MA,65,Weibull,765.54,0.0992,11.827,0.758,0.999,4.7,60.5,0.0
2106805,Mirinzal,MA,65,Gumbel,672.87,0.1458,11.827,0.758,0.9992,5.13,58.3,0.0
2109056,Porto Rico do Maranhão,MA,65,Weibull,722.26,0.1195,11.827,0.758,0.999,4.86,59.1,0.0
2111789,Serrano do Maranhão,MA,65,Gama,733.94,0.1295,11.827,0.758,0.999,5.18,60.8,0.0
2100709,Anajatuba,MA,65,Gama,662.92,0.1389,11.827,0.758,0.9991,4.89,57.2,0.0
2102705,Cantanhede,MA,65,GEV,704.92,0.1599,11.827,0.758,0.9992,5.74,62.9,0.0
2105401,Itapecuru Mirim,MA,65,Gumbel,716.3,0.1476,11.827,0.758,0.9991,5.51,61.9,0.0
2106631,Matões do Norte,MA,65,Log-Normal,667.63,0.1874,11.827,0.758,0.9993,6.18,62.9,0.0
2106755,Miranda do Norte,MA,65,GEV,638.84,0.2015,11.827,0.758,0.9994,6.32,61.1,0.0
2107209,Nina Rodrigues,MA,65,Gumbel,691.08,0.1414,11.827,0.758,0.9992,5.17,60.0,0.0
2108801,Pirapemas,MA,65,Weibull,698.75,0.1646,11.827,0.758,0.9989,5.78,62.1,0.0
2109304,Presidente Vargas,MA,65,Gumbel,652.19,0.1358,11.827,0.758,0.9992,4.76,56.8,0.0
2112704,Vargem Grande,MA,65,Gumbel,697.67,0.1472,11.827,0.758,0.9991,5.35,60.3,0.0
2101350,Bacurituba,MA,65,Weibull,716.76,0.1049,11.827,0.758,0.9991,4.52,58.7,0.0
2101905,Bequimão,MA,65,Weibull,716.3,0.1168,11.827,0.758,0.9991,4.77,59.9,0.0
2107605,Palmeirândia,MA,65,GEV,652.43,0.1176,11.827,0.758,0.9991,4.37,54.5,0.0
2108256,Pedro do Rosário,MA,65,Log-Normal,655.39,0.132,11.827,0.758,0.9992,4.7,56.3,0.0
2108405,Peri Mirim,MA,65,Gumbel,643.02,0.1383,11.827,0.758,0.9992,4.74,55.8,0.0
2108603,Pinheiro,MA,65,Gumbel,620.08,0.1346,11.827,0.758,0.9992,4.5,53.6,0.0
2109270,Presidente Sarney,MA,65,Gumbel,597.13,0.1402,11.827,0.758,0.9992,4.44,51.5,0.0
2109809,Santa Helena,MA,65,Gumbel,589.08,0.1377,11.827,0.758,0.9992,4.33,50.8,0.0
2110500,São Bento,MA,65,Gama,617.71,0.1348,11.827,0.758,0.9991,4.47,53.2,0.0
2101772,Bela Vista do Maranhão,MA,65,Gama,708.21,0.1424,11.827,0.758,0.999,5.3,60.6,0.0
2105153,Igarapé do Meio,MA,65,Gumbel,692.58,0.1449,11.827,0.758,0.9992,5.26,59.7,0.0
2106904,Monção,MA,65,Weibull,721.89,0.1206,11.827,0.758,0.9991,4.89,60.5,0.0
2100204,Alcântara,MA,65,GEV,732.26,0.1266,11.827,0.758,0.9991,5.11,61.9,0.0
2101103,Axixá,MA,65,Log-Normal,662.14,0.171,11.827,0.758,0.9992,5.67,59.5,0.0
2101251,Bacabeira,MA,65,Gumbel,645.99,0.145,11.827,0.758,0.9992,4.91,56.0,0.0
2102374,Cachoeira Grande,MA,65,Gumbel,634.04,0.149,11.827,0.758,0.9991,4.9,54.9,0.0
2105104,Icatu,MA,65,Weibull,726.46,0.1359,11.827,0.758,0.9989,5.27,60.5,0.0
2107100,Morros,MA,65,Gumbel,624.52,0.1381,11.827,0.758,0.9992,4.6,54.4,0.0
2107506,Paço do Lumiar,MA,65,Weibull,718.14,0.1407,11.827,0.758,0.9989,5.32,60.5,0.0
2109205,Presidente Juscelino,MA,65,Gumbel,625.19,0.1487,11.827,0.758,0.9991,4.83,54.2,0.0
2109452,Raposa,MA,65,Gama,722.85,0.1563,11.827,0.758,0.9989,5.76,62.7,0.0
2109601,Rosário,MA,65,Weibull,714.09,0.12,11.827,0.758,0.9989,4.82,58.0,0.0
2110203,Santa Rita,MA,65,GEV,594.94,0.1725,11.827,0.758,0.9993,5.14,54.0,0.0
2111201,São José de Ribamar,MA,65,GEV,657.94,0.1616,11.827,0.758,0.9993,5.41,59.2,0.0
2111300,São Luís,MA,65,GEV,651.65,0.1635,11.827,0.758,0.9994,5.42,59.7,0.0
2108058,Paulino Neves,MA,65,Weibull,658.7,0.1075,11.827,0.758,0.999,4.2,53.6,0.0
2112506,Tutóia,MA,65,Weibull,656.09,0.1006,11.827,0.758,0.9991,4.06,52.9,0.0
2101004,Arari,MA,65,GEV,602.08,0.218,11.827,0.758,0.9995,6.45,60.0,0.0
2102408,Cajapió,MA,65,Gama,658.28,0.1002,11.827,0.758,0.9992,4.08,54.8,100.0
2102507,Cajari,MA,65,GEV,662.25,0.1475,11.827,0.758,0.9992,5.1,58.3,0.0
2106508,Matinha,MA,65,Gumbel,603.53,0.1227,11.827,0.758,0.9993,4.15,52.3,0.0
2107456,Olinda Nova do Maranhão,MA,65,GEV,594.48,0.1347,11.827,0.758,0.9994,4.33,53.0,0.0
2108306,Penalva,MA,65,GEV,723.04,0.0912,11.827,0.758,0.999,4.28,57.3,0.0
2111003,São João Batista,MA,65,Gumbel,619.5,0.1324,11.827,0.758,0.9992,4.45,53.7,0.0
2111706,São Vicente Ferrer,MA,65,Log-Normal,601.89,0.1402,11.827,0.758,0.9993,4.48,53.2,0.0
2112803,Viana,MA,65,Gumbel,603.53,0.1227,11.827,0.758,0.9993,4.15,52.3,0.0
2112902,Vitória do Mearim,MA,65,Weibull,707.71,0.1277,11.827,0.758,0.999,4.95,59.5,0.0
2100055,Açailândia,MA,65,Gama,674.0,0.1437,11.827,0.758,0.999,5.07,57.1,0.0
2102036,Bom Jesus das Selvas,MA,65,Log-Normal,654.4,0.111,11.827,0.758,0.9991,4.25,53.6,0.0
2102325,Buriticupu,MA,65,Gumbel,587.18,0.1498,11.827,0.758,0.9991,4.56,50.6,0.0
2105427,Itinga do Maranhão,MA,65,GEV,625.28,0.1679,11.827,0.758,0.9993,5.3,57.3,0.0
2110856,São Francisco do Brejão,MA,65,Weibull,709.95,0.1184,11.827,0.758,0.9989,4.75,56.9,0.0
2100402,Altamira do Maranhão,MA,65,Gama,713.9,0.1373,11.827,0.758,0.999,5.22,60.6,0.0
2102150,Brejo de Areia,MA,65,Gumbel,689.75,0.1474,11.827,0.758,0.9991,5.3,59.7,0.0
2105708,Lago da Pedra,MA,65,Gumbel,710.11,0.1458,11.827,0.758,0.9992,5.41,61.5,0.0
2105963,Lagoa Grande do Maranhão,MA,65,GEV,643.58,0.1583,11.827,0.758,0.9992,5.21,57.4,0.0
2106359,Marajá do Sena,MA,65,Gumbel,645.58,0.1363,11.827,0.758,0.9992,4.72,55.6,0.0
2108108,Paulo Ramos,MA,65,Log-Normal,716.79,0.1403,11.827,0.758,0.9992,5.33,61.7,0.0
2113009,Vitorino Freire,MA,65,Weibull,700.32,0.1579,11.827,0.758,0.9988,5.61,60.5,0.0
2100550,Amapá do Maranhão,MA,65,GEV,729.37,0.0964,11.827,0.758,0.9992,4.43,59.9,0.0
2101970,Boa Vista do Gurupi,MA,65,Gumbel,663.31,0.1268,11.827,0.758,0.9993,4.65,57.6,0.0
2102606,Cândido Mendes,MA,65,Gumbel,708.05,0.1379,11.827,0.758,0.9992,5.21,61.1,0.0
2102903,Carutapera,MA,65,Gumbel,743.35,0.1451,11.827,0.758,0.9992,5.65,64.3,0.0
2103158,Centro do Guilherme,MA,65,Weibull,610.33,0.0956,11.827,0.758,0.9992,3.7,50.5,0.0
2103174,Centro Novo do Maranhão,MA,65,GEV,682.29,0.1682,11.827,0.758,0.9992,5.77,60.7,0.0
2104305,Godofredo Viana,MA,65,Gumbel,747.26,0.136,11.827,0.758,0.9992,5.45,64.7,0.0
2104677,Governador Nunes Freire,MA,65,Gumbel,620.38,0.1173,11.827,0.758,0.9993,4.17,54.0,0.0
2105658,Junco do Maranhão,MA,65,GEV,612.89,0.1333,11.827,0.758,0.9993,4.43,54.0,0.0
2106201,Luís Domingues,MA,65,GEV,754.41,0.1207,11.827,0.758,0.9992,5.13,64.1,0.0
2106326,Maracaçumé,MA,65,Gama,638.1,0.1253,11.827,0.758,0.9992,4.43,55.1,0.0
2106375,Maranhãozinho,MA,65,Gumbel,591.01,0.1285,11.827,0.758,0.9993,4.17,51.3,0.0
2109239,Presidente Médici,MA,65,Gama,581.14,0.1164,11.827,0.758,0.9992,3.88,49.9,0.0
2110039,Santa Luzia do Paruá,MA,65,Gumbel,595.37,0.1326,11.827,0.758,0.9992,4.28,51.7,0.0
2100600,Amarante do Maranhão,MA,65,Weibull,633.27,0.0923,11.827,0.758,0.9991,3.77,50.5,0.0
2102358,Buritirana,MA,65,Weibull,677.16,0.1254,11.827,0.758,0.9989,4.68,55.2,0.0
2103257,Cidelândia,MA,65,GEV,712.46,0.0976,11.827,0.758,0.9991,4.34,57.4,0.0
2103752,Davinópolis,MA,65,Weibull,683.6,0.1249,11.827,0.758,0.9989,4.72,56.5,0.0
2104552,Governador Edison Lobão,MA,65,Normal,730.6,0.0888,11.827,0.758,0.9991,4.28,56.9,0.0
2105302,Imperatriz,MA,65,Gama,697.67,0.1392,11.827,0.758,0.999,5.15,59.1,0.0
2105500,João Lisboa,MA,65,GEV,658.44,0.1126,11.827,0.758,0.9989,4.29,52.9,0.0
2105989,Lajeado Novo,MA,65,Log-Normal,627.6,0.1045,11.827,0.758,0.9992,3.96,51.1,0.0
2107001,Montes Altos,MA,65,GEV,701.61,0.0716,11.827,0.758,0.9991,3.8,55.0,0.0
2109551,Ribamar Fiquene,MA,65,Gumbel,645.88,0.1395,11.827,0.758,0.9992,4.79,55.6,0.0
2111532,São Pedro da Água Branca,MA,65,Normal,742.52,0.0802,11.827,0.758,0.9992,4.19,58.5,0.0
2111763,Senador La Rocque,MA,65,Gama,667.55,0.1274,11.827,0.758,0.9991,4.67,55.8,0.0
2112852,Vila Nova dos Martírios,MA,65,Log-Normal,730.92,0.0737,11.827,0.758,0.9992,4.01,58.0,0.0
2112407,Turiaçu,MA,65,Log-Normal,757.76,0.0898,11.827,0.758,0.9992,4.47,61.3,0.0
2112456,Turilândia,MA,65,Weibull,630.79,0.1211,11.827,0.758,0.999,4.28,52.5,0.0
2100477,Alto Alegre do Pindaré,MA,65,Weibull,703.4,0.1265,11.827,0.758,0.9989,4.89,57.5,0.0
2100873,Araguanã,MA,65,Gumbel,696.42,0.1454,11.827,0.758,0.9992,5.3,60.3,0.0
2102002,Bom Jardim,MA,65,Gama,651.39,0.1466,11.827,0.758,0.9991,4.98,57.0,0.0
2104651,Governador Newton Bello,MA,65,Weibull,751.96,0.1211,11.827,0.758,0.999,5.11,62.9,0.0
2107357,Nova Olinda do Maranhão,MA,65,GEV,658.74,0.156,11.827,0.758,0.9992,5.27,58.6,0.0
2108504,Pindaré-Mirim,MA,65,GEV,704.11,0.1308,11.827,0.758,0.9992,5.02,61.0,0.0
2109908,Santa Inês,MA,65,Gumbel,703.46,0.1413,11.827,0.758,0.9992,5.26,61.0,0.0
2110005,Santa Luzia,MA,65,Weibull,714.73,0.1114,11.827,0.758,0.999,4.64,57.3,0.0
2111029,São João do Carú,MA,65,Log-Normal,712.2,0.1233,11.827,0.758,0.9992,4.9,59.9,0.0
2112274,Tufilândia,MA,65,Gama,694.96,0.1565,11.827,0.758,0.999,5.55,61.6,0.0
2114007,Zé Doca,MA,65,Gumbel,695.05,0.1443,11.827,0.758,0.9992,5.26,60.2,0.0
2100501,Alto Parnaíba,MA,65,Gumbel,546.41,0.1484,11.827,0.758,0.9991,4.21,47.1,0.0
2101400,Balsas,MA,65,Log-Normal,535.24,0.1231,11.827,0.758,0.9992,3.68,45.0,0.0
2102804,Carolina,MA,65,Gama,696.23,0.1738,11.827,0.758,0.9988,6.0,60.5,0.0
2104073,Feira Nova do Maranhão,MA,65,Weibull,568.2,0.1625,11.827,0.758,0.9986,4.64,47.4,0.0
2104107,Fortaleza dos Nogueiras,MA,65,Gumbel,557.72,0.156,11.827,0.758,0.9991,4.45,48.0,0.0
2106102,Loreto,MA,65,Weibull,605.6,0.107,11.827,0.758,0.999,3.85,48.1,0.0
2107258,Nova Colinas,MA,65,Log-Normal,548.86,0.1698,11.827,0.758,0.9991,4.67,48.3,0.0
2109502,Riachão,MA,65,Gumbel,521.53,0.1429,11.827,0.758,0.9992,3.93,45.5,0.0
2109700,Sambaíba,MA,65,Gama,611.82,0.1335,11.827,0.758,0.999,4.4,51.4,0.0
2110807,São Félix de Balsas,MA,65,Gama,561.97,0.1489,11.827,0.758,0.9989,4.33,47.6,0.0
2111607,São Raimundo das Mangabeiras,MA,65,Gama,537.45,0.1611,11.827,0.758,0.9989,4.38,46.9,0.0
2112001,Tasso Fragoso,MA,65,GEV,501.22,0.1703,11.827,0.758,0.9994,4.3,46.8,0.0
2111573,São Pedro dos Crentes,MA,65,Gama,565.65,0.1461,11.827,0.758,0.9989,4.3,47.0,0.0
2102556,Campestre do Maranhão,MA,65,Log-Normal,653.46,0.1189,11.827,0.758,0.9991,4.4,54.2,0.0
2104057,Estreito,MA,65,Gumbel,626.79,0.1524,11.827,0.758,0.9991,4.92,54.5,0.0
2109007,Porto Franco,MA,65,GEV,599.94,0.173,11.827,0.758,0.9992,5.19,53.8,0.0
2111052,São João do Paraíso,MA,65,Gama,577.2,0.1687,11.827,0.758,0.9988,4.86,50.1,0.0
2101806,Benedito Leite,MA,65,Normal,637.41,0.1029,11.827,0.758,0.999,3.98,48.7,0.0
2110658,São Domingos do Azeitão,MA,65,Weibull,577.52,0.1316,11.827,0.758,0.9988,4.1,47.0,0.0
3101631,Alfredo Vasconcelos,MG,65,GEV,767.8,0.1165,11.827,0.758,0.999,5.1,62.7,0.0
3102902,Antônio Carlos,MG,65,Gumbel,714.41,0.1356,11.827,0.758,0.9992,5.21,61.8,0.0
3105608,Barbacena,MG,65,GEV,769.96,0.1289,11.827,0.758,0.9991,5.42,64.4,0.0
3105905,Barroso,MG,65,Log-Normal,753.97,0.1421,11.827,0.758,0.9991,5.64,63.5,0.0
3121506,Desterro do Melo,MG,65,GEV,780.39,0.0968,11.827,0.758,0.9991,4.74,62.8,0.0
3123007,Dores de Campos,MG,65,GEV,719.94,0.1583,11.827,0.758,0.9991,5.8,62.4,0.0
3129400,Ibertioga,MG,65,Log-Normal,718.8,0.126,11.827,0.758,0.9991,5.0,59.8,0.0
3154408,Ressaquinha,MG,65,GEV,767.8,0.1165,11.827,0.758,0.999,5.1,62.7,0.0
3157302,Santa Bárbara do Tugúrio,MG,65,GEV,780.39,0.0968,11.827,0.758,0.9991,4.74,62.8,0.0
3158706,Santana do Garambéu,MG,65,Gumbel,646.67,0.1464,11.827,0.758,0.9992,4.94,56.5,0.0
3166204,Senhora dos Remédios,MG,65,GEV,689.35,0.1377,11.827,0.758,0.9992,5.07,59.9,0.0
3112208,Capela Nova,MG,65,Gama,693.53,0.1238,11.827,0.758,0.9991,4.77,57.4,0.0
3113107,Caranaíba,MG,65,Weibull,731.34,0.1428,11.827,0.758,0.9988,5.47,60.9,0.0
3113206,Carandaí,MG,65,Gama,741.18,0.1337,11.827,0.758,0.999,5.33,61.5,0.0
3114600,Carrancas,MG,65,Gumbel,620.74,0.1374,11.827,0.758,0.9992,4.56,53.8,0.0
3130408,Ijaci,MG,65,GEV,683.51,0.1588,11.827,0.758,0.9992,5.53,60.0,0.0
3130804,Ingaí,MG,65,GEV,705.16,0.1402,11.827,0.758,0.9991,5.23,59.9,0.0
3134301,Itumirim,MG,65,Gumbel,699.52,0.1303,11.827,0.758,0.9993,4.98,60.9,0.0
3134509,Itutinga,MG,65,Gumbel,662.83,0.1352,11.827,0.758,0.9992,4.82,57.6,0.0
3138203,Lavras,MG,65,Gumbel,710.7,0.1599,11.827,0.758,0.999,5.77,61.2,0.0
3138708,Luminárias,MG,65,Weibull,699.51,0.1218,11.827,0.758,0.9991,4.77,58.3,0.0
3144607,Nepomuceno,MG,65,GEV,672.65,0.1497,11.827,0.758,0.9991,5.21,57.7,0.0
3154705,Ribeirão Vermelho,MG,65,Gumbel,687.03,0.1537,11.827,0.758,0.9991,5.42,59.3,0.0
3115201,Conceição da Barra de Minas,MG,65,Log-Normal,707.34,0.1352,11.827,0.758,0.9991,5.13,59.5,0.0
3119708,Coronel Xavier Chaves,MG,65,Log-Normal,747.19,0.1255,11.827,0.758,0.9991,5.18,61.8,0.0
3137403,Lagoa Dourada,MG,65,Gama,691.78,0.1597,11.827,0.758,0.9989,5.59,59.2,0.0
3139102,Madre de Deus de Minas,MG,65,GEV,605.82,0.1409,11.827,0.758,0.9991,4.51,51.8,0.0
3144508,Nazareno,MG,65,Gama,702.28,0.1217,11.827,0.758,0.9991,4.79,58.5,0.0
3150307,Piedade do Rio Grande,MG,65,Gumbel,637.34,0.1512,11.827,0.758,0.9991,4.98,55.3,0.0
3152709,Prados,MG,65,GEV,719.94,0.1583,11.827,0.758,0.9991,5.8,62.4,0.0
3154200,Resende Costa,MG,65,GEV,717.46,0.1578,11.827,0.758,0.999,5.77,61.9,0.0
3156106,Ritápolis,MG,65,GEV,709.42,0.1507,11.827,0.758,0.9991,5.53,61.4,0.0
3157336,Santa Cruz de Minas,MG,65,GEV,731.22,0.1437,11.827,0.758,0.9991,5.52,62.7,0.0
3162500,São João del Rei,MG,65,GEV,706.06,0.1325,11.827,0.758,0.9991,5.06,59.9,0.0
3165008,São Tiago,MG,65,GEV,706.33,0.1565,11.827,0.758,0.9991,5.65,61.0,0.0
3168804,Tiradentes,MG,65,Gumbel,719.99,0.1517,11.827,0.758,0.9991,5.64,62.4,0.0
3100203,Abaeté,MG,65,Gama,694.01,0.1387,11.827,0.758,0.999,5.11,58.6,0.0
3107000,Biquinhas,MG,65,Gumbel,689.09,0.1437,11.827,0.758,0.9992,5.2,60.2,0.0
3115607,Cedro do Abaeté,MG,65,GEV,639.91,0.1424,11.827,0.758,0.9992,4.8,55.2,0.0
3143500,Morada Nova de Minas,MG,65,Gumbel,671.06,0.1445,11.827,0.758,0.9992,5.09,58.7,0.0
3146404,Paineiras,MG,65,Gumbel,679.6,0.1506,11.827,0.758,0.9991,5.29,58.7,0.0
3104809,Augusto de Lima,MG,65,Gumbel,551.13,0.1437,11.827,0.758,0.9992,4.16,47.7,0.0
3109204,Buenópolis,MG,65,GEV,573.3,0.1501,11.827,0.758,0.9991,4.46,49.9,0.0
3119104,Corinto,MG,65,Gumbel,590.35,0.1449,11.827,0.758,0.9992,4.48,51.2,0.0
3120904,Curvelo,MG,65,Weibull,585.75,0.1752,11.827,0.758,0.9988,5.08,52.2,0.0
3125705,Felixlândia,MG,65,Gumbel,602.54,0.1457,11.827,0.758,0.9992,4.59,52.1,0.0
3131109,Inimutaba,MG,65,GEV,546.01,0.1959,11.827,0.758,0.9994,5.27,52.1,0.0
3142502,Monjolos,MG,65,Weibull,655.74,0.1421,11.827,0.758,0.9988,4.89,54.7,0.0
3143609,Morro da Garça,MG,65,GEV,545.49,0.1656,11.827,0.758,0.9994,4.59,50.7,0.0
3153202,Presidente Juscelino,MG,65,GEV,584.65,0.179,11.827,0.758,0.9992,5.19,52.8,0.0
3160603,Santo Hipólito,MG,65,Gama,630.78,0.1392,11.827,0.758,0.999,4.65,53.2,0.0
3169356,Três Marias,MG,65,Log-Normal,593.88,0.1978,11.827,0.758,0.9992,5.76,56.2,0.0
3103900,Araújos,MG,65,Log-Normal,720.2,0.1138,11.827,0.758,0.999,4.73,57.4,0.0
3135308,Japaraíba,MG,65,GEV,728.34,0.1661,11.827,0.758,0.9989,6.07,62.0,0.0
3137205,Lagoa da Prata,MG,65,GEV,730.77,0.1662,11.827,0.758,0.9989,6.09,62.0,0.0
3138302,Leandro Ferreira,MG,65,Weibull,721.33,0.1195,11.827,0.758,0.9988,4.85,56.4,0.0
3107406,Bom Despacho,MG,65,Gama,722.96,0.1107,11.827,0.758,0.999,4.68,57.5,0.0
3123205,Dores do Indaiá,MG,65,Gama,678.7,0.1262,11.827,0.758,0.999,4.72,55.6,0.0
3124708,Estrela do Indaiá,MG,65,Log-Normal,699.27,0.0972,11.827,0.758,0.9992,4.27,56.4,0.0
3138807,Luz,MG,65,Gama,756.69,0.1387,11.827,0.758,0.9989,5.56,62.2,0.0
3140506,Martinho Campos,MG,65,Gama,676.1,0.1384,11.827,0.758,0.999,4.97,56.5,0.0
3142403,Moema,MG,65,Gumbel,675.31,0.1621,11.827,0.758,0.999,5.53,57.8,0.0
3152006,Pompéu,MG,65,Log-Normal,686.84,0.1626,11.827,0.758,0.9991,5.65,59.5,0.0
3153707,Quartel Geral,MG,65,Gama,712.23,0.1224,11.827,0.758,0.999,4.87,58.3,0.0
3166600,Serra da Saudade,MG,65,Log-Normal,679.28,0.1284,11.827,0.758,0.9992,4.78,57.2,0.0
3136405,Joaquim Felício,MG,65,Log-Normal,577.91,0.105,11.827,0.758,0.9992,3.66,47.7,0.0
3101706,Almenara,MG,65,Gama,569.4,0.1333,11.827,0.758,0.999,4.09,47.0,0.0
3105202,Bandeira,MG,65,Gumbel,564.46,0.1644,11.827,0.758,0.999,4.67,48.1,0.0
3125606,Felisburgo,MG,65,Weibull,599.64,0.1164,11.827,0.758,0.9989,3.98,47.8,0.0
3134707,Jacinto,MG,65,Log-Normal,544.54,0.1519,11.827,0.758,0.9991,4.26,46.7,0.0
3135803,Jequitinhonha,MG,65,Gumbel,576.02,0.1576,11.827,0.758,0.9991,4.63,49.7,0.0
3136009,Joaíma,MG,65,Weibull,599.73,0.1346,11.827,0.758,0.9988,4.32,49.0,0.0
3136504,Jordânia,MG,65,Weibull,577.67,0.131,11.827,0.758,0.9987,4.09,46.0,0.0
3140555,Mata Verde,MG,65,Log-Normal,586.9,0.1059,11.827,0.758,0.9991,3.72,46.4,0.0
3146750,Palmópolis,MG,65,Gama,546.24,0.1193,11.827,0.758,0.999,3.68,44.4,0.0
3155108,Rio do Prado,MG,65,Weibull,597.3,0.0988,11.827,0.758,0.999,3.66,46.7,0.0
3156601,Rubim,MG,65,Gumbel,538.38,0.1446,11.827,0.758,0.9992,4.08,46.6,0.0
3157104,Salto da Divisa,MG,65,Log-Normal,537.56,0.1782,11.827,0.758,0.9991,4.75,47.8,0.0
3158102,Santa Maria do Salto,MG,65,Gumbel,573.52,0.1618,11.827,0.758,0.999,4.69,49.4,0.0
3160306,Santo Antônio do Jacinto,MG,65,GEV,570.34,0.1212,11.827,0.758,0.9989,3.87,46.0,0.0
3103405,Araçuaí,MG,65,Gumbel,629.62,0.1432,11.827,0.758,0.9992,4.75,54.6,0.0
3106507,Berilo,MG,65,Weibull,679.67,0.125,11.827,0.758,0.9989,4.69,55.5,0.0
3119500,Coronel Murta,MG,65,Log-Normal,677.18,0.1217,11.827,0.758,0.9991,4.62,55.3,0.0
3126505,Francisco Badaró,MG,65,Weibull,682.78,0.1201,11.827,0.758,0.9989,4.6,54.5,0.0
3134004,Itinga,MG,65,GEV,649.65,0.1039,11.827,0.758,0.999,4.07,52.0,0.0
3135456,Jenipapo de Minas,MG,65,Weibull,672.5,0.1236,11.827,0.758,0.9988,4.61,54.0,0.0
3136520,José Gonçalves de Minas,MG,65,Gama,608.95,0.1453,11.827,0.758,0.9989,4.62,51.3,0.0
3171600,Virgem da Lapa,MG,65,Gama,668.87,0.1296,11.827,0.758,0.999,4.72,55.1,0.0
3102852,Angelândia,MG,65,GEV,561.08,0.2115,11.827,0.758,0.9994,5.83,55.2,0.0
3104452,Aricanduva,MG,65,Weibull,625.74,0.1563,11.827,0.758,0.9989,4.99,54.3,0.0
3112307,Capelinha,MG,65,Gumbel,631.74,0.1556,11.827,0.758,0.9991,5.03,54.8,0.0
3116100,Chapada do Norte,MG,65,Weibull,626.13,0.1311,11.827,0.758,0.9989,4.44,51.8,0.0
3132503,Itamarandiba,MG,65,Gumbel,620.84,0.1623,11.827,0.758,0.999,5.09,52.9,0.0
3138351,Leme do Prado,MG,65,Gama,601.54,0.1363,11.827,0.758,0.999,4.38,50.5,0.0
3141801,Minas Novas,MG,65,Gumbel,626.16,0.1485,11.827,0.758,0.9991,4.83,54.4,0.0
3169703,Turmalina,MG,65,Gumbel,649.53,0.1426,11.827,0.758,0.9992,4.88,56.3,0.0
3171071,Veredinha,MG,65,GEV,628.78,0.1594,11.827,0.758,0.9992,5.11,55.6,0.0
3113503,Carbonita,MG,65,Weibull,648.48,0.1389,11.827,0.758,0.9989,4.77,55.4,0.0
3120102,Couto de Magalhães de Minas,MG,65,Gumbel,642.31,0.1553,11.827,0.758,0.9991,5.11,55.5,0.0
3121001,Datas,MG,65,GEV,649.06,0.1372,11.827,0.758,0.999,4.75,54.7,0.0
3121605,Diamantina,MG,65,Weibull,658.25,0.1594,11.827,0.758,0.9987,5.31,55.8,0.0
3125408,Felício dos Santos,MG,65,Log-Normal,650.49,0.1298,11.827,0.758,0.9992,4.61,54.9,0.0
3125507,São Gonçalo do Rio Preto,MG,65,Gama,660.16,0.1356,11.827,0.758,0.999,4.79,55.0,0.0
3127602,Gouveia,MG,65,GEV,684.03,0.1245,11.827,0.758,0.9989,4.71,55.4,0.0
3153301,Presidente Kubitschek,MG,65,Log-Normal,671.98,0.1328,11.827,0.758,0.999,4.82,55.6,0.0
3165909,Senador Modestino Gonçalves,MG,65,Gama,678.61,0.1018,11.827,0.758,0.9991,4.22,54.6,0.0
3102704,Cachoeira de Pajeú,MG,65,Gumbel,575.06,0.1621,11.827,0.758,0.999,4.71,49.5,0.0
3117009,Comercinho,MG,65,Weibull,579.52,0.1695,11.827,0.758,0.9986,4.89,49.7,0.0
3122454,Divisópolis,MG,65,GEV,552.37,0.1402,11.827,0.758,0.9988,4.08,45.1,0.0
3141405,Medina,MG,65,GEV,583.36,0.16,11.827,0.758,0.999,4.73,50.1,0.0
3148707,Pedra Azul,MG,65,Log-Normal,573.42,0.0965,11.827,0.758,0.9991,3.49,45.8,0.0
3113008,Caraí,MG,65,Log-Normal,581.33,0.111,11.827,0.758,0.9992,3.78,47.9,0.0
3133303,Itaobim,MG,65,Gumbel,585.55,0.1585,11.827,0.758,0.999,4.72,50.4,0.0
3143153,Monte Formoso,MG,65,Gama,576.31,0.1481,11.827,0.758,0.9989,4.42,48.7,0.0
3145307,Novo Cruzeiro,MG,65,GEV,618.32,0.1368,11.827,0.758,0.9991,4.52,52.7,0.0
3146305,Padre Paraíso,MG,65,Log-Normal,544.35,0.1533,11.827,0.758,0.9992,4.3,47.9,0.0
3152170,Ponto dos Volantes,MG,65,Weibull,555.39,0.1478,11.827,0.758,0.999,4.26,48.4,0.0
3106200,Belo Horizonte,MG,65,GEV,928.6,0.178,11.827,0.758,0.999,8.18,81.1,0.0
3106705,Betim,MG,65,Gumbel,782.88,0.1564,11.827,0.758,0.9991,6.25,68.0,0.0
3109006,Brumadinho,MG,65,Log-Normal,741.14,0.2103,11.827,0.758,0.9991,7.59,69.1,0.0
3110004,Caeté,MG,65,Gumbel,809.94,0.1669,11.827,0.758,0.999,6.78,69.6,0.0
3117876,Confins,MG,65,GEV,776.73,0.1533,11.827,0.758,0.999,6.12,66.6,0.0
3118601,Contagem,MG,65,GEV,785.58,0.193,11.827,0.758,0.9992,7.44,71.7,0.0
3124104,Esmeraldas,MG,65,Gama,784.57,0.17,11.827,0.758,0.9988,6.64,67.6,0.0
3126000,Florestal,MG,65,Weibull,857.79,0.1516,11.827,0.758,0.9988,6.67,71.8,0.0
3129806,Ibirité,MG,65,Log-Normal,810.95,0.1895,11.827,0.758,0.999,7.54,73.2,0.0
3130101,Igarapé,MG,65,Weibull,858.87,0.1288,11.827,0.758,0.9989,6.03,68.9,0.0
3134608,Jaboticatubas,MG,65,Log-Normal,721.66,0.116,11.827,0.758,0.9991,4.8,59.4,0.0
3136603,Nova União,MG,65,Log-Normal,767.92,0.1204,11.827,0.758,0.9991,5.2,62.3,0.0
3136652,Juatuba,MG,65,Weibull,874.7,0.1472,11.827,0.758,0.9987,6.66,71.7,0.0
3137601,Lagoa Santa,MG,65,Gumbel,722.93,0.1601,11.827,0.758,0.999,5.87,62.2,0.0
3140159,Mário Campos,MG,65,Log-Normal,773.5,0.1458,11.827,0.758,0.9991,5.89,65.9,0.0
3140704,Mateus Leme,MG,65,GEV,767.46,0.1571,11.827,0.758,0.999,6.15,65.8,0.0
3142304,Moeda,MG,65,Gumbel,751.92,0.1448,11.827,0.758,0.9992,5.71,65.4,0.0
3144805,Nova Lima,MG,65,GEV,775.59,0.2251,11.827,0.758,0.9994,8.57,76.8,0.0
3149309,Pedro Leopoldo,MG,65,GEV,776.73,0.1533,11.827,0.758,0.999,6.12,66.6,0.0
3153905,Raposos,MG,65,GEV,914.33,0.1695,11.827,0.758,0.999,7.75,79.2,0.0
3154606,Ribeirão das Neves,MG,65,GEV,749.56,0.2096,11.827,0.758,0.9992,7.68,70.6,0.0
3154804,Rio Acima,MG,65,GEV,795.78,0.19,11.827,0.758,0.9991,7.43,71.9,0.0
3156700,Sabará,MG,65,Gumbel,916.0,0.1632,11.827,0.758,0.999,7.54,78.7,0.0
3157807,Santa Luzia,MG,65,Log-Normal,790.87,0.17,11.827,0.758,0.9991,6.72,69.4,0.0
3162922,São Joaquim de Bicas,MG,65,Log-Normal,773.5,0.1458,11.827,0.758,0.9991,5.89,65.9,0.0
3162955,São José da Lapa,MG,65,GEV,786.95,0.1752,11.827,0.758,0.999,6.85,68.9,0.0
3165537,Sarzedo,MG,65,GEV,757.14,0.1788,11.827,0.758,0.9992,6.73,68.7,0.0
3168309,Taquaraçu de Minas,MG,65,Weibull,762.5,0.1249,11.827,0.758,0.999,5.26,62.4,0.0
3171204,Vespasiano,MG,65,Log-Normal,814.05,0.1608,11.827,0.758,0.999,6.63,69.4,0.0
3106408,Belo Vale,MG,65,GEV,671.7,0.168,11.827,0.758,0.9991,5.67,59.5,0.0
3114907,Casa Grande,MG,65,GEV,636.74,0.2033,11.827,0.758,0.9992,6.33,59.5,0.0
3115409,Catas Altas da Noruega,MG,65,Gama,704.19,0.1229,11.827,0.758,0.999,4.82,57.3,0.0
3118007,Congonhas,MG,65,Weibull,730.94,0.1466,11.827,0.758,0.9988,5.56,61.2,0.0
3118304,Conselheiro Lafaiete,MG,65,GEV,679.01,0.183,11.827,0.758,0.9991,6.14,61.0,0.0
3120409,Cristiano Otoni,MG,65,GEV,699.77,0.1655,11.827,0.758,0.9991,5.83,61.1,0.0
3121407,Desterro de Entre Rios,MG,65,Gumbel,729.0,0.1561,11.827,0.758,0.9991,5.82,63.4,0.0
3123908,Entre Rios de Minas,MG,65,Gumbel,688.87,0.1568,11.827,0.758,0.9991,5.51,59.8,0.0
3133907,Itaverava,MG,65,GEV,690.5,0.1483,11.827,0.758,0.999,5.31,58.3,0.0
3135407,Jeceaba,MG,65,Weibull,687.67,0.1695,11.827,0.758,0.9988,5.81,60.1,0.0
3145901,Ouro Branco,MG,65,GEV,699.58,0.1347,11.827,0.758,0.999,5.05,58.3,0.0
3153806,Queluzito,MG,65,GEV,664.78,0.1892,11.827,0.758,0.9992,6.19,60.7,0.0
3159100,Santana dos Montes,MG,65,Gama,693.53,0.1238,11.827,0.758,0.9991,4.77,57.4,0.0
3160900,São Brás do Suaçuí,MG,65,GEV,677.06,0.1901,11.827,0.758,0.9991,6.32,61.3,0.0
3102407,Alvorada de Minas,MG,65,Normal,755.24,0.0831,11.827,0.758,0.9992,4.32,59.3,0.0
3160207,Santo Antônio do Itambé,MG,65,Weibull,687.13,0.0999,11.827,0.758,0.9991,4.24,55.2,0.0
3166501,Serra Azul de Minas,MG,65,Weibull,697.71,0.0957,11.827,0.758,0.9991,4.22,55.2,0.0
3167103,Serro,MG,65,GEV,692.86,0.108,11.827,0.758,0.999,4.43,56.2,0.0
3133709,Itatiaiuçu,MG,65,Log-Normal,805.01,0.1338,11.827,0.758,0.999,5.79,65.9,0.0
3151404,Pitangui,MG,65,Log-Normal,700.43,0.1214,11.827,0.758,0.999,4.76,56.2,0.0
3122603,Dom Joaquim,MG,65,Gama,748.66,0.0902,11.827,0.758,0.9992,4.43,61.3,0.0
3156007,Rio Vermelho,MG,65,Gumbel,622.15,0.1518,11.827,0.758,0.9991,4.87,53.3,0.0
3121803,Dionísio,MG,65,Weibull,767.24,0.1301,11.827,0.758,0.9988,5.41,61.3,0.0
3163409,São José do Goiabal,MG,65,Gama,740.89,0.1287,11.827,0.758,0.9989,5.2,59.3,0.0
3107703,Bom Jesus do Amparo,MG,65,Weibull,828.04,0.1034,11.827,0.758,0.9989,5.18,64.0,0.0
3125903,Ferros,MG,65,Log-Normal,736.4,0.1153,11.827,0.758,0.9992,4.88,61.3,0.0
3131703,Itabira,MG,65,Gumbel,710.35,0.1559,11.827,0.758,0.9991,5.66,61.1,0.0
3132800,Itambé do Mato Dentro,MG,65,Gumbel,741.44,0.1469,11.827,0.758,0.9991,5.68,64.2,0.0
3147501,Passabém,MG,65,Gama,767.2,0.1201,11.827,0.758,0.9991,5.19,63.0,0.0
3158003,Santa Maria de Itabira,MG,65,Gumbel,684.8,0.1461,11.827,0.758,0.9992,5.23,59.5,0.0
3160504,Santo Antônio do Rio Abaixo,MG,65,Gama,782.25,0.1277,11.827,0.758,0.999,5.48,64.8,0.0
3164803,São Sebastião do Rio Preto,MG,65,GEV,750.54,0.142,11.827,0.758,0.9991,5.62,64.4,0.0
3106002,Bela Vista de Minas,MG,65,Gama,698.96,0.1347,11.827,0.758,0.999,5.05,58.4,0.0
3136207,João Monlevade,MG,65,Gama,698.96,0.1347,11.827,0.758,0.999,5.05,58.4,0.0
3144706,Nova Era,MG,65,Gumbel,676.4,0.1457,11.827,0.758,0.9992,5.16,58.4,0.0
3155702,Rio Piracicaba,MG,65,Log-Normal,709.96,0.1211,11.827,0.758,0.999,4.82,57.4,0.0
3161007,São Domingos do Prata,MG,65,Log-Normal,715.53,0.1261,11.827,0.758,0.999,4.97,58.1,0.0
3161908,São Gonçalo do Rio Abaixo,MG,65,Gumbel,702.0,0.1583,11.827,0.758,0.999,5.66,60.3,0.0
3108107,Bonfim,MG,65,Gumbel,716.31,0.1532,11.827,0.758,0.9991,5.64,61.7,0.0
3120607,Crucilândia,MG,65,GEV,677.06,0.177,11.827,0.758,0.9992,5.96,60.9,0.0
3132206,Itaguara,MG,65,Weibull,760.43,0.1475,11.827,0.758,0.9987,5.8,62.8,0.0
3150406,Piedade dos Gerais,MG,65,GEV,685.05,0.1823,11.827,0.758,0.9992,6.18,61.9,0.0
3155306,Rio Manso,MG,65,Weibull,775.12,0.1147,11.827,0.758,0.9989,5.1,61.4,0.0
3139706,Maravilhas,MG,65,Gama,679.76,0.1175,11.827,0.758,0.9991,4.55,56.0,0.0
3145802,Onça de Pitangui,MG,65,Weibull,735.43,0.1175,11.827,0.758,0.9989,4.91,59.6,0.0
3146909,Papagaios,MG,65,Weibull,691.69,0.1161,11.827,0.758,0.9989,4.58,55.7,0.0
3147105,Pará de Minas,MG,65,Weibull,786.09,0.1093,11.827,0.758,0.999,5.05,62.6,0.0
3149606,Pequi,MG,65,Gumbel,665.81,0.1476,11.827,0.758,0.9991,5.12,57.6,0.0
3163102,São José da Varginha,MG,65,Gama,772.57,0.1558,11.827,0.758,0.9989,6.14,65.9,0.0
3102308,Alvinópolis,MG,65,Gumbel,692.46,0.1535,11.827,0.758,0.9991,5.46,59.5,0.0
3121704,Diogo de Vasconcelos,MG,65,Gumbel,701.81,0.1503,11.827,0.758,0.9991,5.46,60.7,0.0
3105400,Barão de Cocais,MG,65,Log-Normal,815.75,0.1408,11.827,0.758,0.999,6.06,67.0,0.0
3115359,Catas Altas,MG,65,Gumbel,716.27,0.163,11.827,0.758,0.999,5.89,61.6,0.0
3131901,Itabirito,MG,65,GEV,741.41,0.2039,11.827,0.758,0.9993,7.41,70.5,0.0
3140001,Mariana,MG,65,GEV,623.28,0.2301,11.827,0.758,0.9994,7.04,61.6,0.0
3146107,Ouro Preto,MG,65,Weibull,689.78,0.1504,11.827,0.758,0.9988,5.34,58.4,0.0
3157203,Santa Bárbara,MG,65,GEV,801.75,0.1289,11.827,0.758,0.9989,5.63,65.1,0.0
3103207,Araçaí,MG,65,Log-Normal,594.26,0.2507,11.827,0.758,0.9991,7.33,59.4,0.0
3105004,Baldim,MG,65,Weibull,673.6,0.1594,11.827,0.758,0.9987,5.43,57.2,0.0
3109600,Cachoeira da Prata,MG,65,Gama,706.22,0.1335,11.827,0.758,0.999,5.08,58.7,0.0
3109907,Caetanópolis,MG,65,GEV,621.13,0.2283,11.827,0.758,0.9994,6.96,61.3,0.0
3112505,Capim Branco,MG,65,Weibull,798.53,0.1353,11.827,0.758,0.9989,5.77,65.7,0.0
3117504,Conceição do Mato Dentro,MG,65,Weibull,780.43,0.1251,11.827,0.758,0.9989,5.38,62.7,0.0
3118106,Congonhas do Norte,MG,65,Weibull,675.91,0.1503,11.827,0.758,0.9987,5.23,56.4,0.0
3118908,Cordisburgo,MG,65,GEV,589.92,0.2489,11.827,0.758,0.9994,7.28,60.3,0.0
3126406,Fortuna de Minas,MG,65,Gama,706.22,0.1335,11.827,0.758,0.999,5.08,58.7,0.0
3127206,Funilândia,MG,65,GEV,659.93,0.2125,11.827,0.758,0.9992,6.84,61.5,0.0
3131000,Inhaúma,MG,65,GEV,659.72,0.1873,11.827,0.758,0.9993,6.1,60.9,0.0
3135704,Jequitibá,MG,65,Weibull,696.41,0.1717,11.827,0.758,0.9987,5.94,60.3,0.0
3141108,Matozinhos,MG,65,Gama,780.88,0.1267,11.827,0.758,0.999,5.44,63.3,0.0
3143708,Morro do Pilar,MG,65,Weibull,787.81,0.1215,11.827,0.758,0.999,5.36,64.5,0.0
3147402,Paraopeba,MG,65,GEV,621.13,0.2283,11.827,0.758,0.9994,6.96,61.3,0.0
3153608,Prudente de Morais,MG,65,GEV,760.8,0.1546,11.827,0.758,0.9989,6.01,63.9,0.0
3158508,Santana de Pirapama,MG,65,GEV,557.99,0.2306,11.827,0.758,0.9993,6.31,54.7,0.0
3159001,Santana do Riacho,MG,65,Log-Normal,721.36,0.1356,11.827,0.758,0.999,5.24,59.9,0.0
3167202,Sete Lagoas,MG,65,GEV,744.54,0.172,11.827,0.758,0.9989,6.37,63.5,0.0
3108552,Brasilândia de Minas,MG,65,Gumbel,654.35,0.1547,11.827,0.758,0.9991,5.19,56.3,0.0
3128600,Guarda-Mor,MG,65,Gumbel,655.93,0.143,11.827,0.758,0.9992,4.94,56.5,0.0
3136306,João Pinheiro,MG,65,Gumbel,606.91,0.1454,11.827,0.758,0.9992,4.62,52.3,0.0
3137106,Lagamar,MG,65,GEV,660.11,0.1774,11.827,0.758,0.9991,5.81,58.6,0.0
3137536,Lagoa Grande,MG,65,GEV,665.18,0.1321,11.827,0.758,0.999,4.75,55.1,0.0
3147006,Paracatu,MG,65,Log-Normal,604.79,0.2314,11.827,0.758,0.9992,6.84,59.9,0.0
3153400,Presidente Olegário,MG,65,GEV,635.42,0.1992,11.827,0.758,0.9994,6.23,60.9,0.0
3161700,São Gonçalo do Abaeté,MG,65,GEV,638.67,0.1764,11.827,0.758,0.9993,5.62,58.6,0.0
3170750,Varjão de Minas,MG,65,Log-Normal,663.63,0.2082,11.827,0.758,0.9991,6.73,62.0,0.0
3171006,Vazante,MG,65,GEV,688.44,0.1325,11.827,0.758,0.999,4.92,57.2,0.0
3104502,Arinos,MG,65,Weibull,664.19,0.1191,11.827,0.758,0.999,4.47,55.0,0.0
3108206,Bonfinópolis de Minas,MG,65,GEV,583.51,0.1482,11.827,0.758,0.9992,4.5,51.1,0.0
3109303,Buritis,MG,65,GEV,593.41,0.1337,11.827,0.758,0.9992,4.29,51.5,0.0
3109451,Cabeceira Grande,MG,65,GEV,601.22,0.16,11.827,0.758,0.9992,4.9,53.2,0.0
3122470,Dom Bosco,MG,65,GEV,633.38,0.1209,11.827,0.758,0.9991,4.3,52.6,0.0
3126208,Formoso,MG,65,GEV,583.75,0.1383,11.827,0.758,0.9992,4.31,51.1,0.0
3144375,Natalândia,MG,65,Gumbel,622.25,0.1336,11.827,0.758,0.9992,4.49,54.1,0.0
3170404,Unaí,MG,65,Gumbel,659.24,0.1425,11.827,0.758,0.9992,4.95,57.3,0.0
3170479,Uruana de Minas,MG,65,Gumbel,621.16,0.144,11.827,0.758,0.9992,4.7,53.8,0.0
3115474,Catuti,MG,65,Gama,591.4,0.1806,11.827,0.758,0.9987,5.26,52.1,0.0
3124302,Espinosa,MG,65,GEV,621.96,0.1327,11.827,0.758,0.9989,4.45,51.2,0.0
3127339,Gameleiras,MG,65,Gumbel,591.02,0.1497,11.827,0.758,0.9991,4.58,51.4,0.0
3139250,Mamonas,MG,65,Weibull,638.43,0.1299,11.827,0.758,0.9988,4.5,51.9,0.0
3141009,Mato Verde,MG,65,GEV,564.91,0.1782,11.827,0.758,0.9991,5.0,50.4,0.0
3142908,Monte Azul,MG,65,Gama,600.05,0.1582,11.827,0.758,0.9989,4.82,51.4,0.0
3143450,Montezuma,MG,65,Weibull,518.32,0.1175,11.827,0.758,0.9989,3.46,41.4,0.0
3160454,Santo Antônio do Retiro,MG,65,GEV,497.41,0.178,11.827,0.758,0.9993,4.41,45.7,0.0
3135050,Jaíba,MG,65,Gumbel,595.35,0.1667,11.827,0.758,0.999,4.98,51.2,0.0
3135100,Janaúba,MG,65,GEV,586.86,0.1952,11.827,0.758,0.999,5.6,52.6,0.0
3139300,Manga,MG,65,GEV,573.21,0.1314,11.827,0.758,0.9991,4.09,48.5,0.0
3140852,Matias Cardoso,MG,65,GEV,520.61,0.1996,11.827,0.758,0.9993,5.1,49.4,0.0
3142254,Miravânia,MG,65,Gumbel,634.13,0.1503,11.827,0.758,0.9991,4.93,54.7,0.0
3145059,Nova Porteirinha,MG,65,GEV,582.03,0.1797,11.827,0.758,0.9992,5.19,52.5,0.0
3146552,Pai Pedro,MG,65,Gumbel,575.85,0.1632,11.827,0.758,0.999,4.74,49.9,0.0
3152204,Porteirinha,MG,65,Gumbel,596.94,0.1561,11.827,0.758,0.9991,4.76,51.7,0.0
3154507,Riacho dos Machados,MG,65,Weibull,642.92,0.1611,11.827,0.758,0.9984,5.2,52.0,0.0
3166956,Serranópolis de Minas,MG,65,Gumbel,609.0,0.1677,11.827,0.758,0.999,5.12,52.5,0.0
3171030,Verdelândia,MG,65,Gumbel,608.58,0.1611,11.827,0.758,0.999,4.97,52.9,0.0
3108255,Bonito de Minas,MG,65,Gumbel,564.43,0.1438,11.827,0.758,0.9992,4.27,48.8,0.0
3117836,Cônego Marinho,MG,65,GEV,567.98,0.1589,11.827,0.758,0.9992,4.6,50.1,0.0
3132107,Itacarambi,MG,65,Gumbel,591.56,0.1568,11.827,0.758,0.9991,4.74,51.0,0.0
3135209,Januária,MG,65,Log-Normal,576.88,0.1814,11.827,0.758,0.999,5.17,51.4,0.0
3136959,Juvenília,MG,65,Gumbel,682.8,0.1602,11.827,0.758,0.999,5.55,59.0,0.0
3142700,Montalvânia,MG,65,GEV,684.77,0.186,11.827,0.758,0.9992,6.28,62.1,0.0
3149150,Pedras de Maria da Cruz,MG,65,GEV,559.39,0.1967,11.827,0.758,0.9992,5.4,51.7,0.0
3162450,São João das Missões,MG,65,Gumbel,581.2,0.1453,11.827,0.758,0.9992,4.42,50.4,0.0
3107307,Bocaiúva,MG,65,Log-Normal,608.63,0.127,11.827,0.758,0.9991,4.25,50.1,0.0
3108503,Botumirim,MG,65,Weibull,673.98,0.1053,11.827,0.758,0.999,4.25,53.4,0.0
3108602,Brasília de Minas,MG,65,Weibull,547.61,0.1372,11.827,0.758,0.9991,4.01,47.3,0.0
3111150,Campo Azul,MG,65,Gumbel,576.45,0.1583,11.827,0.758,0.999,4.65,50.0,0.0
3112703,Capitão Enéas,MG,65,Gumbel,609.19,0.1644,11.827,0.758,0.999,5.04,52.6,0.0
3116506,Claro dos Poções,MG,65,Gama,534.19,0.1576,11.827,0.758,0.9989,4.28,46.1,0.0
3118809,Coração de Jesus,MG,65,Gumbel,535.79,0.1482,11.827,0.758,0.9991,4.13,46.2,0.0
3120300,Cristália,MG,65,Weibull,636.44,0.1354,11.827,0.758,0.9988,4.6,52.2,0.0
3123809,Engenheiro Navarro,MG,65,Weibull,602.49,0.1325,11.827,0.758,0.9988,4.3,48.7,0.0
3126604,Francisco Dumont,MG,65,Weibull,571.5,0.129,11.827,0.758,0.9991,4.02,48.6,0.0
3126703,Francisco Sá,MG,65,GEV,593.21,0.188,11.827,0.758,0.9991,5.48,53.1,0.0
3127354,Glaucilândia,MG,65,Gama,637.73,0.117,11.827,0.758,0.9991,4.26,52.7,0.0
3127800,Grão Mogol,MG,65,Weibull,664.32,0.1477,11.827,0.758,0.9986,5.06,53.2,0.0
3128253,Guaraciama,MG,65,Log-Normal,643.53,0.1149,11.827,0.758,0.9992,4.26,53.3,0.0
3129657,Ibiracatu,MG,65,GEV,532.3,0.2125,11.827,0.758,0.9994,5.54,51.6,0.0
3132008,Itacambira,MG,65,GEV,605.84,0.1472,11.827,0.758,0.9993,4.66,53.6,0.0
3135357,Japonvar,MG,65,Log-Normal,536.01,0.1268,11.827,0.758,0.9991,3.74,44.8,0.0
3135605,Jequitaí,MG,65,GEV,568.66,0.1425,11.827,0.758,0.9992,4.27,49.4,0.0
3136579,Josenópolis,MG,65,GEV,622.29,0.1428,11.827,0.758,0.999,4.67,52.4,0.0
3136801,Juramento,MG,65,Log-Normal,616.36,0.1465,11.827,0.758,0.9992,4.72,53.7,0.0
3137304,Lagoa dos Patos,MG,65,Gumbel,572.86,0.149,11.827,0.758,0.9991,4.43,49.5,0.0
3138658,Lontra,MG,65,Gumbel,531.14,0.1562,11.827,0.758,0.9991,4.24,46.1,0.0
3138682,Luislândia,MG,65,Gumbel,524.03,0.1478,11.827,0.758,0.9991,4.03,45.2,0.0
3142007,Mirabela,MG,65,Gama,569.27,0.1264,11.827,0.758,0.999,3.96,47.1,0.0
3143302,Montes Claros,MG,65,GEV,654.57,0.1316,11.827,0.758,0.9989,4.66,53.8,0.0
3145455,Olhos-d'Água,MG,65,Log-Normal,621.59,0.1281,11.827,0.758,0.9991,4.37,51.8,0.0
3147956,Patis,MG,65,Gumbel,515.85,0.1521,11.827,0.758,0.9991,4.04,44.7,0.0
3162252,São João da Lagoa,MG,65,Weibull,536.15,0.1539,11.827,0.758,0.9988,4.22,45.6,0.0
3162401,São João da Ponte,MG,65,Log-Normal,565.65,0.1945,11.827,0.758,0.9989,5.37,50.4,0.0
3162658,São João do Pacuí,MG,65,Weibull,604.16,0.0886,11.827,0.758,0.9991,3.54,47.3,0.0
3170909,Varzelândia,MG,65,Log-Normal,554.58,0.1956,11.827,0.758,0.9991,5.31,51.1,0.0
3101003,Águas Vermelhas,MG,65,Gama,631.82,0.1731,11.827,0.758,0.9987,5.42,54.3,0.0
3122355,Divisa Alegre,MG,65,GEV,638.87,0.1531,11.827,0.758,0.9989,5.01,53.6,0.0
3109402,Buritizeiro,MG,65,GEV,643.66,0.1774,11.827,0.758,0.9993,5.69,58.8,0.0
3129608,Ibiaí,MG,65,Gumbel,606.08,0.1561,11.827,0.758,0.9991,4.84,52.5,0.0
3138104,Lassance,MG,65,GEV,562.4,0.1436,11.827,0.758,0.9994,4.27,50.6,0.0
3151206,Pirapora,MG,65,Gumbel,623.73,0.1448,11.827,0.758,0.9992,4.73,54.2,0.0
3152131,Ponto Chique,MG,65,GEV,659.52,0.1568,11.827,0.758,0.9991,5.28,57.4,0.0
3157609,Santa Fé de Minas,MG,65,Log-Normal,688.29,0.1097,11.827,0.758,0.9991,4.44,55.7,0.0
3170800,Várzea da Palma,MG,65,GEV,574.94,0.1697,11.827,0.758,0.9994,4.92,53.1,0.0
3106655,Berizal,MG,65,Gumbel,568.32,0.1629,11.827,0.758,0.999,4.67,49.2,0.0
3120870,Curral de Dentro,MG,65,Weibull,624.89,0.1392,11.827,0.758,0.9987,4.59,51.0,0.0
3127073,Fruta de Leite,MG,65,Gama,599.65,0.1496,11.827,0.758,0.9989,4.63,50.1,0.0
3130655,Indaiabira,MG,65,Log-Normal,491.46,0.1711,11.827,0.758,0.9991,4.2,43.5,0.0
3144656,Ninheira,MG,65,Gumbel,581.99,0.1417,11.827,0.758,0.9992,4.36,50.4,0.0
3145372,Novorizonte,MG,65,Log-Normal,522.95,0.1982,11.827,0.758,0.9992,5.07,48.9,0.0
3146255,Padre Carvalho,MG,65,Normal,638.96,0.1023,11.827,0.758,0.999,3.98,48.8,0.0
3155603,Rio Pardo de Minas,MG,65,Gumbel,571.7,0.1677,11.827,0.758,0.999,4.8,49.4,0.0
3156502,Rubelita,MG,65,Log-Normal,652.33,0.1427,11.827,0.758,0.999,4.89,54.8,0.0
3157005,Salinas,MG,65,GEV,588.66,0.1832,11.827,0.758,0.9991,5.32,52.6,0.0
3157377,Santa Cruz de Salinas,MG,65,Log-Normal,562.77,0.1846,11.827,0.758,0.9991,5.12,51.0,0.0
3162708,São João do Paraíso,MG,65,Gumbel,532.89,0.1372,11.827,0.758,0.9992,3.91,46.2,0.0
3168002,Taiobeiras,MG,65,Gumbel,564.84,0.1522,11.827,0.758,0.9991,4.43,49.1,0.0
3170651,Vargem Grande do Rio Pardo,MG,65,Weibull,539.93,0.1452,11.827,0.758,0.9986,4.07,43.8,0.0
3116159,Chapada Gaúcha,MG,65,Gumbel,624.41,0.149,11.827,0.758,0.9991,4.83,53.9,0.0
3130051,Icaraí de Minas,MG,65,GEV,602.13,0.1338,11.827,0.758,0.999,4.33,49.9,0.0
3150570,Pintópolis,MG,65,GEV,700.06,0.0867,11.827,0.758,0.999,4.06,55.0,0.0
3161106,São Francisco,MG,65,Log-Normal,637.07,0.1459,11.827,0.758,0.999,4.84,53.0,0.0
3164209,São Romão,MG,65,Gama,663.73,0.0924,11.827,0.758,0.9992,3.96,53.4,0.0
3170008,Ubaí,MG,65,Gumbel,562.37,0.1564,11.827,0.758,0.9991,4.49,48.4,0.0
3154457,Riachinho,MG,65,GEV,647.7,0.1213,11.827,0.758,0.9991,4.41,54.3,0.0
3170529,Urucuia,MG,65,Gumbel,604.62,0.1293,11.827,0.758,0.9993,4.28,52.4,0.0
3100807,Aguanil,MG,65,GEV,629.85,0.1712,11.827,0.758,0.9992,5.4,56.4,0.0
3111200,Campo Belo,MG,65,Gumbel,673.46,0.1503,11.827,0.758,0.9991,5.24,58.8,0.0
3112000,Candeias,MG,65,GEV,637.17,0.1797,11.827,0.758,0.9992,5.69,58.0,0.0
3120201,Cristais,MG,65,Gumbel,587.42,0.1533,11.827,0.758,0.9991,4.63,50.7,0.0
3158805,Santana do Jacaré,MG,65,GEV,614.6,0.2093,11.827,0.758,0.9994,6.32,59.9,0.0
3110400,Camacho,MG,65,Log-Normal,677.39,0.1763,11.827,0.758,0.9991,5.93,60.6,0.0
3114006,Carmo da Mata,MG,65,Gumbel,718.34,0.152,11.827,0.758,0.9991,5.63,62.3,0.0
3114204,Carmo do Cajuru,MG,65,Log-Normal,787.39,0.1258,11.827,0.758,0.9991,5.47,64.6,0.0
3116605,Cláudio,MG,65,GEV,692.14,0.1725,11.827,0.758,0.9991,5.96,61.5,0.0
3117603,Conceição do Pará,MG,65,Gumbel,662.58,0.1658,11.827,0.758,0.999,5.52,56.5,0.0
3122306,Divinópolis,MG,65,Log-Normal,750.66,0.132,11.827,0.758,0.999,5.35,60.8,0.0
3133501,Itapecerica,MG,65,GEV,638.24,0.2206,11.827,0.758,0.9993,6.88,61.3,0.0
3133808,Itaúna,MG,65,Weibull,795.71,0.1198,11.827,0.758,0.9989,5.36,63.4,0.0
3145208,Nova Serrana,MG,65,Weibull,718.26,0.1162,11.827,0.758,0.9988,4.75,55.7,0.0
3148905,Pedra do Indaiá,MG,65,Log-Normal,695.6,0.1755,11.827,0.758,0.999,6.06,60.5,0.0
3149705,Perdigão,MG,65,GEV,698.06,0.1215,11.827,0.758,0.9989,4.73,55.8,0.0
3160405,Santo Antônio do Monte,MG,65,GEV,753.42,0.1367,11.827,0.758,0.9988,5.48,61.3,0.0
3161809,São Gonçalo do Pará,MG,65,Log-Normal,739.99,0.118,11.827,0.758,0.999,4.95,59.4,0.0
3164605,São Sebastião do Oeste,MG,65,Log-Normal,732.7,0.129,11.827,0.758,0.999,5.16,59.8,0.0
3104205,Arcos,MG,65,Gama,728.1,0.1614,11.827,0.758,0.9988,5.93,61.8,0.0
3105103,Bambuí,MG,65,Gumbel,696.62,0.1636,11.827,0.758,0.999,5.75,59.8,0.0
3119807,Córrego Danta,MG,65,GEV,704.72,0.1578,11.827,0.758,0.9991,5.67,61.2,0.0
3119955,Córrego Fundo,MG,65,GEV,617.37,0.2024,11.827,0.758,0.9993,6.12,58.1,0.0
3126109,Formiga,MG,65,Log-Normal,582.74,0.2014,11.827,0.758,0.9992,5.75,55.4,0.0
3130309,Iguatama,MG,65,GEV,711.2,0.16,11.827,0.758,0.9989,5.77,60.3,0.0
3141306,Medeiros,MG,65,Normal,792.17,0.1055,11.827,0.758,0.9989,5.0,60.2,0.0
3146503,Pains,MG,65,Weibull,665.22,0.1665,11.827,0.758,0.9988,5.55,58.1,0.0
3150505,Pimenta,MG,65,Weibull,676.6,0.1234,11.827,0.758,0.999,4.64,55.3,0.0
3168200,Tapiraí,MG,65,Normal,787.56,0.1038,11.827,0.758,0.9989,4.93,60.0,0.0
3108008,Bom Sucesso,MG,65,Gumbel,672.83,0.1435,11.827,0.758,0.9992,5.08,58.6,0.0
3111903,Cana Verde,MG,65,GEV,639.64,0.1795,11.827,0.758,0.9992,5.7,57.8,0.0
3130002,Ibituruna,MG,65,Gumbel,704.36,0.1395,11.827,0.758,0.9992,5.22,61.4,0.0
3149903,Perdões,MG,65,Log-Normal,706.71,0.1348,11.827,0.758,0.9991,5.12,59.3,0.0
3159902,Santo Antônio do Amparo,MG,65,Log-Normal,702.25,0.1358,11.827,0.758,0.9992,5.11,59.8,0.0
3114501,Carmópolis de Minas,MG,65,GEV,656.9,0.2069,11.827,0.758,0.9994,6.67,63.2,0.0
3145604,Oliveira,MG,65,GEV,659.19,0.1683,11.827,0.758,0.9994,5.61,61.1,0.0
3147709,Passa Tempo,MG,65,Weibull,753.47,0.1606,11.827,0.758,0.9987,6.1,63.9,0.0
3150604,Piracema,MG,65,Weibull,733.72,0.1833,11.827,0.758,0.9985,6.58,63.5,0.0
3161205,São Francisco de Paula,MG,65,Gumbel,702.97,0.1532,11.827,0.758,0.9991,5.54,61.2,0.0
3130200,Igaratinga,MG,65,Log-Normal,732.07,0.1085,11.827,0.758,0.9991,4.7,58.5,0.0
3123403,Doresópolis,MG,65,Weibull,688.76,0.1473,11.827,0.758,0.9988,5.25,57.2,0.0
3151503,Piumhi,MG,65,Log-Normal,688.29,0.1088,11.827,0.758,0.9991,4.42,55.6,0.0
3164308,São Roque de Minas,MG,65,Gumbel,643.39,0.1385,11.827,0.758,0.9992,4.75,56.2,0.0
3170602,Vargem Bonita,MG,65,GEV,657.8,0.1321,11.827,0.758,0.9992,4.71,56.3,0.0
3101607,Alfenas,MG,65,Weibull,635.56,0.1417,11.827,0.758,0.999,4.74,54.2,0.0
3102001,Alterosa,MG,65,GEV,573.37,0.1826,11.827,0.758,0.9994,5.21,54.6,0.0
3104304,Areado,MG,65,GEV,594.65,0.1807,11.827,0.758,0.9994,5.35,55.6,0.0
3111309,Campo do Meio,MG,65,GEV,585.85,0.1604,11.827,0.758,0.9991,4.77,51.3,0.0
3111606,Campos Gerais,MG,65,Log-Normal,623.61,0.1353,11.827,0.758,0.9991,4.53,52.3,0.0
3114709,Carvalhópolis,MG,65,Gumbel,685.24,0.1439,11.827,0.758,0.9992,5.18,59.5,0.0
3117108,Conceição da Aparecida,MG,65,GEV,584.77,0.1851,11.827,0.758,0.9994,5.37,54.9,0.0
3122405,Divisa Nova,MG,65,GEV,650.16,0.1691,11.827,0.758,0.9992,5.52,58.4,0.0
3125200,Fama,MG,65,GEV,637.44,0.155,11.827,0.758,0.9991,5.07,55.4,0.0
3139003,Machado,MG,65,Gama,691.95,0.1299,11.827,0.758,0.999,4.89,57.7,0.0
3147204,Paraguaçu,MG,65,GEV,667.64,0.1597,11.827,0.758,0.9992,5.43,58.7,0.0
3151701,Poço Fundo,MG,65,Gumbel,688.67,0.1481,11.827,0.758,0.9991,5.3,59.9,0.0
3166907,Serrania,MG,65,GEV,587.27,0.2072,11.827,0.758,0.9994,5.98,57.3,0.0
3101201,Aiuruoca,MG,65,Normal,798.63,0.0978,11.827,0.758,0.999,4.87,61.4,0.0
3104908,Baependi,MG,65,GEV,669.12,0.1791,11.827,0.758,0.9992,5.95,60.9,0.0
3114808,Carvalhos,MG,65,Gama,786.28,0.1249,11.827,0.758,0.9989,5.43,63.0,0.0
3115508,Caxambu,MG,65,GEV,678.43,0.1785,11.827,0.758,0.9992,6.02,61.5,0.0
3120805,Cruzília,MG,65,Weibull,694.05,0.1042,11.827,0.758,0.9989,4.35,54.0,0.0
3141900,Minduri,MG,65,GEV,615.0,0.1406,11.827,0.758,0.999,4.57,51.7,0.0
3166402,Seritinga,MG,65,Normal,757.98,0.0955,11.827,0.758,0.999,4.58,58.5,0.0
3167004,Serranos,MG,65,Gumbel,676.67,0.1617,11.827,0.758,0.999,5.53,58.0,0.0
3104106,Arceburgo,MG,65,Log-Normal,662.97,0.1541,11.827,0.758,0.9992,5.26,59.0,0.0
3109501,Cabo Verde,MG,65,Weibull,674.97,0.1529,11.827,0.758,0.9988,5.28,57.6,0.0
3128303,Guaranésia,MG,65,Gumbel,682.31,0.1399,11.827,0.758,0.9992,5.07,59.5,0.0
3128709,Guaxupé,MG,65,Gumbel,681.18,0.1412,11.827,0.758,0.9992,5.09,59.4,0.0
3136900,Juruaia,MG,65,GEV,601.77,0.2007,11.827,0.758,0.9994,5.94,57.5,0.0
3143005,Monte Belo,MG,65,GEV,599.11,0.1798,11.827,0.758,0.9993,5.37,55.8,0.0
3144102,Muzambinho,MG,65,GEV,585.25,0.2246,11.827,0.758,0.9995,6.47,58.6,0.0
3145109,Nova Resende,MG,65,GEV,632.85,0.1522,11.827,0.758,0.9993,4.98,56.3,0.0
3163904,São Pedro da União,MG,65,Gumbel,633.38,0.1383,11.827,0.758,0.9992,4.67,54.9,0.0
3108909,Brazópolis,MG,65,GEV,634.89,0.1484,11.827,0.758,0.9991,4.89,54.5,0.0
3117207,Conceição das Pedras,MG,65,Weibull,698.01,0.1375,11.827,0.758,0.9988,5.09,56.8,0.0
3121100,Delfim Moreira,MG,65,GEV,615.72,0.1895,11.827,0.758,0.9992,5.74,56.3,0.0
3127404,Gonçalves,MG,65,Log-Normal,688.07,0.1413,11.827,0.758,0.999,5.13,57.6,0.0
3132404,Itajubá,MG,65,Gama,654.6,0.131,11.827,0.758,0.999,4.65,54.7,0.0
3139904,Maria da Fé,MG,65,Gumbel,667.58,0.1493,11.827,0.758,0.9991,5.17,58.0,0.0
3140407,Marmelópolis,MG,65,GEV,545.62,0.2501,11.827,0.758,0.9994,6.77,56.0,0.0
3147303,Paraisópolis,MG,65,Log-Normal,644.37,0.1472,11.827,0.758,0.999,4.93,54.1,0.0
3149101,Pedralva,MG,65,Gama,664.24,0.136,11.827,0.758,0.999,4.83,55.7,0.0
3150901,Piranguçu,MG,65,Normal,717.71,0.1019,11.827,0.758,0.999,4.46,54.9,0.0
3151008,Piranguinho,MG,65,GEV,597.86,0.1657,11.827,0.758,0.9992,5.0,53.6,0.0
3163201,São José do Alegre,MG,65,Gumbel,625.98,0.1529,11.827,0.758,0.9991,4.92,54.1,0.0
3165404,Sapucaí-Mirim,MG,65,Weibull,684.69,0.1375,11.827,0.758,0.9989,5.0,56.4,0.0
3172202,Wenceslau Braz,MG,65,GEV,634.74,0.1213,11.827,0.758,0.999,4.31,51.7,0.0
3102803,Andrelândia,MG,65,GEV,615.37,0.1754,11.827,0.758,0.9992,5.38,55.7,0.0
3103603,Arantina,MG,65,GEV,635.45,0.1706,11.827,0.758,0.9992,5.44,57.1,0.0
3107208,Bocaina de Minas,MG,65,Log-Normal,781.12,0.1519,11.827,0.758,0.999,6.11,65.8,0.0
3107505,Bom Jardim de Minas,MG,65,Gama,699.5,0.0996,11.827,0.758,0.9992,4.32,56.9,0.0
3138500,Liberdade,MG,65,Gama,716.36,0.1137,11.827,0.758,0.9991,4.71,58.0,0.0
3147808,Passa Vinte,MG,65,GEV,751.04,0.144,11.827,0.758,0.9991,5.67,64.0,0.0
3101904,Alpinópolis,MG,65,Gama,653.25,0.138,11.827,0.758,0.999,4.79,55.0,0.0
3107604,Bom Jesus da Penha,MG,65,Weibull,704.42,0.1176,11.827,0.758,0.9989,4.7,56.3,0.0
3112406,Capetinga,MG,65,Log-Normal,627.17,0.1898,11.827,0.758,0.9991,5.85,57.6,0.0
3114402,Carmo do Rio Claro,MG,65,GEV,587.85,0.1518,11.827,0.758,0.9992,4.61,51.4,0.0
3115102,Cássia,MG,65,GEV,634.85,0.181,11.827,0.758,0.9993,5.7,58.1,0.0
3116407,Claraval,MG,65,GEV,652.81,0.1971,11.827,0.758,0.9994,6.33,61.8,0.0
3121209,Delfinópolis,MG,65,Weibull,683.39,0.149,11.827,0.758,0.9989,5.26,58.5,0.0
3126307,Fortaleza de Minas,MG,65,Gumbel,652.27,0.1452,11.827,0.758,0.9992,4.96,56.9,0.0
3128105,Guapé,MG,65,Weibull,596.24,0.1638,11.827,0.758,0.9988,4.91,51.3,0.0
3129707,Ibiraci,MG,65,Weibull,669.19,0.1601,11.827,0.758,0.9988,5.42,57.7,0.0
3133758,Itaú de Minas,MG,65,Gumbel,657.02,0.1478,11.827,0.758,0.9991,5.05,57.1,0.0
3147907,Passos,MG,65,Gama,684.26,0.1492,11.827,0.758,0.9989,5.28,57.8,0.0
3152907,Pratápolis,MG,65,Gumbel,658.67,0.1463,11.827,0.758,0.9992,5.03,57.4,0.0
3162203,São João Batista do Glória,MG,65,GEV,677.52,0.1373,11.827,0.758,0.999,4.96,57.0,0.0
3162948,São José da Barra,MG,65,GEV,642.59,0.1494,11.827,0.758,0.999,4.96,54.0,0.0
3112802,Capitólio,MG,65,Gumbel,639.92,0.1597,11.827,0.758,0.999,5.19,54.7,0.0
3101409,Albertina,MG,65,Gumbel,700.0,0.1319,11.827,0.758,0.9993,5.02,60.7,0.0
3107901,Bom Repouso,MG,65,GEV,604.77,0.1465,11.827,0.758,0.9992,4.63,53.1,0.0
3108305,Borda da Mata,MG,65,Log-Normal,622.5,0.1473,11.827,0.758,0.9992,4.78,54.5,0.0
3109105,Bueno Brandão,MG,65,GEV,632.45,0.1748,11.827,0.758,0.9993,5.53,58.3,0.0
3109709,Cachoeira de Minas,MG,65,GEV,620.73,0.179,11.827,0.758,0.9992,5.51,55.7,0.0
3110509,Camanducaia,MG,65,Log-Normal,640.9,0.1346,11.827,0.758,0.9991,4.64,54.1,0.0
3110608,Cambuí,MG,65,GEV,586.07,0.1738,11.827,0.758,0.9993,5.1,53.7,0.0
3113602,Careaçu,MG,65,GEV,655.09,0.1668,11.827,0.758,0.9991,5.5,57.8,0.0
3117801,Conceição dos Ouros,MG,65,GEV,627.29,0.1589,11.827,0.758,0.9992,5.08,55.1,0.0
3117900,Congonhal,MG,65,Weibull,673.54,0.1567,11.827,0.758,0.9987,5.36,57.3,0.0
3118502,Consolação,MG,65,Log-Normal,644.37,0.1472,11.827,0.758,0.999,4.93,54.1,0.0
3119906,Córrego do Bom Jesus,MG,65,Gama,675.45,0.1366,11.827,0.758,0.999,4.92,56.0,0.0
3124401,Espírito Santo do Dourado,MG,65,Gama,704.26,0.1691,11.827,0.758,0.9988,5.94,61.2,0.0
3124500,Estiva,MG,65,GEV,609.52,0.1577,11.827,0.758,0.9991,4.9,53.0,0.0
3125101,Extrema,MG,65,Weibull,688.22,0.1129,11.827,0.758,0.999,4.5,55.9,0.0
3129202,Heliodora,MG,65,GEV,671.34,0.1488,11.827,0.758,0.9989,5.17,56.3,0.0
3130606,Inconfidentes,MG,65,Weibull,619.67,0.1351,11.827,0.758,0.999,4.49,53.5,0.0
3131505,Ipuiúna,MG,65,GEV,666.52,0.1704,11.827,0.758,0.9992,5.7,60.1,0.0
3133600,Itapeva,MG,65,Gama,619.45,0.1413,11.827,0.758,0.9991,4.62,53.4,0.0
3134905,Jacutinga,MG,65,GEV,654.18,0.1804,11.827,0.758,0.9994,5.88,61.1,0.0
3143401,Monte Sião,MG,65,GEV,691.36,0.1462,11.827,0.758,0.9991,5.28,59.5,0.0
3143807,Munhoz,MG,65,Gumbel,620.06,0.1386,11.827,0.758,0.9992,4.58,53.8,0.0
3144409,Natércia,MG,65,GEV,671.34,0.1488,11.827,0.758,0.9989,5.17,56.3,0.0
3146008,Ouro Fino,MG,65,Gumbel,643.74,0.1351,11.827,0.758,0.9992,4.68,56.0,0.0
3152501,Pouso Alegre,MG,65,Weibull,659.25,0.1606,11.827,0.758,0.9987,5.34,56.3,0.0
3159605,Santa Rita do Sapucaí,MG,65,Log-Normal,618.6,0.1744,11.827,0.758,0.9991,5.37,55.2,0.0
3162302,São João da Mata,MG,65,Gama,713.3,0.1728,11.827,0.758,0.9988,6.12,62.3,0.0
3164407,São Sebastião da Bela Vista,MG,65,Weibull,660.63,0.1749,11.827,0.758,0.9987,5.72,57.8,0.0
3165578,Senador Amaral,MG,65,Gumbel,600.73,0.1493,11.827,0.758,0.9991,4.65,51.9,0.0
3165800,Senador José Bento,MG,65,Gama,657.62,0.134,11.827,0.758,0.9991,4.74,55.8,0.0
3167400,Silvianópolis,MG,65,GEV,637.43,0.1923,11.827,0.758,0.9992,6.03,59.0,0.0
3169059,Tocos do Moji,MG,65,GEV,615.17,0.1584,11.827,0.758,0.9992,4.97,54.1,0.0
3169109,Toledo,MG,65,GEV,632.9,0.1559,11.827,0.758,0.9992,5.06,55.7,0.0
3169802,Turvolândia,MG,65,Weibull,745.28,0.1569,11.827,0.758,0.9987,5.94,62.9,0.0
3102605,Andradas,MG,65,Gumbel,653.8,0.1358,11.827,0.758,0.9992,4.77,56.6,0.0
3105301,Bandeira do Sul,MG,65,Gumbel,701.98,0.1476,11.827,0.758,0.9991,5.4,61.1,0.0
3108404,Botelhos,MG,65,GEV,616.4,0.1926,11.827,0.758,0.9994,5.86,58.4,0.0
3110301,Caldas,MG,65,Gama,685.91,0.145,11.827,0.758,0.9989,5.19,57.6,0.0
3111002,Campestre,MG,65,Gumbel,662.8,0.1549,11.827,0.758,0.9991,5.26,57.5,0.0
3129905,Ibitiúra de Minas,MG,65,Weibull,631.71,0.1377,11.827,0.758,0.999,4.63,54.5,0.0
3151800,Poços de Caldas,MG,65,GEV,727.12,0.1386,11.827,0.758,0.9991,5.35,61.4,0.0
3159209,Santa Rita de Caldas,MG,65,Weibull,656.01,0.1559,11.827,0.758,0.9988,5.21,56.0,0.0
3165305,São Vicente de Minas,MG,65,GEV,625.87,0.1513,11.827,0.758,0.9991,4.89,54.1,0.0
3101300,Alagoa,MG,65,Gumbel,771.1,0.1589,11.827,0.758,0.999,6.23,66.3,0.0
3114105,Carmo de Minas,MG,65,Gumbel,698.43,0.167,11.827,0.758,0.999,5.85,60.2,0.0
3117702,Conceição do Rio Verde,MG,65,Gama,717.81,0.161,11.827,0.758,0.9988,5.84,61.1,0.0
3120508,Cristina,MG,65,Gama,681.21,0.1599,11.827,0.758,0.9989,5.51,58.2,0.0
3122801,Dom Viçoso,MG,65,GEV,733.75,0.1788,11.827,0.758,0.9991,6.5,65.1,0.0
3133006,Itamonte,MG,65,Gumbel,735.06,0.159,11.827,0.758,0.999,5.94,63.3,0.0
3133105,Itanhandu,MG,65,GEV,748.27,0.1881,11.827,0.758,0.9991,6.92,67.0,0.0
3135902,Jesuânia,MG,65,Log-Normal,694.18,0.1223,11.827,0.758,0.999,4.74,55.5,0.0
3137809,Lambari,MG,65,Log-Normal,708.38,0.1176,11.827,0.758,0.999,4.73,56.4,0.0
3145505,Olímpio Noronha,MG,65,GEV,624.22,0.2053,11.827,0.758,0.9992,6.26,57.7,0.0
3147600,Passa Quatro,MG,65,Gumbel,725.99,0.1739,11.827,0.758,0.9989,6.27,62.5,0.0
3152600,Pouso Alto,MG,65,GEV,757.7,0.1622,11.827,0.758,0.999,6.21,65.0,0.0
3163706,São Lourenço,MG,65,GEV,720.32,0.187,11.827,0.758,0.9991,6.63,65.0,0.0
3164902,São Sebastião do Rio Verde,MG,65,Gumbel,767.42,0.1583,11.827,0.758,0.999,6.18,66.2,0.0
3167806,Soledade de Minas,MG,65,GEV,723.7,0.166,11.827,0.758,0.9991,6.05,63.4,0.0
3171709,Virgínia,MG,65,Log-Normal,694.12,0.2004,11.827,0.758,0.999,6.78,63.1,0.0
3132909,Itamogi,MG,65,GEV,641.81,0.1572,11.827,0.758,0.9991,5.15,56.1,0.0
3134806,Jacuí,MG,65,GEV,614.73,0.1627,11.827,0.758,0.9993,5.09,56.2,0.0
3143203,Monte Santo de Minas,MG,65,Weibull,622.08,0.1704,11.827,0.758,0.9988,5.28,55.2,0.0
3164704,São Sebastião do Paraíso,MG,65,Log-Normal,619.49,0.1613,11.827,0.758,0.9992,5.08,55.3,0.0
3165107,São Tomás de Aquino,MG,65,GEV,606.69,0.1781,11.827,0.758,0.9992,5.37,55.1,0.0
3110707,Cambuquira,MG,65,Log-Normal,693.11,0.118,11.827,0.758,0.999,4.64,55.9,0.0
3110905,Campanha,MG,65,Weibull,672.38,0.145,11.827,0.758,0.9989,5.08,55.8,0.0
3113909,Carmo da Cachoeira,MG,65,Log-Normal,664.24,0.1342,11.827,0.758,0.999,4.79,55.1,0.0
3160801,São Bento Abade,MG,65,Gama,666.03,0.1273,11.827,0.758,0.999,4.65,55.2,0.0
3165206,São Tomé das Letras,MG,65,Log-Normal,663.45,0.1357,11.827,0.758,0.9991,4.82,55.2,0.0
3169307,Três Corações,MG,65,Log-Normal,636.13,0.1496,11.827,0.758,0.9991,4.93,54.1,0.0
3107109,Boa Esperança,MG,65,Gumbel,598.05,0.1629,11.827,0.758,0.999,4.92,51.3,0.0
3118700,Coqueiral,MG,65,Log-Normal,675.31,0.122,11.827,0.758,0.9991,4.61,55.6,0.0
3130507,Ilicínea,MG,65,Weibull,596.24,0.1638,11.827,0.758,0.9988,4.91,51.3,0.0
3158300,Santana da Vargem,MG,65,GEV,607.3,0.1567,11.827,0.758,0.9991,4.87,53.0,0.0
3169406,Três Pontas,MG,65,Log-Normal,655.45,0.1223,11.827,0.758,0.9991,4.48,53.8,0.0
3119005,Cordislândia,MG,65,GEV,640.32,0.1826,11.827,0.758,0.9992,5.79,58.6,0.0
3123601,Elói Mendes,MG,65,Log-Normal,667.71,0.1382,11.827,0.758,0.9991,4.91,56.5,0.0
3142601,Monsenhor Paulo,MG,65,GEV,660.94,0.1504,11.827,0.758,0.999,5.13,55.8,0.0
3162005,São Gonçalo do Sapucaí,MG,65,Gumbel,653.32,0.1521,11.827,0.758,0.9991,5.12,56.5,0.0
3170701,Varginha,MG,65,GEV,640.22,0.1246,11.827,0.758,0.9991,4.43,53.8,0.0
3104007,Araxá,MG,65,Log-Normal,658.76,0.0979,11.827,0.758,0.9993,4.04,55.1,0.0
3111507,Campos Altos,MG,65,Gumbel,637.88,0.1474,11.827,0.758,0.9991,4.9,55.1,0.0
3129509,Ibiá,MG,65,Weibull,681.25,0.1226,11.827,0.758,0.9989,4.65,55.8,0.0
3149200,Pedrinópolis,MG,65,Weibull,634.53,0.1266,11.827,0.758,0.9989,4.41,52.0,0.0
3149804,Perdizes,MG,65,Log-Normal,674.98,0.1184,11.827,0.758,0.9992,4.54,56.6,0.0
3153004,Pratinha,MG,65,Log-Normal,666.41,0.1313,11.827,0.758,0.9991,4.75,55.8,0.0
3159704,Santa Rosa da Serra,MG,65,Log-Normal,682.19,0.1023,11.827,0.758,0.9992,4.26,55.9,0.0
3168101,Tapira,MG,65,Gumbel,640.83,0.1399,11.827,0.758,0.9992,4.76,55.3,0.0
3116902,Comendador Gomes,MG,65,GEV,671.25,0.1476,11.827,0.758,0.999,5.15,56.7,0.0
3127008,Fronteira,MG,65,GEV,781.0,0.1157,11.827,0.758,0.9988,5.16,61.9,0.0
3127107,Frutal,MG,65,Weibull,790.75,0.1319,11.827,0.758,0.9988,5.62,63.7,0.0
3133402,Itapagipe,MG,65,Weibull,708.56,0.1129,11.827,0.758,0.999,4.63,56.8,0.0
3150703,Pirajuba,MG,65,GEV,655.93,0.1936,11.827,0.758,0.9992,6.24,60.5,0.0
3151602,Planura,MG,65,Weibull,767.68,0.1491,11.827,0.758,0.9988,5.91,64.4,0.0
3109808,Cachoeira Dourada,MG,65,GEV,551.95,0.2494,11.827,0.758,0.9995,6.84,57.0,0.0
3112604,Capinópolis,MG,65,GEV,647.19,0.1379,11.827,0.758,0.9991,4.75,54.6,0.0
3129103,Gurinhatã,MG,65,Weibull,625.76,0.1242,11.827,0.758,0.999,4.31,52.0,0.0
3131406,Ipiaçu,MG,65,Weibull,651.81,0.1012,11.827,0.758,0.999,4.04,51.7,0.0
3134202,Ituiutaba,MG,65,Gama,629.87,0.1285,11.827,0.758,0.9991,4.43,53.5,0.0
3159803,Santa Vitória,MG,65,Gama,569.23,0.1519,11.827,0.758,0.999,4.45,49.5,0.0
3114550,Carneirinho,MG,65,Gama,662.96,0.1155,11.827,0.758,0.9991,4.39,54.6,0.0
3134400,Iturama,MG,65,Log-Normal,647.55,0.1607,11.827,0.758,0.9992,5.3,58.0,0.0
3138625,Limeira do Oeste,MG,65,Gama,618.59,0.1164,11.827,0.758,0.9992,4.12,52.2,0.0
3161304,São Francisco de Sales,MG,65,Weibull,691.01,0.1343,11.827,0.758,0.9988,4.97,56.7,0.0
3170438,União de Minas,MG,65,Log-Normal,621.4,0.1756,11.827,0.758,0.9992,5.44,57.1,0.0
3100104,Abadia dos Dourados,MG,65,Gumbel,601.75,0.1444,11.827,0.758,0.9992,4.56,52.1,0.0
3123502,Douradoquara,MG,65,Weibull,663.34,0.1323,11.827,0.758,0.999,4.74,56.0,0.0
3124807,Estrela do Sul,MG,65,Weibull,718.73,0.1226,11.827,0.758,0.9989,4.91,59.0,0.0
3127909,Grupiara,MG,65,Gumbel,668.81,0.1327,11.827,0.758,0.9992,4.81,57.9,0.0
3131604,Iraí de Minas,MG,65,GEV,609.92,0.138,11.827,0.758,0.9991,4.48,51.6,0.0
3143104,Monte Carmelo,MG,65,Gumbel,650.49,0.1469,11.827,0.758,0.9991,4.98,56.1,0.0
3156403,Romaria,MG,65,GEV,633.31,0.1379,11.827,0.758,0.9991,4.65,53.9,0.0
3103801,Arapuá,MG,65,Log-Normal,613.25,0.1751,11.827,0.758,0.9991,5.35,54.8,0.0
3114303,Carmo do Paranaíba,MG,65,Weibull,638.82,0.1622,11.827,0.758,0.9987,5.21,54.7,0.0
3137502,Lagoa Formosa,MG,65,GEV,597.87,0.1896,11.827,0.758,0.9993,5.59,55.5,0.0
3141207,Matutina,MG,65,Weibull,659.33,0.1351,11.827,0.758,0.999,4.77,55.8,0.0
3148004,Patos de Minas,MG,65,GEV,645.07,0.1824,11.827,0.758,0.9992,5.82,58.5,0.0
3155504,Rio Paranaíba,MG,65,Gumbel,612.86,0.1526,11.827,0.758,0.9991,4.82,53.0,0.0
3162104,São Gotardo,MG,65,Gumbel,645.09,0.1484,11.827,0.758,0.9991,4.98,55.8,0.0
3168903,Tiros,MG,65,Weibull,661.44,0.1439,11.827,0.758,0.9989,4.98,56.8,0.0
3119302,Coromandel,MG,65,Weibull,679.1,0.1515,11.827,0.758,0.9988,5.28,57.6,0.0
3120706,Cruzeiro da Fortaleza,MG,65,GEV,681.37,0.1164,11.827,0.758,0.9991,4.53,56.4,0.0
3128907,Guimarânia,MG,65,GEV,662.56,0.1409,11.827,0.758,0.9992,4.94,57.1,0.0
3148103,Patrocínio,MG,65,Normal,685.86,0.0862,11.827,0.758,0.9991,3.98,53.6,0.0
3166808,Serra do Salitre,MG,65,GEV,637.36,0.1285,11.827,0.758,0.9991,4.48,53.4,0.0
3100708,Água Comprida,MG,65,GEV,638.73,0.2246,11.827,0.758,0.9994,7.04,63.3,0.0
3111408,Campo Florido,MG,65,Gama,689.02,0.1574,11.827,0.758,0.9989,5.52,59.2,0.0
3117306,Conceição das Alagoas,MG,65,Gama,691.72,0.1417,11.827,0.758,0.999,5.16,58.5,0.0
3118205,Conquista,MG,65,Gumbel,743.28,0.1541,11.827,0.758,0.9991,5.88,64.6,0.0
3121258,Delta,MG,65,Weibull,812.79,0.1507,11.827,0.758,0.9986,6.29,66.7,0.0
3145000,Nova Ponte,MG,65,Weibull,576.94,0.1358,11.827,0.758,0.9989,4.18,48.3,0.0
3156908,Sacramento,MG,65,GEV,636.9,0.2376,11.827,0.758,0.9994,7.46,64.2,0.0
3157708,Santa Juliana,MG,65,Gumbel,600.08,0.137,11.827,0.758,0.9992,4.4,52.4,0.0
3170107,Uberaba,MG,65,Gumbel,667.16,0.1427,11.827,0.758,0.9992,5.02,58.0,0.0
3171105,Veríssimo,MG,65,Log-Normal,609.83,0.1523,11.827,0.758,0.9993,4.81,55.0,0.0
3103504,Araguari,MG,65,Gumbel,672.96,0.1513,11.827,0.758,0.9991,5.26,58.0,0.0
3103751,Araporã,MG,65,Gumbel,658.72,0.1613,11.827,0.758,0.999,5.38,56.7,0.0
3111101,Campina Verde,MG,65,Weibull,635.62,0.1277,11.827,0.758,0.999,4.45,53.9,0.0
3111804,Canápolis,MG,65,Gama,671.05,0.1188,11.827,0.758,0.9991,4.51,54.8,0.0
3115003,Cascalho Rico,MG,65,GEV,648.02,0.156,11.827,0.758,0.9993,5.2,58.7,0.0
3115805,Centralina,MG,65,GEV,718.69,0.1226,11.827,0.758,0.999,4.91,58.7,0.0
3130705,Indianópolis,MG,65,GEV,630.6,0.1084,11.827,0.758,0.9992,4.05,52.9,0.0
3142809,Monte Alegre de Minas,MG,65,Weibull,717.92,0.1173,11.827,0.758,0.9989,4.78,57.2,0.0
3152808,Prata,MG,65,Gumbel,609.8,0.1501,11.827,0.758,0.9991,4.74,52.3,0.0
3169604,Tupaciguara,MG,65,Gumbel,666.94,0.1535,11.827,0.758,0.9991,5.26,57.5,0.0
3170206,Uberlândia,MG,65,GEV,628.59,0.1463,11.827,0.758,0.9992,4.8,54.5,0.0
3104700,Ataléia,MG,65,Gama,688.38,0.1172,11.827,0.758,0.999,4.59,55.2,0.0
3113701,Carlos Chagas,MG,65,Gumbel,617.06,0.1421,11.827,0.758,0.9992,4.63,53.6,0.0
3115458,Catuji,MG,65,Weibull,618.76,0.1403,11.827,0.758,0.9988,4.57,51.4,0.0
3126752,Franciscópolis,MG,65,Gama,637.16,0.1319,11.827,0.758,0.9991,4.55,53.6,0.0
3126802,Frei Gaspar,MG,65,GEV,573.31,0.1842,11.827,0.758,0.9993,5.23,53.0,0.0
3132305,Itaipé,MG,65,Gumbel,589.47,0.1424,11.827,0.758,0.9992,4.43,51.0,0.0
3137007,Ladainha,MG,65,Gumbel,603.24,0.1465,11.827,0.758,0.9992,4.61,52.2,0.0
3139201,Malacacheta,MG,65,Gumbel,623.64,0.1537,11.827,0.758,0.9991,4.92,54.3,0.0
3144300,Nanuque,MG,65,Gama,610.55,0.1511,11.827,0.758,0.999,4.76,52.7,0.0
3145356,Novo Oriente de Minas,MG,65,Gama,569.91,0.1579,11.827,0.758,0.9989,4.57,48.7,0.0
3146206,Ouro Verde de Minas,MG,65,Log-Normal,642.27,0.1598,11.827,0.758,0.9991,5.22,55.8,0.0
3148509,Pavão,MG,65,GEV,557.3,0.2006,11.827,0.758,0.9993,5.49,52.8,0.0
3152402,Poté,MG,65,GEV,599.24,0.1424,11.827,0.758,0.9992,4.5,51.7,0.0
3165552,Setubinha,MG,65,GEV,573.14,0.1973,11.827,0.758,0.9994,5.57,54.6,0.0
3166709,Serra dos Aimorés,MG,65,Weibull,620.12,0.138,11.827,0.758,0.9988,4.54,51.2,0.0
3168606,Teófilo Otoni,MG,65,Weibull,651.56,0.1415,11.827,0.758,0.9987,4.84,53.5,0.0
3100906,Águas Formosas,MG,65,Log-Normal,584.95,0.1244,11.827,0.758,0.9991,4.04,48.5,0.0
3106606,Bertópolis,MG,65,Gumbel,586.94,0.1488,11.827,0.758,0.9991,4.53,50.7,0.0
3120151,Crisólita,MG,65,Log-Normal,581.68,0.1549,11.827,0.758,0.9991,4.62,50.4,0.0
3127057,Fronteira dos Vales,MG,65,Weibull,618.06,0.1154,11.827,0.758,0.9989,4.08,49.4,0.0
3138906,Machacalis,MG,65,Gumbel,585.79,0.1521,11.827,0.758,0.9991,4.59,50.6,0.0
3157658,Santa Helena de Minas,MG,65,Gumbel,588.44,0.1475,11.827,0.758,0.9991,4.52,50.8,0.0
3170305,Umburatiba,MG,65,Weibull,647.46,0.1002,11.827,0.758,0.999,3.99,51.0,0.0
3101102,Aimorés,MG,65,Weibull,719.43,0.1143,11.827,0.758,0.9989,4.73,57.5,0.0
3120839,Cuparaque,MG,65,GEV,639.42,0.1185,11.827,0.758,0.999,4.29,52.3,0.0
3134103,Itueta,MG,65,Log-Normal,735.94,0.1306,11.827,0.758,0.999,5.22,60.1,0.0
3154309,Resplendor,MG,65,Log-Normal,717.09,0.1133,11.827,0.758,0.999,4.7,57.2,0.0
3159506,Santa Rita do Itueto,MG,65,Log-Normal,742.79,0.1241,11.827,0.758,0.999,5.11,59.6,0.0
3100609,Água Boa,MG,65,Weibull,628.51,0.1587,11.827,0.758,0.9988,5.06,54.3,0.0
3102209,Alvarenga,MG,65,Gumbel,670.77,0.1589,11.827,0.758,0.999,5.42,57.5,0.0
3107802,Bom Jesus do Galho,MG,65,GEV,722.62,0.1538,11.827,0.758,0.9991,5.71,62.6,0.0
3113404,Caratinga,MG,65,GEV,682.32,0.1794,11.827,0.758,0.9991,6.06,60.6,0.0
3120003,Córrego Novo,MG,65,Gumbel,725.3,0.1608,11.827,0.758,0.999,5.91,62.2,0.0
3123858,Entre Folhas,MG,65,Weibull,739.01,0.1272,11.827,0.758,0.9988,5.15,59.5,0.0
3130556,Imbé de Minas,MG,65,Log-Normal,714.46,0.1711,11.827,0.758,0.999,6.1,62.2,0.0
3130903,Inhapim,MG,65,Gumbel,689.84,0.1539,11.827,0.758,0.9991,5.45,59.7,0.0
3150158,Piedade de Caratinga,MG,65,GEV,656.3,0.2317,11.827,0.758,0.9992,7.44,63.0,0.0
3157252,Santa Bárbara do Leste,MG,65,Log-Normal,689.44,0.1724,11.827,0.758,0.9991,5.93,60.8,0.0
3159357,Santa Rita de Minas,MG,65,Log-Normal,689.44,0.1724,11.827,0.758,0.9991,5.93,60.8,0.0
3160959,São Domingos das Dores,MG,65,GEV,696.4,0.1363,11.827,0.758,0.999,5.07,58.0,0.0
3164472,São Sebastião do Anta,MG,65,Gumbel,689.84,0.1539,11.827,0.758,0.9991,5.45,59.7,0.0
3170057,Ubaporanga,MG,65,Gumbel,696.44,0.1614,11.827,0.758,0.999,5.69,60.1,0.0
3170578,Vargem Alegre,MG,65,Gama,738.35,0.1362,11.827,0.758,0.9989,5.37,60.6,0.0
3101805,Alpercata,MG,65,Gumbel,663.3,0.1547,11.827,0.758,0.9991,5.26,57.2,0.0
3112653,Capitão Andrade,MG,65,Weibull,688.18,0.1445,11.827,0.758,0.9988,5.18,56.9,0.0
3118403,Conselheiro Pena,MG,65,Log-Normal,712.32,0.1024,11.827,0.758,0.999,4.44,55.6,0.0
3119203,Coroaci,MG,65,GEV,727.65,0.1139,11.827,0.758,0.9989,4.77,57.8,0.0
3122108,Divino das Laranjeiras,MG,65,Weibull,644.57,0.1224,11.827,0.758,0.9989,4.4,52.4,0.0
3123700,Engenheiro Caldas,MG,65,Log-Normal,663.18,0.1326,11.827,0.758,0.9991,4.75,55.6,0.0
3125804,Fernandes Tourinho,MG,65,Weibull,693.3,0.1291,11.827,0.758,0.9989,4.87,57.1,0.0
3126901,Frei Inocêncio,MG,65,Gumbel,666.76,0.1644,11.827,0.758,0.999,5.52,57.1,0.0
3127305,Galiléia,MG,65,Gumbel,627.82,0.1607,11.827,0.758,0.999,5.11,53.9,0.0
3127370,Goiabeira,MG,65,Weibull,651.41,0.096,11.827,0.758,0.999,3.94,51.4,0.0
3127503,Gonzaga,MG,65,Weibull,681.26,0.0995,11.827,0.758,0.9991,4.19,54.7,0.0
3127701,Governador Valadares,MG,65,Gama,740.69,0.1417,11.827,0.758,0.9989,5.52,60.9,0.0
3133204,Itanhomi,MG,65,GEV,646.39,0.157,11.827,0.758,0.9991,5.18,56.1,0.0
3135076,Jampruca,MG,65,Weibull,644.25,0.1332,11.827,0.758,0.9989,4.62,53.6,0.0
3140100,Marilac,MG,65,GEV,725.93,0.1198,11.827,0.758,0.9988,4.88,57.8,0.0
3144201,Nacip Raydan,MG,65,Gumbel,685.64,0.1668,11.827,0.758,0.999,5.74,58.6,0.0
3157500,Santa Efigênia de Minas,MG,65,Gama,655.32,0.1112,11.827,0.758,0.9992,4.26,54.7,0.0
3161601,São Geraldo da Piedade,MG,65,Gumbel,664.02,0.153,11.827,0.758,0.9991,5.23,56.8,0.0
3161650,São Geraldo do Baixio,MG,65,Log-Normal,632.64,0.1327,11.827,0.758,0.999,4.53,52.1,0.0
3163003,São José da Safira,MG,65,Gama,670.0,0.1471,11.827,0.758,0.9989,5.12,56.3,0.0
3165503,Sardoá,MG,65,Gama,655.32,0.1112,11.827,0.758,0.9992,4.26,54.7,0.0
3167707,Sobrália,MG,65,Log-Normal,694.8,0.1252,11.827,0.758,0.9991,4.81,57.3,0.0
3168408,Tarumirim,MG,65,Gama,642.49,0.1338,11.827,0.758,0.9991,4.63,54.6,0.0
3169505,Tumiritinga,MG,65,Weibull,682.85,0.1519,11.827,0.758,0.9988,5.32,57.5,0.0
3171501,Mathias Lobato,MG,65,GEV,748.39,0.1176,11.827,0.758,0.9989,4.99,59.9,0.0
3171907,Virgolândia,MG,65,Weibull,647.58,0.1587,11.827,0.758,0.9989,5.21,56.4,0.0
3112059,Cantagalo,MG,65,Gama,653.86,0.1264,11.827,0.758,0.9991,4.55,54.2,0.0
3116803,Coluna,MG,65,GEV,593.18,0.1478,11.827,0.758,0.9992,4.57,51.6,0.0
3122207,Divinolândia de Minas,MG,65,Weibull,647.82,0.1153,11.827,0.758,0.9991,4.29,54.5,0.0
3123106,Dores de Guanhães,MG,65,GEV,671.23,0.1674,11.827,0.758,0.9993,5.67,60.7,0.0
3126950,Frei Lagonegro,MG,65,Gumbel,603.19,0.1387,11.827,0.758,0.9992,4.46,52.2,0.0
3128006,Guanhães,MG,65,Log-Normal,674.56,0.122,11.827,0.758,0.9992,4.61,56.5,0.0
3136553,José Raydan,MG,65,Weibull,629.69,0.1501,11.827,0.758,0.9988,4.87,53.5,0.0
3140605,Materlândia,MG,65,GEV,650.28,0.1291,11.827,0.758,0.9991,4.58,54.4,0.0
3148400,Paulistas,MG,65,Gumbel,613.5,0.1404,11.827,0.758,0.9992,4.57,53.3,0.0
3148608,Peçanha,MG,65,Gama,663.73,0.1286,11.827,0.758,0.999,4.67,55.1,0.0
3156809,Sabinópolis,MG,65,Log-Normal,665.22,0.1325,11.827,0.758,0.9991,4.77,55.8,0.0
3158201,Santa Maria do Suaçuí,MG,65,Log-Normal,618.59,0.157,11.827,0.758,0.9991,4.96,54.3,0.0
3162807,São João Evangelista,MG,65,Log-Normal,620.78,0.1396,11.827,0.758,0.9991,4.6,53.0,0.0
3163508,São José do Jacuri,MG,65,GEV,610.2,0.1392,11.827,0.758,0.9992,4.52,52.8,0.0
3164100,São Pedro do Suaçuí,MG,65,Gumbel,608.84,0.1426,11.827,0.758,0.9992,4.58,52.8,0.0
3164506,São Sebastião do Maranhão,MG,65,Weibull,634.87,0.1412,11.827,0.758,0.999,4.72,54.0,0.0
3166105,Senhora do Porto,MG,65,GEV,736.05,0.0919,11.827,0.758,0.9991,4.37,59.2,0.0
3171808,Virginópolis,MG,65,Log-Normal,660.08,0.1091,11.827,0.758,0.9992,4.26,54.8,0.0
3100500,Açucena,MG,65,Gumbel,668.79,0.1552,11.827,0.758,0.9991,5.32,57.4,0.0
3103009,Antônio Dias,MG,65,Gumbel,686.41,0.1506,11.827,0.758,0.9991,5.35,58.8,0.0
3106309,Belo Oriente,MG,65,Weibull,810.03,0.0988,11.827,0.758,0.999,4.96,62.5,0.0
3108800,Braúnas,MG,65,Gumbel,660.92,0.1593,11.827,0.758,0.999,5.35,56.4,0.0
3109253,Bugre,MG,65,Gumbel,728.29,0.1633,11.827,0.758,0.999,6.0,62.2,0.0
3119401,Coronel Fabriciano,MG,65,Log-Normal,770.1,0.0996,11.827,0.758,0.9992,4.75,62.1,0.0
3122504,Dom Cavati,MG,65,GEV,655.7,0.1508,11.827,0.758,0.9991,5.11,56.8,0.0
3129301,Iapu,MG,65,Weibull,759.23,0.1186,11.827,0.758,0.999,5.09,61.5,0.0
3131158,Ipaba,MG,65,Gumbel,716.71,0.161,11.827,0.758,0.999,5.84,61.4,0.0
3131307,Ipatinga,MG,65,Gama,786.46,0.1129,11.827,0.758,0.9991,5.15,63.6,0.0
3135001,Jaguaraçu,MG,65,Log-Normal,787.21,0.1062,11.827,0.758,0.9991,5.0,62.9,0.0
3136108,Joanésia,MG,65,Log-Normal,782.57,0.0949,11.827,0.758,0.9991,4.72,61.1,0.0
3140308,Marliéria,MG,65,Log-Normal,762.33,0.1164,11.827,0.758,0.999,5.06,60.5,0.0
3141702,Mesquita,MG,65,GEV,765.96,0.1142,11.827,0.758,0.999,5.03,61.9,0.0
3144359,Naque,MG,65,Gumbel,728.11,0.162,11.827,0.758,0.999,5.97,62.2,0.0
3149952,Periquito,MG,65,Weibull,702.13,0.1212,11.827,0.758,0.999,4.77,57.3,0.0
3150539,Pingo-d'Água,MG,65,Weibull,763.25,0.1325,11.827,0.758,0.9989,5.45,62.9,0.0
3158953,Santana do Paraíso,MG,65,Weibull,833.24,0.1,11.827,0.758,0.9989,5.13,64.2,0.0
3162609,São João do Oriente,MG,65,Log-Normal,707.08,0.1225,11.827,0.758,0.9991,4.84,58.3,0.0
3168705,Timóteo,MG,65,Normal,782.6,0.0941,11.827,0.758,0.9991,4.7,60.6,0.0
3113800,Carmésia,MG,65,Normal,767.86,0.0775,11.827,0.758,0.9992,4.28,60.7,0.0
3117405,Conceição de Ipanema,MG,65,Gumbel,655.18,0.1667,11.827,0.758,0.999,5.48,56.1,0.0
3131208,Ipanema,MG,65,GEV,726.37,0.1666,11.827,0.758,0.999,6.08,62.8,0.0
3144003,Mutum,MG,65,GEV,623.69,0.1313,11.827,0.758,0.9989,4.43,51.0,0.0
3151909,Pocrane,MG,65,Gama,773.95,0.1085,11.827,0.758,0.999,4.96,60.9,0.0
3168051,Taparuba,MG,65,Gumbel,744.98,0.1719,11.827,0.758,0.9989,6.38,63.9,0.0
3115706,Central de Minas,MG,65,Weibull,647.77,0.1099,11.827,0.758,0.999,4.18,52.1,0.0
3131802,Itabirinha,MG,65,Weibull,642.31,0.1129,11.827,0.758,0.999,4.2,52.1,0.0
3139607,Mantena,MG,65,GEV,689.01,0.1108,11.827,0.758,0.9989,4.45,55.1,0.0
3141504,Mendes Pimentel,MG,65,GEV,619.48,0.1066,11.827,0.758,0.9991,3.94,50.8,0.0
3144672,Nova Belém,MG,65,Gumbel,663.6,0.1588,11.827,0.758,0.999,5.36,57.1,0.0
3161056,São Félix de Minas,MG,65,Weibull,603.09,0.1253,11.827,0.758,0.9989,4.17,49.7,0.0
3162575,São João do Manteninha,MG,65,Gumbel,630.75,0.1475,11.827,0.758,0.9991,4.85,54.3,0.0
3110806,Campanário,MG,65,Weibull,659.65,0.1106,11.827,0.758,0.999,4.27,53.3,0.0
3132701,Itambacuri,MG,65,Weibull,653.82,0.1185,11.827,0.758,0.999,4.38,53.5,0.0
3144904,Nova Módica,MG,65,Weibull,641.57,0.0962,11.827,0.758,0.9991,3.89,50.9,0.0
3150000,Pescador,MG,65,Weibull,633.12,0.0962,11.827,0.758,0.999,3.84,49.9,0.0
3163300,São José do Divino,MG,65,Log-Normal,636.53,0.1043,11.827,0.758,0.9991,4.01,51.3,0.0
3101508,Além Paraíba,MG,65,Log-Normal,635.67,0.1007,11.827,0.758,0.9992,3.95,52.4,0.0
3124609,Estrela Dalva,MG,65,Gama,624.43,0.1282,11.827,0.758,0.9991,4.39,53.0,0.0
3151107,Pirapetinga,MG,65,GEV,680.88,0.1224,11.827,0.758,0.9992,4.66,57.6,0.0
3160009,Santo Antônio do Aventureiro,MG,65,GEV,603.04,0.0973,11.827,0.758,0.9991,3.67,48.6,0.0
3172103,Volta Grande,MG,65,GEV,630.67,0.1173,11.827,0.758,0.9992,4.22,53.6,0.0
3102100,Alto Rio Doce,MG,65,Log-Normal,696.26,0.1095,11.827,0.758,0.9992,4.49,57.0,0.0
3116308,Cipotânea,MG,65,Weibull,691.18,0.1152,11.827,0.758,0.999,4.57,56.4,0.0
3159407,Santa Rita de Ibitipoca,MG,65,Gumbel,646.24,0.1424,11.827,0.758,0.9992,4.85,55.9,0.0
3110103,Caiana,MG,65,Weibull,661.14,0.1104,11.827,0.758,0.9991,4.28,55.1,0.0
3113305,Carangola,MG,65,Weibull,663.09,0.144,11.827,0.758,0.9989,4.99,57.0,0.0
3122009,Divino,MG,65,GEV,714.57,0.0885,11.827,0.758,0.999,4.18,56.6,0.0
3124203,Espera Feliz,MG,65,Weibull,715.51,0.0981,11.827,0.758,0.9991,4.38,57.8,0.0
3125309,Faria Lemos,MG,65,Weibull,687.76,0.097,11.827,0.758,0.9991,4.19,55.4,0.0
3145877,Orizânia,MG,65,GEV,660.07,0.1257,11.827,0.758,0.999,4.58,54.6,0.0
3148756,Pedra Bonita,MG,65,Gumbel,646.19,0.158,11.827,0.758,0.9991,5.2,55.6,0.0
3149002,Pedra Dourada,MG,65,Weibull,695.88,0.0999,11.827,0.758,0.9991,4.29,56.0,0.0
3169208,Tombos,MG,65,Weibull,687.76,0.097,11.827,0.758,0.9991,4.19,55.4,0.0
3154002,Raul Soares,MG,65,Gama,731.42,0.1577,11.827,0.758,0.9988,5.85,61.2,0.0
3171154,Vermelho Novo,MG,65,Log-Normal,711.02,0.1517,11.827,0.758,0.9989,5.55,58.8,0.0
3104403,Argirita,MG,65,Gumbel,704.91,0.1549,11.827,0.758,0.9991,5.6,60.6,0.0
3104601,Astolfo Dutra,MG,65,Gumbel,715.87,0.1535,11.827,0.758,0.9991,5.65,61.7,0.0
3115300,Cataguases,MG,65,Normal,800.3,0.0826,11.827,0.758,0.9992,4.57,62.9,0.0
3122900,Dona Euzébia,MG,65,Gumbel,715.87,0.1535,11.827,0.758,0.9991,5.65,61.7,0.0
3132602,Itamarati de Minas,MG,65,Gumbel,713.28,0.1521,11.827,0.758,0.9991,5.59,61.4,0.0
3138005,Laranjal,MG,65,Gama,769.77,0.1122,11.827,0.758,0.9991,5.03,63.6,0.0
3138401,Leopoldina,MG,65,Gumbel,667.21,0.1382,11.827,0.758,0.9992,4.92,57.6,0.0
3146701,Palma,MG,65,Weibull,788.66,0.1126,11.827,0.758,0.999,5.15,64.4,0.0
3154101,Recreio,MG,65,GEV,735.49,0.1251,11.827,0.758,0.9993,5.11,63.8,0.0
3158409,Santana de Cataguases,MG,65,Log-Normal,745.5,0.1162,11.827,0.758,0.9992,4.96,62.3,0.0
3137908,Lamim,MG,65,Log-Normal,700.37,0.1207,11.827,0.758,0.9991,4.75,57.1,0.0
3150802,Piranga,MG,65,Gama,698.62,0.149,11.827,0.758,0.9989,5.39,59.4,0.0
3155207,Rio Espera,MG,65,Weibull,694.83,0.1269,11.827,0.758,0.9989,4.84,56.9,0.0
3166006,Senhora de Oliveira,MG,65,Weibull,691.18,0.1152,11.827,0.758,0.999,4.57,56.4,0.0
3103306,Aracitaba,MG,65,Gama,771.37,0.1381,11.827,0.758,0.999,5.66,64.3,0.0
3106101,Belmiro Braga,MG,65,Gama,634.96,0.1449,11.827,0.758,0.9989,4.8,53.0,0.0
3106804,Bias Fortes,MG,65,GEV,705.23,0.0752,11.827,0.758,0.9991,3.88,54.8,0.0
3115904,Chácara,MG,65,Log-Normal,679.12,0.1602,11.827,0.758,0.9992,5.54,61.0,0.0
3116209,Chiador,MG,65,GEV,564.89,0.1806,11.827,0.758,0.9992,5.06,51.5,0.0
3119609,Coronel Pacheco,MG,65,Weibull,782.15,0.1035,11.827,0.758,0.999,4.9,63.0,0.0
3125002,Ewbank da Câmara,MG,65,Normal,790.39,0.0897,11.827,0.758,0.9991,4.65,61.5,0.0
3127388,Goianá,MG,65,Gama,701.67,0.1423,11.827,0.758,0.9991,5.26,60.7,0.0
3136702,Juiz de Fora,MG,65,Gama,677.11,0.1257,11.827,0.758,0.9991,4.7,56.6,0.0
3138609,Lima Duarte,MG,65,Gama,658.86,0.1228,11.827,0.758,0.9991,4.52,55.3,0.0
3140803,Matias Barbosa,MG,65,Gama,689.69,0.1155,11.827,0.758,0.9991,4.57,56.2,0.0
3145406,Olaria,MG,65,Gama,651.01,0.1241,11.827,0.758,0.9991,4.49,55.1,0.0
3145703,Oliveira Fortes,MG,65,GEV,758.34,0.1085,11.827,0.758,0.9991,4.86,62.1,0.0
3146602,Paiva,MG,65,Log-Normal,744.85,0.1208,11.827,0.758,0.9991,5.06,61.9,0.0
3149408,Pedro Teixeira,MG,65,Gama,657.45,0.098,11.827,0.758,0.9992,4.03,53.5,0.0
3150109,Piau,MG,65,Gumbel,739.24,0.1533,11.827,0.758,0.9991,5.83,63.6,0.0
3155405,Rio Novo,MG,65,Log-Normal,776.44,0.1199,11.827,0.758,0.9991,5.25,63.6,0.0
3155900,Rio Preto,MG,65,GEV,690.13,0.1244,11.827,0.758,0.9991,4.77,58.1,0.0
3157278,Santa Bárbara do Monte Verde,MG,65,Normal,667.73,0.0811,11.827,0.758,0.9992,3.78,52.6,0.0
3158607,Santana do Deserto,MG,65,Weibull,650.86,0.1113,11.827,0.758,0.999,4.22,52.0,0.0
3159308,Santa Rita de Jacutinga,MG,65,Weibull,744.46,0.091,11.827,0.758,0.9991,4.41,58.9,0.0
3160702,Santos Dumont,MG,65,Gama,727.77,0.1442,11.827,0.758,0.999,5.49,61.4,0.0
3167509,Simão Pereira,MG,65,Gama,656.81,0.1334,11.827,0.758,0.999,4.71,54.0,0.0
3100302,Abre Campo,MG,65,GEV,666.15,0.1807,11.827,0.758,0.9992,5.97,60.7,0.0
3102050,Alto Caparaó,MG,65,Weibull,736.43,0.1043,11.827,0.758,0.999,4.63,59.5,0.0
3112109,Caparaó,MG,65,Weibull,681.85,0.118,11.827,0.758,0.999,4.56,55.8,0.0
3112901,Caputira,MG,65,GEV,687.12,0.1631,11.827,0.758,0.999,5.65,59.0,0.0
3116001,Chalé,MG,65,Gumbel,672.83,0.1594,11.827,0.758,0.999,5.45,57.7,0.0
3123528,Durandé,MG,65,GEV,610.38,0.1893,11.827,0.758,0.9993,5.7,56.7,0.0
3137700,Lajinha,MG,65,GEV,630.34,0.1764,11.827,0.758,0.9993,5.56,58.3,0.0
3138674,Luisburgo,MG,65,Gama,610.89,0.1542,11.827,0.758,0.9989,4.82,51.7,0.0
3139409,Manhuaçu,MG,65,GEV,695.42,0.1408,11.827,0.758,0.999,5.16,58.0,0.0
3139508,Manhumirim,MG,65,Gama,683.05,0.1472,11.827,0.758,0.9989,5.22,56.7,0.0
3140530,Martins Soares,MG,65,Weibull,697.77,0.1446,11.827,0.758,0.9987,5.26,57.6,0.0
3140902,Matipó,MG,65,GEV,695.29,0.1633,11.827,0.758,0.999,5.73,60.3,0.0
3153509,Alto Jequitibá,MG,65,Log-Normal,638.4,0.1367,11.827,0.758,0.9991,4.66,53.5,0.0
3154150,Reduto,MG,65,Gama,666.08,0.1503,11.827,0.758,0.9989,5.16,56.3,0.0
3157906,Santa Margarida,MG,65,Gumbel,635.07,0.1572,11.827,0.758,0.9991,5.09,54.8,0.0
3158904,Santana do Manhuaçu,MG,65,Weibull,659.19,0.1583,11.827,0.758,0.9988,5.29,56.4,0.0
3162559,São João do Manhuaçu,MG,65,Log-Normal,572.89,0.1925,11.827,0.758,0.999,5.4,51.7,0.0
3163607,São José do Mantimento,MG,65,Gama,667.14,0.1461,11.827,0.758,0.9989,5.07,56.3,0.0
3167608,Simonésia,MG,65,Weibull,697.67,0.1388,11.827,0.758,0.9989,5.13,58.0,0.0
3103108,Antônio Prado de Minas,MG,65,Gama,710.21,0.1114,11.827,0.758,0.9992,4.62,58.8,0.0
3105509,Barão do Monte Alto,MG,65,Weibull,799.26,0.1197,11.827,0.758,0.9989,5.38,65.2,0.0
3124906,Eugenópolis,MG,65,Gumbel,698.69,0.1388,11.827,0.758,0.9992,5.16,60.4,0.0
3125952,Fervedouro,MG,65,GEV,733.78,0.0961,11.827,0.758,0.999,4.44,58.0,0.0
3142106,Miradouro,MG,65,Weibull,783.88,0.0897,11.827,0.758,0.9991,4.61,61.5,0.0
3142205,Miraí,MG,65,Gumbel,727.48,0.1465,11.827,0.758,0.9992,5.56,62.9,0.0
3143906,Muriaé,MG,65,Gumbel,770.37,0.15,11.827,0.758,0.9991,5.98,66.2,0.0
3148202,Patrocínio do Muriaé,MG,65,Gama,792.12,0.1066,11.827,0.758,0.9991,5.04,64.3,0.0
3156452,Rosário da Limeira,MG,65,Gumbel,744.7,0.1503,11.827,0.758,0.9991,5.79,63.9,0.0
3161403,São Francisco do Glória,MG,65,Weibull,746.11,0.0885,11.827,0.758,0.9991,4.37,59.3,0.0
3164431,São Sebastião da Vargem Alegre,MG,65,GEV,710.0,0.1649,11.827,0.758,0.9991,5.9,62.4,0.0
3171402,Vieiras,MG,65,Weibull,746.11,0.0885,11.827,0.758,0.9991,4.37,59.3,0.0
3100401,Acaiaca,MG,65,Weibull,718.54,0.1494,11.827,0.758,0.9988,5.53,60.2,0.0
3102506,Amparo do Serra,MG,65,GEV,736.06,0.1174,11.827,0.758,0.999,4.91,60.1,0.0
3105707,Barra Longa,MG,65,Log-Normal,729.31,0.1282,11.827,0.758,0.999,5.12,59.7,0.0
3122702,Dom Silvério,MG,65,Weibull,744.92,0.1093,11.827,0.758,0.999,4.79,59.3,0.0
3128204,Guaraciaba,MG,65,Weibull,769.8,0.1169,11.827,0.758,0.9989,5.12,62.2,0.0
3135506,Jequeri,MG,65,GEV,675.26,0.1417,11.827,0.758,0.9991,5.04,57.3,0.0
3145851,Oratórios,MG,65,Log-Normal,703.77,0.1171,11.827,0.758,0.9991,4.7,57.3,0.0
3150208,Piedade de Ponte Nova,MG,65,Log-Normal,720.35,0.1338,11.827,0.758,0.999,5.18,58.9,0.0
3152105,Ponte Nova,MG,65,Weibull,733.31,0.1256,11.827,0.758,0.9989,5.07,59.4,0.0
3154903,Rio Casca,MG,65,Gama,733.56,0.1323,11.827,0.758,0.999,5.24,60.7,0.0
3155009,Rio Doce,MG,65,GEV,733.3,0.1285,11.827,0.758,0.9989,5.14,59.6,0.0
3157401,Santa Cruz do Escalvado,MG,65,Log-Normal,718.95,0.1158,11.827,0.758,0.999,4.77,57.8,0.0
3160108,Santo Antônio do Grama,MG,65,Gumbel,675.1,0.1646,11.827,0.758,0.999,5.59,57.7,0.0
3164001,São Pedro dos Ferros,MG,65,Gumbel,734.3,0.1598,11.827,0.758,0.999,5.96,63.2,0.0
3165560,Sem-Peixe,MG,65,Gumbel,691.67,0.1577,11.827,0.758,0.9991,5.56,59.5,0.0
3166303,Sericita,MG,65,Log-Normal,637.47,0.166,11.827,0.758,0.999,5.32,55.2,0.0
3170503,Urucânia,MG,65,Gumbel,662.96,0.1597,11.827,0.758,0.999,5.37,56.8,0.0
3106903,Bicas,MG,65,Weibull,733.31,0.093,11.827,0.758,0.9991,4.38,58.9,0.0
3121308,Descoberto,MG,65,Weibull,731.88,0.1315,11.827,0.758,0.9989,5.2,60.5,0.0
3128501,Guarará,MG,65,Gama,643.6,0.1211,11.827,0.758,0.9991,4.37,53.3,0.0
3139805,Mar de Espanha,MG,65,Log-Normal,581.24,0.1738,11.827,0.758,0.9991,5.04,52.0,0.0
3140209,Maripá de Minas,MG,65,Gumbel,661.0,0.1458,11.827,0.758,0.9992,5.04,57.1,0.0
3149507,Pequeri,MG,65,Weibull,693.14,0.1059,11.827,0.758,0.9991,4.39,56.5,0.0
3156205,Rochedo de Minas,MG,65,Weibull,684.22,0.1212,11.827,0.758,0.999,4.64,56.4,0.0
3162906,São João Nepomuceno,MG,65,Weibull,748.57,0.1203,11.827,0.758,0.9989,5.06,60.8,0.0
3165602,Senador Cortes,MG,65,Log-Normal,622.15,0.1165,11.827,0.758,0.9992,4.15,51.7,0.0
3108701,Brás Pires,MG,65,Gumbel,666.69,0.1451,11.827,0.758,0.9992,5.07,57.7,0.0
3121902,Divinésia,MG,65,Gama,698.69,0.1352,11.827,0.758,0.999,5.06,58.8,0.0
3123304,Dores do Turvo,MG,65,Gama,689.16,0.1239,11.827,0.758,0.9991,4.75,57.6,0.0
3128402,Guarani,MG,65,Gama,693.59,0.1318,11.827,0.758,0.999,4.95,57.9,0.0
3128808,Guidoval,MG,65,GEV,736.07,0.1114,11.827,0.758,0.999,4.78,59.9,0.0
3129004,Guiricema,MG,65,Gumbel,657.67,0.1457,11.827,0.758,0.9992,5.01,57.1,0.0
3141603,Mercês,MG,65,Weibull,748.91,0.1108,11.827,0.758,0.999,4.85,60.2,0.0
3151305,Piraúba,MG,65,Weibull,725.33,0.1125,11.827,0.758,0.999,4.73,58.3,0.0
3155801,Rio Pomba,MG,65,Weibull,729.96,0.118,11.827,0.758,0.9989,4.88,58.8,0.0
3156304,Rodeiro,MG,65,Weibull,733.45,0.1191,11.827,0.758,0.9989,4.93,59.6,0.0
3161502,São Geraldo,MG,65,Gumbel,703.51,0.1553,11.827,0.758,0.9991,5.59,60.7,0.0
3165701,Senador Firmino,MG,65,GEV,656.91,0.1455,11.827,0.758,0.9992,5.0,57.1,0.0
3167301,Silveirânia,MG,65,Weibull,693.69,0.1248,11.827,0.758,0.9989,4.78,56.8,0.0
3167905,Tabuleiro,MG,65,Gama,729.79,0.1468,11.827,0.758,0.9989,5.57,61.7,0.0
3169000,Tocantins,MG,65,Weibull,706.49,0.1305,11.827,0.758,0.9988,4.99,57.8,0.0
3169901,Ubá,MG,65,GEV,649.43,0.1355,11.827,0.758,0.9991,4.72,55.1,0.0
3172004,Visconde do Rio Branco,MG,65,Normal,733.65,0.0939,11.827,0.758,0.9991,4.4,56.8,0.0
3103702,Araponga,MG,65,Weibull,780.29,0.0826,11.827,0.758,0.9991,4.45,60.6,0.0
3110202,Cajuri,MG,65,Weibull,704.72,0.133,11.827,0.758,0.9989,5.05,59.4,0.0
3111705,Canaã,MG,65,Normal,762.45,0.0823,11.827,0.758,0.9992,4.34,59.9,0.0
3116704,Coimbra,MG,65,Gumbel,703.51,0.1553,11.827,0.758,0.9991,5.59,60.7,0.0
3124005,Ervália,MG,65,Normal,773.27,0.0877,11.827,0.758,0.9991,4.51,60.4,0.0
3148301,Paula Cândido,MG,65,Gama,703.49,0.1428,11.827,0.758,0.999,5.27,59.5,0.0
3148806,Pedra do Anta,MG,65,Log-Normal,713.34,0.1289,11.827,0.758,0.9991,5.03,59.9,0.0
3152303,Porto Firme,MG,65,Gama,725.64,0.1406,11.827,0.758,0.999,5.39,61.6,0.0
3153103,Presidente Bernardes,MG,65,GEV,656.91,0.1455,11.827,0.758,0.9992,5.0,57.1,0.0
3163805,São Miguel do Anta,MG,65,Log-Normal,678.97,0.1797,11.827,0.758,0.9992,6.05,61.8,0.0
3168507,Teixeiras,MG,65,Gumbel,716.47,0.1545,11.827,0.758,0.9991,5.68,61.7,0.0
3171303,Viçosa,MG,65,Log-Normal,709.43,0.1529,11.827,0.758,0.9991,5.59,61.7,0.0
5001508,Bandeirantes,MS,65,Weibull,610.15,0.1023,11.827,0.758,0.9991,3.8,49.5,0.0
5002605,Camapuã,MS,65,Gama,572.5,0.1241,11.827,0.758,0.9991,3.95,48.3,0.0
5002704,Campo Grande,MS,65,Weibull,592.49,0.17,11.827,0.758,0.9988,5.02,52.2,0.0
5003108,Corguinho,MS,65,Gumbel,634.6,0.154,11.827,0.758,0.9991,5.02,54.9,0.0
5004908,Jaraguari,MS,65,Gumbel,642.78,0.1452,11.827,0.758,0.9992,4.89,55.5,0.0
5007307,Rio Negro,MS,65,Gumbel,570.9,0.1378,11.827,0.758,0.9992,4.2,49.5,0.0
5007505,Rochedo,MS,65,Log-Normal,630.32,0.1159,11.827,0.758,0.9992,4.2,53.2,0.0
5007695,São Gabriel do Oeste,MS,65,Weibull,633.3,0.1036,11.827,0.758,0.9991,3.97,51.8,0.0
5007901,Sidrolândia,MS,65,Gama,683.03,0.1312,11.827,0.758,0.999,4.86,56.4,0.0
5008008,Terenos,MS,65,Weibull,756.95,0.109,11.827,0.758,0.9989,4.86,60.0,0.0
5000252,Alcinópolis,MS,65,Weibull,608.86,0.1518,11.827,0.758,0.9988,4.74,51.4,0.0
5003306,Coxim,MS,65,Weibull,714.61,0.1314,11.827,0.758,0.9988,5.07,58.1,0.0
5003900,Figueirão,MS,65,Log-Normal,533.44,0.2084,11.827,0.758,0.9993,5.44,51.7,0.0
5006408,Pedro Gomes,MS,65,Gumbel,619.48,0.1457,11.827,0.758,0.9992,4.72,53.7,0.0
5007406,Rio Verde de Mato Grosso,MS,65,Log-Normal,654.88,0.1561,11.827,0.758,0.9991,5.23,56.6,0.0
5007935,Sonora,MS,65,Log-Normal,565.53,0.1525,11.827,0.758,0.9992,4.45,50.1,0.0
5007109,Ribas do Rio Pardo,MS,65,Normal,615.78,0.0828,11.827,0.758,0.9992,3.52,48.4,0.0
5003256,Costa Rica,MS,65,Weibull,607.88,0.1314,11.827,0.758,0.999,4.32,51.4,0.0
5000807,Anaurilândia,MS,65,Gama,651.67,0.1331,11.827,0.758,0.999,4.67,54.4,0.0
5002001,Batayporã,MS,65,Gumbel,653.16,0.1487,11.827,0.758,0.9991,5.04,56.4,0.0
5006200,Nova Andradina,MS,65,GEV,629.88,0.1011,11.827,0.758,0.9992,3.91,52.3,0.0
5007976,Taquarussu,MS,65,Log-Normal,718.43,0.1395,11.827,0.758,0.9991,5.32,61.0,0.0
5001003,Aparecida do Taboado,MS,65,Weibull,624.49,0.1275,11.827,0.758,0.9988,4.36,50.7,0.0
5002902,Cassilândia,MS,65,Gumbel,572.13,0.1266,11.827,0.758,0.9993,4.01,49.5,0.0
5002951,Chapadão do Sul,MS,65,GEV,500.2,0.2269,11.827,0.758,0.9995,5.6,51.1,0.0
5004403,Inocência,MS,65,Log-Normal,588.03,0.1169,11.827,0.758,0.9993,3.93,50.0,0.0
5006275,Paraíso das Águas,MS,65,Gumbel,550.05,0.1359,11.827,0.758,0.9992,4.01,48.1,0.0
5006309,Paranaíba,MS,65,Weibull,624.49,0.1246,11.827,0.758,0.999,4.31,52.5,0.0
5000203,Água Clara,MS,65,Gumbel,560.52,0.1411,11.827,0.758,0.9992,4.18,48.7,0.0
5001904,Bataguassu,MS,65,GEV,586.81,0.1683,11.827,0.758,0.9994,4.99,54.4,0.0
5002308,Brasilândia,MS,65,Gumbel,581.01,0.1456,11.827,0.758,0.9992,4.43,50.3,0.0
5007554,Santa Rita do Pardo,MS,65,GEV,598.05,0.127,11.827,0.758,0.9992,4.18,50.7,0.0
5007802,Selvíria,MS,65,Normal,635.04,0.079,11.827,0.758,0.9992,3.57,50.1,0.0
5008305,Três Lagoas,MS,65,Gama,576.52,0.1104,11.827,0.758,0.9992,3.74,48.1,0.0
5000708,Anastácio,MS,65,Log-Normal,704.65,0.1335,11.827,0.758,0.9991,5.07,58.8,0.0
5001102,Aquidauana,MS,65,GEV,560.24,0.2455,11.827,0.758,0.9994,6.8,56.4,0.0
5005608,Miranda,MS,65,Weibull,693.94,0.1382,11.827,0.758,0.9988,5.08,56.9,0.0
5003488,Dois Irmãos do Buriti,MS,65,Weibull,750.43,0.1315,11.827,0.758,0.9988,5.33,60.9,0.0
5003207,Corumbá,MS,65,Gumbel,598.86,0.152,11.827,0.758,0.9991,4.69,51.8,0.0
5005202,Ladário,MS,65,Gumbel,649.17,0.172,11.827,0.758,0.9989,5.56,55.8,0.0
5006903,Porto Murtinho,MS,65,Gama,684.82,0.1723,11.827,0.758,0.9987,5.86,59.0,0.0
5000609,Amambai,MS,65,Weibull,788.71,0.105,11.827,0.758,0.9992,4.99,65.7,0.0
5003157,Coronel Sapucaia,MS,65,Gumbel,796.81,0.1287,11.827,0.758,0.9993,5.63,69.0,0.0
5006358,Paranhos,MS,65,Gumbel,818.59,0.1431,11.827,0.758,0.9992,6.17,70.9,0.0
5007703,Sete Quedas,MS,65,Log-Normal,825.78,0.163,11.827,0.758,0.9992,6.81,73.3,0.0
5007950,Tacuru,MS,65,GEV,838.19,0.1262,11.827,0.758,0.9991,5.83,70.5,0.0
5002159,Bodoquena,MS,65,Gama,679.09,0.13,11.827,0.758,0.9991,4.81,56.8,0.0
5006002,Nova Alvorada do Sul,MS,65,Weibull,633.64,0.1001,11.827,0.758,0.9991,3.91,51.0,0.0
5002407,Caarapó,MS,65,Gama,729.14,0.1471,11.827,0.758,0.9991,5.58,64.0,0.0
5003454,Deodápolis,MS,65,GEV,697.5,0.1027,11.827,0.758,0.9992,4.36,58.2,0.0
5003504,Douradina,MS,65,Weibull,725.74,0.1042,11.827,0.758,0.9991,4.56,59.3,0.0
5003702,Dourados,MS,65,Weibull,729.7,0.1058,11.827,0.758,0.9991,4.62,60.1,0.0
5003801,Fátima do Sul,MS,65,Gama,741.79,0.108,11.827,0.758,0.9992,4.76,62.1,0.0
5004007,Glória de Dourados,MS,65,Weibull,715.82,0.1175,11.827,0.758,0.999,4.78,59.2,0.0
5004502,Itaporã,MS,65,Gumbel,695.97,0.1387,11.827,0.758,0.9992,5.14,60.0,0.0
5005103,Jateí,MS,65,Gumbel,684.81,0.1459,11.827,0.758,0.9992,5.22,59.3,0.0
5005152,Juti,MS,65,Gama,763.41,0.129,11.827,0.758,0.9991,5.38,64.3,0.0
5005251,Laguna Carapã,MS,65,Gumbel,755.0,0.1352,11.827,0.758,0.9992,5.49,65.3,0.0
5005400,Maracaju,MS,65,Log-Normal,645.32,0.0963,11.827,0.758,0.9992,3.92,52.2,0.0
5007208,Rio Brilhante,MS,65,Weibull,690.34,0.1044,11.827,0.758,0.9991,4.34,56.0,0.0
5008404,Vicentina,MS,65,Log-Normal,714.47,0.1298,11.827,0.758,0.9992,5.07,61.5,0.0
5002100,Bela Vista,MS,65,Weibull,721.91,0.0916,11.827,0.758,0.9991,4.29,57.5,0.0
5002209,Bonito,MS,65,Log-Normal,665.76,0.1131,11.827,0.758,0.9992,4.37,55.0,0.0
5002803,Caracol,MS,65,Normal,763.97,0.0807,11.827,0.758,0.9992,4.32,60.2,0.0
5004106,Guia Lopes da Laguna,MS,65,Weibull,683.61,0.0998,11.827,0.758,0.9991,4.21,54.7,0.0
5005004,Jardim,MS,65,Weibull,697.92,0.0876,11.827,0.758,0.9991,4.07,55.6,0.0
5005806,Nioaque,MS,65,Gumbel,637.73,0.1378,11.827,0.758,0.9992,4.69,55.1,0.0
5003751,Eldorado,MS,65,Gumbel,847.65,0.1404,11.827,0.758,0.9992,6.31,73.3,0.0
5004304,Iguatemi,MS,65,Weibull,832.54,0.0978,11.827,0.758,0.9991,5.08,66.5,0.0
5004601,Itaquiraí,MS,65,Gumbel,811.37,0.1529,11.827,0.758,0.9991,6.38,70.1,0.0
5004809,Japorã,MS,65,Gumbel,881.94,0.1541,11.827,0.758,0.9991,6.98,76.2,0.0
5005681,Mundo Novo,MS,65,GEV,915.84,0.1351,11.827,0.758,0.9991,6.64,78.0,0.0
5005707,Naviraí,MS,65,Weibull,772.97,0.1286,11.827,0.758,0.9988,5.42,62.8,0.0
5000856,Angélica,MS,65,Gumbel,652.98,0.136,11.827,0.758,0.9992,4.77,56.4,0.0
5004700,Ivinhema,MS,65,Log-Normal,673.28,0.1342,11.827,0.758,0.9992,4.87,57.5,0.0
5006259,Novo Horizonte do Sul,MS,65,GEV,651.68,0.1441,11.827,0.758,0.9992,4.93,56.5,0.0
5000906,Antônio João,MS,65,GEV,687.91,0.1503,11.827,0.758,0.9992,5.35,60.0,0.0
5001243,Aral Moreira,MS,65,Gama,798.4,0.1233,11.827,0.758,0.9992,5.49,68.7,0.0
5006606,Ponta Porã,MS,65,Weibull,755.65,0.0937,11.827,0.758,0.9991,4.53,60.7,0.0
5100102,Acorizal,MT,65,GEV,602.22,0.1321,11.827,0.758,0.9992,4.32,52.0,0.0
5101605,Barão de Melgaço,MT,65,Gumbel,550.57,0.1419,11.827,0.758,0.9992,4.13,47.8,0.0
5103007,Chapada dos Guimarães,MT,65,Gumbel,677.32,0.1342,11.827,0.758,0.9992,4.9,58.9,0.0
5103403,Cuiabá,MT,65,Weibull,675.0,0.0847,11.827,0.758,0.9992,3.89,55.1,0.0
5104906,Jangada,MT,65,Gumbel,561.87,0.1344,11.827,0.758,0.9992,4.07,48.6,0.0
5106109,Nossa Senhora do Livramento,MT,65,Weibull,639.71,0.066,11.827,0.758,0.9993,3.39,50.7,0.0
5106505,Poconé,MT,65,GEV,500.31,0.2408,11.827,0.758,0.9995,5.95,50.9,0.0
5107701,Rosário Oeste,MT,65,Weibull,687.89,0.1192,11.827,0.758,0.999,4.63,56.6,0.0
5107800,Santo Antônio de Leverger,MT,65,Gumbel,533.72,0.1311,11.827,0.758,0.9993,3.81,46.4,0.0
5108402,Várzea Grande,MT,65,GEV,633.17,0.0881,11.827,0.758,0.9991,3.7,51.1,0.0
5102504,Cáceres,MT,65,Log-Normal,523.08,0.2089,11.827,0.758,0.9992,5.33,49.9,0.0
5103437,Curvelândia,MT,65,Gumbel,560.94,0.1302,11.827,0.758,0.9993,3.99,48.6,0.0
5100508,Alto Paraguai,MT,65,Log-Normal,698.76,0.098,11.827,0.758,0.9992,4.28,56.7,0.0
5101308,Arenápolis,MT,65,GEV,672.13,0.173,11.827,0.758,0.9993,5.82,61.3,0.0
5106000,Nortelândia,MT,65,Gumbel,689.11,0.1404,11.827,0.758,0.9992,5.13,60.0,0.0
5107263,Santo Afonso,MT,65,GEV,560.94,0.2045,11.827,0.758,0.9994,5.63,53.6,0.0
5108857,Nova Marilândia,MT,65,Weibull,609.47,0.1679,11.827,0.758,0.9989,5.12,54.2,0.0
5101001,Araguaiana,MT,65,GEV,626.17,0.1412,11.827,0.758,0.9992,4.68,54.5,0.0
5101803,Barra do Garças,MT,65,Gumbel,614.25,0.146,11.827,0.758,0.9992,4.69,53.3,0.0
5106257,Nova Xavantina,MT,65,Weibull,662.25,0.1217,11.827,0.758,0.999,4.51,55.3,0.0
5106281,Novo São Joaquim,MT,65,Gumbel,567.47,0.1466,11.827,0.758,0.9992,4.34,49.4,0.0
5100359,Alto Boa Vista,MT,65,Log-Normal,609.3,0.1164,11.827,0.758,0.9992,4.06,50.6,0.0
5101852,Bom Jesus do Araguaia,MT,65,GEV,634.09,0.096,11.827,0.758,0.9989,3.83,49.6,0.0
5102694,Canabrava do Norte,MT,65,GEV,581.04,0.1084,11.827,0.758,0.9993,3.74,49.3,0.0
5103353,Confresa,MT,65,Weibull,602.07,0.1136,11.827,0.758,0.9991,3.95,50.2,0.0
5105309,Luciara,MT,65,Weibull,642.38,0.1609,11.827,0.758,0.9987,5.21,55.0,0.0
5106315,Novo Santo Antônio,MT,65,Weibull,648.11,0.1006,11.827,0.758,0.999,4.0,51.5,0.0
5106778,Porto Alegre do Norte,MT,65,Weibull,622.45,0.1067,11.827,0.758,0.9991,3.96,51.1,0.0
5107354,São José do Xingu,MT,65,Gama,581.94,0.1098,11.827,0.758,0.9992,3.76,48.6,0.0
5107743,Santa Cruz do Xingu,MT,65,Log-Normal,582.75,0.1034,11.827,0.758,0.9993,3.67,49.1,0.0
5107776,Santa Terezinha,MT,65,Gumbel,558.02,0.1368,11.827,0.758,0.9992,4.09,48.6,0.0
5107859,São Félix do Araguaia,MT,65,GEV,555.08,0.1278,11.827,0.758,0.9993,3.91,48.9,0.0
5107883,Serra Nova Dourada,MT,65,Normal,659.08,0.0857,11.827,0.758,0.9991,3.81,51.6,0.0
5108600,Vila Rica,MT,65,Weibull,604.58,0.0944,11.827,0.758,0.9991,3.64,48.7,0.0
5107792,Santo Antônio do Leste,MT,65,Gumbel,582.98,0.1401,11.827,0.758,0.9992,4.33,50.6,0.0
5100201,Água Boa,MT,65,Gumbel,637.18,0.1468,11.827,0.758,0.9991,4.88,55.4,0.0
5102603,Campinápolis,MT,65,Gumbel,603.48,0.1418,11.827,0.758,0.9992,4.52,52.4,0.0
5102702,Canarana,MT,65,Log-Normal,567.25,0.1578,11.827,0.758,0.9992,4.58,50.4,0.0
5103106,Cocalinho,MT,65,Gumbel,567.05,0.1351,11.827,0.758,0.9992,4.12,49.2,0.0
5106174,Nova Nazaré,MT,65,Weibull,655.89,0.1006,11.827,0.758,0.9991,4.06,53.8,0.0
5107065,Querência,MT,65,Weibull,597.47,0.0999,11.827,0.758,0.9991,3.68,48.3,0.0
5107180,Ribeirão Cascalheira,MT,65,Gumbel,581.14,0.1351,11.827,0.758,0.9992,4.23,50.3,0.0
5100250,Alta Floresta,MT,65,Weibull,671.8,0.1089,11.827,0.758,0.9991,4.32,55.3,0.0
5100805,Apiacás,MT,65,Weibull,638.43,0.1141,11.827,0.758,0.9991,4.2,53.8,0.0
5102793,Carlinda,MT,65,Gumbel,639.67,0.138,11.827,0.758,0.9992,4.71,55.2,0.0
5106158,Nova Bandeirantes,MT,65,Gumbel,612.18,0.1436,11.827,0.758,0.9992,4.62,53.1,0.0
5106299,Paranaíta,MT,65,Weibull,655.74,0.1028,11.827,0.758,0.9991,4.1,53.5,0.0
5108956,Nova Monte Verde,MT,65,Log-Normal,599.21,0.1527,11.827,0.758,0.9992,4.72,52.9,0.0
5105903,Nobres,MT,65,GEV,577.0,0.192,11.827,0.758,0.9994,5.47,55.0,0.0
5106208,Nova Brasilândia,MT,65,GEV,636.54,0.1594,11.827,0.758,0.9991,5.16,55.7,0.0
5106455,Planalto da Serra,MT,65,GEV,561.83,0.1961,11.827,0.758,0.9994,5.44,54.3,0.0
5103502,Diamantino,MT,65,Log-Normal,656.37,0.1168,11.827,0.758,0.9993,4.39,55.8,0.0
5107305,São José do Rio Claro,MT,65,Gumbel,598.02,0.1368,11.827,0.758,0.9992,4.38,51.9,0.0
5108907,Nova Maringá,MT,65,Weibull,642.06,0.0849,11.827,0.758,0.9992,3.7,52.2,0.0
5105101,Juara,MT,65,Gama,592.63,0.1474,11.827,0.758,0.9991,4.54,51.8,0.0
5106273,Novo Horizonte do Norte,MT,65,Weibull,622.3,0.1188,11.827,0.758,0.9991,4.18,52.3,0.0
5106802,Porto dos Gaúchos,MT,65,Weibull,585.35,0.1329,11.827,0.758,0.9992,4.21,51.2,0.0
5107941,Tabaporã,MT,65,GEV,588.9,0.1342,11.827,0.758,0.9992,4.26,51.0,0.0
5101407,Aripuanã,MT,65,GEV,517.15,0.1758,11.827,0.758,0.9994,4.55,48.3,0.0
5102850,Castanheira,MT,65,Gumbel,554.34,0.1421,11.827,0.758,0.9992,4.16,48.2,0.0
5103254,Colniza,MT,65,GEV,541.35,0.1428,11.827,0.758,0.9994,4.1,49.3,0.0
5103379,Cotriguaçu,MT,65,GEV,610.38,0.1085,11.827,0.758,0.9992,3.92,51.1,0.0
5105150,Juína,MT,65,Gumbel,573.64,0.1399,11.827,0.758,0.9992,4.26,49.7,0.0
5105176,Juruena,MT,65,Gumbel,561.21,0.14,11.827,0.758,0.9992,4.17,48.6,0.0
5107578,Rondolândia,MT,65,GEV,602.06,0.0947,11.827,0.758,0.9992,3.64,50.2,0.0
5104104,Guarantã do Norte,MT,65,GEV,594.78,0.148,11.827,0.758,0.9993,4.6,53.0,0.0
5105606,Matupá,MT,65,GEV,586.33,0.1655,11.827,0.758,0.9993,4.91,53.2,0.0
5106265,Novo Mundo,MT,65,Weibull,659.18,0.0983,11.827,0.758,0.9991,4.04,53.6,0.0
5106422,Peixoto de Azevedo,MT,65,Weibull,583.8,0.105,11.827,0.758,0.9991,3.69,48.3,0.0
5102686,Campos de Júlio,MT,65,Gumbel,578.18,0.1306,11.827,0.758,0.9993,4.12,50.4,0.0
5103304,Comodoro,MT,65,Weibull,590.6,0.1498,11.827,0.758,0.999,4.57,51.7,0.0
5106307,Paranatinga,MT,65,Weibull,626.05,0.1076,11.827,0.758,0.9991,4.0,51.5,0.0
5103056,Cláudia,MT,65,Gumbel,615.32,0.1356,11.827,0.758,0.9992,4.48,53.4,0.0
5103205,Colíder,MT,65,Normal,699.48,0.0864,11.827,0.758,0.9991,4.06,54.7,0.0
5103700,Feliz Natal,MT,65,Gumbel,601.2,0.129,11.827,0.758,0.9993,4.25,52.2,0.0
5104559,Itaúba,MT,65,GEV,607.73,0.1603,11.827,0.758,0.9992,4.96,54.4,0.0
5105580,Marcelândia,MT,65,GEV,563.19,0.1351,11.827,0.758,0.9993,4.11,50.0,0.0
5106190,Nova Santa Helena,MT,65,Log-Normal,670.15,0.0927,11.827,0.758,0.9992,4.01,54.4,0.0
5106216,Nova Canaã do Norte,MT,65,Weibull,624.76,0.0892,11.827,0.758,0.9991,3.67,50.0,0.0
5107248,Santa Carmem,MT,65,GEV,617.98,0.1417,11.827,0.758,0.9992,4.63,54.1,0.0
5107909,Sinop,MT,65,Log-Normal,648.67,0.1282,11.827,0.758,0.9992,4.56,54.7,0.0
5108055,Terra Nova do Norte,MT,65,GEV,643.52,0.1244,11.827,0.758,0.9992,4.45,54.5,0.0
5108303,União do Sul,MT,65,Gama,602.82,0.1315,11.827,0.758,0.9991,4.3,51.9,0.0
5108808,Nova Guarita,MT,65,Log-Normal,646.87,0.1334,11.827,0.758,0.9992,4.66,55.2,0.0
5104526,Ipiranga do Norte,MT,65,Gama,610.12,0.1368,11.827,0.758,0.9991,4.46,53.0,0.0
5104542,Itanhangá,MT,65,Gumbel,578.31,0.1245,11.827,0.758,0.9993,4.01,50.1,0.0
5105259,Lucas do Rio Verde,MT,65,Weibull,571.87,0.1569,11.827,0.758,0.9989,4.57,50.4,0.0
5106224,Nova Mutum,MT,65,Gama,593.95,0.1539,11.827,0.758,0.999,4.68,51.3,0.0
5106240,Nova Ubiratã,MT,65,GEV,599.94,0.1501,11.827,0.758,0.9993,4.68,53.3,0.0
5107768,Santa Rita do Trivelato,MT,65,GEV,555.33,0.192,11.827,0.758,0.9995,5.29,53.9,0.0
5107925,Sorriso,MT,65,Gumbel,594.2,0.1218,11.827,0.758,0.9993,4.07,51.6,0.0
5108006,Tapurah,MT,65,Gumbel,577.4,0.1303,11.827,0.758,0.9993,4.11,50.2,0.0
5108501,Vera,MT,65,GEV,590.57,0.1423,11.827,0.758,0.9993,4.45,52.4,0.0
5101902,Brasnorte,MT,65,Gama,610.89,0.1319,11.827,0.758,0.9991,4.37,52.2,0.0
5102637,Campo Novo do Parecis,MT,65,Gumbel,568.49,0.1368,11.827,0.758,0.9992,4.16,49.4,0.0
5107875,Sapezal,MT,65,GEV,534.7,0.2136,11.827,0.758,0.9994,5.61,52.8,0.0
5103858,Gaúcha do Norte,MT,65,Gumbel,585.42,0.1355,11.827,0.758,0.9992,4.26,50.8,0.0
5103908,General Carneiro,MT,65,GEV,558.0,0.1895,11.827,0.758,0.9993,5.22,52.2,0.0
5106653,Pontal do Araguaia,MT,65,Log-Normal,626.7,0.1456,11.827,0.758,0.9992,4.77,54.2,0.0
5106703,Ponte Branca,MT,65,Weibull,616.74,0.1357,11.827,0.758,0.999,4.48,53.0,0.0
5107198,Ribeirãozinho,MT,65,GEV,600.65,0.1638,11.827,0.758,0.9993,4.99,54.2,0.0
5108204,Torixoréu,MT,65,Weibull,651.92,0.1014,11.827,0.758,0.9991,4.05,52.8,0.0
5102678,Campo Verde,MT,65,GEV,595.54,0.096,11.827,0.758,0.9992,3.61,49.2,0.0
5103601,Dom Aquino,MT,65,GEV,526.47,0.1422,11.827,0.758,0.9992,3.95,46.0,0.0
5104807,Jaciara,MT,65,Gama,550.31,0.1059,11.827,0.758,0.9993,3.5,46.7,0.0
5105200,Juscimeira,MT,65,Log-Normal,539.25,0.1526,11.827,0.758,0.9992,4.24,47.3,0.0
5107404,São Pedro da Cipa,MT,65,Gumbel,560.72,0.1469,11.827,0.758,0.9991,4.3,48.7,0.0
5107008,Poxoréu,MT,65,Log-Normal,578.12,0.1565,11.827,0.758,0.9992,4.64,51.6,0.0
5107040,Primavera do Leste,MT,65,Weibull,623.99,0.1153,11.827,0.758,0.999,4.13,51.4,0.0
5100300,Alto Araguaia,MT,65,Gama,647.26,0.1304,11.827,0.758,0.9991,4.59,54.4,0.0
5100409,Alto Garças,MT,65,Log-Normal,550.64,0.1446,11.827,0.758,0.9993,4.19,49.1,0.0
5100607,Alto Taquari,MT,65,Log-Normal,607.48,0.1384,11.827,0.758,0.9992,4.48,52.7,0.0
5101209,Araguainha,MT,65,Gumbel,607.09,0.14,11.827,0.758,0.9992,4.51,52.7,0.0
5104203,Guiratinga,MT,65,Weibull,627.78,0.1037,11.827,0.758,0.9991,3.94,51.6,0.0
5104609,Itiquira,MT,65,GEV,527.54,0.1659,11.827,0.758,0.9993,4.43,48.0,0.0
5106372,Pedra Preta,MT,65,GEV,533.59,0.1583,11.827,0.758,0.9993,4.33,48.5,0.0
5107297,São José do Povo,MT,65,Log-Normal,529.79,0.1856,11.827,0.758,0.9992,4.86,49.1,0.0
5107602,Rondonópolis,MT,65,Log-Normal,545.97,0.1874,11.827,0.758,0.9991,5.03,49.5,0.0
5108105,Tesouro,MT,65,Gumbel,610.48,0.1443,11.827,0.758,0.9992,4.62,53.0,0.0
5105234,Lambari D'Oeste,MT,65,Weibull,590.71,0.0959,11.827,0.758,0.9992,3.58,48.5,0.0
5107206,Rio Branco,MT,65,Gumbel,513.0,0.1318,11.827,0.758,0.9993,3.68,44.6,0.0
5107750,Salto do Céu,MT,65,Gama,558.26,0.1368,11.827,0.758,0.9991,4.08,47.8,0.0
5101258,Araputanga,MT,65,Gumbel,533.45,0.145,11.827,0.758,0.9992,4.05,46.7,0.0
5103809,Figueirópolis D'Oeste,MT,65,GEV,503.05,0.1738,11.827,0.758,0.9993,4.38,46.4,0.0
5103957,Glória D'Oeste,MT,65,GEV,461.07,0.2049,11.827,0.758,0.9995,4.65,45.3,0.0
5104500,Indiavaí,MT,65,Gumbel,533.0,0.1412,11.827,0.758,0.9992,3.98,46.5,0.0
5105002,Jauru,MT,65,Gumbel,572.11,0.1554,11.827,0.758,0.9991,4.55,49.6,0.0
5105622,Mirassol d'Oeste,MT,65,GEV,483.28,0.1907,11.827,0.758,0.9994,4.57,46.7,0.0
5106828,Porto Esperidião,MT,65,Gumbel,524.59,0.1395,11.827,0.758,0.9992,3.89,45.6,0.0
5107107,São José dos Quatro Marcos,MT,65,Log-Normal,505.98,0.1815,11.827,0.758,0.9992,4.55,46.5,0.0
5107156,Reserva do Cabaçal,MT,65,Gumbel,531.62,0.142,11.827,0.758,0.9992,3.98,46.3,0.0
5103361,Conquista D'Oeste,MT,65,GEV,538.64,0.1507,11.827,0.758,0.9993,4.21,47.7,0.0
5105507,Vila Bela da Santíssima Trindade,MT,65,GEV,528.79,0.1768,11.827,0.758,0.9993,4.67,48.8,0.0
5106182,Nova Lacerda,MT,65,Gumbel,532.96,0.1266,11.827,0.758,0.9993,3.73,46.3,0.0
5106752,Pontes e Lacerda,MT,65,GEV,528.85,0.1698,11.827,0.758,0.9992,4.51,47.5,0.0
5108352,Vale de São Domingos,MT,65,GEV,483.24,0.2417,11.827,0.758,0.9994,5.75,48.4,0.0
5101704,Barra do Bugres,MT,65,Log-Normal,547.75,0.1742,11.827,0.758,0.9993,4.77,50.9,0.0
5103452,Denise,MT,65,GEV,558.8,0.2161,11.827,0.758,0.9995,5.95,56.1,0.0
5106232,Nova Olímpia,MT,65,Weibull,588.73,0.1601,11.827,0.758,0.9989,4.77,52.3,0.0
5106851,Porto Estrela,MT,65,Gumbel,563.11,0.1409,11.827,0.758,0.9992,4.2,48.6,0.0
5107958,Tangará da Serra,MT,65,Log-Normal,554.62,0.1122,11.827,0.758,0.9993,3.63,47.2,0.0
1500503,Almeirim,PA,65,Log-Normal,544.3,0.1253,11.827,0.758,0.9992,3.78,46.3,0.0
1505908,Porto de Moz,PA,65,Normal,676.92,0.0827,11.827,0.758,0.9992,3.86,53.2,0.0
1505650,Placas,PA,65,Log-Normal,664.46,0.1287,11.827,0.758,0.9991,4.68,55.8,0.0
1502855,Curuá,PA,65,Gama,723.3,0.1326,11.827,0.758,0.9991,5.19,62.3,0.0
1503002,Faro,PA,65,Log-Normal,647.24,0.0873,11.827,0.758,0.9993,3.78,53.8,0.0
1503903,Juruti,PA,65,Log-Normal,733.39,0.1064,11.827,0.758,0.9992,4.67,60.5,0.0
1505106,Óbidos,PA,65,GEV,601.02,0.1674,11.827,0.758,0.9994,5.1,56.4,0.0
1505304,Oriximiná,PA,65,Log-Normal,666.65,0.1044,11.827,0.758,0.9993,4.21,55.7,0.0
1507979,Terra Santa,PA,65,GEV,662.96,0.1292,11.827,0.758,0.9993,4.69,57.5,0.0
1500404,Alenquer,PA,65,Gumbel,644.59,0.1364,11.827,0.758,0.9992,4.71,55.9,0.0
1501451,Belterra,PA,65,Normal,723.83,0.0765,11.827,0.758,0.9992,4.02,57.3,0.0
1504752,Mojuí dos Campos,PA,65,GEV,779.69,0.0686,11.827,0.758,0.9991,4.16,60.5,0.0
1504802,Monte Alegre,PA,65,Gumbel,622.03,0.1459,11.827,0.758,0.9992,4.75,53.7,0.0
1506005,Prainha,PA,65,GEV,562.85,0.2256,11.827,0.758,0.9995,6.26,57.1,0.0
1506807,Santarém,PA,65,GEV,689.03,0.1533,11.827,0.758,0.9993,5.46,62.2,0.0
1500305,Afuá,PA,65,GEV,655.31,0.1177,11.827,0.758,0.9991,4.39,54.5,0.0
1500701,Anajás,PA,65,Log-Normal,589.41,0.158,11.827,0.758,0.9993,4.77,53.6,0.0
1501105,Bagre,PA,65,GEV,616.0,0.1481,11.827,0.758,0.9994,4.78,56.6,0.0
1501808,Breves,PA,65,Weibull,590.0,0.1203,11.827,0.758,0.9991,3.99,49.8,0.0
1502509,Chaves,PA,65,GEV,706.94,0.1443,11.827,0.758,0.9992,5.35,61.2,0.0
1502806,Curralinho,PA,65,GEV,636.38,0.1249,11.827,0.758,0.9992,4.41,54.6,0.0
1503101,Gurupá,PA,65,Log-Normal,566.34,0.1318,11.827,0.758,0.9993,4.06,49.4,0.0
1504505,Melgaço,PA,65,Weibull,594.62,0.107,11.827,0.758,0.9992,3.79,50.0,0.0
1505809,Portel,PA,65,Log-Normal,636.61,0.1366,11.827,0.758,0.9993,4.67,56.9,0.0
1507706,São Sebastião da Boa Vista,PA,65,GEV,614.29,0.1178,11.827,0.758,0.9993,4.13,53.0,0.0
1502004,Cachoeira do Arari,PA,65,Gumbel,791.87,0.1455,11.827,0.758,0.9992,6.03,68.6,0.0
1504901,Muaná,PA,65,GEV,579.27,0.1583,11.827,0.758,0.9994,4.72,54.0,0.0
1505700,Ponta de Pedras,PA,65,GEV,734.3,0.1368,11.827,0.758,0.9991,5.37,62.7,0.0
1506302,Salvaterra,PA,65,GEV,818.43,0.1397,11.827,0.758,0.9991,6.06,70.1,0.0
1506401,Santa Cruz do Arari,PA,65,Gumbel,744.86,0.1543,11.827,0.758,0.9991,5.9,64.6,0.0
1507904,Soure,PA,65,Weibull,870.87,0.139,11.827,0.758,0.9988,6.4,72.4,0.0
1500800,Ananindeua,PA,65,Gumbel,753.14,0.1469,11.827,0.758,0.9991,5.77,65.4,0.0
1501303,Barcarena,PA,65,Weibull,800.9,0.123,11.827,0.758,0.9989,5.47,65.1,0.0
1501402,Belém,PA,65,GEV,696.72,0.1891,11.827,0.758,0.9994,6.51,65.6,0.0
1501501,Benevides,PA,65,Log-Normal,746.25,0.1534,11.827,0.758,0.9991,5.89,64.7,0.0
1501907,Bujaru,PA,65,GEV,723.85,0.1224,11.827,0.758,0.999,4.94,59.9,0.0
1504422,Marituba,PA,65,GEV,761.12,0.1307,11.827,0.758,0.9991,5.4,63.7,0.0
1506351,Santa Bárbara do Pará,PA,65,Gama,778.58,0.1493,11.827,0.758,0.999,6.01,66.4,0.0
1506500,Santa Izabel do Pará,PA,65,GEV,715.03,0.1694,11.827,0.758,0.9991,6.07,63.1,0.0
1507003,Santo Antônio do Tauá,PA,65,Weibull,788.54,0.1282,11.827,0.758,0.9989,5.52,64.7,0.0
1502400,Castanhal,PA,65,Log-Normal,707.32,0.1926,11.827,0.758,0.9991,6.68,64.4,0.0
1503408,Inhangapi,PA,65,Gama,687.18,0.1533,11.827,0.758,0.9989,5.4,59.1,0.0
1500107,Abaetetuba,PA,65,GEV,739.81,0.133,11.827,0.758,0.999,5.31,62.0,0.0
1503309,Igarapé-Miri,PA,65,GEV,627.5,0.1664,11.827,0.758,0.9993,5.28,57.5,0.0
1504703,Moju,PA,65,Weibull,660.95,0.1548,11.827,0.758,0.9991,5.24,59.2,0.0
1507953,Tailândia,PA,65,Gumbel,709.38,0.1398,11.827,0.758,0.9992,5.27,61.6,0.0
1500206,Acará,PA,65,Log-Normal,716.46,0.1,11.827,0.758,0.9993,4.44,59.5,0.0
1502608,Colares,PA,65,GEV,782.39,0.1535,11.827,0.758,0.9992,6.19,69.5,0.0
1502756,Concórdia do Pará,PA,65,Log-Normal,698.16,0.12,11.827,0.758,0.9991,4.73,57.7,0.0
1507102,São Caetano de Odivelas,PA,65,Gama,834.24,0.1342,11.827,0.758,0.999,6.02,70.3,0.0
1508001,Tomé-Açu,PA,65,Gama,750.69,0.1018,11.827,0.758,0.9992,4.68,61.7,0.0
1508209,Vigia,PA,65,Gumbel,781.4,0.1472,11.827,0.758,0.9991,6.0,68.0,0.0
1500909,Augusto Corrêa,PA,65,Gumbel,784.89,0.1559,11.827,0.758,0.9991,6.26,67.6,0.0
1501709,Bragança,PA,65,Weibull,852.82,0.1041,11.827,0.758,0.999,5.35,67.2,0.0
1501956,Cachoeira do Piriá,PA,65,Log-Normal,618.69,0.1096,11.827,0.758,0.9992,4.0,51.6,0.0
1506559,Santa Luzia do Pará,PA,65,Gama,686.05,0.1132,11.827,0.758,0.9991,4.5,56.3,0.0
1508035,Tracuateua,PA,65,Weibull,862.06,0.1267,11.827,0.758,0.9989,6.0,70.1,0.0
1508308,Viseu,PA,65,Gumbel,673.37,0.1418,11.827,0.758,0.9992,5.04,58.5,0.0
1502103,Cametá,PA,65,Gama,698.06,0.1194,11.827,0.758,0.9992,4.71,59.0,0.0
1504000,Limoeiro do Ajuru,PA,65,GEV,632.21,0.1704,11.827,0.758,0.9994,5.43,58.6,0.0
1504604,Mocajuba,PA,65,Gumbel,681.22,0.1325,11.827,0.758,0.9992,4.9,59.3,0.0
1505205,Oeiras do Pará,PA,65,GEV,659.57,0.1416,11.827,0.758,0.9993,4.95,58.4,0.0
1501600,Bonito,PA,65,Gumbel,703.77,0.1526,11.827,0.758,0.9991,5.53,61.0,0.0
1502202,Capanema,PA,65,GEV,846.68,0.1029,11.827,0.758,0.9989,5.28,66.7,0.0
1505007,Nova Timboteua,PA,65,Log-Normal,803.2,0.1034,11.827,0.758,0.9992,5.04,65.2,0.0
1505601,Peixe-Boi,PA,65,Log-Normal,838.29,0.0917,11.827,0.758,0.9992,4.98,66.5,0.0
1506104,Primavera,PA,65,Normal,946.94,0.0974,11.827,0.758,0.999,5.77,72.9,0.0
1506112,Quatipuru,PA,65,Normal,960.7,0.098,11.827,0.758,0.999,5.87,73.9,0.0
1506203,Salinópolis,PA,65,Weibull,985.13,0.1399,11.827,0.758,0.9987,7.26,79.9,0.0
1506906,Santarém Novo,PA,65,GEV,836.21,0.1391,11.827,0.758,0.9991,6.17,71.1,0.0
1507474,São João de Pirabas,PA,65,Normal,1002.58,0.0944,11.827,0.758,0.9991,6.03,77.5,0.0
1502301,Capitão Poço,PA,65,Log-Normal,660.65,0.1063,11.827,0.758,0.9992,4.2,53.8,0.0
1503077,Garrafão do Norte,PA,65,Weibull,630.25,0.1207,11.827,0.758,0.999,4.27,52.0,0.0
1504950,Nova Esperança do Piriá,PA,65,Weibull,586.37,0.1541,11.827,0.758,0.999,4.63,51.9,0.0
1505403,Ourém,PA,65,GEV,723.38,0.125,11.827,0.758,0.999,5.0,59.8,0.0
1502905,Curuçá,PA,65,Weibull,872.18,0.1414,11.827,0.758,0.9988,6.48,73.1,0.0
1503200,Igarapé-Açu,PA,65,Weibull,789.98,0.1006,11.827,0.758,0.999,4.88,62.9,0.0
1503507,Irituia,PA,65,Log-Normal,671.57,0.1064,11.827,0.758,0.9992,4.28,55.6,0.0
1504109,Magalhães Barata,PA,65,Gumbel,816.67,0.1524,11.827,0.758,0.9991,6.41,70.7,0.0
1504307,Maracanã,PA,65,Gama,904.29,0.1486,11.827,0.758,0.9989,6.95,75.7,0.0
1504406,Marapanim,PA,65,Gumbel,816.67,0.1524,11.827,0.758,0.9991,6.41,70.7,0.0
1506609,Santa Maria do Pará,PA,65,Normal,787.76,0.0896,11.827,0.758,0.9991,4.64,61.3,0.0
1507201,São Domingos do Capim,PA,65,GEV,666.59,0.1296,11.827,0.758,0.9993,4.73,58.0,0.0
1507409,São Francisco do Pará,PA,65,Weibull,770.74,0.1537,11.827,0.758,0.9987,6.05,64.6,0.0
1507466,São João da Ponta,PA,65,Log-Normal,784.52,0.1753,11.827,0.758,0.9992,6.85,70.7,0.0
1507607,São Miguel do Guamá,PA,65,Gama,684.89,0.1393,11.827,0.758,0.9991,5.06,58.8,0.0
1507961,Terra Alta,PA,65,Log-Normal,705.95,0.1823,11.827,0.758,0.9992,6.38,65.6,0.0
1500958,Aurora do Pará,PA,65,Weibull,692.67,0.1196,11.827,0.758,0.999,4.67,56.9,0.0
1503457,Ipixuna do Pará,PA,65,Normal,754.93,0.0796,11.827,0.758,0.9992,4.25,59.5,0.0
1504059,Mãe do Rio,PA,65,Log-Normal,671.48,0.1112,11.827,0.758,0.9992,4.37,56.1,0.0
1501204,Baião,PA,65,Gama,661.18,0.1454,11.827,0.758,0.999,5.01,56.1,0.0
1500131,Abel Figueiredo,PA,65,Normal,745.17,0.0796,11.827,0.758,0.9992,4.19,58.8,0.0
1501576,Bom Jesus do Tocantins,PA,65,GEV,664.71,0.1393,11.827,0.758,0.9992,4.92,57.6,0.0
1501758,Brejo Grande do Araguaia,PA,65,Weibull,671.28,0.1103,11.827,0.758,0.999,4.34,54.7,0.0
1503705,Itupiranga,PA,65,Weibull,635.02,0.126,11.827,0.758,0.999,4.41,53.4,0.0
1503804,Jacundá,PA,65,Gumbel,675.12,0.1407,11.827,0.758,0.9992,5.03,58.2,0.0
1504208,Marabá,PA,65,Weibull,631.6,0.1012,11.827,0.758,0.9991,3.92,51.9,0.0
1504976,Nova Ipixuna,PA,65,Log-Normal,644.26,0.1155,11.827,0.758,0.9992,4.28,54.0,0.0
1505494,Palestina do Pará,PA,65,Weibull,665.98,0.1079,11.827,0.758,0.9991,4.26,54.5,0.0
1505635,Piçarra,PA,65,Gumbel,596.95,0.1399,11.827,0.758,0.9992,4.43,51.9,0.0
1506187,Rondon do Pará,PA,65,Weibull,680.84,0.1001,11.827,0.758,0.9991,4.2,55.7,0.0
1507151,São Domingos do Araguaia,PA,65,Weibull,690.48,0.0914,11.827,0.758,0.9991,4.1,55.5,0.0
1507458,São Geraldo do Araguaia,PA,65,Log-Normal,604.14,0.1525,11.827,0.758,0.9992,4.75,52.9,0.0
1507508,São João do Araguaia,PA,65,Gama,674.35,0.1206,11.827,0.758,0.9991,4.58,56.5,0.0
1502939,Dom Eliseu,PA,65,Gama,696.26,0.1376,11.827,0.758,0.999,5.1,58.9,0.0
1505502,Paragominas,PA,65,GEV,652.73,0.1342,11.827,0.758,0.9992,4.73,56.8,0.0
1508126,Ulianópolis,PA,65,GEV,637.88,0.1578,11.827,0.758,0.9993,5.15,57.2,0.0
1502152,Canaã dos Carajás,PA,65,Log-Normal,573.83,0.1083,11.827,0.758,0.9992,3.69,47.8,0.0
1502772,Curionópolis,PA,65,Gama,605.36,0.1229,11.827,0.758,0.9991,4.15,50.6,0.0
1502954,Eldorado do Carajás,PA,65,Gama,604.14,0.1383,11.827,0.758,0.9991,4.44,51.9,0.0
1505536,Parauapebas,PA,65,Gumbel,556.87,0.1302,11.827,0.758,0.9993,3.96,48.4,0.0
1501253,Bannach,PA,65,Gama,587.48,0.1291,11.827,0.758,0.9991,4.14,49.6,0.0
1502707,Conceição do Araguaia,PA,65,Gama,636.53,0.1373,11.827,0.758,0.999,4.66,54.1,0.0
1502764,Cumaru do Norte,PA,65,GEV,493.77,0.176,11.827,0.758,0.9994,4.35,46.4,0.0
1503044,Floresta do Araguaia,PA,65,Weibull,637.38,0.1336,11.827,0.758,0.9989,4.58,53.4,0.0
1505551,Pau D'Arco,PA,65,GEV,592.37,0.1193,11.827,0.758,0.9991,3.99,49.3,0.0
1506138,Redenção,PA,65,Weibull,564.44,0.1246,11.827,0.758,0.9991,3.9,48.1,0.0
1506583,Santa Maria das Barreiras,PA,65,GEV,560.53,0.1175,11.827,0.758,0.9993,3.76,48.0,0.0
1506708,Santana do Araguaia,PA,65,Log-Normal,562.41,0.1031,11.827,0.758,0.9992,3.53,46.4,0.0
1505437,Ourilândia do Norte,PA,65,Gama,572.9,0.1591,11.827,0.758,0.9989,4.62,49.7,0.0
1507300,São Félix do Xingu,PA,65,Gumbel,579.22,0.1505,11.827,0.758,0.9991,4.51,50.4,0.0
1508084,Tucumã,PA,65,Gumbel,601.72,0.1471,11.827,0.758,0.9991,4.61,52.3,0.0
1501782,Breu Branco,PA,65,Weibull,719.87,0.1231,11.827,0.758,0.999,4.93,60.0,0.0
1503093,Goianésia do Pará,PA,65,GEV,697.9,0.1073,11.827,0.758,0.9992,4.46,58.0,0.0
1505064,Novo Repartimento,PA,65,Log-Normal,719.58,0.0958,11.827,0.758,0.9992,4.36,57.7,0.0
1508100,Tucuruí,PA,65,Weibull,750.86,0.0846,11.827,0.758,0.9991,4.32,59.5,0.0
1500347,Água Azul do Norte,PA,65,Gumbel,562.26,0.1369,11.827,0.758,0.9992,4.12,48.9,0.0
1506161,Rio Maria,PA,65,Log-Normal,620.98,0.124,11.827,0.758,0.9992,4.28,52.1,0.0
1507755,Sapucaia,PA,65,Log-Normal,603.64,0.1005,11.827,0.758,0.9992,3.74,49.8,0.0
1508407,Xinguara,PA,65,Log-Normal,612.3,0.0872,11.827,0.758,0.9992,3.57,49.5,0.0
1500602,Altamira,PA,65,Gama,569.28,0.1475,11.827,0.758,0.9991,4.37,50.5,0.0
1500859,Anapu,PA,65,Weibull,660.43,0.1605,11.827,0.758,0.9989,5.36,58.5,0.0
1501725,Brasil Novo,PA,65,Gama,697.53,0.1292,11.827,0.758,0.9991,4.92,59.2,0.0
1504455,Medicilândia,PA,65,Gama,673.47,0.1199,11.827,0.758,0.9991,4.56,56.4,0.0
1507805,Senador José Porfírio,PA,65,Log-Normal,594.04,0.1882,11.827,0.758,0.9993,5.52,56.3,0.0
1508159,Uruará,PA,65,Gama,670.6,0.1171,11.827,0.758,0.9991,4.47,54.6,0.0
1508357,Vitória do Xingu,PA,65,Gama,704.44,0.1299,11.827,0.758,0.9991,4.99,60.2,0.0
1501006,Aveiro,PA,65,Gumbel,627.75,0.1407,11.827,0.758,0.9992,4.68,54.3,0.0
1503606,Itaituba,PA,65,Gumbel,623.94,0.1429,11.827,0.758,0.9992,4.7,54.2,0.0
1503754,Jacareacanga,PA,65,Gumbel,601.4,0.1158,11.827,0.758,0.9993,4.01,52.4,0.0
1505031,Novo Progresso,PA,65,Gumbel,599.87,0.1321,11.827,0.758,0.9992,4.3,52.1,0.0
1506195,Rurópolis,PA,65,Log-Normal,614.47,0.1275,11.827,0.758,0.9992,4.32,53.0,0.0
1508050,Trairão,PA,65,GEV,604.44,0.1982,11.827,0.758,0.9994,5.91,58.3,0.0
1505486,Pacajá,PA,65,GEV,650.52,0.153,11.827,0.758,0.9994,5.15,59.0,0.0
2500304,Alagoa Grande,PB,65,Weibull,598.13,0.1591,11.827,0.758,0.9986,4.81,49.5,0.0
2500403,Alagoa Nova,PB,65,Weibull,564.18,0.1827,11.827,0.758,0.9986,5.05,48.9,0.0
2500577,Algodão de Jandaíra,PB,65,Weibull,392.52,0.1866,11.827,0.758,0.9983,3.57,33.2,0.0
2501104,Areia,PB,65,Gama,558.75,0.1995,11.827,0.758,0.9984,5.39,48.5,0.0
2501203,Areial,PB,65,Weibull,531.47,0.1585,11.827,0.758,0.9985,4.25,43.5,0.0
2501302,Aroeiras,PB,65,Gama,501.44,0.1957,11.827,0.758,0.9984,4.76,43.0,0.0
2502151,Boa Vista,PB,65,Gumbel,457.96,0.197,11.827,0.758,0.9985,4.38,38.3,0.0
2504009,Campina Grande,PB,65,Weibull,472.21,0.1749,11.827,0.758,0.9985,4.08,40.2,0.0
2506004,Esperança,PB,65,Log-Normal,465.95,0.1991,11.827,0.758,0.9988,4.51,41.2,0.0
2506103,Fagundes,PB,65,GEV,485.25,0.2042,11.827,0.758,0.9991,4.83,44.3,0.0
2506251,Gado Bravo,PB,65,Log-Normal,429.43,0.1893,11.827,0.758,0.9987,3.97,36.5,0.0
2506806,Ingá,PB,65,GEV,511.74,0.1962,11.827,0.758,0.9991,4.91,46.4,0.0
2507200,Itatuba,PB,65,Log-Normal,510.45,0.2171,11.827,0.758,0.9989,5.37,46.6,0.0
2508307,Lagoa Seca,PB,65,Weibull,544.88,0.1446,11.827,0.758,0.9987,4.11,45.1,0.0
2509206,Massaranduba,PB,65,GEV,532.76,0.1685,11.827,0.758,0.9991,4.5,47.0,0.0
2509339,Matinhas,PB,65,Weibull,544.88,0.1446,11.827,0.758,0.9987,4.11,45.1,0.0
2509503,Montadas,PB,65,Weibull,531.47,0.1585,11.827,0.758,0.9985,4.25,43.5,0.0
2510501,Olivedos,PB,65,Normal,465.56,0.1005,11.827,0.758,0.999,2.87,35.7,0.0
2512002,Pocinhos,PB,65,Normal,449.1,0.0958,11.827,0.758,0.999,2.72,34.7,0.0
2512408,Puxinanã,PB,65,Gama,500.6,0.1579,11.827,0.758,0.9987,4.01,41.0,0.0
2512507,Queimadas,PB,65,Gumbel,474.15,0.162,11.827,0.758,0.999,3.88,41.2,0.0
2512705,Remígio,PB,65,Gumbel,500.57,0.1676,11.827,0.758,0.999,4.2,43.3,0.0
2512754,Riachão do Bacamarte,PB,65,GEV,511.74,0.1962,11.827,0.758,0.9991,4.91,46.4,0.0
2513158,Santa Cecília,PB,65,Log-Normal,476.94,0.2039,11.827,0.758,0.9988,4.72,42.0,0.0
2515104,São Sebastião de Lagoa de Roça,PB,65,Gama,521.11,0.1533,11.827,0.758,0.9989,4.09,44.0,0.0
2515807,Serra Redonda,PB,65,Gama,525.58,0.1819,11.827,0.758,0.9986,4.69,45.5,0.0
2516102,Soledade,PB,65,Normal,532.6,0.1106,11.827,0.758,0.9989,3.44,40.1,0.0
2517001,Umbuzeiro,PB,65,GEV,414.67,0.2659,11.827,0.758,0.9992,5.49,41.2,0.0
2501609,Barra de Santa Rosa,PB,65,Gumbel,397.25,0.1726,11.827,0.758,0.9989,3.41,33.9,0.0
2505105,Cuité,PB,65,Weibull,485.84,0.1738,11.827,0.758,0.9985,4.17,40.7,0.0
2505352,Damião,PB,65,Weibull,486.16,0.1522,11.827,0.758,0.9985,3.78,39.0,0.0
2510105,Nova Floresta,PB,65,GEV,514.2,0.1788,11.827,0.758,0.9989,4.54,44.2,0.0
2516151,Sossêgo,PB,65,Weibull,430.62,0.1774,11.827,0.758,0.9984,3.75,36.0,0.0
2500502,Alagoinha,PB,65,Log-Normal,550.6,0.2036,11.827,0.758,0.999,5.46,50.7,0.0
2500809,Araçagi,PB,65,GEV,566.94,0.236,11.827,0.758,0.9988,6.5,51.7,0.0
2500908,Arara,PB,65,Weibull,602.89,0.1681,11.827,0.758,0.9983,5.04,48.9,0.0
2501005,Araruna,PB,65,Weibull,577.32,0.168,11.827,0.758,0.9984,4.82,47.4,0.0
2501500,Bananeiras,PB,65,Weibull,624.26,0.1803,11.827,0.758,0.9983,5.51,52.3,0.0
2501906,Belém,PB,65,Weibull,645.41,0.1693,11.827,0.758,0.9983,5.42,52.1,0.0
2502706,Borborema,PB,65,Weibull,666.25,0.1768,11.827,0.758,0.9983,5.79,54.9,0.0
2503506,Cacimba de Dentro,PB,65,Gama,496.27,0.1801,11.827,0.758,0.9986,4.39,42.1,0.0
2503605,Caiçara,PB,65,Gama,644.29,0.1989,11.827,0.758,0.9983,6.19,54.4,0.0
2504157,Casserengue,PB,65,Gama,491.98,0.1848,11.827,0.758,0.9986,4.45,42.2,0.0
2505204,Cuitegi,PB,65,Log-Normal,558.51,0.2604,11.827,0.758,0.9988,7.17,54.4,0.0
2505709,Dona Inês,PB,65,Weibull,639.05,0.1645,11.827,0.758,0.9984,5.25,51.9,0.0
2505808,Duas Estradas,PB,65,Weibull,622.43,0.2012,11.827,0.758,0.9981,6.03,52.9,0.0
2506301,Guarabira,PB,65,Weibull,621.47,0.2074,11.827,0.758,0.9981,6.2,53.7,0.0
2508208,Lagoa de Dentro,PB,65,Gumbel,591.71,0.1799,11.827,0.758,0.9988,5.25,50.8,0.0
2508554,Logradouro,PB,65,Gama,644.29,0.1989,11.827,0.758,0.9983,6.19,54.4,0.0
2509800,Mulungu,PB,65,Log-Normal,566.32,0.2156,11.827,0.758,0.9988,5.91,51.1,0.0
2511608,Pilões,PB,65,Gumbel,627.32,0.1821,11.827,0.758,0.9988,5.62,53.6,0.0
2511707,Pilõezinhos,PB,65,Log-Normal,558.51,0.2604,11.827,0.758,0.9988,7.17,54.4,0.0
2511806,Pirpirituba,PB,65,Weibull,641.84,0.1998,11.827,0.758,0.998,6.18,54.1,0.0
2512747,Riachão,PB,65,Weibull,639.05,0.1645,11.827,0.758,0.9984,5.25,51.9,0.0
2515609,Serra da Raiz,PB,65,Weibull,639.49,0.1753,11.827,0.758,0.9983,5.52,52.3,0.0
2515906,Serraria,PB,65,Gumbel,627.32,0.1821,11.827,0.758,0.9988,5.62,53.6,0.0
2515930,Sertãozinho,PB,65,Weibull,622.43,0.2012,11.827,0.758,0.9981,6.03,52.9,0.0
2516003,Solânea,PB,65,Gama,577.21,0.196,11.827,0.758,0.9984,5.48,49.3,0.0
2516409,Tacima,PB,65,Gama,602.1,0.1833,11.827,0.758,0.9985,5.4,50.9,0.0
2506905,Itabaiana,PB,65,Gama,612.61,0.1777,11.827,0.758,0.9985,5.35,50.5,0.0
2509404,Mogeiro,PB,65,Weibull,529.0,0.1647,11.827,0.758,0.9985,4.36,44.3,0.0
2509909,Natuba,PB,65,Gumbel,541.71,0.1716,11.827,0.758,0.9989,4.63,47.1,0.0
2513109,Salgado de São Félix,PB,65,GEV,531.68,0.2001,11.827,0.758,0.9989,5.18,47.4,0.0
2503803,Caldas Brandão,PB,65,GEV,573.39,0.2086,11.827,0.758,0.9989,5.81,51.5,0.0
2506400,Gurinhém,PB,65,Gama,537.36,0.2127,11.827,0.758,0.9983,5.51,48.2,0.0
2507606,Juarez Távora,PB,65,Gama,532.0,0.1888,11.827,0.758,0.9986,4.9,46.2,0.0
2500536,Alcantil,PB,65,Log-Normal,390.75,0.2604,11.827,0.758,0.9985,5.0,36.7,0.0
2501351,Assunção,PB,65,Weibull,501.9,0.1354,11.827,0.758,0.9989,3.63,41.3,0.0
2501575,Barra de Santana,PB,65,Log-Normal,428.74,0.1996,11.827,0.758,0.9987,4.15,37.0,0.0
2501708,Barra de São Miguel,PB,65,Gumbel,454.47,0.1979,11.827,0.758,0.9985,4.36,38.7,0.0
2502508,Boqueirão,PB,65,Gumbel,446.75,0.1992,11.827,0.758,0.9985,4.31,37.9,0.0
2503100,Cabaceiras,PB,65,GEV,482.25,0.2074,11.827,0.758,0.9986,4.84,41.5,0.0
2504074,Caraúbas,PB,65,Weibull,515.92,0.1663,11.827,0.758,0.9983,4.27,41.3,0.0
2504355,Caturité,PB,65,GEV,412.29,0.2206,11.827,0.758,0.9988,4.41,37.2,0.0
2505006,Cubati,PB,65,Gumbel,454.05,0.1884,11.827,0.758,0.9987,4.18,38.1,0.0
2506509,Gurjão,PB,65,Gumbel,548.27,0.1982,11.827,0.758,0.9985,5.27,46.1,0.0
2507705,Juazeirinho,PB,65,Weibull,530.5,0.1328,11.827,0.758,0.9986,3.78,41.2,0.0
2507804,Junco do Seridó,PB,65,Gama,485.95,0.1002,11.827,0.758,0.9991,3.0,38.4,0.0
2512788,Riacho de Santo Antônio,PB,65,Gama,422.34,0.2071,11.827,0.758,0.9981,4.21,35.7,0.0
2513851,Santo André,PB,65,Weibull,636.86,0.1457,11.827,0.758,0.9984,4.8,49.1,0.0
2513943,São Domingos do Cariri,PB,65,Log-Normal,538.06,0.173,11.827,0.758,0.9986,4.61,43.5,0.0
2514008,São João do Cariri,PB,65,Log-Normal,573.43,0.207,11.827,0.758,0.9985,5.74,48.7,0.0
2515401,São Vicente do Seridó,PB,65,Normal,496.76,0.1133,11.827,0.758,0.9988,3.25,37.3,0.0
2516508,Taperoá,PB,65,Gama,591.74,0.1639,11.827,0.758,0.9986,4.87,48.5,0.0
2516755,Tenório,PB,65,Gumbel,512.32,0.1779,11.827,0.758,0.9988,4.5,43.5,0.0
2501534,Baraúna,PB,65,Log-Normal,489.24,0.1683,11.827,0.758,0.9989,4.12,41.5,0.0
2506202,Frei Martinho,PB,65,GEV,498.69,0.1709,11.827,0.758,0.9988,4.24,42.0,0.0
2510303,Nova Palmeira,PB,65,Log-Normal,459.52,0.1252,11.827,0.758,0.999,3.18,37.0,0.0
2511103,Pedra Lavrada,PB,65,Weibull,494.45,0.1391,11.827,0.758,0.9986,3.62,38.7,0.0
2511400,Picuí,PB,65,Gumbel,496.65,0.175,11.827,0.758,0.9989,4.31,42.5,0.0
2503902,Camalaú,PB,65,Log-Normal,551.4,0.1245,11.827,0.758,0.9988,3.79,42.5,0.0
2509701,Monteiro,PB,65,Weibull,596.96,0.121,11.827,0.758,0.9988,4.04,46.5,0.0
2510600,Ouro Velho,PB,65,Weibull,604.3,0.1432,11.827,0.758,0.9986,4.51,47.6,0.0
2512200,Prata,PB,65,Weibull,604.3,0.1432,11.827,0.758,0.9986,4.51,47.6,0.0
2514107,São João do Tigre,PB,65,GEV,558.04,0.1434,11.827,0.758,0.9987,4.18,44.6,0.0
2515203,São Sebastião do Umbuzeiro,PB,65,Weibull,576.96,0.1274,11.827,0.758,0.9986,4.01,44.1,0.0
2517407,Zabelê,PB,65,Log-Normal,585.61,0.1381,11.827,0.758,0.9988,4.29,46.6,0.0
2513000,Salgadinho,PB,65,Weibull,498.68,0.1222,11.827,0.758,0.9989,3.4,40.4,0.0
2513406,Santa Luzia,PB,65,Gumbel,486.16,0.1552,11.827,0.758,0.9991,3.86,41.6,0.0
2514701,São José do Sabugi,PB,65,Log-Normal,577.08,0.132,11.827,0.758,0.9989,4.11,45.7,0.0
2514909,São Mamede,PB,65,Log-Normal,631.68,0.1484,11.827,0.758,0.9989,4.85,52.0,0.0
2517100,Várzea,PB,65,Gumbel,554.75,0.1589,11.827,0.758,0.999,4.48,47.6,0.0
2500734,Amparo,PB,65,Gumbel,570.36,0.1866,11.827,0.758,0.9987,5.21,48.0,0.0
2504702,Congo,PB,65,Weibull,578.8,0.138,11.827,0.758,0.9985,4.22,44.5,0.0
2504850,Coxixola,PB,65,Gama,565.14,0.1705,11.827,0.758,0.9985,4.78,45.7,0.0
2508505,Livramento,PB,65,GEV,568.81,0.1997,11.827,0.758,0.9987,5.51,48.9,0.0
2510659,Parari,PB,65,Log-Normal,660.04,0.1764,11.827,0.758,0.9986,5.74,53.7,0.0
2514800,São José dos Cordeiros,PB,65,GEV,594.74,0.174,11.827,0.758,0.9985,5.11,48.5,0.0
2515500,Serra Branca,PB,65,Gama,588.68,0.1523,11.827,0.758,0.9987,4.59,47.8,0.0
2516300,Sumé,PB,65,Log-Normal,600.63,0.1392,11.827,0.758,0.9987,4.41,46.9,0.0
2514453,São José dos Ramos,PB,65,Log-Normal,560.65,0.1903,11.827,0.758,0.9988,5.21,48.4,0.0
2500601,Alhandra,PB,65,Weibull,909.01,0.1575,11.827,0.758,0.9985,7.24,73.2,0.0
2501807,Bayeux,PB,65,Gama,927.27,0.1638,11.827,0.758,0.9987,7.63,77.5,0.0
2503001,Caaporã,PB,65,Gumbel,858.09,0.1815,11.827,0.758,0.9988,7.66,73.5,0.0
2503209,Cabedelo,PB,65,Log-Normal,947.11,0.2162,11.827,0.758,0.9987,9.91,84.2,0.0
2504603,Conde,PB,65,Weibull,983.07,0.1615,11.827,0.758,0.9985,7.98,80.4,0.0
2504900,Cruz do Espírito Santo,PB,65,Gumbel,667.94,0.184,11.827,0.758,0.9987,6.03,57.0,0.0
2505238,Cuité de Mamanguape,PB,65,Weibull,705.23,0.1838,11.827,0.758,0.998,6.31,56.4,0.0
2507507,João Pessoa,PB,65,Log-Normal,934.88,0.2039,11.827,0.758,0.9988,9.26,82.9,0.0
2507903,Juripiranga,PB,65,Weibull,671.36,0.1964,11.827,0.758,0.9981,6.37,56.7,0.0
2508604,Lucena,PB,65,Gama,962.7,0.1916,11.827,0.758,0.9983,8.96,80.0,0.0
2509107,Mari,PB,65,Weibull,616.48,0.1828,11.827,0.758,0.9983,5.51,51.3,0.0
2511202,Pedras de Fogo,PB,65,Gama,845.38,0.1663,11.827,0.758,0.9986,7.03,69.7,0.0
2511509,Pilar,PB,65,GEV,590.7,0.2105,11.827,0.758,0.9989,6.04,53.2,0.0
2511905,Pitimbu,PB,65,GEV,870.97,0.1744,11.827,0.758,0.9989,7.54,74.6,0.0
2512762,Riachão do Poço,PB,65,GEV,573.39,0.2086,11.827,0.758,0.9989,5.81,51.5,0.0
2513703,Santa Rita,PB,65,Gumbel,838.83,0.1821,11.827,0.758,0.9988,7.51,71.6,0.0
2515005,São Miguel de Taipu,PB,65,GEV,590.7,0.2105,11.827,0.758,0.9989,6.04,53.2,0.0
2515302,Sapé,PB,65,GEV,640.68,0.1786,11.827,0.758,0.9988,5.64,54.4,0.0
2515971,Sobrado,PB,65,Gumbel,618.38,0.1816,11.827,0.758,0.9988,5.52,53.1,0.0
2501401,Baía da Traição,PB,65,Gumbel,839.66,0.1885,11.827,0.758,0.9987,7.73,71.4,0.0
2504033,Capim,PB,65,Gama,750.98,0.1908,11.827,0.758,0.9983,6.96,61.6,0.0
2505279,Curral de Cima,PB,65,Log-Normal,577.2,0.2323,11.827,0.758,0.9987,6.5,52.5,0.0
2507101,Itapororoca,PB,65,Log-Normal,596.68,0.2223,11.827,0.758,0.9987,6.42,54.0,0.0
2507309,Jacaraú,PB,65,Log-Normal,628.93,0.2155,11.827,0.758,0.999,6.58,58.4,0.0
2508901,Mamanguape,PB,65,Gama,773.7,0.1979,11.827,0.758,0.9982,7.4,64.4,0.0
2509057,Marcação,PB,65,GEV,787.39,0.2098,11.827,0.758,0.9988,8.01,69.8,0.0
2509305,Mataraca,PB,65,GEV,729.26,0.2402,11.827,0.758,0.9991,8.56,69.2,0.0
2512721,Pedro Régis,PB,65,Gumbel,591.71,0.1799,11.827,0.758,0.9988,5.25,50.8,0.0
2512903,Rio Tinto,PB,65,GEV,787.39,0.2098,11.827,0.758,0.9988,8.01,69.8,0.0
2500700,São João do Rio do Peixe,PB,65,Weibull,778.04,0.1233,11.827,0.758,0.9988,5.32,62.1,0.0
2502201,Bom Jesus,PB,65,Weibull,755.49,0.1317,11.827,0.758,0.9989,5.37,62.5,0.0
2502409,Bonito de Santa Fé,PB,65,Gama,653.4,0.1361,11.827,0.758,0.999,4.75,54.6,0.0
2503308,Cachoeira dos Índios,PB,65,Weibull,706.18,0.1191,11.827,0.758,0.9989,4.74,56.8,0.0
2503704,Cajazeiras,PB,65,Log-Normal,754.66,0.1118,11.827,0.758,0.9991,4.91,60.9,0.0
2504108,Carrapateira,PB,65,Weibull,730.26,0.1277,11.827,0.758,0.9988,5.1,58.8,0.0
2509602,Monte Horebe,PB,65,Normal,736.41,0.0948,11.827,0.758,0.9991,4.43,56.9,0.0
2512077,Poço de José de Moura,PB,65,Weibull,676.38,0.1291,11.827,0.758,0.999,4.76,56.1,0.0
2513307,Santa Helena,PB,65,GEV,671.61,0.166,11.827,0.758,0.9993,5.63,60.5,0.0
2514503,São José de Piranhas,PB,65,Gumbel,708.55,0.1462,11.827,0.758,0.9992,5.41,61.6,0.0
2515708,Serra Grande,PB,65,Weibull,647.98,0.1374,11.827,0.758,0.9989,4.73,54.3,0.0
2516805,Triunfo,PB,65,Log-Normal,651.39,0.1242,11.827,0.758,0.9991,4.5,54.2,0.0
2502003,Belém do Brejo do Cruz,PB,65,Gama,586.56,0.1733,11.827,0.758,0.9986,5.03,49.0,0.0
2502300,Bom Sucesso,PB,65,Weibull,662.08,0.117,11.827,0.758,0.999,4.41,53.9,0.0
2502805,Brejo do Cruz,PB,65,GEV,595.96,0.191,11.827,0.758,0.999,5.58,53.4,0.0
2502904,Brejo dos Santos,PB,65,Log-Normal,694.91,0.122,11.827,0.758,0.999,4.74,56.2,0.0
2504306,Catolé do Rocha,PB,65,Gama,646.15,0.166,11.827,0.758,0.9987,5.37,54.5,0.0
2507408,Jericó,PB,65,Weibull,720.42,0.1057,11.827,0.758,0.9989,4.55,55.5,0.0
2509370,Mato Grosso,PB,65,Gumbel,623.39,0.1537,11.827,0.758,0.9991,4.92,53.7,0.0
2512804,Riacho dos Cavalos,PB,65,Log-Normal,605.55,0.1757,11.827,0.758,0.9989,5.28,52.5,0.0
2513901,São Bento,PB,65,Gumbel,630.5,0.1671,11.827,0.758,0.999,5.28,54.0,0.0
2514651,São José do Brejo do Cruz,PB,65,GEV,607.83,0.1851,11.827,0.758,0.9988,5.52,52.2,0.0
2500205,Aguiar,PB,65,Log-Normal,731.57,0.1256,11.827,0.758,0.999,5.07,59.1,0.0
2502102,Boa Ventura,PB,65,Gama,649.97,0.1707,11.827,0.758,0.9988,5.53,56.7,0.0
2502607,Igaracy,PB,65,Weibull,715.43,0.0898,11.827,0.758,0.999,4.21,54.9,0.0
2504405,Conceição,PB,65,Log-Normal,643.76,0.1446,11.827,0.758,0.9991,4.88,55.1,0.0
2505303,Curral Velho,PB,65,Weibull,682.45,0.1321,11.827,0.758,0.9988,4.86,55.9,0.0
2505600,Diamante,PB,65,GEV,670.42,0.1446,11.827,0.758,0.999,5.07,56.7,0.0
2506608,Ibiara,PB,65,Weibull,669.6,0.1365,11.827,0.758,0.9988,4.86,54.8,0.0
2507002,Itaporanga,PB,65,GEV,588.15,0.2647,11.827,0.758,0.9993,7.77,59.5,0.0
2510204,Nova Olinda,PB,65,Gumbel,673.13,0.1574,11.827,0.758,0.9991,5.4,58.3,0.0
2511004,Pedra Branca,PB,65,Gumbel,694.27,0.1584,11.827,0.758,0.999,5.6,60.1,0.0
2511301,Piancó,PB,65,GEV,596.29,0.1674,11.827,0.758,0.999,5.01,52.0,0.0
2513356,Santa Inês,PB,65,Gama,662.18,0.1147,11.827,0.758,0.9991,4.37,53.8,0.0
2513505,Santana de Mangueira,PB,65,Gumbel,613.98,0.1419,11.827,0.758,0.9992,4.6,53.2,0.0
2513604,Santana dos Garrotes,PB,65,GEV,658.86,0.1548,11.827,0.758,0.999,5.23,56.5,0.0
2514305,São José de Caiana,PB,65,GEV,640.65,0.2107,11.827,0.758,0.9991,6.58,59.2,0.0
2500106,Água Branca,PB,65,Log-Normal,576.26,0.109,11.827,0.758,0.9991,3.71,46.9,0.0
2501153,Areia de Baraúnas,PB,65,Weibull,601.33,0.0873,11.827,0.758,0.999,3.5,46.2,0.0
2503407,Cacimba de Areia,PB,65,Gumbel,648.8,0.1772,11.827,0.758,0.9988,5.68,56.1,0.0
2503555,Cacimbas,PB,65,GEV,579.11,0.1882,11.827,0.758,0.9991,5.36,51.9,0.0
2504207,Catingueira,PB,65,Gumbel,652.31,0.1763,11.827,0.758,0.9989,5.69,55.8,0.0
2504801,Coremas,PB,65,Log-Normal,643.13,0.1393,11.827,0.758,0.999,4.75,52.9,0.0
2505402,Desterro,PB,65,Gumbel,629.68,0.1795,11.827,0.758,0.9988,5.57,53.8,0.0
2505501,Vista Serrana,PB,65,Log-Normal,601.4,0.1753,11.827,0.758,0.9989,5.23,51.9,0.0
2505907,Emas,PB,65,GEV,641.28,0.1756,11.827,0.758,0.9989,5.58,55.0,0.0
2506707,Imaculada,PB,65,GEV,607.07,0.1399,11.827,0.758,0.9988,4.48,49.4,0.0
2508703,Mãe d'Água,PB,65,Weibull,626.73,0.1296,11.827,0.758,0.9987,4.41,49.7,0.0
2508802,Malta,PB,65,GEV,616.98,0.173,11.827,0.758,0.9988,5.3,52.5,0.0
2509396,Maturéia,PB,65,Weibull,626.73,0.1296,11.827,0.758,0.9987,4.41,49.7,0.0
2510402,Olho d'Água,PB,65,Log-Normal,656.61,0.1,11.827,0.758,0.9991,4.05,51.6,0.0
2510709,Passagem,PB,65,Gumbel,550.36,0.1619,11.827,0.758,0.999,4.51,47.3,0.0
2510808,Patos,PB,65,Gumbel,599.84,0.1737,11.827,0.758,0.9989,5.17,51.7,0.0
2512606,Quixaba,PB,65,Gumbel,592.34,0.1721,11.827,0.758,0.9989,5.07,50.3,0.0
2513802,Santa Teresinha,PB,65,Gumbel,654.79,0.1782,11.827,0.758,0.9988,5.76,56.2,0.0
2514404,São José de Espinharas,PB,65,Log-Normal,601.75,0.1926,11.827,0.758,0.9988,5.66,52.5,0.0
2514602,São José do Bonfim,PB,65,Gama,652.17,0.1862,11.827,0.758,0.9985,5.93,55.6,0.0
2516706,Teixeira,PB,65,Gumbel,677.7,0.1852,11.827,0.758,0.9987,6.15,57.7,0.0
2503753,Cajazeirinhas,PB,65,Gumbel,602.51,0.1684,11.827,0.758,0.9989,5.08,51.8,0.0
2504504,Condado,PB,65,GEV,593.57,0.1878,11.827,0.758,0.9989,5.47,52.1,0.0
2508109,Lagoa,PB,65,Normal,689.37,0.0949,11.827,0.758,0.9991,4.15,53.3,0.0
2510907,Paulista,PB,65,GEV,628.59,0.1511,11.827,0.758,0.9988,4.88,51.9,0.0
2512101,Pombal,PB,65,Log-Normal,651.16,0.1252,11.827,0.758,0.9991,4.51,53.6,0.0
2513927,São Bentinho,PB,65,GEV,569.58,0.2117,11.827,0.758,0.9992,5.88,53.2,0.0
2513968,São Domingos,PB,65,Weibull,624.52,0.1337,11.827,0.758,0.999,4.49,53.1,0.0
2508000,Juru,PB,65,Log-Normal,610.62,0.122,11.827,0.758,0.9991,4.17,50.0,0.0
2509008,Manaíra,PB,65,Gumbel,596.91,0.1652,11.827,0.758,0.999,4.96,51.4,0.0
2512309,Princesa Isabel,PB,65,Weibull,643.45,0.1162,11.827,0.758,0.9989,4.26,50.9,0.0
2514552,São José de Princesa,PB,65,Gama,622.64,0.1455,11.827,0.758,0.9989,4.72,51.9,0.0
2516607,Tavares,PB,65,GEV,600.47,0.1355,11.827,0.758,0.999,4.36,50.4,0.0
2500775,Aparecida,PB,65,Log-Normal,604.92,0.1717,11.827,0.758,0.9992,5.2,55.1,0.0
2502052,Bernardino Batista,PB,65,GEV,577.73,0.1774,11.827,0.758,0.9993,5.11,52.8,0.0
2508406,Lastro,PB,65,Gumbel,608.86,0.1452,11.827,0.758,0.9992,4.63,52.7,0.0
2509156,Marizópolis,PB,65,Gumbel,710.26,0.1624,11.827,0.758,0.999,5.83,60.9,0.0
2510006,Nazarezinho,PB,65,Gumbel,724.61,0.1546,11.827,0.758,0.9991,5.74,62.3,0.0
2512036,Poço Dantas,PB,65,Gumbel,606.53,0.1479,11.827,0.758,0.9991,4.67,52.6,0.0
2513208,Santa Cruz,PB,65,Gumbel,627.53,0.1394,11.827,0.758,0.9992,4.65,54.3,0.0
2513653,Joca Claudino,PB,65,Weibull,607.83,0.182,11.827,0.758,0.9988,5.44,54.3,0.0
2513984,São Francisco,PB,65,Gumbel,627.27,0.1404,11.827,0.758,0.9992,4.67,54.3,0.0
2514206,São José da Lagoa Tapada,PB,65,Weibull,687.19,0.1439,11.827,0.758,0.9987,5.16,56.4,0.0
2516201,Sousa,PB,65,Gumbel,656.78,0.1603,11.827,0.758,0.999,5.34,56.4,0.0
2516904,Uiraúna,PB,65,Weibull,656.17,0.1541,11.827,0.758,0.9987,5.16,55.1,0.0
2517209,Vieirópolis,PB,65,Gumbel,627.48,0.145,11.827,0.758,0.9992,4.77,54.1,0.0
2602803,Buíque,PE,65,Log-Normal,439.58,0.1604,11.827,0.758,0.9988,3.56,35.9,0.0
2607505,Itaíba,PE,65,Normal,448.24,0.0961,11.827,0.758,0.999,2.71,34.6,0.0
2610806,Pedra,PE,65,Log-Normal,417.92,0.1766,11.827,0.758,0.9988,3.65,35.1,0.0
2615805,Tupanatinga,PE,65,Log-Normal,466.19,0.1457,11.827,0.758,0.9988,3.53,37.3,0.0
2616001,Venturosa,PE,65,Log-Normal,436.51,0.2001,11.827,0.758,0.9988,4.24,38.3,0.0
2600609,Alagoinha,PE,65,Weibull,548.77,0.1718,11.827,0.758,0.9982,4.66,44.3,0.0
2601706,Belo Jardim,PE,65,Gumbel,483.77,0.1812,11.827,0.758,0.9988,4.31,41.4,0.0
2610905,Pesqueira,PE,65,GEV,549.99,0.1585,11.827,0.758,0.9986,4.41,44.8,0.0
2611200,Poção,PE,65,Gama,552.73,0.1611,11.827,0.758,0.9987,4.49,45.3,0.0
2612406,Sanharó,PE,65,GEV,547.77,0.1242,11.827,0.758,0.9986,3.75,42.1,0.0
2613008,São Bento do Una,PE,65,GEV,423.43,0.2192,11.827,0.758,0.9991,4.52,39.2,0.0
2614709,Tacaimbó,PE,65,Gumbel,446.03,0.1721,11.827,0.758,0.9989,3.82,38.8,0.0
2600302,Agrestina,PE,65,GEV,367.7,0.2894,11.827,0.758,0.9993,5.44,38.6,0.0
2600807,Altinho,PE,65,Gumbel,432.12,0.1906,11.827,0.758,0.9987,4.02,37.1,0.0
2601300,Barra de Guabiraba,PE,65,GEV,566.96,0.2452,11.827,0.758,0.9992,6.83,55.4,0.0
2601904,Bezerros,PE,65,GEV,384.1,0.2768,11.827,0.758,0.9993,5.36,39.3,0.0
2602308,Bonito,PE,65,GEV,464.84,0.3042,11.827,0.758,0.9994,7.38,50.3,0.0
2602605,Brejo da Madre de Deus,PE,65,Weibull,505.06,0.1767,11.827,0.758,0.9981,4.38,40.4,0.0
2603108,Cachoeirinha,PE,65,Log-Normal,411.81,0.2254,11.827,0.758,0.9989,4.51,38.5,0.0
2603504,Camocim de São Félix,PE,65,GEV,347.07,0.3681,11.827,0.758,0.9995,7.46,42.9,0.0
2604106,Caruaru,PE,65,Gama,440.41,0.2,11.827,0.758,0.9983,4.26,37.8,0.0
2604908,Cumaru,PE,65,Log-Normal,484.2,0.197,11.827,0.758,0.9989,4.65,42.8,0.0
2605004,Cupira,PE,65,GEV,431.02,0.2629,11.827,0.758,0.9992,5.63,42.7,0.0
2606408,Gravatá,PE,65,Log-Normal,477.7,0.244,11.827,0.758,0.9989,5.69,45.7,0.0
2606705,Ibirajuba,PE,65,GEV,424.96,0.2511,11.827,0.758,0.9991,5.25,41.2,0.0
2608008,Jataúba,PE,65,Gama,515.13,0.1682,11.827,0.758,0.9986,4.32,42.4,0.0
2608701,Lagoa dos Gatos,PE,65,GEV,493.02,0.2428,11.827,0.758,0.9988,5.84,45.6,0.0
2610202,Panelas,PE,65,GEV,432.26,0.252,11.827,0.758,0.999,5.35,41.3,0.0
2611705,Riacho das Almas,PE,65,GEV,428.8,0.2393,11.827,0.758,0.9991,5.02,40.8,0.0
2612000,Sairé,PE,65,GEV,408.25,0.3212,11.827,0.758,0.9995,7.03,46.0,0.0
2612505,Santa Cruz do Capibaribe,PE,65,Weibull,465.98,0.1873,11.827,0.758,0.9979,4.23,37.3,0.0
2613107,São Caitano,PE,65,GEV,381.91,0.2416,11.827,0.758,0.999,4.51,36.2,0.0
2613305,São Joaquim do Monte,PE,65,GEV,374.57,0.3424,11.827,0.758,0.9995,7.13,44.3,0.0
2615003,Taquaritinga do Norte,PE,65,Weibull,488.49,0.2167,11.827,0.758,0.9978,5.07,41.5,0.0
2615409,Toritama,PE,65,Weibull,517.76,0.2072,11.827,0.758,0.9981,5.16,44.6,0.0
2600500,Águas Belas,PE,65,GEV,384.76,0.1799,11.827,0.758,0.999,3.42,33.9,0.0
2601003,Angelim,PE,65,GEV,516.58,0.1868,11.827,0.758,0.9987,4.72,43.7,0.0
2602100,Bom Conselho,PE,65,Weibull,417.46,0.1905,11.827,0.758,0.9985,3.87,36.7,0.0
2602407,Brejão,PE,65,Log-Normal,463.43,0.2228,11.827,0.758,0.9988,5.0,42.3,0.0
2603207,Caetés,PE,65,GEV,449.95,0.2023,11.827,0.758,0.9989,4.43,40.0,0.0
2603306,Calçado,PE,65,GEV,456.88,0.2203,11.827,0.758,0.999,4.89,42.1,0.0
2603702,Canhotinho,PE,65,Weibull,564.11,0.1832,11.827,0.758,0.9981,5.04,45.6,0.0
2603801,Capoeiras,PE,65,Gumbel,474.62,0.1811,11.827,0.758,0.9988,4.23,40.7,0.0
2604700,Correntes,PE,65,Weibull,604.84,0.1567,11.827,0.758,0.9985,4.8,49.3,0.0
2606002,Garanhuns,PE,65,Weibull,527.8,0.1736,11.827,0.758,0.9984,4.52,44.2,0.0
2606507,Iati,PE,65,GEV,413.39,0.1782,11.827,0.758,0.999,3.65,36.1,0.0
2608255,Jucati,PE,65,GEV,482.79,0.1783,11.827,0.758,0.9989,4.26,42.0,0.0
2608305,Jupi,PE,65,GEV,482.79,0.1783,11.827,0.758,0.9989,4.26,42.0,0.0
2608404,Jurema,PE,65,GEV,432.48,0.2764,11.827,0.758,0.9991,6.0,42.8,0.0
2608602,Lagoa do Ouro,PE,65,GEV,495.22,0.1955,11.827,0.758,0.9988,4.71,42.9,0.0
2608800,Lajedo,PE,65,GEV,434.74,0.216,11.827,0.758,0.999,4.56,40.0,0.0
2610103,Palmeirina,PE,65,Weibull,613.59,0.1442,11.827,0.758,0.9986,4.6,49.0,0.0
2610301,Paranatama,PE,65,Weibull,448.8,0.161,11.827,0.758,0.9986,3.64,36.9,0.0
2612307,Saloá,PE,65,Weibull,448.8,0.161,11.827,0.758,0.9986,3.64,36.9,0.0
2613206,São João,PE,65,Log-Normal,511.91,0.1678,11.827,0.758,0.9989,4.3,43.5,0.0
2615102,Terezinha,PE,65,Weibull,506.94,0.1606,11.827,0.758,0.9985,4.1,41.1,0.0
2613800,São Vicente Férrer,PE,65,Gumbel,541.71,0.1716,11.827,0.758,0.9989,4.63,47.1,0.0
2602209,Bom Jardim,PE,65,GEV,510.6,0.2254,11.827,0.758,0.9992,5.61,48.3,0.0
2605400,Feira Nova,PE,65,GEV,536.49,0.2078,11.827,0.758,0.999,5.42,48.5,0.0
2608107,João Alfredo,PE,65,Weibull,553.83,0.1825,11.827,0.758,0.9985,4.95,47.5,0.0
2608909,Limoeiro,PE,65,Log-Normal,505.44,0.2259,11.827,0.758,0.999,5.56,48.3,0.0
2609105,Machados,PE,65,Gama,521.44,0.199,11.827,0.758,0.9984,5.02,45.5,0.0
2609709,Orobó,PE,65,Log-Normal,483.68,0.2216,11.827,0.758,0.9989,5.2,45.0,0.0
2610509,Passira,PE,65,GEV,450.27,0.2508,11.827,0.758,0.9992,5.57,44.6,0.0
2612109,Salgadinho,PE,65,Weibull,551.43,0.1817,11.827,0.758,0.9984,4.9,46.6,0.0
2604155,Casinhas,PE,65,Gama,512.21,0.2006,11.827,0.758,0.9983,4.97,44.2,0.0
2605806,Frei Miguelinho,PE,65,Log-Normal,521.78,0.2183,11.827,0.758,0.9989,5.53,48.0,0.0
2612703,Santa Maria do Cambucá,PE,65,Gama,529.18,0.1981,11.827,0.758,0.9984,5.08,45.7,0.0
2614501,Surubim,PE,65,Log-Normal,470.87,0.2388,11.827,0.758,0.9989,5.48,44.6,0.0
2616183,Vertente do Lério,PE,65,GEV,450.16,0.2171,11.827,0.758,0.9992,4.77,42.5,0.0
2616209,Vertentes,PE,65,Weibull,518.41,0.2026,11.827,0.758,0.998,5.05,43.6,0.0
2601409,Barreiros,PE,65,GEV,741.18,0.2208,11.827,0.758,0.999,7.95,68.3,0.0
2611903,Rio Formoso,PE,65,Gumbel,818.46,0.1796,11.827,0.758,0.9988,7.25,70.6,0.0
2613404,São José da Coroa Grande,PE,65,GEV,741.18,0.2208,11.827,0.758,0.999,7.95,68.3,0.0
2614204,Sirinhaém,PE,65,Log-Normal,736.21,0.2496,11.827,0.758,0.9989,9.01,71.6,0.0
2614857,Tamandaré,PE,65,Log-Normal,785.19,0.214,11.827,0.758,0.9987,8.13,69.7,0.0
2602704,Buenos Aires,PE,65,GEV,542.45,0.2031,11.827,0.758,0.9993,5.4,51.1,0.0
2604007,Carpina,PE,65,Gumbel,603.91,0.1606,11.827,0.758,0.999,4.92,52.2,0.0
2608453,Lagoa do Carro,PE,65,Gumbel,603.91,0.1606,11.827,0.758,0.999,4.92,52.2,0.0
2608503,Lagoa de Itaenga,PE,65,Gumbel,597.45,0.1732,11.827,0.758,0.9989,5.14,51.1,0.0
2609501,Nazaré da Mata,PE,65,GEV,606.41,0.1859,11.827,0.758,0.999,5.55,53.8,0.0
2615508,Tracunhaém,PE,65,Gumbel,734.45,0.1764,11.827,0.758,0.9988,6.41,62.8,0.0
2604502,Chã Grande,PE,65,GEV,554.99,0.2583,11.827,0.758,0.9992,7.1,54.7,0.0
2600906,Amaraji,PE,65,Gama,671.34,0.1986,11.827,0.758,0.9985,6.46,59.5,0.0
2604809,Cortês,PE,65,Gumbel,716.35,0.1645,11.827,0.758,0.999,5.93,62.5,0.0
2605202,Escada,PE,65,GEV,751.73,0.1861,11.827,0.758,0.999,6.88,66.8,0.0
2611408,Primavera,PE,65,Gama,671.34,0.1986,11.827,0.758,0.9985,6.46,59.5,0.0
2611804,Ribeirão,PE,65,Log-Normal,765.35,0.2149,11.827,0.758,0.999,7.99,71.5,0.0
2611507,Quipapá,PE,65,Log-Normal,515.61,0.2407,11.827,0.758,0.9985,6.02,46.4,0.0
2600708,Aliança,PE,65,GEV,643.43,0.2168,11.827,0.758,0.999,6.78,58.8,0.0
2603603,Camutanga,PE,65,Log-Normal,577.91,0.2111,11.827,0.758,0.9988,5.91,51.6,0.0
2604601,Condado,PE,65,GEV,764.95,0.1884,11.827,0.758,0.9988,7.06,66.3,0.0
2605509,Ferreiros,PE,65,GEV,636.39,0.2284,11.827,0.758,0.999,7.07,59.2,0.0
2606200,Goiana,PE,65,GEV,853.1,0.1829,11.827,0.758,0.9989,7.68,74.6,0.0
2607653,Itambé,PE,65,GEV,733.41,0.2086,11.827,0.758,0.9989,7.43,65.9,0.0
2607802,Itaquitinga,PE,65,Weibull,834.32,0.1623,11.827,0.758,0.9986,6.8,69.5,0.0
2609006,Macaparana,PE,65,GEV,516.76,0.2238,11.827,0.758,0.9991,5.64,48.6,0.0
2615300,Timbaúba,PE,65,GEV,515.22,0.2606,11.827,0.758,0.9993,6.67,51.8,0.0
2616308,Vicência,PE,65,Log-Normal,550.38,0.2242,11.827,0.758,0.9989,5.99,51.4,0.0
2600401,Água Preta,PE,65,Gumbel,678.95,0.1747,11.827,0.758,0.9989,5.88,58.5,0.0
2601508,Belém de Maria,PE,65,GEV,536.99,0.2482,11.827,0.758,0.999,6.53,50.9,0.0
2604205,Catende,PE,65,GEV,537.13,0.2548,11.827,0.758,0.9992,6.77,53.1,0.0
2605905,Gameleira,PE,65,Gumbel,744.08,0.1681,11.827,0.758,0.9989,6.26,64.4,0.0
2607950,Jaqueira,PE,65,Gumbel,580.33,0.1957,11.827,0.758,0.9986,5.52,49.6,0.0
2608206,Joaquim Nabuco,PE,65,Gumbel,704.91,0.1699,11.827,0.758,0.9989,5.98,61.3,0.0
2609204,Maraial,PE,65,GEV,562.44,0.255,11.827,0.758,0.999,7.07,54.3,0.0
2610004,Palmares,PE,65,GEV,540.11,0.2482,11.827,0.758,0.9993,6.61,53.8,0.0
2612901,São Benedito do Sul,PE,65,Gumbel,562.34,0.2037,11.827,0.758,0.9984,5.54,47.5,0.0
2616506,Xexéu,PE,65,GEV,590.48,0.2358,11.827,0.758,0.999,6.79,55.4,0.0
2610608,Paudalho,PE,65,GEV,845.57,0.1085,11.827,0.758,0.9988,5.4,65.6,0.0
2604403,Chã de Alegria,PE,65,Gumbel,679.26,0.1705,11.827,0.758,0.9989,5.78,58.1,0.0
2606101,Glória do Goitá,PE,65,GEV,606.98,0.1844,11.827,0.758,0.9989,5.5,52.5,0.0
2611309,Pombos,PE,65,GEV,532.74,0.2488,11.827,0.758,0.999,6.5,50.9,0.0
2616407,Vitória de Santo Antão,PE,65,Gumbel,662.33,0.1835,11.827,0.758,0.9988,5.97,56.8,0.0
2600054,Abreu e Lima,PE,65,Weibull,927.77,0.1386,11.827,0.758,0.9987,6.79,74.3,0.0
2601052,Araçoiaba,PE,65,Gama,850.85,0.1651,11.827,0.758,0.9987,7.04,71.4,0.0
2602902,Cabo de Santo Agostinho,PE,65,Weibull,841.17,0.142,11.827,0.758,0.9986,6.25,66.9,0.0
2603454,Camaragibe,PE,65,Weibull,883.23,0.1537,11.827,0.758,0.9987,6.93,73.5,0.0
2606804,Igarassu,PE,65,Weibull,1005.68,0.1354,11.827,0.758,0.9987,7.26,80.5,0.0
2607208,Ipojuca,PE,65,Weibull,833.48,0.1852,11.827,0.758,0.9984,7.53,71.3,0.0
2607604,Ilha de Itamaracá,PE,65,Log-Normal,880.44,0.1641,11.827,0.758,0.999,7.28,76.2,0.0
2607752,Itapissuma,PE,65,GEV,880.27,0.1498,11.827,0.758,0.9988,6.8,73.0,0.0
2607901,Jaboatão dos Guararapes,PE,65,Gumbel,884.68,0.1645,11.827,0.758,0.999,7.33,76.6,0.0
2609402,Moreno,PE,65,Weibull,807.51,0.1368,11.827,0.758,0.9988,5.87,66.4,0.0
2609600,Olinda,PE,65,Weibull,978.34,0.1588,11.827,0.758,0.9987,7.86,82.1,0.0
2610707,Paulista,PE,65,Weibull,981.13,0.1491,11.827,0.758,0.9987,7.54,80.9,0.0
2611606,Recife,PE,65,GEV,902.73,0.1791,11.827,0.758,0.9991,8.02,80.8,0.0
2613701,São Lourenço da Mata,PE,65,Gama,740.37,0.1411,11.827,0.758,0.999,5.5,62.1,0.0
2600104,Afogados da Ingazeira,PE,65,Weibull,577.85,0.1051,11.827,0.758,0.999,3.64,46.0,0.0
2602506,Brejinho,PE,65,Log-Normal,627.98,0.1411,11.827,0.758,0.9989,4.67,51.1,0.0
2603900,Carnaíba,PE,65,Weibull,547.22,0.1361,11.827,0.758,0.9988,3.97,45.0,0.0
2606903,Iguaracy,PE,65,Weibull,576.69,0.1425,11.827,0.758,0.9987,4.3,47.2,0.0
2607109,Ingazeira,PE,65,Gumbel,534.52,0.1665,11.827,0.758,0.999,4.47,45.9,0.0
2607703,Itapetim,PE,65,Gumbel,626.17,0.1774,11.827,0.758,0.9988,5.49,53.5,0.0
2611533,Quixaba,PE,65,GEV,574.17,0.1127,11.827,0.758,0.999,3.75,46.5,0.0
2612802,Santa Terezinha,PE,65,Weibull,584.35,0.1408,11.827,0.758,0.9987,4.32,46.9,0.0
2613602,São José do Egito,PE,65,Weibull,564.5,0.1306,11.827,0.758,0.9987,3.98,44.4,0.0
2614402,Solidão,PE,65,Normal,586.1,0.0882,11.827,0.758,0.9991,3.43,45.7,0.0
2614600,Tabira,PE,65,Gumbel,499.99,0.1579,11.827,0.758,0.9991,4.02,42.8,0.0
2615904,Tuparetama,PE,65,Log-Normal,549.3,0.1266,11.827,0.758,0.9991,3.83,45.4,0.0
2601102,Araripina,PE,65,GEV,472.73,0.1706,11.827,0.758,0.999,4.03,41.0,0.0
2602001,Bodocó,PE,65,Gumbel,539.47,0.1685,11.827,0.758,0.9989,4.55,46.3,0.0
2605301,Exu,PE,65,Weibull,666.12,0.143,11.827,0.758,0.9986,4.97,52.8,0.0
2606309,Granito,PE,65,Normal,613.05,0.0941,11.827,0.758,0.9991,3.68,47.4,0.0
2607307,Ipubi,PE,65,Gama,517.81,0.1426,11.827,0.758,0.9989,3.87,42.8,0.0
2609907,Ouricuri,PE,65,Gama,530.44,0.1229,11.827,0.758,0.999,3.63,42.9,0.0
2612455,Santa Cruz,PE,65,Gumbel,497.69,0.153,11.827,0.758,0.9991,3.92,42.8,0.0
2612554,Santa Filomena,PE,65,Gumbel,477.79,0.146,11.827,0.758,0.9992,3.65,41.6,0.0
2614303,Moreilândia,PE,65,Weibull,727.84,0.1174,11.827,0.758,0.9988,4.84,56.6,0.0
2615607,Trindade,PE,65,GEV,517.59,0.1306,11.827,0.758,0.9988,3.66,41.5,0.0
2601201,Arcoverde,PE,65,Gama,546.17,0.1624,11.827,0.758,0.9985,4.45,43.6,0.0
2605103,Custódia,PE,65,Gumbel,455.79,0.162,11.827,0.758,0.999,3.73,39.2,0.0
2606606,Ibimirim,PE,65,GEV,429.83,0.1955,11.827,0.758,0.9989,4.1,37.7,0.0
2607000,Inajá,PE,65,Weibull,474.17,0.1383,11.827,0.758,0.9986,3.46,36.9,0.0
2609154,Manari,PE,65,GEV,437.88,0.1429,11.827,0.758,0.9987,3.27,35.3,0.0
2614105,Sertânia,PE,65,Log-Normal,518.21,0.1518,11.827,0.758,0.9987,4.04,41.5,0.0
2604304,Cedro,PE,65,Gama,698.3,0.137,11.827,0.758,0.999,5.1,58.0,0.0
2610400,Parnamirim,PE,65,Normal,624.45,0.0915,11.827,0.758,0.9991,3.71,48.5,0.0
2612208,Salgueiro,PE,65,GEV,556.85,0.1561,11.827,0.758,0.9987,4.42,45.6,0.0
2614006,Serrita,PE,65,GEV,615.33,0.1514,11.827,0.758,0.9988,4.78,50.5,0.0
2616100,Verdejante,PE,65,Gumbel,595.13,0.1738,11.827,0.758,0.9989,5.14,50.9,0.0
2601805,Betânia,PE,65,Weibull,534.39,0.12,11.827,0.758,0.9988,3.6,41.8,0.0
2603405,Calumbi,PE,65,Log-Normal,623.31,0.1375,11.827,0.758,0.9989,4.56,50.8,0.0
2605608,Flores,PE,65,Gumbel,505.12,0.1528,11.827,0.758,0.9991,3.97,43.8,0.0
2609303,Mirandiba,PE,65,Gama,503.99,0.1513,11.827,0.758,0.9989,3.92,42.1,0.0
2612471,Santa Cruz da Baixa Verde,PE,65,Gumbel,633.44,0.1688,11.827,0.758,0.9989,5.35,54.4,0.0
2613503,São José do Belmonte,PE,65,Gumbel,614.21,0.1731,11.827,0.758,0.9989,5.29,52.4,0.0
2613909,Serra Talhada,PE,65,Weibull,600.64,0.1222,11.827,0.758,0.9988,4.09,47.4,0.0
2615706,Triunfo,PE,65,Gumbel,614.27,0.1787,11.827,0.758,0.9988,5.42,52.2,0.0
2600203,Afrânio,PE,65,GEV,444.41,0.1892,11.827,0.758,0.9991,4.14,40.3,0.0
2605152,Dormentes,PE,65,GEV,455.48,0.1299,11.827,0.758,0.9989,3.22,37.3,0.0
2608750,Lagoa Grande,PE,65,Weibull,592.69,0.1069,11.827,0.758,0.9989,3.76,45.2,0.0
2609808,Orocó,PE,65,Weibull,598.7,0.1319,11.827,0.758,0.9989,4.26,48.9,0.0
2611101,Petrolina,PE,65,GEV,551.97,0.1613,11.827,0.758,0.9988,4.49,45.9,0.0
2612604,Santa Maria da Boa Vista,PE,65,Log-Normal,521.95,0.1473,11.827,0.758,0.999,3.99,43.4,0.0
2601607,Belém do São Francisco,PE,65,Gumbel,542.42,0.1825,11.827,0.758,0.9988,4.86,46.2,0.0
2603009,Cabrobó,PE,65,Weibull,596.93,0.1417,11.827,0.758,0.9987,4.43,48.0,0.0
2607406,Itacuruba,PE,65,Log-Normal,605.39,0.1358,11.827,0.758,0.9988,4.38,47.9,0.0
2615201,Terra Nova,PE,65,Normal,636.76,0.1041,11.827,0.758,0.9989,3.99,48.5,0.0
2603926,Carnaubeira da Penha,PE,65,Gama,546.3,0.1646,11.827,0.758,0.9987,4.51,45.4,0.0
2605707,Floresta,PE,65,Gumbel,503.58,0.1791,11.827,0.758,0.9988,4.45,42.8,0.0
2608057,Jatobá,PE,65,GEV,505.49,0.1923,11.827,0.758,0.9986,4.73,42.9,0.0
2611002,Petrolândia,PE,65,Weibull,560.7,0.1654,11.827,0.758,0.9982,4.62,44.1,0.0
2614808,Tacaratu,PE,65,Weibull,518.87,0.1715,11.827,0.758,0.9981,4.39,40.7,0.0
2200103,Agricolândia,PI,65,Gumbel,668.1,0.1497,11.827,0.758,0.9991,5.18,57.7,0.0
2200202,Água Branca,PI,65,Gama,701.66,0.129,11.827,0.758,0.9991,4.94,58.7,0.0
2200509,Amarante,PI,65,Weibull,593.7,0.1902,11.827,0.758,0.9987,5.51,53.7,0.0
2200608,Angical do Piauí,PI,65,Weibull,677.41,0.1299,11.827,0.758,0.9989,4.78,55.5,0.0
2201408,Barro Duro,PI,65,Gumbel,675.52,0.1549,11.827,0.758,0.9991,5.36,58.2,0.0
2203503,Elesbão Veloso,PI,65,Weibull,709.46,0.1166,11.827,0.758,0.9989,4.71,56.8,0.0
2204006,Francinópolis,PI,65,Log-Normal,657.73,0.1543,11.827,0.758,0.9989,5.19,55.0,0.0
2204600,Hugo Napoleão,PI,65,Gumbel,632.69,0.1578,11.827,0.758,0.9991,5.09,54.6,0.0
2205250,Jardim do Mulato,PI,65,Gama,637.54,0.1557,11.827,0.758,0.9989,5.06,54.2,0.0
2205540,Lagoinha do Piauí,PI,65,Gumbel,668.1,0.1497,11.827,0.758,0.9991,5.18,57.7,0.0
2206308,Miguel Leão,PI,65,GEV,701.86,0.1209,11.827,0.758,0.9991,4.76,58.4,0.0
2207108,Olho D'Água do Piauí,PI,65,Gumbel,674.71,0.1476,11.827,0.758,0.9991,5.19,58.4,0.0
2207504,Palmeirais,PI,65,Weibull,682.92,0.1248,11.827,0.758,0.9989,4.71,56.3,0.0
2207751,Passagem Franca do Piauí,PI,65,Gama,684.04,0.1337,11.827,0.758,0.999,4.92,56.4,0.0
2208601,Prata do Piauí,PI,65,GEV,640.15,0.1481,11.827,0.758,0.9991,4.93,55.0,0.0
2208809,Regeneração,PI,65,Weibull,638.27,0.1496,11.827,0.758,0.9988,4.92,54.1,0.0
2209450,Santo Antônio dos Milagres,PI,65,Weibull,677.41,0.1299,11.827,0.758,0.9989,4.78,55.5,0.0
2209609,São Félix do Piauí,PI,65,Weibull,692.48,0.1204,11.827,0.758,0.9989,4.68,55.6,0.0
2209807,São Gonçalo do Piauí,PI,65,Weibull,736.17,0.113,11.827,0.758,0.9989,4.81,58.2,0.0
2210383,São Miguel da Baixa Grande,PI,65,Gama,722.41,0.1114,11.827,0.758,0.9991,4.69,57.9,0.0
2210508,São Pedro do Piauí,PI,65,Gama,702.23,0.1311,11.827,0.758,0.9991,5.0,59.1,0.0
2211407,Várzea Grande,PI,65,Gumbel,637.82,0.1682,11.827,0.758,0.9989,5.37,54.7,0.0
2201051,Assunção do Piauí,PI,65,Weibull,596.59,0.1391,11.827,0.758,0.9986,4.38,47.5,0.0
2201945,Boqueirão do Piauí,PI,65,Weibull,703.2,0.0959,11.827,0.758,0.9992,4.26,57.6,0.0
2202026,Buriti dos Montes,PI,65,Log-Normal,603.49,0.2027,11.827,0.758,0.9988,5.94,53.6,0.0
2202208,Campo Maior,PI,65,Weibull,697.82,0.1128,11.827,0.758,0.999,4.56,56.8,0.0
2202604,Castelo do Piauí,PI,65,Gama,612.46,0.1115,11.827,0.758,0.9992,3.99,50.8,0.0
2202711,Cocal de Telha,PI,65,Weibull,744.56,0.0715,11.827,0.758,0.9992,4.04,57.5,0.0
2205276,Jatobá do Piauí,PI,65,Gumbel,632.96,0.1388,11.827,0.758,0.9992,4.68,54.6,0.0
2205516,Juazeiro do Piauí,PI,65,GEV,597.82,0.1264,11.827,0.758,0.999,4.16,49.3,0.0
2206753,Nossa Senhora de Nazaré,PI,65,Normal,720.55,0.0767,11.827,0.758,0.9992,4.01,57.0,0.0
2209906,São João da Serra,PI,65,Gumbel,600.26,0.1546,11.827,0.758,0.9991,4.76,51.9,0.0
2210409,São Miguel do Tapuio,PI,65,Weibull,586.35,0.1467,11.827,0.758,0.9987,4.46,48.6,0.0
2210656,Sigefredo Pacheco,PI,65,Log-Normal,648.43,0.1059,11.827,0.758,0.9991,4.11,51.9,0.0
2201002,Arraial,PI,65,GEV,602.62,0.1737,11.827,0.758,0.9991,5.22,53.4,0.0
2204105,Francisco Ayres,PI,65,Gumbel,622.37,0.155,11.827,0.758,0.9991,4.94,53.9,0.0
2202406,Capitão de Campos,PI,65,Weibull,735.38,0.0776,11.827,0.758,0.9992,4.1,57.8,0.0
2203420,Domingos Mourão,PI,65,Log-Normal,618.41,0.1296,11.827,0.758,0.999,4.37,50.8,0.0
2205573,Lagoa de São Francisco,PI,65,GEV,691.54,0.1162,11.827,0.758,0.9989,4.58,55.4,0.0
2206357,Milton Brandão,PI,65,Gumbel,615.5,0.1636,11.827,0.758,0.999,5.08,52.6,0.0
2207900,Pedro II,PI,65,GEV,654.94,0.1224,11.827,0.758,0.9989,4.46,52.6,0.0
2200301,Alto Longá,PI,65,Gumbel,604.19,0.1443,11.827,0.758,0.9992,4.57,52.4,0.0
2200400,Altos,PI,65,Weibull,699.74,0.1176,11.827,0.758,0.999,4.67,57.5,0.0
2201606,Beneditinos,PI,65,GEV,695.95,0.1087,11.827,0.758,0.999,4.46,56.1,0.0
2202737,Coivaras,PI,65,Gumbel,646.23,0.1432,11.827,0.758,0.9992,4.87,55.9,0.0
2203255,Curralinhos,PI,65,Weibull,727.02,0.0993,11.827,0.758,0.999,4.46,56.8,0.0
2203305,Demerval Lobão,PI,65,Log-Normal,680.02,0.1435,11.827,0.758,0.9991,5.13,58.2,0.0
2205508,José de Freitas,PI,65,Log-Normal,683.15,0.1009,11.827,0.758,0.9992,4.24,56.1,0.0
2205557,Lagoa Alegre,PI,65,Log-Normal,650.32,0.1449,11.827,0.758,0.9992,4.95,57.0,0.0
2205581,Lagoa do Piauí,PI,65,GEV,706.67,0.1147,11.827,0.758,0.999,4.66,57.7,0.0
2206407,Monsenhor Gil,PI,65,Weibull,706.16,0.1098,11.827,0.758,0.999,4.55,57.2,0.0
2206720,Nazária,PI,65,Weibull,727.52,0.0875,11.827,0.758,0.9991,4.24,56.2,0.0
2206951,Novo Santo Antônio,PI,65,Log-Normal,589.57,0.1433,11.827,0.758,0.9992,4.45,51.7,0.0
2207793,Pau D'Arco do Piauí,PI,65,Log-Normal,703.97,0.1064,11.827,0.758,0.9992,4.48,57.6,0.0
2211001,Teresina,PI,65,GEV,664.65,0.168,11.827,0.758,0.9992,5.62,59.5,0.0
2211100,União,PI,65,Weibull,672.26,0.1113,11.827,0.758,0.999,4.36,55.1,0.0
2200905,Aroazes,PI,65,GEV,656.86,0.1214,11.827,0.758,0.999,4.46,54.0,0.0
2201176,Barra D'Alcântara,PI,65,Log-Normal,607.69,0.1851,11.827,0.758,0.9989,5.52,53.1,0.0
2204709,Inhuma,PI,65,GEV,494.33,0.2212,11.827,0.758,0.9994,5.37,48.8,0.0
2205599,Lagoa do Sítio,PI,65,Log-Normal,555.22,0.1603,11.827,0.758,0.999,4.51,47.7,0.0
2206902,Novo Oriente do Piauí,PI,65,Weibull,619.36,0.1668,11.827,0.758,0.9985,5.15,51.9,0.0
2208106,Pimenteiras,PI,65,Gumbel,559.55,0.1745,11.827,0.758,0.9989,4.85,47.8,0.0
2209153,Santa Cruz dos Milagres,PI,65,Log-Normal,644.81,0.112,11.827,0.758,0.9991,4.2,52.1,0.0
2211308,Valença do Piauí,PI,65,Weibull,610.68,0.1872,11.827,0.758,0.9984,5.57,53.1,0.0
2201200,Barras,PI,65,Log-Normal,714.88,0.1031,11.827,0.758,0.9992,4.48,58.5,0.0
2201770,Boa Hora,PI,65,Weibull,748.99,0.0719,11.827,0.758,0.9992,4.07,58.6,0.0
2202059,Cabeceiras do Piauí,PI,65,Gumbel,716.07,0.1441,11.827,0.758,0.9992,5.42,61.6,0.0
2202174,Campo Largo do Piauí,PI,65,Gumbel,655.73,0.1319,11.827,0.758,0.9993,4.7,56.9,0.0
2206803,Nossa Senhora dos Remédios,PI,65,Weibull,685.36,0.125,11.827,0.758,0.9991,4.75,58.7,0.0
2208502,Porto,PI,65,GEV,632.9,0.1139,11.827,0.758,0.9992,4.17,53.6,0.0
2201507,Batalha,PI,65,GEV,648.38,0.1276,11.827,0.758,0.9992,4.55,55.1,0.0
2203701,Esperantina,PI,65,Gumbel,640.54,0.1413,11.827,0.758,0.9992,4.79,55.4,0.0
2205409,Joaquim Pires,PI,65,Weibull,636.57,0.1267,11.827,0.758,0.9989,4.43,52.3,0.0
2205458,Joca Marques,PI,65,Weibull,639.82,0.1239,11.827,0.758,0.9991,4.4,54.4,0.0
2205805,Luzilândia,PI,65,Log-Normal,604.98,0.1596,11.827,0.758,0.9993,4.94,55.6,0.0
2205854,Madeiro,PI,65,GEV,602.86,0.1253,11.827,0.758,0.9993,4.19,52.0,0.0
2206100,Matias Olímpio,PI,65,Gumbel,611.86,0.1251,11.827,0.758,0.9993,4.25,53.4,0.0
2206670,Morro do Chapéu do Piauí,PI,65,Gumbel,642.16,0.1492,11.827,0.758,0.9991,4.97,55.5,0.0
2209971,São João do Arraial,PI,65,Log-Normal,664.18,0.1198,11.827,0.758,0.9992,4.5,55.9,0.0
2201919,Bom Princípio do Piauí,PI,65,Normal,752.86,0.1016,11.827,0.758,0.999,4.67,57.6,0.0
2202000,Buriti dos Lopes,PI,65,GEV,633.73,0.1072,11.827,0.758,0.999,4.03,51.0,0.0
2202083,Cajueiro da Praia,PI,65,GEV,626.63,0.2242,11.827,0.758,0.9991,6.84,58.8,0.0
2202539,Caraúbas do Piauí,PI,65,GEV,574.15,0.1414,11.827,0.758,0.9989,4.27,47.9,0.0
2202653,Caxingó,PI,65,Gumbel,555.34,0.1617,11.827,0.758,0.999,4.54,47.7,0.0
2202703,Cocal,PI,65,Log-Normal,526.8,0.1987,11.827,0.758,0.999,5.11,47.9,0.0
2202729,Cocal dos Alves,PI,65,GEV,548.47,0.1442,11.827,0.758,0.9989,4.13,45.7,0.0
2204659,Ilha Grande,PI,65,Weibull,744.5,0.0937,11.827,0.758,0.9991,4.46,58.8,0.0
2205706,Luís Correia,PI,65,GEV,665.69,0.1508,11.827,0.758,0.9987,5.16,54.4,0.0
2206696,Murici dos Portelas,PI,65,Weibull,594.62,0.1227,11.827,0.758,0.999,4.07,50.0,0.0
2207702,Parnaíba,PI,65,Gama,764.7,0.0937,11.827,0.758,0.9991,4.59,60.0,0.0
2201960,Brasileira,PI,65,Log-Normal,652.8,0.1208,11.827,0.758,0.9991,4.43,53.8,0.0
2208304,Piracuruca,PI,65,Gumbel,566.05,0.1617,11.827,0.758,0.999,4.63,48.7,0.0
2208403,Piripiri,PI,65,Log-Normal,639.11,0.123,11.827,0.758,0.9991,4.39,53.2,0.0
2209872,São João da Fronteira,PI,65,Gama,557.38,0.1628,11.827,0.758,0.9987,4.56,46.3,0.0
2210052,São José do Divino,PI,65,Gama,588.23,0.1582,11.827,0.758,0.9988,4.72,49.7,0.0
2206209,Miguel Alves,PI,65,Gama,683.85,0.1354,11.827,0.758,0.9991,4.96,58.3,0.0
2202075,Cajazeiras do Piauí,PI,65,Weibull,628.28,0.1471,11.827,0.758,0.9988,4.79,52.5,0.0
2202778,Colônia do Piauí,PI,65,GEV,483.5,0.244,11.827,0.758,0.9994,5.82,48.4,0.0
2203859,Floresta do Piauí,PI,65,Gumbel,565.88,0.1569,11.827,0.758,0.9991,4.53,49.2,0.0
2207009,Oeiras,PI,65,GEV,533.74,0.2442,11.827,0.758,0.9992,6.4,51.8,0.0
2209377,Santa Rosa do Piauí,PI,65,GEV,582.48,0.194,11.827,0.758,0.999,5.53,52.2,0.0
2209500,Santo Inácio do Piauí,PI,65,GEV,466.42,0.2466,11.827,0.758,0.9995,5.72,49.0,0.0
2209955,São João da Varjota,PI,65,GEV,486.3,0.244,11.827,0.758,0.9994,5.87,49.7,0.0
2210979,Tanque do Piauí,PI,65,Gumbel,610.83,0.1721,11.827,0.758,0.9989,5.23,52.5,0.0
2200053,Acauã,PI,65,Log-Normal,496.84,0.1778,11.827,0.758,0.9989,4.37,43.1,0.0
2201739,Betânia do Piauí,PI,65,GEV,451.03,0.1642,11.827,0.758,0.9991,3.74,39.7,0.0
2202554,Caridade do Piauí,PI,65,Gama,460.06,0.1675,11.827,0.758,0.9988,3.85,39.4,0.0
2203271,Curral Novo do Piauí,PI,65,GEV,434.27,0.2046,11.827,0.758,0.9992,4.34,40.1,0.0
2205151,Jacobina do Piauí,PI,65,Gumbel,517.28,0.1506,11.827,0.758,0.9991,4.03,44.7,0.0
2207777,Patos do Piauí,PI,65,Weibull,517.76,0.1597,11.827,0.758,0.9986,4.17,43.0,0.0
2207801,Paulistana,PI,65,Weibull,526.14,0.1093,11.827,0.758,0.999,3.38,41.8,0.0
2208650,Queimada Nova,PI,65,GEV,462.53,0.1814,11.827,0.758,0.999,4.14,40.7,0.0
2210706,Simões,PI,65,Gumbel,488.03,0.1684,11.827,0.758,0.9989,4.11,42.0,0.0
2200251,Alagoinha do Piauí,PI,65,Gama,554.26,0.1496,11.827,0.758,0.9988,4.28,45.3,0.0
2200277,Alegrete do Piauí,PI,65,Gumbel,536.98,0.172,11.827,0.758,0.9989,4.6,46.0,0.0
2200954,Aroeiras do Itaim,PI,65,GEV,576.01,0.1834,11.827,0.758,0.9993,5.23,52.8,0.0
2201572,Belém do Piauí,PI,65,Normal,565.51,0.1052,11.827,0.758,0.9989,3.56,43.0,0.0
2201804,Bocaina,PI,65,Weibull,541.61,0.1333,11.827,0.758,0.9989,3.88,45.0,0.0
2202091,Caldeirão Grande do Piauí,PI,65,Gumbel,521.27,0.1725,11.827,0.758,0.9989,4.47,44.7,0.0
2202133,Campo Grande do Piauí,PI,65,Gumbel,524.16,0.1724,11.827,0.758,0.9989,4.49,44.7,0.0
2203404,Dom Expedito Lopes,PI,65,GEV,504.41,0.2192,11.827,0.758,0.9993,5.41,48.9,0.0
2204154,Francisco Macedo,PI,65,Weibull,545.96,0.1573,11.827,0.758,0.9986,4.35,45.1,0.0
2204204,Francisco Santos,PI,65,GEV,528.79,0.1381,11.827,0.758,0.999,3.88,44.2,0.0
2204303,Fronteiras,PI,65,Weibull,562.7,0.1419,11.827,0.758,0.9989,4.19,46.8,0.0
2204352,Geminiano,PI,65,Gumbel,567.34,0.1516,11.827,0.758,0.9991,4.44,49.1,0.0
2204907,Isaías Coelho,PI,65,Gumbel,564.0,0.1608,11.827,0.758,0.999,4.6,48.9,0.0
2205003,Itainópolis,PI,65,Gumbel,577.32,0.1573,11.827,0.758,0.9991,4.63,50.0,0.0
2205201,Jaicós,PI,65,Weibull,576.18,0.1284,11.827,0.758,0.9988,4.03,46.3,0.0
2205953,Marcolândia,PI,65,Gumbel,517.67,0.1639,11.827,0.758,0.999,4.28,44.7,0.0
2206050,Massapê do Piauí,PI,65,Gama,483.24,0.1641,11.827,0.758,0.9987,3.98,40.7,0.0
2206506,Monsenhor Hipólito,PI,65,Gama,561.84,0.1317,11.827,0.758,0.9989,4.0,45.6,0.0
2207207,Padre Marcos,PI,65,Gumbel,511.75,0.1662,11.827,0.758,0.999,4.27,43.8,0.0
2207553,Paquetá,PI,65,GEV,550.41,0.2108,11.827,0.758,0.9992,5.66,51.7,0.0
2208007,Picos,PI,65,Weibull,595.95,0.1818,11.827,0.758,0.9986,5.31,52.0,0.0
2208205,Pio IX,PI,65,Gama,563.12,0.153,11.827,0.758,0.9988,4.41,46.4,0.0
2209104,Santa Cruz do Piauí,PI,65,GEV,549.79,0.2092,11.827,0.758,0.9993,5.63,52.2,0.0
2209351,Santana do Piauí,PI,65,Gumbel,543.4,0.1613,11.827,0.758,0.999,4.44,46.9,0.0
2209401,Santo Antônio de Lisboa,PI,65,Weibull,541.61,0.1333,11.827,0.758,0.9989,3.88,45.0,0.0
2209856,São João da Canabrava,PI,65,Gumbel,526.03,0.1641,11.827,0.758,0.999,4.35,45.1,0.0
2210201,São José do Piauí,PI,65,GEV,523.2,0.1793,11.827,0.758,0.9991,4.65,46.7,0.0
2210300,São Julião,PI,65,Gumbel,552.52,0.173,11.827,0.758,0.9989,4.75,47.2,0.0
2210375,São Luis do Piauí,PI,65,Log-Normal,552.62,0.1312,11.827,0.758,0.9991,3.93,45.6,0.0
2210938,Sussuapara,PI,65,Gumbel,553.38,0.1599,11.827,0.758,0.999,4.49,47.6,0.0
2211506,Vera Mendes,PI,65,Gumbel,557.9,0.1597,11.827,0.758,0.999,4.52,48.3,0.0
2211605,Vila Nova do Piauí,PI,65,GEV,547.64,0.1469,11.827,0.758,0.9989,4.18,45.4,0.0
2211704,Wall Ferraz,PI,65,GEV,499.6,0.2362,11.827,0.758,0.9995,5.83,51.3,0.0
2201556,Bela Vista do Piauí,PI,65,Gumbel,559.02,0.1724,11.827,0.758,0.9989,4.79,48.0,0.0
2202109,Campinas do Piauí,PI,65,Gama,565.1,0.1725,11.827,0.758,0.9987,4.84,48.7,0.0
2202802,Conceição do Canindé,PI,65,Gumbel,555.82,0.1699,11.827,0.758,0.9989,4.72,47.9,0.0
2207306,Paes Landim,PI,65,Gama,565.43,0.1647,11.827,0.758,0.9987,4.67,47.1,0.0
2209658,São Francisco de Assis do Piauí,PI,65,GEV,500.73,0.1576,11.827,0.758,0.9991,4.03,43.9,0.0
2210805,Simplício Mendes,PI,65,Weibull,534.14,0.1935,11.827,0.758,0.9986,5.02,47.6,0.0
2210904,Socorro do Piauí,PI,65,GEV,515.43,0.2003,11.827,0.758,0.9992,5.05,47.6,0.0
2202117,Campo Alegre do Fidalgo,PI,65,Log-Normal,522.03,0.1629,11.827,0.758,0.9989,4.29,44.1,0.0
2202455,Capitão Gervásio Oliveira,PI,65,Weibull,537.84,0.1539,11.827,0.758,0.9985,4.22,43.2,0.0
2205359,João Costa,PI,65,Weibull,548.83,0.1437,11.827,0.758,0.9987,4.12,44.9,0.0
2205565,Lagoa do Barro do Piauí,PI,65,GEV,454.98,0.1838,11.827,0.758,0.9991,4.12,40.4,0.0
2207934,Pedro Laurentino,PI,65,Log-Normal,548.98,0.1574,11.827,0.758,0.999,4.4,46.6,0.0
2207959,Nova Santa Rita,PI,65,GEV,530.76,0.1862,11.827,0.758,0.9989,4.85,46.5,0.0
2208874,Ribeira do Piauí,PI,65,Gumbel,539.02,0.1562,11.827,0.758,0.9991,4.3,46.7,0.0
2210003,São João do Piauí,PI,65,GEV,537.97,0.1591,11.827,0.758,0.9989,4.34,45.4,0.0
2204808,Ipiranga do Piauí,PI,65,Weibull,530.5,0.2104,11.827,0.758,0.9986,5.4,49.1,0.0
2200459,Alvorada do Gurguéia,PI,65,Gumbel,462.39,0.1702,11.827,0.758,0.9989,3.93,39.8,0.0
2201903,Bom Jesus,PI,65,GEV,535.7,0.1138,11.827,0.758,0.9989,3.51,43.1,0.0
2202752,Colônia do Gurguéia,PI,65,Gumbel,498.89,0.1649,11.827,0.758,0.999,4.14,42.9,0.0
2203107,Cristino Castro,PI,65,Log-Normal,458.03,0.2114,11.827,0.758,0.9989,4.7,42.0,0.0
2203230,Currais,PI,65,Gumbel,502.37,0.1596,11.827,0.758,0.999,4.07,43.4,0.0
2207405,Palmeira do Piauí,PI,65,Gumbel,472.48,0.1626,11.827,0.758,0.999,3.88,40.6,0.0
2208700,Redenção do Gurguéia,PI,65,Gama,518.96,0.1131,11.827,0.758,0.9991,3.4,42.0,0.0
2209302,Santa Luz,PI,65,Log-Normal,499.0,0.1616,11.827,0.758,0.999,4.08,43.0,0.0
2201988,Brejo do Piauí,PI,65,Gumbel,529.17,0.1487,11.827,0.758,0.9991,4.09,45.6,0.0
2202307,Canto do Buriti,PI,65,Gumbel,484.38,0.1408,11.827,0.758,0.9992,3.61,42.1,0.0
2203602,Eliseu Martins,PI,65,GEV,473.08,0.1528,11.827,0.758,0.9992,3.72,41.3,0.0
2203800,Flores do Piauí,PI,65,GEV,491.7,0.2117,11.827,0.758,0.9993,5.09,47.1,0.0
2207355,Pajeú do Piauí,PI,65,GEV,483.32,0.204,11.827,0.758,0.9992,4.82,44.9,0.0
2207850,Pavussu,PI,65,Gama,523.2,0.1262,11.827,0.758,0.999,3.64,43.1,0.0
2209005,Rio Grande do Piauí,PI,65,Gumbel,539.44,0.1589,11.827,0.758,0.999,4.36,46.5,0.0
2210953,Tamboril do Piauí,PI,65,Weibull,534.55,0.1134,11.827,0.758,0.999,3.5,43.4,0.0
2201101,Avelino Lopes,PI,65,Log-Normal,515.52,0.1098,11.827,0.758,0.9991,3.33,41.6,0.0
2201309,Barreiras do Piauí,PI,65,Log-Normal,596.95,0.1332,11.827,0.758,0.9991,4.3,50.6,0.0
2202901,Corrente,PI,65,Weibull,602.23,0.0971,11.827,0.758,0.9991,3.67,48.3,0.0
2203008,Cristalândia do Piauí,PI,65,Gama,608.25,0.1442,11.827,0.758,0.999,4.59,51.3,0.0
2203206,Curimatá,PI,65,GEV,491.55,0.112,11.827,0.758,0.999,3.2,40.0,0.0
2204402,Gilbués,PI,65,Weibull,616.16,0.0996,11.827,0.758,0.999,3.79,48.7,0.0
2205524,Júlio Borges,PI,65,Normal,572.34,0.0839,11.827,0.758,0.9992,3.28,44.9,0.0
2206605,Monte Alegre do Piauí,PI,65,Log-Normal,539.7,0.1121,11.827,0.758,0.9992,3.53,44.6,0.0
2206654,Morro Cabeça no Tempo,PI,65,Gumbel,447.19,0.161,11.827,0.758,0.999,3.65,38.4,0.0
2207603,Parnaguá,PI,65,Weibull,544.62,0.1297,11.827,0.758,0.9989,3.84,44.7,0.0
2208858,Riacho Frio,PI,65,GEV,511.3,0.1281,11.827,0.758,0.999,3.59,42.6,0.0
2209203,Santa Filomena,PI,65,Log-Normal,562.96,0.1538,11.827,0.758,0.9991,4.45,49.1,0.0
2209757,São Gonçalo do Gurguéia,PI,65,Log-Normal,574.52,0.1336,11.827,0.758,0.9991,4.14,48.8,0.0
2210623,Sebastião Barros,PI,65,Log-Normal,560.4,0.1364,11.827,0.758,0.9991,4.09,47.2,0.0
2202251,Canavieira,PI,65,Log-Normal,584.99,0.1116,11.827,0.758,0.9991,3.81,47.1,0.0
2203909,Floriano,PI,65,Weibull,617.86,0.1473,11.827,0.758,0.9989,4.72,53.1,0.0
2204501,Guadalupe,PI,65,Gumbel,545.67,0.1596,11.827,0.758,0.999,4.42,47.1,0.0
2205102,Itaueira,PI,65,GEV,553.7,0.1631,11.827,0.758,0.9992,4.57,48.9,0.0
2205300,Jerumenha,PI,65,Log-Normal,556.19,0.1574,11.827,0.758,0.9992,4.47,49.1,0.0
2205607,Landri Sales,PI,65,Log-Normal,563.55,0.1445,11.827,0.758,0.9991,4.27,48.5,0.0
2206001,Marcos Parente,PI,65,GEV,538.76,0.1542,11.827,0.758,0.9992,4.28,47.8,0.0
2206704,Nazaré do Piauí,PI,65,Weibull,594.89,0.179,11.827,0.758,0.9986,5.24,52.1,0.0
2208551,Porto Alegre do Piauí,PI,65,Gumbel,535.83,0.1494,11.827,0.758,0.9991,4.15,46.3,0.0
2209708,São Francisco do Piauí,PI,65,Weibull,629.3,0.1565,11.827,0.758,0.9987,5.0,52.7,0.0
2210102,São José do Peixe,PI,65,GEV,518.05,0.2185,11.827,0.758,0.9993,5.53,49.4,0.0
2210391,São Miguel do Fidalgo,PI,65,GEV,496.76,0.2184,11.827,0.758,0.9993,5.3,47.5,0.0
2200707,Anísio de Abreu,PI,65,Weibull,613.65,0.1124,11.827,0.758,0.9988,3.99,47.1,0.0
2201929,Bonfim do Piauí,PI,65,Gumbel,568.3,0.1785,11.827,0.758,0.9988,5.01,48.4,0.0
2202505,Caracol,PI,65,Normal,564.34,0.1026,11.827,0.758,0.999,3.52,43.1,0.0
2202851,Coronel José Dias,PI,65,Gumbel,493.07,0.1753,11.827,0.758,0.9989,4.28,42.0,0.0
2203354,Dirceu Arcoverde,PI,65,Weibull,577.86,0.1408,11.827,0.758,0.9986,4.27,45.5,0.0
2203453,Dom Inocêncio,PI,65,GEV,504.09,0.1453,11.827,0.758,0.9989,3.81,41.6,0.0
2203750,Fartura do Piauí,PI,65,Weibull,584.13,0.1467,11.827,0.758,0.9986,4.44,47.3,0.0
2204550,Guaribas,PI,65,GEV,447.66,0.1938,11.827,0.758,0.9992,4.26,41.2,0.0
2205532,Jurema,PI,65,Normal,623.3,0.1078,11.827,0.758,0.9989,3.97,47.2,0.0
2209559,São Braz do Piauí,PI,65,Gama,602.15,0.1338,11.827,0.758,0.9989,4.33,48.7,0.0
2210359,São Lourenço do Piauí,PI,65,Log-Normal,544.7,0.1381,11.827,0.758,0.999,4.0,44.5,0.0
2210607,São Raimundo Nonato,PI,65,Normal,615.52,0.1011,11.827,0.758,0.999,3.81,47.1,0.0
2211357,Várzea Branca,PI,65,Gama,600.74,0.1347,11.827,0.758,0.9989,4.33,48.1,0.0
2200806,Antônio Almeida,PI,65,GEV,598.0,0.1572,11.827,0.758,0.9989,4.78,50.4,0.0
2201150,Baixa Grande do Ribeiro,PI,65,Gama,519.58,0.1391,11.827,0.758,0.999,3.83,43.2,0.0
2201705,Bertolínia,PI,65,Gumbel,508.01,0.1542,11.827,0.758,0.9991,4.02,43.9,0.0
2205904,Manoel Emídio,PI,65,GEV,472.16,0.1786,11.827,0.758,0.9989,4.17,40.9,0.0
2208908,Ribeiro Gonçalves,PI,65,Weibull,559.7,0.1368,11.827,0.758,0.9989,4.08,46.9,0.0
2210631,Sebastião Leal,PI,65,GEV,492.1,0.1763,11.827,0.758,0.9992,4.32,44.1,0.0
2211209,Uruçuí,PI,65,Gama,553.32,0.1281,11.827,0.758,0.9991,3.88,46.2,0.0
4100459,Altamira do Paraná,PR,65,Gumbel,935.14,0.1516,11.827,0.758,0.9991,7.32,80.8,0.0
4101705,Araruna,PR,65,GEV,897.08,0.142,11.827,0.758,0.999,6.7,75.2,0.0
4102505,Barbosa Ferraz,PR,65,Normal,967.77,0.0964,11.827,0.758,0.999,5.87,74.6,0.0
4103008,Boa Esperança,PR,65,Log-Normal,1006.71,0.1169,11.827,0.758,0.999,6.71,81.0,0.0
4103909,Campina da Lagoa,PR,65,Gama,965.39,0.1116,11.827,0.758,0.9991,6.28,78.3,0.0
4104303,Campo Mourão,PR,65,Log-Normal,867.01,0.1542,11.827,0.758,0.9992,6.87,75.7,0.0
4106555,Corumbataí do Sul,PR,65,Gumbel,832.59,0.1538,11.827,0.758,0.9991,6.58,72.2,0.0
4107504,Engenheiro Beltrão,PR,65,GEV,912.37,0.1439,11.827,0.758,0.999,6.88,76.8,0.0
4107553,Farol,PR,65,Normal,1054.83,0.0981,11.827,0.758,0.999,6.44,81.1,0.0
4107702,Fênix,PR,65,GEV,839.85,0.1724,11.827,0.758,0.9992,7.24,75.3,0.0
4108601,Goioerê,PR,65,Gumbel,872.82,0.1564,11.827,0.758,0.9991,6.98,75.7,0.0
4110805,Iretama,PR,65,Log-Normal,918.22,0.1388,11.827,0.758,0.9991,6.77,77.4,0.0
4112207,Janiópolis,PR,65,Log-Normal,939.31,0.1357,11.827,0.758,0.999,6.82,77.9,0.0
4112959,Juranda,PR,65,Weibull,954.98,0.1155,11.827,0.758,0.9989,6.31,76.8,0.0
4113734,Luiziana,PR,65,GEV,989.41,0.134,11.827,0.758,0.999,7.12,82.1,0.0
4114005,Mamborê,PR,65,Log-Normal,941.05,0.1253,11.827,0.758,0.9991,6.52,77.1,0.0
4116109,Moreira Sales,PR,65,GEV,856.56,0.1791,11.827,0.758,0.999,7.59,75.4,0.0
4116802,Nova Cantu,PR,65,GEV,959.95,0.0951,11.827,0.758,0.9991,5.79,77.1,0.0
4118808,Peabiru,PR,65,Weibull,919.5,0.1297,11.827,0.758,0.9989,6.48,75.8,0.0
4120655,Quarto Centenário,PR,65,Gama,886.31,0.1482,11.827,0.758,0.999,6.81,76.1,0.0
4121109,Quinta do Sol,PR,65,GEV,857.25,0.1716,11.827,0.758,0.9991,7.36,76.2,0.0
4121356,Rancho Alegre D'Oeste,PR,65,Weibull,952.95,0.1208,11.827,0.758,0.9988,6.45,75.9,0.0
4122503,Roncador,PR,65,Weibull,990.58,0.0984,11.827,0.758,0.999,6.06,78.2,0.0
4128005,Ubiratã,PR,65,Weibull,947.92,0.1234,11.827,0.758,0.999,6.5,78.3,0.0
4127205,Terra Boa,PR,65,Weibull,934.2,0.1223,11.827,0.758,0.9988,6.36,74.4,0.0
4101606,Arapoti,PR,65,GEV,637.13,0.1896,11.827,0.758,0.9993,5.96,59.6,0.0
4104659,Carambeí,PR,65,GEV,721.03,0.1901,11.827,0.758,0.9994,6.78,68.5,0.0
4104907,Castro,PR,65,Gumbel,743.77,0.1474,11.827,0.758,0.9991,5.71,64.3,0.0
4112009,Jaguariaíva,PR,65,GEV,661.0,0.201,11.827,0.758,0.9994,6.55,64.4,0.0
4117701,Palmeira,PR,65,Log-Normal,742.57,0.1548,11.827,0.758,0.9992,5.9,65.2,0.0
4119400,Piraí do Sul,PR,65,Log-Normal,709.33,0.1578,11.827,0.758,0.9993,5.73,63.9,0.0
4119905,Ponta Grossa,PR,65,Gama,756.43,0.163,11.827,0.758,0.9989,6.21,66.0,0.0
4126306,Sengés,PR,65,GEV,658.31,0.2079,11.827,0.758,0.9994,6.73,64.2,0.0
4110078,Imbaú,PR,65,Gama,740.07,0.1874,11.827,0.758,0.9987,6.78,65.8,0.0
4117305,Ortigueira,PR,65,Weibull,705.41,0.1179,11.827,0.758,0.999,4.71,57.4,0.0
4121703,Reserva,PR,65,GEV,724.27,0.1917,11.827,0.758,0.9992,6.83,66.5,0.0
4127106,Telêmaco Borba,PR,65,GEV,573.69,0.2305,11.827,0.758,0.9995,6.53,58.7,0.0
4127502,Tibagi,PR,65,GEV,670.06,0.1689,11.827,0.758,0.9993,5.71,61.5,0.0
4128534,Ventania,PR,65,Gumbel,717.52,0.1606,11.827,0.758,0.999,5.84,62.3,0.0
4103958,Campina do Simão,PR,65,Gumbel,805.94,0.144,11.827,0.758,0.9992,6.09,70.0,0.0
4104428,Candói,PR,65,GEV,834.38,0.1704,11.827,0.758,0.9992,7.13,74.5,0.0
4104451,Cantagalo,PR,65,GEV,842.36,0.1983,11.827,0.758,0.9993,8.2,79.2,0.0
4108452,Foz do Jordão,PR,65,GEV,875.83,0.1888,11.827,0.758,0.9992,8.15,80.4,0.0
4108650,Goioxim,PR,65,Weibull,914.37,0.1453,11.827,0.758,0.9988,6.91,76.6,0.0
4109401,Guarapuava,PR,65,GEV,840.28,0.172,11.827,0.758,0.9992,7.22,74.8,0.0
4110201,Inácio Martins,PR,65,Gumbel,861.54,0.1551,11.827,0.758,0.9991,6.84,75.1,0.0
4119301,Pinhão,PR,65,Log-Normal,873.98,0.2076,11.827,0.758,0.999,8.83,80.7,0.0
4121752,Reserva do Iguaçu,PR,65,Gama,927.0,0.1634,11.827,0.758,0.9989,7.62,80.0,0.0
4127965,Turvo,PR,65,Gumbel,795.5,0.1542,11.827,0.758,0.9991,6.3,68.8,0.0
4107546,Espigão Alto do Iguaçu,PR,65,GEV,821.08,0.2425,11.827,0.758,0.9995,9.86,84.6,0.0
4113304,Laranjeiras do Sul,PR,65,GEV,901.71,0.2224,11.827,0.758,0.9993,9.8,86.6,0.0
4115457,Marquinho,PR,65,Weibull,971.76,0.1631,11.827,0.758,0.9987,7.96,82.9,0.0
4117057,Nova Laranjeiras,PR,65,Log-Normal,912.6,0.2011,11.827,0.758,0.999,8.95,83.8,0.0
4120150,Porto Barreiro,PR,65,GEV,856.54,0.2217,11.827,0.758,0.9993,9.29,82.5,0.0
4120903,Quedas do Iguaçu,PR,65,GEV,935.42,0.1849,11.827,0.758,0.9993,8.56,86.3,0.0
4122156,Rio Bonito do Iguaçu,PR,65,GEV,864.62,0.227,11.827,0.758,0.9994,9.63,85.4,0.0
4128658,Virmond,PR,65,GEV,807.09,0.2393,11.827,0.758,0.9995,9.54,81.9,0.0
4105706,Clevelândia,PR,65,Gumbel,936.92,0.139,11.827,0.758,0.9992,6.93,81.2,0.0
4106456,Coronel Domingos Soares,PR,65,Gama,915.05,0.1339,11.827,0.758,0.9991,6.6,78.2,0.0
4109658,Honório Serpa,PR,65,Weibull,1066.99,0.1205,11.827,0.758,0.9989,7.22,87.1,0.0
4114401,Mangueirinha,PR,65,Log-Normal,919.42,0.1493,11.827,0.758,0.9991,7.12,79.3,0.0
4117602,Palmas,PR,65,Weibull,947.03,0.108,11.827,0.758,0.999,6.05,76.4,0.0
4103040,Boa Ventura de São Roque,PR,65,Gumbel,840.38,0.1524,11.827,0.758,0.9991,6.6,72.8,0.0
4113254,Laranjal,PR,65,Weibull,960.01,0.1506,11.827,0.758,0.9988,7.44,81.0,0.0
4115739,Mato Rico,PR,65,Gama,910.28,0.1001,11.827,0.758,0.9991,5.63,73.3,0.0
4117800,Palmital,PR,65,Gama,959.62,0.1122,11.827,0.758,0.9991,6.26,78.5,0.0
4119608,Pitanga,PR,65,Weibull,921.29,0.1581,11.827,0.758,0.9987,7.38,77.5,0.0
4123857,Santa Maria do Oeste,PR,65,Log-Normal,922.94,0.1299,11.827,0.758,0.9991,6.53,76.3,0.0
4100202,Adrianópolis,PR,65,Normal,697.29,0.0779,11.827,0.758,0.9992,3.9,55.1,0.0
4100301,Agudos do Sul,PR,65,Weibull,735.81,0.1308,11.827,0.758,0.9989,5.21,60.7,0.0
4100400,Almirante Tamandaré,PR,65,Weibull,772.77,0.1181,11.827,0.758,0.999,5.17,63.4,0.0
4101804,Araucária,PR,65,Gama,713.04,0.1203,11.827,0.758,0.9991,4.83,59.8,0.0
4102307,Balsa Nova,PR,65,Weibull,731.5,0.131,11.827,0.758,0.9989,5.19,60.9,0.0
4103107,Bocaiúva do Sul,PR,65,GEV,790.58,0.126,11.827,0.758,0.9988,5.47,63.6,0.0
4104006,Campina Grande do Sul,PR,65,GEV,907.75,0.0952,11.827,0.758,0.9989,5.46,70.0,0.0
4104105,Campo do Tenente,PR,65,Gumbel,773.06,0.1586,11.827,0.758,0.999,6.24,67.0,0.0
4104204,Campo Largo,PR,65,GEV,596.82,0.2293,11.827,0.758,0.9995,6.75,60.7,0.0
4104253,Campo Magro,PR,65,GEV,657.25,0.1839,11.827,0.758,0.9993,5.99,60.7,0.0
4105201,Cerro Azul,PR,65,Gumbel,648.26,0.1665,11.827,0.758,0.999,5.42,55.7,0.0
4105805,Colombo,PR,65,Gama,773.07,0.1526,11.827,0.758,0.9989,6.06,66.1,0.0
4106209,Contenda,PR,65,Gumbel,702.43,0.1371,11.827,0.758,0.9992,5.15,60.9,0.0
4106902,Curitiba,PR,65,Gumbel,787.22,0.1522,11.827,0.758,0.9991,6.18,67.6,0.0
4107652,Fazenda Rio Grande,PR,65,Gumbel,687.62,0.1426,11.827,0.758,0.9992,5.17,59.2,0.0
4111258,Itaperuçu,PR,65,Gumbel,714.64,0.1532,11.827,0.758,0.9991,5.63,61.6,0.0
4113205,Lapa,PR,65,GEV,711.41,0.2036,11.827,0.758,0.9993,7.09,67.0,0.0
4114302,Mandirituba,PR,65,Log-Normal,671.14,0.1157,11.827,0.758,0.9992,4.46,56.7,0.0
4119103,Piên,PR,65,Log-Normal,782.78,0.1375,11.827,0.758,0.9991,5.73,65.4,0.0
4119152,Pinhais,PR,65,GEV,736.92,0.1453,11.827,0.758,0.9992,5.61,64.3,0.0
4119509,Piraquara,PR,65,Weibull,808.88,0.1419,11.827,0.758,0.9988,6.02,67.5,0.0
4120804,Quatro Barras,PR,65,Gama,771.34,0.1673,11.827,0.758,0.9988,6.46,67.1,0.0
4121208,Quitandinha,PR,65,Gumbel,690.23,0.1456,11.827,0.758,0.9992,5.26,59.7,0.0
4122206,Rio Branco do Sul,PR,65,Log-Normal,719.12,0.1378,11.827,0.758,0.9991,5.27,60.0,0.0
4122305,Rio Negro,PR,65,Gumbel,811.25,0.1603,11.827,0.758,0.999,6.6,70.1,0.0
4125506,São José dos Pinhais,PR,65,Weibull,727.04,0.146,11.827,0.758,0.9989,5.53,62.5,0.0
4127601,Tijucas do Sul,PR,65,Gumbel,636.66,0.1426,11.827,0.758,0.9992,4.79,55.3,0.0
4127882,Tunas do Paraná,PR,65,Log-Normal,696.34,0.127,11.827,0.758,0.999,4.86,57.0,0.0
4128633,Doutor Ulysses,PR,65,Log-Normal,691.24,0.1426,11.827,0.758,0.9989,5.18,56.8,0.0
4101200,Antonina,PR,65,Log-Normal,923.45,0.1707,11.827,0.758,0.9992,7.9,82.9,0.0
4109500,Guaraqueçaba,PR,65,Weibull,1095.34,0.1179,11.827,0.758,0.9989,7.32,88.1,0.0
4109609,Guaratuba,PR,65,Weibull,1003.75,0.1572,11.827,0.758,0.9986,8.0,83.6,0.0
4115705,Matinhos,PR,65,Gumbel,1008.02,0.1648,11.827,0.758,0.999,8.36,86.6,0.0
4116208,Morretes,PR,65,GEV,807.01,0.2205,11.827,0.758,0.9993,8.7,77.5,0.0
4118204,Paranaguá,PR,65,GEV,1025.93,0.1843,11.827,0.758,0.999,9.31,90.6,0.0
4119954,Pontal do Paraná,PR,65,Gumbel,1082.69,0.1654,11.827,0.758,0.999,9.0,92.7,0.0
4120101,Porto Amazonas,PR,65,Log-Normal,764.8,0.1153,11.827,0.758,0.9992,5.07,63.2,0.0
4105508,Cianorte,PR,65,Weibull,890.69,0.131,11.827,0.758,0.9988,6.31,72.3,0.0
4109104,Guaporema,PR,65,Gumbel,803.87,0.1611,11.827,0.758,0.999,6.56,69.0,0.0
4110409,Indianópolis,PR,65,Normal,878.96,0.0961,11.827,0.758,0.999,5.32,67.8,0.0
4112405,Japurá,PR,65,Gumbel,793.42,0.1561,11.827,0.758,0.9991,6.33,67.9,0.0
4113007,Jussara,PR,65,Weibull,934.2,0.1223,11.827,0.758,0.9988,6.36,74.4,0.0
4122602,Rondon,PR,65,Weibull,879.31,0.1079,11.827,0.758,0.9989,5.61,69.0,0.0
4125555,São Manoel do Paraná,PR,65,Gama,840.67,0.1264,11.827,0.758,0.999,5.84,68.1,0.0
4126108,São Tomé,PR,65,Log-Normal,915.81,0.1092,11.827,0.758,0.9991,5.89,73.0,0.0
4126801,Tapejara,PR,65,Gumbel,800.09,0.1576,11.827,0.758,0.9991,6.43,69.2,0.0
4127908,Tuneiras do Oeste,PR,65,Gumbel,839.95,0.1663,11.827,0.758,0.999,7.01,72.5,0.0
4113502,Loanda,PR,65,Log-Normal,798.29,0.141,11.827,0.758,0.9991,5.94,67.1,0.0
4120200,Porto Rico,PR,65,Log-Normal,807.23,0.1251,11.827,0.758,0.9991,5.59,66.0,0.0
4121000,Querência do Norte,PR,65,Log-Normal,792.31,0.1451,11.827,0.758,0.999,6.01,66.7,0.0
4123303,Santa Cruz de Monte Castelo,PR,65,Gumbel,794.69,0.1592,11.827,0.758,0.999,6.43,68.4,0.0
4123709,Santa Isabel do Ivaí,PR,65,GEV,830.14,0.123,11.827,0.758,0.9989,5.68,67.5,0.0
4123956,Santa Mônica,PR,65,Weibull,826.26,0.1264,11.827,0.758,0.9989,5.73,67.1,0.0
4125902,São Pedro do Paraná,PR,65,Log-Normal,761.06,0.1355,11.827,0.758,0.9991,5.53,63.5,0.0
4106704,Cruzeiro do Sul,PR,65,Gumbel,752.35,0.1434,11.827,0.758,0.9992,5.67,65.2,0.0
4110300,Inajá,PR,65,Gumbel,737.57,0.1464,11.827,0.758,0.9992,5.64,63.8,0.0
4112603,Jardim Olinda,PR,65,Log-Normal,803.09,0.1201,11.827,0.758,0.9991,5.43,65.2,0.0
4118105,Paranacity,PR,65,Log-Normal,785.7,0.1231,11.827,0.758,0.9991,5.39,64.6,0.0
4118303,Paranapoema,PR,65,Log-Normal,789.25,0.1192,11.827,0.758,0.9991,5.32,64.2,0.0
4100608,Alto Paraná,PR,65,Log-Normal,825.91,0.1263,11.827,0.758,0.9991,5.75,69.0,0.0
4100905,Amaporã,PR,65,Weibull,933.69,0.1121,11.827,0.758,0.9989,6.07,73.1,0.0
4107108,Diamante do Norte,PR,65,Gumbel,742.38,0.157,11.827,0.758,0.9991,5.95,64.0,0.0
4108908,Guairaçá,PR,65,Gumbel,760.55,0.1524,11.827,0.758,0.9991,5.97,65.9,0.0
4111308,Itaúna do Sul,PR,65,Gumbel,779.52,0.1593,11.827,0.758,0.999,6.31,67.1,0.0
4115002,Marilena,PR,65,Log-Normal,804.66,0.1191,11.827,0.758,0.999,5.42,64.9,0.0
4115903,Mirador,PR,65,Weibull,864.54,0.1405,11.827,0.758,0.9987,6.39,70.4,0.0
4116505,Nova Aliança do Ivaí,PR,65,Log-Normal,854.07,0.1189,11.827,0.758,0.9991,5.75,69.2,0.0
4117107,Nova Londrina,PR,65,Gumbel,779.52,0.1593,11.827,0.758,0.999,6.31,67.1,0.0
4118006,Paraíso do Norte,PR,65,Log-Normal,833.41,0.1251,11.827,0.758,0.999,5.77,67.9,0.0
4118402,Paranavaí,PR,65,Gumbel,776.89,0.1618,11.827,0.758,0.999,6.36,67.1,0.0
4119707,Planaltina do Paraná,PR,65,Normal,907.06,0.0921,11.827,0.758,0.9991,5.4,70.4,0.0
4124202,Santo Antônio do Caiuá,PR,65,GEV,789.74,0.1303,11.827,0.758,0.9991,5.6,66.0,0.0
4124608,São Carlos do Ivaí,PR,65,Gumbel,787.47,0.1611,11.827,0.758,0.999,6.43,67.6,0.0
4124905,São João do Caiuá,PR,65,Gumbel,803.17,0.1628,11.827,0.758,0.999,6.6,68.8,0.0
4126702,Tamboara,PR,65,Normal,888.49,0.097,11.827,0.758,0.999,5.4,68.4,0.0
4127304,Terra Rica,PR,65,GEV,701.77,0.1926,11.827,0.758,0.9993,6.65,65.4,0.0
4100509,Altônia,PR,65,Weibull,908.47,0.1348,11.827,0.758,0.9988,6.55,73.7,0.0
4100707,Alto Piquiri,PR,65,GEV,909.68,0.1311,11.827,0.758,0.9989,6.46,74.8,0.0
4103370,Brasilândia do Sul,PR,65,Weibull,893.53,0.1447,11.827,0.758,0.9987,6.73,73.2,0.0
4103479,Cafezal do Sul,PR,65,Gama,867.12,0.1257,11.827,0.758,0.999,6.01,71.0,0.0
4105607,Cidade Gaúcha,PR,65,Gumbel,826.68,0.1637,11.827,0.758,0.999,6.82,70.9,0.0
4106605,Cruzeiro do Oeste,PR,65,GEV,875.98,0.1417,11.827,0.758,0.999,6.53,73.1,0.0
4107256,Douradina,PR,65,GEV,781.36,0.1459,11.827,0.758,0.9991,5.95,66.9,0.0
4107520,Esperança Nova,PR,65,Gumbel,851.48,0.1641,11.827,0.758,0.999,7.04,73.0,0.0
4108320,Francisco Alves,PR,65,GEV,889.31,0.146,11.827,0.758,0.999,6.77,75.1,0.0
4109906,Icaraíma,PR,65,Weibull,916.76,0.0882,11.827,0.758,0.9991,5.36,71.5,0.0
4110607,Iporã,PR,65,Gama,876.95,0.1603,11.827,0.758,0.9988,7.11,74.8,0.0
4111555,Ivaté,PR,65,Normal,923.48,0.0964,11.827,0.758,0.999,5.6,71.2,0.0
4114708,Maria Helena,PR,65,Gumbel,822.22,0.1618,11.827,0.758,0.999,6.73,71.1,0.0
4115101,Mariluz,PR,65,Gumbel,872.74,0.1634,11.827,0.758,0.999,7.19,75.3,0.0
4117206,Nova Olímpia,PR,65,Gumbel,809.42,0.1509,11.827,0.758,0.9991,6.31,70.0,0.0
4118857,Perobal,PR,65,Gama,896.81,0.1378,11.827,0.758,0.9989,6.57,74.0,0.0
4118907,Pérola,PR,65,Gama,896.83,0.1438,11.827,0.758,0.9989,6.75,74.0,0.0
4125357,São Jorge do Patrocínio,PR,65,Weibull,936.53,0.1274,11.827,0.758,0.9988,6.52,74.9,0.0
4126900,Tapira,PR,65,GEV,851.05,0.1108,11.827,0.758,0.999,5.51,68.9,0.0
4128104,Umuarama,PR,65,GEV,764.94,0.2025,11.827,0.758,0.9993,7.59,71.7,0.0
4128625,Alto Paraíso,PR,65,GEV,872.32,0.135,11.827,0.758,0.9989,6.3,71.9,0.0
4128807,Xambrê,PR,65,Gumbel,843.61,0.1662,11.827,0.758,0.999,7.04,72.6,0.0
4101408,Apucarana,PR,65,GEV,767.01,0.173,11.827,0.758,0.9993,6.65,70.3,0.0
4103206,Bom Sucesso,PR,65,Weibull,874.21,0.1337,11.827,0.758,0.9988,6.27,71.4,0.0
4103305,Borrazópolis,PR,65,GEV,840.04,0.1738,11.827,0.758,0.9991,7.28,74.5,0.0
4103503,Califórnia,PR,65,GEV,801.17,0.1785,11.827,0.758,0.9994,7.14,75.5,0.0
4103800,Cambira,PR,65,GEV,840.8,0.1539,11.827,0.758,0.9991,6.64,72.1,0.0
4112108,Jandaia do Sul,PR,65,GEV,840.05,0.1542,11.827,0.758,0.9991,6.65,72.8,0.0
4113106,Kaloré,PR,65,GEV,834.17,0.177,11.827,0.758,0.9992,7.34,75.2,0.0
4114906,Marilândia do Sul,PR,65,GEV,846.23,0.1488,11.827,0.758,0.9993,6.55,74.7,0.0
4115507,Marumbi,PR,65,Gumbel,883.07,0.1611,11.827,0.758,0.999,7.21,75.7,0.0
4115754,Mauá da Serra,PR,65,Log-Normal,852.27,0.1021,11.827,0.758,0.9992,5.32,69.1,0.0
4117297,Novo Itacolomi,PR,65,Log-Normal,873.98,0.1538,11.827,0.758,0.9991,6.9,75.1,0.0
4122107,Rio Bom,PR,65,GEV,846.19,0.1566,11.827,0.758,0.9993,6.79,75.4,0.0
4125803,São Pedro do Ivaí,PR,65,GEV,839.22,0.1744,11.827,0.758,0.9991,7.28,74.0,0.0
4101655,Arapuã,PR,65,Weibull,901.88,0.1537,11.827,0.758,0.9986,7.08,74.3,0.0
4101853,Ariranha do Ivaí,PR,65,GEV,844.65,0.1925,11.827,0.758,0.9992,7.98,77.2,0.0
4104402,Cândido de Abreu,PR,65,GEV,899.04,0.1402,11.827,0.758,0.9991,6.67,76.6,0.0
4106852,Cruzmaltina,PR,65,Gumbel,850.93,0.159,11.827,0.758,0.999,6.88,73.5,0.0
4107603,Faxinal,PR,65,Weibull,902.14,0.1062,11.827,0.758,0.999,5.72,72.6,0.0
4108551,Godoy Moreira,PR,65,Log-Normal,868.14,0.1394,11.827,0.758,0.9991,6.42,72.9,0.0
4108700,Grandes Rios,PR,65,Gumbel,848.37,0.1614,11.827,0.758,0.999,6.93,73.4,0.0
4111506,Ivaiporã,PR,65,GEV,848.14,0.189,11.827,0.758,0.9991,7.88,76.7,0.0
4112504,Jardim Alegre,PR,65,GEV,861.8,0.1801,11.827,0.758,0.9991,7.68,76.7,0.0
4113429,Lidianópolis,PR,65,GEV,849.85,0.1779,11.827,0.758,0.9991,7.5,75.8,0.0
4113759,Lunardelli,PR,65,Gumbel,873.96,0.1544,11.827,0.758,0.9991,6.92,75.5,0.0
4114500,Manoel Ribas,PR,65,Gumbel,889.71,0.1596,11.827,0.758,0.999,7.21,76.6,0.0
4122172,Rio Branco do Ivaí,PR,65,Gumbel,837.21,0.1586,11.827,0.758,0.999,6.76,72.7,0.0
4122651,Rosário do Ivaí,PR,65,GEV,775.14,0.1848,11.827,0.758,0.9992,7.08,70.9,0.0
4125001,São João do Ivaí,PR,65,Gumbel,878.04,0.1584,11.827,0.758,0.999,7.08,75.6,0.0
4100806,Alvorada do Sul,PR,65,GEV,701.95,0.157,11.827,0.758,0.9992,5.64,61.7,0.0
4101507,Arapongas,PR,65,GEV,762.1,0.1816,11.827,0.758,0.9992,6.86,69.6,0.0
4102802,Bela Vista do Paraíso,PR,65,GEV,646.37,0.2182,11.827,0.758,0.9995,6.95,65.7,0.0
4103404,Cafeara,PR,65,Log-Normal,780.46,0.1359,11.827,0.758,0.9991,5.68,65.9,0.0
4103701,Cambé,PR,65,GEV,746.56,0.2079,11.827,0.758,0.9993,7.61,71.8,0.0
4105102,Centenário do Sul,PR,65,Log-Normal,760.65,0.1387,11.827,0.758,0.9991,5.61,64.9,0.0
4108007,Florestópolis,PR,65,Gumbel,716.56,0.1464,11.827,0.758,0.9992,5.48,62.3,0.0
4109203,Guaraci,PR,65,Weibull,718.58,0.1393,11.827,0.758,0.999,5.3,61.1,0.0
4109807,Ibiporã,PR,65,Log-Normal,843.59,0.1633,11.827,0.758,0.9991,6.97,74.5,0.0
4111902,Jaguapitã,PR,65,Gumbel,707.33,0.1341,11.827,0.758,0.9992,5.12,61.4,0.0
4113700,Londrina,PR,65,GEV,710.75,0.2273,11.827,0.758,0.9995,7.96,72.2,0.0
4113809,Lupionópolis,PR,65,Log-Normal,770.14,0.1399,11.827,0.758,0.9991,5.71,65.5,0.0
4116000,Miraselva,PR,65,Gumbel,682.68,0.1417,11.827,0.758,0.9992,5.11,59.3,0.0
4119657,Pitangueiras,PR,65,Gama,705.65,0.1347,11.827,0.758,0.9991,5.11,61.2,0.0
4120002,Porecatu,PR,65,GEV,747.57,0.149,11.827,0.758,0.9991,5.77,63.6,0.0
4120333,Prado Ferreira,PR,65,Gama,679.04,0.1788,11.827,0.758,0.9989,6.0,61.7,0.0
4120507,Primeiro de Maio,PR,65,GEV,684.73,0.1943,11.827,0.758,0.9993,6.55,64.5,0.0
4122404,Rolândia,PR,65,GEV,678.96,0.1906,11.827,0.758,0.9995,6.42,66.2,0.0
4122701,Sabáudia,PR,65,Gumbel,794.41,0.1516,11.827,0.758,0.9991,6.21,69.0,0.0
4126504,Sertanópolis,PR,65,Log-Normal,749.12,0.2037,11.827,0.758,0.9992,7.46,71.5,0.0
4126678,Tamarana,PR,65,Weibull,817.84,0.1226,11.827,0.758,0.999,5.59,67.1,0.0
4101150,Ângulo,PR,65,GEV,746.69,0.1378,11.827,0.758,0.9993,5.5,65.5,0.0
4102109,Astorga,PR,65,Gumbel,752.56,0.1445,11.827,0.758,0.9992,5.7,64.9,0.0
4102208,Atalaia,PR,65,GEV,764.12,0.1183,11.827,0.758,0.9992,5.14,65.0,0.0
4107306,Doutor Camargo,PR,65,GEV,827.22,0.1194,11.827,0.758,0.999,5.57,68.0,0.0
4107801,Floraí,PR,65,Weibull,841.38,0.1015,11.827,0.758,0.999,5.22,66.3,0.0
4107900,Floresta,PR,65,Weibull,842.02,0.0979,11.827,0.758,0.999,5.14,66.1,0.0
4108106,Flórida,PR,65,Log-Normal,771.47,0.1187,11.827,0.758,0.9992,5.2,64.3,0.0
4110003,Iguaraçu,PR,65,Gama,825.4,0.1281,11.827,0.758,0.9991,5.8,69.8,0.0
4111100,Itambé,PR,65,GEV,863.86,0.1426,11.827,0.758,0.9991,6.48,73.5,0.0
4111605,Ivatuba,PR,65,GEV,827.22,0.1194,11.827,0.758,0.999,5.57,68.0,0.0
4114104,Mandaguaçu,PR,65,GEV,835.91,0.1283,11.827,0.758,0.9991,5.88,70.6,0.0
4114203,Mandaguari,PR,65,GEV,820.04,0.1485,11.827,0.758,0.999,6.32,69.8,0.0
4114807,Marialva,PR,65,GEV,854.96,0.1408,11.827,0.758,0.999,6.36,72.2,0.0
4115200,Maringá,PR,65,Normal,895.42,0.0867,11.827,0.758,0.9991,5.2,70.0,0.0
4116307,Munhoz de Melo,PR,65,GEV,733.73,0.1367,11.827,0.758,0.9992,5.37,63.6,0.0
4116901,Nova Esperança,PR,65,Gama,855.76,0.1064,11.827,0.758,0.9991,5.44,69.2,0.0
4117404,Ourizona,PR,65,Weibull,860.04,0.1063,11.827,0.758,0.999,5.45,67.7,0.0
4117503,Paiçandu,PR,65,Gumbel,786.98,0.1524,11.827,0.758,0.9991,6.18,67.6,0.0
4120408,Presidente Castelo Branco,PR,65,Gumbel,820.46,0.1541,11.827,0.758,0.9991,6.49,70.4,0.0
4123402,Santa Fé,PR,65,Gumbel,749.05,0.145,11.827,0.758,0.9992,5.69,64.5,0.0
4125308,São Jorge do Ivaí,PR,65,Weibull,852.8,0.1136,11.827,0.758,0.9989,5.58,67.4,0.0
4126256,Sarandi,PR,65,Log-Normal,903.6,0.109,11.827,0.758,0.9991,5.81,72.2,0.0
4128302,Uniflor,PR,65,Log-Normal,771.56,0.1281,11.827,0.758,0.9992,5.43,65.7,0.0
4105904,Colorado,PR,65,GEV,747.62,0.1388,11.827,0.758,0.9992,5.52,64.6,0.0
4110904,Itaguajé,PR,65,Gumbel,754.25,0.1592,11.827,0.758,0.999,6.1,65.2,0.0
4113601,Lobato,PR,65,GEV,786.08,0.1117,11.827,0.758,0.9991,5.12,65.1,0.0
4116406,Nossa Senhora das Graças,PR,65,Log-Normal,757.43,0.1285,11.827,0.758,0.9991,5.33,63.6,0.0
4123600,Santa Inês,PR,65,Gumbel,754.25,0.1592,11.827,0.758,0.999,6.1,65.2,0.0
4124509,Santo Inácio,PR,65,Gumbel,725.08,0.1544,11.827,0.758,0.9991,5.74,62.9,0.0
4117271,Nova Tebas,PR,65,Normal,972.55,0.0957,11.827,0.758,0.999,5.88,75.1,0.0
4102406,Bandeirantes,PR,65,Gama,766.82,0.1589,11.827,0.758,0.9989,6.18,65.4,0.0
4106001,Congonhinhas,PR,65,Gama,811.91,0.134,11.827,0.758,0.999,5.85,67.1,0.0
4106407,Cornélio Procópio,PR,65,GEV,711.78,0.1916,11.827,0.758,0.9994,6.74,67.6,0.0
4111001,Itambaracá,PR,65,Gumbel,746.26,0.1636,11.827,0.758,0.999,6.16,65.1,0.0
4113403,Leópolis,PR,65,Gumbel,743.82,0.151,11.827,0.758,0.9991,5.8,64.9,0.0
4116604,Nova América da Colina,PR,65,GEV,699.96,0.1925,11.827,0.758,0.9994,6.65,66.3,0.0
4117008,Nova Fátima,PR,65,Gumbel,777.7,0.1498,11.827,0.758,0.9991,6.03,67.8,0.0
4117214,Nova Santa Bárbara,PR,65,GEV,730.48,0.1502,11.827,0.758,0.9993,5.71,65.6,0.0
4121307,Rancho Alegre,PR,65,Gumbel,813.13,0.1518,11.827,0.758,0.9991,6.37,70.5,0.0
4123105,Santa Amélia,PR,65,GEV,757.0,0.1644,11.827,0.758,0.9992,6.29,66.8,0.0
4123204,Santa Cecília do Pavão,PR,65,GEV,738.19,0.1703,11.827,0.758,0.9993,6.32,67.5,0.0
4123907,Santa Mariana,PR,65,GEV,705.15,0.1859,11.827,0.758,0.9992,6.47,64.7,0.0
4124301,Santo Antônio do Paraíso,PR,65,Log-Normal,750.66,0.1483,11.827,0.758,0.9992,5.79,65.7,0.0
4124707,São Jerônimo da Serra,PR,65,GEV,776.49,0.1531,11.827,0.758,0.9991,6.12,67.5,0.0
4126009,São Sebastião da Amoreira,PR,65,GEV,754.58,0.1664,11.827,0.758,0.9992,6.33,67.7,0.0
4126207,Sapopema,PR,65,Gumbel,727.96,0.1469,11.827,0.758,0.9991,5.58,63.0,0.0
4126405,Sertaneja,PR,65,Gumbel,788.02,0.159,11.827,0.758,0.999,6.37,68.5,0.0
4128401,Uraí,PR,65,GEV,764.36,0.1533,11.827,0.758,0.9992,6.04,67.5,0.0
4106100,Conselheiro Mairinck,PR,65,Log-Normal,781.92,0.1179,11.827,0.758,0.9992,5.25,65.5,0.0
4107751,Figueira,PR,65,Gama,758.82,0.1672,11.827,0.758,0.9988,6.35,65.5,0.0
4109708,Ibaiti,PR,65,Gumbel,714.47,0.1513,11.827,0.758,0.9991,5.58,61.8,0.0
4111704,Jaboti,PR,65,GEV,728.86,0.1431,11.827,0.758,0.9992,5.49,63.1,0.0
4112306,Japira,PR,65,GEV,682.44,0.1773,11.827,0.758,0.9993,6.03,62.5,0.0
4119202,Pinhalão,PR,65,Gumbel,712.08,0.1442,11.827,0.758,0.9992,5.39,61.7,0.0
4101903,Assaí,PR,65,Log-Normal,788.57,0.1486,11.827,0.758,0.9992,6.09,68.9,0.0
4112702,Jataizinho,PR,65,Gama,820.86,0.1472,11.827,0.758,0.999,6.28,69.7,0.0
4100103,Abatiá,PR,65,Log-Normal,768.22,0.1597,11.827,0.758,0.9992,6.24,67.8,0.0
4101101,Andirá,PR,65,GEV,711.1,0.203,11.827,0.758,0.9993,7.07,66.9,0.0
4102703,Barra do Jacaré,PR,65,GEV,740.88,0.1968,11.827,0.758,0.9991,7.13,67.1,0.0
4103602,Cambará,PR,65,GEV,769.41,0.1665,11.827,0.758,0.999,6.43,66.1,0.0
4104709,Carlópolis,PR,65,Gama,825.99,0.1047,11.827,0.758,0.9992,5.21,67.5,0.0
4109005,Guapirama,PR,65,GEV,807.11,0.1407,11.827,0.758,0.9992,6.01,69.5,0.0
4111803,Jacarezinho,PR,65,GEV,723.91,0.2013,11.827,0.758,0.9992,7.13,67.4,0.0
4112801,Joaquim Távora,PR,65,Gumbel,807.23,0.1358,11.827,0.758,0.9992,5.89,70.0,0.0
4112900,Jundiaí do Sul,PR,65,Log-Normal,799.93,0.1273,11.827,0.758,0.9991,5.6,66.8,0.0
4120705,Quatiguá,PR,65,Gumbel,793.69,0.1362,11.827,0.758,0.9992,5.8,68.9,0.0
4121802,Ribeirão Claro,PR,65,GEV,755.21,0.131,11.827,0.758,0.9991,5.37,63.4,0.0
4121901,Ribeirão do Pinhal,PR,65,Gama,793.55,0.1402,11.827,0.758,0.9989,5.87,65.8,0.0
4122909,Salto do Itararé,PR,65,Normal,815.05,0.0831,11.827,0.758,0.9992,4.66,64.0,0.0
4124004,Santana do Itararé,PR,65,Normal,784.7,0.0804,11.827,0.758,0.9992,4.43,61.8,0.0
4124103,Santo Antônio da Platina,PR,65,Gumbel,754.41,0.1538,11.827,0.758,0.9991,5.96,65.0,0.0
4125407,São José da Boa Vista,PR,65,GEV,714.86,0.19,11.827,0.758,0.9993,6.7,66.4,0.0
4126603,Siqueira Campos,PR,65,GEV,786.17,0.0982,11.827,0.758,0.9991,4.81,64.4,0.0
4127809,Tomazina,PR,65,Gumbel,724.44,0.1391,11.827,0.758,0.9992,5.36,62.7,0.0
4128500,Wenceslau Braz,PR,65,Gama,764.2,0.1478,11.827,0.758,0.999,5.86,65.3,0.0
4107009,Curiúva,PR,65,Log-Normal,740.45,0.1219,11.827,0.758,0.9991,5.06,61.3,0.0
4101051,Anahy,PR,65,Weibull,898.84,0.1567,11.827,0.758,0.9988,7.17,77.6,0.0
4103057,Boa Vista da Aparecida,PR,65,Log-Normal,975.96,0.1817,11.827,0.758,0.9991,8.76,87.3,0.0
4103354,Braganey,PR,65,Weibull,1000.99,0.115,11.827,0.758,0.9989,6.6,80.5,0.0
4103453,Cafelândia,PR,65,GEV,977.15,0.1031,11.827,0.758,0.999,6.1,77.7,0.0
4104055,Campo Bonito,PR,65,GEV,931.4,0.1684,11.827,0.758,0.9993,7.89,84.1,0.0
4104600,Capitão Leônidas Marques,PR,65,GEV,899.74,0.2114,11.827,0.758,0.9993,9.3,85.4,0.0
4104808,Cascavel,PR,65,Weibull,985.43,0.1724,11.827,0.758,0.9986,8.42,84.7,0.0
4105003,Catanduvas,PR,65,Weibull,1005.65,0.1644,11.827,0.758,0.9987,8.29,86.2,0.0
4105300,Céu Azul,PR,65,Weibull,1091.65,0.1505,11.827,0.758,0.9987,8.45,91.1,0.0
4106308,Corbélia,PR,65,Gumbel,902.13,0.1536,11.827,0.758,0.9991,7.12,77.9,0.0
4107124,Diamante do Sul,PR,65,Weibull,1005.52,0.1175,11.827,0.758,0.999,6.71,81.8,0.0
4107157,Diamante D'Oeste,PR,65,Weibull,985.19,0.1731,11.827,0.758,0.9986,8.44,83.9,0.0
4109302,Guaraniaçu,PR,65,Log-Normal,924.69,0.1646,11.827,0.758,0.9991,7.68,81.9,0.0
4109757,Ibema,PR,65,Gumbel,1005.52,0.1529,11.827,0.758,0.9991,7.91,87.5,0.0
4110052,Iguatu,PR,65,Weibull,898.84,0.1567,11.827,0.758,0.9988,7.17,77.6,0.0
4113452,Lindoeste,PR,65,Weibull,1054.29,0.1503,11.827,0.758,0.9987,8.15,87.8,0.0
4115606,Matelândia,PR,65,Log-Normal,978.4,0.1756,11.827,0.758,0.9991,8.54,86.7,0.0
4116703,Nova Aurora,PR,65,Weibull,963.71,0.1215,11.827,0.758,0.9989,6.54,78.4,0.0
4121257,Ramilândia,PR,65,Weibull,984.69,0.1788,11.827,0.758,0.9986,8.67,85.9,0.0
4123824,Santa Lúcia,PR,65,Log-Normal,973.95,0.2,11.827,0.758,0.999,9.5,88.5,0.0
4124020,Santa Tereza do Oeste,PR,65,Gumbel,991.43,0.1617,11.827,0.758,0.999,8.11,85.9,0.0
4127858,Três Barras do Paraná,PR,65,GEV,958.71,0.1892,11.827,0.758,0.9993,8.97,90.0,0.0
4128559,Vera Cruz do Oeste,PR,65,Log-Normal,945.74,0.2011,11.827,0.758,0.999,9.27,86.2,0.0
4108304,Foz do Iguaçu,PR,65,Gama,1008.33,0.1356,11.827,0.758,0.9989,7.31,82.3,0.0
4110953,Itaipulândia,PR,65,GEV,870.19,0.1912,11.827,0.758,0.9994,8.22,82.3,0.0
4115804,Medianeira,PR,65,GEV,1017.0,0.155,11.827,0.758,0.999,8.07,86.9,0.0
4116059,Missal,PR,65,Weibull,984.69,0.1788,11.827,0.758,0.9986,8.67,85.9,0.0
4124053,Santa Terezinha de Itaipu,PR,65,Log-Normal,993.12,0.1353,11.827,0.758,0.999,7.19,81.6,0.0
4125704,São Miguel do Iguaçu,PR,65,GEV,906.98,0.1824,11.827,0.758,0.9992,8.2,83.0,0.0
4126355,Serranópolis do Iguaçu,PR,65,Gumbel,954.5,0.1596,11.827,0.758,0.999,7.74,81.9,0.0
4107538,Entre Rios do Oeste,PR,65,GEV,957.95,0.136,11.827,0.758,0.9992,6.98,82.2,0.0
4114609,Marechal Cândido Rondon,PR,65,Weibull,1000.44,0.1038,11.827,0.758,0.999,6.27,80.1,0.0
4115853,Mercedes,PR,65,Weibull,966.58,0.1143,11.827,0.758,0.999,6.36,78.5,0.0
4117222,Nova Santa Rosa,PR,65,Normal,1007.44,0.0895,11.827,0.758,0.9991,5.92,78.4,0.0
4118451,Pato Bragado,PR,65,GEV,993.38,0.1133,11.827,0.758,0.999,6.51,81.4,0.0
4120853,Quatro Pontes,PR,65,Normal,1025.34,0.095,11.827,0.758,0.9991,6.18,79.2,0.0
4102000,Assis Chateaubriand,PR,65,Normal,1004.59,0.0943,11.827,0.758,0.9991,6.04,77.7,0.0
4108205,Formosa do Oeste,PR,65,Weibull,931.72,0.1261,11.827,0.758,0.9989,6.46,75.5,0.0
4108809,Guaíra,PR,65,GEV,898.95,0.1698,11.827,0.758,0.9992,7.65,80.0,0.0
4110656,Iracema do Oeste,PR,65,Weibull,963.71,0.1215,11.827,0.758,0.9989,6.54,78.4,0.0
4112751,Jesuítas,PR,65,Gumbel,868.59,0.1466,11.827,0.758,0.9992,6.64,74.9,0.0
4115358,Maripá,PR,65,GEV,964.17,0.1213,11.827,0.758,0.999,6.55,78.6,0.0
4117453,Ouro Verde do Oeste,PR,65,GEV,1016.07,0.109,11.827,0.758,0.9989,6.51,80.7,0.0
4117909,Palotina,PR,65,Gumbel,910.54,0.1603,11.827,0.758,0.999,7.4,78.3,0.0
4123501,Santa Helena,PR,65,Weibull,1016.48,0.1427,11.827,0.758,0.9988,7.6,85.3,0.0
4125456,São José das Palmeiras,PR,65,Gumbel,986.53,0.1533,11.827,0.758,0.9991,7.78,85.6,0.0
4125753,São Pedro do Iguaçu,PR,65,Gumbel,980.97,0.1605,11.827,0.758,0.999,7.98,85.0,0.0
4127403,Terra Roxa,PR,65,GEV,898.95,0.1698,11.827,0.758,0.9992,7.65,80.0,0.0
4127700,Toledo,PR,65,Weibull,1026.02,0.1055,11.827,0.758,0.999,6.48,82.0,0.0
4127957,Tupãssi,PR,65,Gumbel,909.27,0.1598,11.827,0.758,0.999,7.37,77.8,0.0
4108957,Guamiranga,PR,65,Weibull,815.21,0.1793,11.827,0.758,0.9989,7.21,74.0,0.0
4120606,Prudentópolis,PR,65,Log-Normal,816.51,0.1802,11.827,0.758,0.9992,7.3,74.6,0.0
4107736,Fernandes Pinheiro,PR,65,Log-Normal,822.03,0.1897,11.827,0.758,0.9991,7.66,74.6,0.0
4110102,Imbituva,PR,65,GEV,814.92,0.1553,11.827,0.758,0.9991,6.49,71.1,0.0
4110706,Irati,PR,65,GEV,816.34,0.1787,11.827,0.758,0.9993,7.26,74.8,0.0
4113908,Mallet,PR,65,GEV,731.17,0.225,11.827,0.758,0.9992,8.04,70.1,0.0
4121505,Rebouças,PR,65,GEV,750.25,0.2239,11.827,0.758,0.9993,8.22,72.9,0.0
4122008,Rio Azul,PR,65,Gumbel,813.82,0.167,11.827,0.758,0.999,6.81,70.5,0.0
4127007,Teixeira Soares,PR,65,Log-Normal,863.78,0.164,11.827,0.758,0.999,7.14,74.4,0.0
4110508,Ipiranga,PR,65,GEV,686.63,0.192,11.827,0.758,0.9994,6.53,66.3,0.0
4111407,Ivaí,PR,65,Weibull,913.46,0.161,11.827,0.758,0.9987,7.42,77.1,0.0
4125100,São João do Triunfo,PR,65,GEV,751.9,0.1989,11.827,0.758,0.9992,7.32,69.3,0.0
4101309,Antônio Olinto,PR,65,Gumbel,780.9,0.1624,11.827,0.758,0.999,6.41,67.6,0.0
4102901,Bituruna,PR,65,Weibull,990.6,0.1528,11.827,0.758,0.9987,7.74,83.1,0.0
4106803,Cruz Machado,PR,65,Weibull,879.7,0.1831,11.827,0.758,0.9988,7.92,79.6,0.0
4108502,General Carneiro,PR,65,GEV,852.99,0.1312,11.827,0.758,0.9991,6.08,72.5,0.0
4118600,Paula Freitas,PR,65,Gumbel,841.12,0.1564,11.827,0.758,0.9991,6.72,73.0,0.0
4118709,Paulo Frontin,PR,65,GEV,706.93,0.2143,11.827,0.758,0.9993,7.41,67.8,0.0
4120309,Porto Vitória,PR,65,Gumbel,902.63,0.1462,11.827,0.758,0.9992,6.89,78.1,0.0
4125605,São Mateus do Sul,PR,65,Gumbel,768.01,0.1595,11.827,0.758,0.999,6.22,66.7,0.0
4128203,União da Vitória,PR,65,GEV,885.9,0.1693,11.827,0.758,0.9992,7.53,78.9,0.0
4103024,Boa Esperança do Iguaçu,PR,65,Gama,963.13,0.1709,11.827,0.758,0.9989,8.2,84.9,0.0
4106571,Cruzeiro do Iguaçu,PR,65,GEV,873.33,0.2282,11.827,0.758,0.9994,9.8,87.0,0.0
4107207,Dois Vizinhos,PR,65,Weibull,1025.36,0.1495,11.827,0.758,0.9988,7.9,86.3,0.0
4117255,Nova Prata do Iguaçu,PR,65,Log-Normal,943.95,0.1855,11.827,0.758,0.999,8.61,84.0,0.0
4123006,Salto do Lontra,PR,65,Log-Normal,965.97,0.1619,11.827,0.758,0.9992,7.93,85.7,0.0
4125209,São Jorge d'Oeste,PR,65,GEV,988.34,0.1683,11.827,0.758,0.9991,8.35,87.4,0.0
4101002,Ampére,PR,65,Gumbel,1068.24,0.1601,11.827,0.758,0.999,8.68,92.1,0.0
4102604,Barracão,PR,65,Gama,1126.09,0.1208,11.827,0.758,0.999,7.64,91.2,0.0
4102752,Bela Vista da Caroba,PR,65,Gumbel,1096.58,0.1567,11.827,0.758,0.9991,8.77,94.7,0.0
4103156,Bom Jesus do Sul,PR,65,GEV,1112.45,0.1297,11.827,0.758,0.9988,7.84,89.8,0.0
4104501,Capanema,PR,65,GEV,1030.29,0.1316,11.827,0.758,0.9991,7.34,86.3,0.0
4107405,Enéas Marques,PR,65,Weibull,1215.96,0.1301,11.827,0.758,0.9988,8.57,97.6,0.0
4107850,Flor da Serra do Sul,PR,65,Weibull,1094.19,0.1208,11.827,0.758,0.9989,7.4,88.5,0.0
4108403,Francisco Beltrão,PR,65,GEV,1146.13,0.1428,11.827,0.758,0.999,8.6,97.2,0.0
4114351,Manfrinópolis,PR,65,GEV,1153.83,0.1228,11.827,0.758,0.9989,7.88,93.5,0.0
4115408,Marmeleiro,PR,65,Gumbel,1020.97,0.1497,11.827,0.758,0.9991,7.92,87.9,0.0
4116950,Nova Esperança do Sudoeste,PR,65,Weibull,1214.62,0.1104,11.827,0.758,0.9989,7.84,95.4,0.0
4119004,Pérola d'Oeste,PR,65,Gumbel,1064.44,0.1451,11.827,0.758,0.9992,8.09,92.1,100.0
4119251,Pinhal de São Bento,PR,65,Gumbel,1027.53,0.1706,11.827,0.758,0.9989,8.74,88.0,0.0
4119806,Planalto,PR,65,GEV,1008.06,0.1769,11.827,0.758,0.9993,8.9,92.8,0.0
4120358,Pranchita,PR,65,Log-Normal,1073.4,0.1415,11.827,0.758,0.999,8.0,89.6,0.0
4121406,Realeza,PR,65,Normal,1051.11,0.087,11.827,0.758,0.9991,6.11,82.1,0.0
4121604,Renascença,PR,65,Gumbel,1042.84,0.1459,11.827,0.758,0.9992,7.96,90.3,0.0
4122800,Salgado Filho,PR,65,Gumbel,1097.94,0.1658,11.827,0.758,0.999,9.15,93.8,0.0
4123808,Santa Izabel do Oeste,PR,65,Log-Normal,994.2,0.1407,11.827,0.758,0.9992,7.41,86.1,0.0
4124400,Santo Antônio do Sudoeste,PR,65,Gumbel,1020.73,0.1719,11.827,0.758,0.9989,8.73,87.5,0.0
4128609,Verê,PR,65,GEV,1007.6,0.1326,11.827,0.758,0.9991,7.23,85.7,0.0
4103222,Bom Sucesso do Sul,PR,65,Normal,1111.11,0.0878,11.827,0.758,0.9991,6.49,86.7,0.0
4105409,Chopinzinho,PR,65,Gama,965.34,0.157,11.827,0.758,0.9989,7.72,83.7,0.0
4106506,Coronel Vivida,PR,65,Weibull,1081.28,0.1147,11.827,0.758,0.999,7.13,88.3,0.0
4111209,Itapejara d'Oeste,PR,65,Gama,1031.23,0.1132,11.827,0.758,0.9991,6.76,84.0,0.0
4115309,Mariópolis,PR,65,Weibull,1107.58,0.1006,11.827,0.758,0.9991,6.85,89.2,0.0
4118501,Pato Branco,PR,65,Gumbel,1038.11,0.1452,11.827,0.758,0.9992,7.89,89.6,0.0
4124806,São João,PR,65,GEV,974.9,0.181,11.827,0.758,0.9993,8.76,89.3,0.0
4126272,Saudade do Iguaçu,PR,65,Log-Normal,994.38,0.1672,11.827,0.758,0.9991,8.35,87.5,0.0
4126652,Sulina,PR,65,GEV,938.26,0.1837,11.827,0.758,0.9993,8.54,86.4,0.0
4128708,Vitorino,PR,65,GEV,1055.39,0.1292,11.827,0.758,0.9991,7.44,88.7,0.0
3300209,Araruama,RJ,65,GEV,901.16,0.1933,11.827,0.758,0.999,8.52,80.5,0.0
3300233,Armação dos Búzios,RJ,65,Gumbel,827.62,0.1719,11.827,0.758,0.9989,7.08,71.4,0.0
3300258,Arraial do Cabo,RJ,65,Log-Normal,824.71,0.1945,11.827,0.758,0.999,7.84,74.1,100.0
3300704,Cabo Frio,RJ,65,Gama,874.23,0.1742,11.827,0.758,0.9986,7.54,74.1,0.0
3301876,Iguaba Grande,RJ,65,Gumbel,840.31,0.1688,11.827,0.758,0.9989,7.09,72.8,0.0
3305208,São Pedro da Aldeia,RJ,65,Gumbel,853.95,0.1746,11.827,0.758,0.9989,7.4,73.5,0.0
3301306,Casimiro de Abreu,RJ,65,GEV,915.76,0.1898,11.827,0.758,0.999,8.53,81.7,0.0
3304524,Rio das Ostras,RJ,65,Gumbel,897.81,0.172,11.827,0.758,0.9989,7.69,77.4,0.0
3305604,Silva Jardim,RJ,65,Gumbel,993.19,0.1683,11.827,0.758,0.9989,8.37,85.3,0.0
3305505,Saquarema,RJ,65,Gumbel,914.31,0.1767,11.827,0.758,0.9988,7.99,78.5,0.0
3300506,Bom Jardim,RJ,65,Gama,663.35,0.1832,11.827,0.758,0.9986,5.95,57.2,0.0
3301108,Cantagalo,RJ,65,GEV,606.51,0.1418,11.827,0.758,0.9992,4.54,52.7,0.0
3301207,Carmo,RJ,65,Gama,651.38,0.1237,11.827,0.758,0.9991,4.48,54.4,0.0
3301504,Cordeiro,RJ,65,GEV,650.72,0.1566,11.827,0.758,0.999,5.2,55.9,0.0
3301603,Duas Barras,RJ,65,Normal,717.38,0.0914,11.827,0.758,0.9991,4.26,55.7,0.0
3302452,Macuco,RJ,65,Weibull,678.71,0.1342,11.827,0.758,0.9989,4.89,57.1,0.0
3303401,Nova Friburgo,RJ,65,GEV,684.18,0.1933,11.827,0.758,0.9992,6.49,62.6,0.0
3304607,Santa Maria Madalena,RJ,65,Gumbel,704.04,0.1564,11.827,0.758,0.9991,5.63,60.3,0.0
3305307,São Sebastião do Alto,RJ,65,Log-Normal,649.14,0.1419,11.827,0.758,0.9992,4.87,57.0,0.0
3305703,Sumidouro,RJ,65,Log-Normal,646.74,0.146,11.827,0.758,0.999,4.92,54.2,0.0
3305901,Trajano de Moraes,RJ,65,Log-Normal,673.13,0.1544,11.827,0.758,0.9993,5.36,60.7,0.0
3300225,Areal,RJ,65,Weibull,627.35,0.1195,11.827,0.758,0.9989,4.22,50.5,0.0
3300951,Comendador Levy Gasparian,RJ,65,Weibull,645.87,0.1311,11.827,0.758,0.9988,4.57,52.0,0.0
3303708,Paraíba do Sul,RJ,65,Gumbel,588.53,0.1585,11.827,0.758,0.999,4.75,50.6,0.0
3305406,Sapucaia,RJ,65,Gumbel,606.48,0.146,11.827,0.758,0.9992,4.63,52.3,0.0
3306008,Três Rios,RJ,65,GEV,615.25,0.192,11.827,0.758,0.9992,5.81,56.8,0.0
3303906,Petrópolis,RJ,65,Weibull,716.51,0.1188,11.827,0.758,0.9989,4.81,58.2,0.0
3305158,São José do Vale do Rio Preto,RJ,65,Gama,683.48,0.1412,11.827,0.758,0.9989,5.08,56.3,0.0
3305802,Teresópolis,RJ,65,Gumbel,673.96,0.1665,11.827,0.758,0.999,5.63,58.2,0.0
3300803,Cachoeiras de Macacu,RJ,65,GEV,885.64,0.1663,11.827,0.758,0.9991,7.42,78.3,0.0
3304300,Rio Bonito,RJ,65,Gumbel,927.71,0.1744,11.827,0.758,0.9989,8.03,79.7,0.0
3300456,Belford Roxo,RJ,65,Gumbel,880.29,0.1809,11.827,0.758,0.9988,7.84,76.2,0.0
3301702,Duque de Caxias,RJ,65,Gama,858.41,0.1972,11.827,0.758,0.9985,8.21,76.2,0.0
3301850,Guapimirim,RJ,65,Log-Normal,867.73,0.1994,11.827,0.758,0.9991,8.45,79.9,0.0
3301900,Itaboraí,RJ,65,Log-Normal,807.48,0.1823,11.827,0.758,0.999,7.26,71.5,0.0
3302007,Itaguaí,RJ,65,GEV,586.07,0.3692,11.827,0.758,0.9995,12.61,70.2,0.0
3302270,Japeri,RJ,65,GEV,480.39,0.3154,11.827,0.758,0.9995,8.05,54.0,0.0
3302502,Magé,RJ,65,Weibull,929.93,0.182,11.827,0.758,0.9988,8.32,83.2,0.0
3302601,Mangaratiba,RJ,65,Gama,824.46,0.2143,11.827,0.758,0.9983,8.51,73.8,100.0
3302700,Maricá,RJ,65,Weibull,855.71,0.1707,11.827,0.758,0.9983,7.23,69.0,0.0
3302858,Mesquita,RJ,65,Gama,833.78,0.209,11.827,0.758,0.9983,8.4,73.6,0.0
3303203,Nilópolis,RJ,65,Gama,833.78,0.209,11.827,0.758,0.9983,8.4,73.6,0.0
3303302,Niterói,RJ,65,GEV,781.5,0.1631,11.827,0.758,0.9988,6.42,65.8,0.0
3303500,Nova Iguaçu,RJ,65,Gumbel,765.14,0.1804,11.827,0.758,0.9988,6.8,65.9,0.0
3303609,Paracambi,RJ,65,Gumbel,622.75,0.1654,11.827,0.758,0.999,5.18,54.2,0.0
3304144,Queimados,RJ,65,GEV,480.39,0.3154,11.827,0.758,0.9995,8.05,54.0,0.0
3304557,Rio de Janeiro,RJ,65,Weibull,931.95,0.1863,11.827,0.758,0.9982,8.45,77.3,0.0
3304904,São Gonçalo,RJ,65,Gama,820.21,0.1507,11.827,0.758,0.9989,6.37,69.5,100.0
3305109,São João de Meriti,RJ,65,Gumbel,880.29,0.1809,11.827,0.758,0.9988,7.84,76.2,0.0
3305554,Seropédica,RJ,65,GEV,526.61,0.3143,11.827,0.758,0.9994,8.76,57.9,0.0
3305752,Tanguá,RJ,65,Weibull,880.29,0.1631,11.827,0.758,0.9986,7.2,73.2,0.0
3302908,Miguel Pereira,RJ,65,Gama,827.33,0.1487,11.827,0.758,0.9989,6.37,70.3,0.0
3303856,Paty do Alferes,RJ,65,GEV,612.46,0.1678,11.827,0.758,0.9993,5.19,56.1,0.0
3306206,Vassouras,RJ,65,GEV,515.91,0.2085,11.827,0.758,0.9994,5.29,50.6,0.0
3301801,Engenheiro Paulo de Frontin,RJ,65,GEV,517.1,0.2105,11.827,0.758,0.9993,5.33,49.9,0.0
3302809,Mendes,RJ,65,GEV,515.99,0.2106,11.827,0.758,0.9994,5.34,50.8,0.0
3302056,Italva,RJ,65,GEV,631.61,0.164,11.827,0.758,0.9992,5.24,56.1,0.0
3300605,Bom Jesus do Itabapoana,RJ,65,Weibull,720.94,0.1373,11.827,0.758,0.9988,5.25,59.0,0.0
3302205,Itaperuna,RJ,65,Weibull,766.56,0.1085,11.827,0.758,0.9991,4.91,63.0,0.0
3302304,Laje do Muriaé,RJ,65,Weibull,749.92,0.1337,11.827,0.758,0.9989,5.39,63.1,0.0
3303104,Natividade,RJ,65,Weibull,707.47,0.085,11.827,0.758,0.9992,4.08,57.0,0.0
3304102,Porciúncula,RJ,65,Gama,667.02,0.1097,11.827,0.758,0.9992,4.31,56.1,0.0
3305133,São José de Ubá,RJ,65,Normal,766.3,0.0831,11.827,0.758,0.9992,4.38,60.2,0.0
3306156,Varre-Sai,RJ,65,Gama,650.76,0.1331,11.827,0.758,0.9991,4.68,56.0,0.0
3300159,Aperibé,RJ,65,Gama,728.45,0.1366,11.827,0.758,0.9991,5.31,61.8,0.0
3300902,Cambuci,RJ,65,Gumbel,688.79,0.1369,11.827,0.758,0.9992,5.05,59.9,0.0
3302106,Itaocara,RJ,65,GEV,733.35,0.1306,11.827,0.758,0.9992,5.22,62.7,0.0
3303005,Miracema,RJ,65,Gumbel,729.88,0.1395,11.827,0.758,0.9992,5.41,63.4,0.0
3304706,Santo Antônio de Pádua,RJ,65,Gumbel,726.36,0.1396,11.827,0.758,0.9992,5.39,63.0,0.0
3301009,Campos dos Goytacazes,RJ,65,Gumbel,590.72,0.158,11.827,0.758,0.9991,4.75,51.2,0.0
3301157,Cardoso Moreira,RJ,65,GEV,593.13,0.1923,11.827,0.758,0.9992,5.6,54.3,0.0
3304755,São Francisco de Itabapoana,RJ,65,Weibull,654.62,0.1902,11.827,0.758,0.9983,6.05,56.2,0.0
3304805,São Fidélis,RJ,65,GEV,702.7,0.0867,11.827,0.758,0.999,4.07,55.0,0.0
3305000,São João da Barra,RJ,65,Log-Normal,571.41,0.1968,11.827,0.758,0.9989,5.48,50.5,0.0
3300936,Carapebus,RJ,65,Weibull,698.12,0.2143,11.827,0.758,0.9981,7.19,61.8,0.0
3301405,Conceição de Macabu,RJ,65,Weibull,792.03,0.1984,11.827,0.758,0.9982,7.59,68.1,0.0
3302403,Macaé,RJ,65,Gama,807.49,0.1727,11.827,0.758,0.9987,6.92,68.9,0.0
3304151,Quissamã,RJ,65,GEV,528.96,0.2665,11.827,0.758,0.9994,7.06,54.3,0.0
3300100,Angra dos Reis,RJ,65,GEV,751.61,0.22,11.827,0.758,0.9994,8.12,74.1,100.0
3303807,Paraty,RJ,65,Gama,875.55,0.1974,11.827,0.758,0.9984,8.37,75.4,0.0
3302254,Itatiaia,RJ,65,Gama,667.93,0.1831,11.827,0.758,0.9987,6.0,58.5,0.0
3304110,Porto Real,RJ,65,Gumbel,654.84,0.1535,11.827,0.758,0.9991,5.17,56.6,0.0
3304128,Quatis,RJ,65,Weibull,714.54,0.0857,11.827,0.758,0.9991,4.13,56.8,0.0
3304201,Resende,RJ,65,GEV,705.69,0.1967,11.827,0.758,0.9991,6.78,63.6,0.0
3304508,Rio das Flores,RJ,65,Gama,604.2,0.1239,11.827,0.758,0.9991,4.16,50.9,0.0
3306107,Valença,RJ,65,GEV,556.43,0.1707,11.827,0.758,0.9994,4.79,51.9,0.0
3300308,Barra do Piraí,RJ,65,GEV,595.22,0.1468,11.827,0.758,0.9993,4.57,52.6,0.0
3300407,Barra Mansa,RJ,65,Normal,640.3,0.0903,11.827,0.758,0.9991,3.78,49.8,0.0
3303955,Pinheiral,RJ,65,GEV,514.51,0.2179,11.827,0.758,0.9995,5.53,52.4,0.0
3304003,Piraí,RJ,65,GEV,688.31,0.2748,11.827,0.758,0.9992,9.51,70.8,0.0
3304409,Rio Claro,RJ,65,Log-Normal,643.02,0.2177,11.827,0.758,0.999,6.8,59.6,0.0
3306305,Volta Redonda,RJ,65,Gumbel,607.87,0.1319,11.827,0.758,0.9993,4.36,52.7,0.0
2405108,Jandaíra,RN,65,Log-Normal,407.92,0.2088,11.827,0.758,0.9988,4.13,36.2,0.0
2405801,João Câmara,RN,65,Log-Normal,501.13,0.1834,11.827,0.758,0.9988,4.51,42.8,0.0
2408805,Parazinho,RN,65,GEV,435.77,0.2521,11.827,0.758,0.9991,5.41,42.2,0.0
2401602,Bento Fernandes,RN,65,GEV,510.96,0.2828,11.827,0.758,0.9992,7.31,51.8,0.0
2401701,Bom Jesus,RN,65,Log-Normal,548.0,0.2186,11.827,0.758,0.9988,5.8,49.6,0.0
2401800,Brejinho,RN,65,GEV,609.48,0.185,11.827,0.758,0.9989,5.54,52.8,0.0
2404606,Ielmo Marinho,RN,65,GEV,624.28,0.2909,11.827,0.758,0.9992,9.29,64.5,0.0
2406155,Jundiá,RN,65,Gama,663.2,0.1633,11.827,0.758,0.9987,5.44,54.8,0.0
2406601,Lagoa Salgada,RN,65,GEV,537.11,0.2133,11.827,0.758,0.999,5.57,48.8,0.0
2407807,Monte Alegre,RN,65,GEV,563.46,0.2404,11.827,0.758,0.9992,6.64,54.5,0.0
2410108,Poço Branco,RN,65,GEV,596.47,0.2328,11.827,0.758,0.999,6.76,55.6,0.0
2414803,Vera Cruz,RN,65,GEV,563.46,0.2404,11.827,0.758,0.9992,6.64,54.5,0.0
2402105,Campo Redondo,RN,65,GEV,458.46,0.2566,11.827,0.758,0.9991,5.81,44.7,0.0
2402808,Coronel Ezequiel,RN,65,GEV,507.98,0.1835,11.827,0.758,0.9988,4.58,43.8,0.0
2405009,Jaçanã,RN,65,GEV,507.98,0.1835,11.827,0.758,0.9988,4.58,43.8,0.0
2405405,Japi,RN,65,GEV,473.19,0.2034,11.827,0.758,0.999,4.68,42.4,0.0
2406809,Lajes Pintadas,RN,65,GEV,397.21,0.2639,11.827,0.758,0.9993,5.23,40.7,0.0
2411205,Santa Cruz,RN,65,Log-Normal,451.81,0.2414,11.827,0.758,0.9987,5.31,42.4,0.0
2411700,São Bento do Trairí,RN,65,GEV,431.79,0.2359,11.827,0.758,0.9991,4.98,41.2,0.0
2413706,Sítio Novo,RN,65,GEV,364.57,0.3302,11.827,0.758,0.9994,6.52,40.7,0.0
2414001,Tangará,RN,65,GEV,393.74,0.2871,11.827,0.758,0.9993,5.77,41.2,0.0
2405306,Januário Cicco,RN,65,Gumbel,515.8,0.1794,11.827,0.758,0.9988,4.56,44.7,0.0
2406205,Lagoa d'Anta,RN,65,Gumbel,551.52,0.1795,11.827,0.758,0.9988,4.88,47.2,0.0
2406304,Lagoa de Pedras,RN,65,GEV,609.48,0.185,11.827,0.758,0.9989,5.54,52.8,0.0
2407906,Monte das Gameleiras,RN,65,Weibull,523.25,0.1737,11.827,0.758,0.9983,4.48,42.6,0.0
2408300,Nova Cruz,RN,65,Log-Normal,585.57,0.2235,11.827,0.758,0.9986,6.33,52.3,0.0
2409100,Passa e Fica,RN,65,Weibull,567.62,0.1691,11.827,0.758,0.9984,4.76,46.3,0.0
2409209,Passagem,RN,65,GEV,497.79,0.2607,11.827,0.758,0.9992,6.44,49.1,0.0
2410306,Serra Caiada,RN,65,GEV,410.71,0.296,11.827,0.758,0.9994,6.27,43.8,0.0
2411502,Santo Antônio,RN,65,GEV,518.98,0.2135,11.827,0.758,0.999,5.39,47.5,0.0
2412302,São José do Campestre,RN,65,Log-Normal,493.68,0.2086,11.827,0.758,0.9987,4.99,43.2,0.0
2413300,Serra de São Bento,RN,65,Gama,533.58,0.1785,11.827,0.758,0.9985,4.68,44.4,0.0
2413508,Serrinha,RN,65,Log-Normal,533.22,0.1827,11.827,0.758,0.9987,4.79,45.2,0.0
2414704,Várzea,RN,65,GEV,595.84,0.2083,11.827,0.758,0.9991,6.04,54.5,0.0
2401503,Barcelona,RN,65,GEV,403.08,0.2965,11.827,0.758,0.9993,6.16,42.3,0.0
2406403,Lagoa de Velhos,RN,65,GEV,392.83,0.3152,11.827,0.758,0.9994,6.56,43.1,0.0
2409332,Santa Maria,RN,65,GEV,516.76,0.2851,11.827,0.758,0.9991,7.47,52.6,0.0
2410900,Riachuelo,RN,65,GEV,440.94,0.3145,11.827,0.758,0.9993,7.31,47.5,0.0
2411106,Ruy Barbosa,RN,65,Log-Normal,456.95,0.2699,11.827,0.758,0.9986,6.11,44.0,0.0
2412609,São Paulo do Potengi,RN,65,GEV,458.28,0.2616,11.827,0.758,0.9992,5.95,45.5,0.0
2412708,São Pedro,RN,65,GEV,499.59,0.291,11.827,0.758,0.9992,7.43,51.6,0.0
2412906,São Tomé,RN,65,GEV,425.99,0.2426,11.827,0.758,0.9992,5.08,41.7,0.0
2413102,Senador Elói de Souza,RN,65,GEV,410.71,0.296,11.827,0.758,0.9994,6.27,43.8,0.0
2400307,Afonso Bezerra,RN,65,Gama,522.41,0.1574,11.827,0.758,0.9987,4.17,42.5,0.0
2400802,Angicos,RN,65,Normal,528.06,0.1133,11.827,0.758,0.9988,3.45,39.6,0.0
2403756,Fernando Pedroza,RN,65,Weibull,487.45,0.1204,11.827,0.758,0.9987,3.29,37.6,0.0
2404507,Guamaré,RN,65,Gumbel,447.23,0.1779,11.827,0.758,0.9988,3.93,37.9,0.0
2406700,Lajes,RN,65,Weibull,484.28,0.1268,11.827,0.758,0.9987,3.36,37.3,0.0
2407203,Macau,RN,65,GEV,523.6,0.1492,11.827,0.758,0.9987,4.02,42.3,0.0
2411403,Santana do Matos,RN,65,GEV,516.77,0.1172,11.827,0.758,0.9988,3.43,40.7,0.0
2402006,Caicó,RN,65,Log-Normal,575.06,0.1455,11.827,0.758,0.999,4.36,47.6,0.0
2403004,Cruzeta,RN,65,Log-Normal,563.54,0.1482,11.827,0.758,0.9989,4.33,46.6,0.0
2403400,Equador,RN,65,Gumbel,531.82,0.1645,11.827,0.758,0.999,4.4,45.3,0.0
2404804,Ipueira,RN,65,GEV,600.44,0.1396,11.827,0.758,0.999,4.43,50.2,0.0
2405603,Jardim de Piranhas,RN,65,Gumbel,618.01,0.1728,11.827,0.758,0.9989,5.31,53.1,0.0
2405702,Jardim do Seridó,RN,65,Weibull,597.03,0.1367,11.827,0.758,0.9987,4.34,47.7,0.0
2408508,Ouro Branco,RN,65,Log-Normal,568.5,0.1365,11.827,0.758,0.9989,4.14,46.3,0.0
2408904,Parelhas,RN,65,Log-Normal,515.92,0.1587,11.827,0.758,0.999,4.16,43.8,0.0
2411429,Santana do Seridó,RN,65,Log-Normal,577.08,0.132,11.827,0.758,0.9989,4.11,45.7,0.0
2411809,São Fernando,RN,65,Weibull,597.75,0.1432,11.827,0.758,0.9986,4.47,47.7,0.0
2412104,São João do Sabugi,RN,65,GEV,590.77,0.1834,11.827,0.758,0.999,5.34,52.2,0.0
2412401,São José do Seridó,RN,65,Log-Normal,566.86,0.1321,11.827,0.758,0.999,4.05,46.0,0.0
2413409,Serra Negra do Norte,RN,65,GEV,613.33,0.1685,11.827,0.758,0.9989,5.17,52.6,0.0
2414308,Timbaúba dos Batistas,RN,65,Weibull,662.68,0.1418,11.827,0.758,0.9986,4.92,52.9,0.0
2400109,Acari,RN,65,Log-Normal,528.74,0.1194,11.827,0.758,0.9989,3.56,41.7,0.0
2401651,Bodó,RN,65,Weibull,529.78,0.1553,11.827,0.758,0.9984,4.17,41.6,0.0
2402402,Carnaúba dos Dantas,RN,65,Weibull,484.34,0.1487,11.827,0.758,0.9986,3.71,38.9,0.0
2402709,Cerro Corá,RN,65,Gumbel,460.45,0.1942,11.827,0.758,0.9986,4.35,39.1,0.0
2403103,Currais Novos,RN,65,GEV,521.38,0.1674,11.827,0.758,0.9986,4.35,42.6,0.0
2403806,Florânia,RN,65,GEV,533.16,0.1578,11.827,0.758,0.9989,4.27,44.7,0.0
2406502,Lagoa Nova,RN,65,Gama,532.56,0.1597,11.827,0.758,0.9986,4.3,43.2,0.0
2413003,São Vicente,RN,65,Log-Normal,545.41,0.1106,11.827,0.758,0.999,3.53,42.7,0.0
2414159,Tenente Laurentino Cruz,RN,65,Gama,553.73,0.1302,11.827,0.758,0.9989,3.91,44.4,0.0
2401859,Caiçara do Norte,RN,65,Gama,440.1,0.1874,11.827,0.758,0.9984,4.02,36.8,0.0
2404101,Galinhos,RN,65,Log-Normal,432.16,0.1829,11.827,0.758,0.9988,3.88,36.8,0.0
2405504,Jardim de Angicos,RN,65,Gumbel,489.48,0.1829,11.827,0.758,0.9988,4.4,41.9,0.0
2409605,Pedra Preta,RN,65,Gama,456.15,0.1747,11.827,0.758,0.9985,3.93,37.6,0.0
2409704,Pedro Avelino,RN,65,Weibull,456.92,0.1497,11.827,0.758,0.9985,3.51,36.4,0.0
2411601,São Bento do Norte,RN,65,Weibull,498.24,0.1587,11.827,0.758,0.9984,3.99,39.6,0.0
2401909,Caiçara do Rio do Vento,RN,65,Gumbel,503.74,0.1931,11.827,0.758,0.9986,4.73,43.5,0.0
2401206,Arez,RN,65,Gumbel,746.06,0.18,11.827,0.758,0.9988,6.62,63.6,0.0
2401404,Baía Formosa,RN,65,Weibull,762.13,0.1931,11.827,0.758,0.9984,7.14,66.1,0.0
2402204,Canguaretama,RN,65,Gama,778.6,0.1605,11.827,0.758,0.9987,6.31,64.0,0.0
2403509,Espírito Santo,RN,65,Gama,663.2,0.1633,11.827,0.758,0.9987,5.44,54.8,0.0
2404200,Goianinha,RN,65,Weibull,790.91,0.1528,11.827,0.758,0.9985,6.17,63.8,0.0
2407708,Montanhas,RN,65,Weibull,596.3,0.2144,11.827,0.758,0.9981,6.14,52.4,0.0
2409803,Pedro Velho,RN,65,Log-Normal,650.31,0.1843,11.827,0.758,0.9989,5.9,57.3,0.0
2414209,Tibau do Sul,RN,65,Gama,789.26,0.1671,11.827,0.758,0.9986,6.58,65.4,0.0
2415008,Vila Flor,RN,65,Gama,789.26,0.1671,11.827,0.758,0.9986,6.58,65.4,0.0
2409506,Pedra Grande,RN,65,Log-Normal,485.43,0.2109,11.827,0.758,0.9987,4.95,42.9,0.0
2402600,Ceará-Mirim,RN,65,GEV,707.17,0.2411,11.827,0.758,0.9991,8.35,68.1,0.0
2403251,Parnamirim,RN,65,Gumbel,842.86,0.1772,11.827,0.758,0.9988,7.38,71.9,0.0
2403608,Extremoz,RN,65,Log-Normal,793.71,0.2073,11.827,0.758,0.9989,8.0,72.2,0.0
2407104,Macaíba,RN,65,GEV,694.64,0.2394,11.827,0.758,0.9991,8.14,66.4,0.0
2407500,Maxaranguape,RN,65,Weibull,764.96,0.212,11.827,0.758,0.9983,7.81,68.3,0.0
2408102,Natal,RN,65,Gumbel,829.65,0.1743,11.827,0.758,0.9989,7.18,71.4,0.0
2408201,Nísia Floresta,RN,65,Log-Normal,865.77,0.133,11.827,0.758,0.9989,6.2,69.7,0.0
2408953,Rio do Fogo,RN,65,GEV,714.08,0.2238,11.827,0.758,0.9989,7.76,65.5,0.0
2410405,Pureza,RN,65,Weibull,680.25,0.1821,11.827,0.758,0.9984,6.06,57.3,0.0
2412005,São Gonçalo do Amarante,RN,65,GEV,771.78,0.2164,11.827,0.758,0.9991,8.13,71.5,0.0
2412203,São José de Mipibu,RN,65,GEV,694.93,0.1829,11.827,0.758,0.9989,6.25,60.2,0.0
2412559,São Miguel do Gostoso,RN,65,Log-Normal,566.18,0.2175,11.827,0.758,0.9988,5.96,51.0,0.0
2413201,Senador Georgino Avelino,RN,65,Gama,827.35,0.1567,11.827,0.758,0.9987,6.58,67.5,0.0
2413904,Taipu,RN,65,Weibull,673.69,0.2039,11.827,0.758,0.9982,6.62,58.1,0.0
2414407,Touros,RN,65,GEV,642.72,0.2111,11.827,0.758,0.9989,6.59,57.9,0.0
2400208,Assú,RN,65,Normal,558.81,0.1121,11.827,0.758,0.9988,3.63,42.0,0.0
2400703,Alto do Rodrigues,RN,65,GEV,517.01,0.1503,11.827,0.758,0.9987,4.0,42.2,0.0
2402501,Carnaubais,RN,65,Log-Normal,514.95,0.1547,11.827,0.758,0.9988,4.07,42.0,0.0
2404705,Ipanguaçu,RN,65,Gama,501.77,0.1427,11.827,0.758,0.9989,3.75,41.2,0.0
2404853,Itajá,RN,65,GEV,495.63,0.1518,11.827,0.758,0.9989,3.87,41.5,0.0
2408706,Paraú,RN,65,Log-Normal,583.14,0.1496,11.827,0.758,0.9989,4.51,48.2,0.0
2409902,Pendências,RN,65,Gumbel,504.87,0.1798,11.827,0.758,0.9988,4.47,43.0,0.0
2410256,Porto do Mangue,RN,65,Gumbel,516.59,0.1808,11.827,0.758,0.9988,4.6,43.9,0.0
2412807,São Rafael,RN,65,Gama,555.89,0.1375,11.827,0.758,0.9989,4.06,45.1,0.0
2414456,Triunfo Potiguar,RN,65,Log-Normal,580.03,0.1445,11.827,0.758,0.9989,4.38,47.7,0.0
2406106,Jucurutu,RN,65,Normal,614.4,0.1027,11.827,0.758,0.999,3.83,46.9,0.0
2401008,Apodi,RN,65,Weibull,636.83,0.1223,11.827,0.758,0.9987,4.33,49.4,0.0
2401107,Areia Branca,RN,65,Gama,622.46,0.1902,11.827,0.758,0.9982,5.75,50.4,0.0
2401305,Campo Grande,RN,65,Log-Normal,624.37,0.1679,11.827,0.758,0.9988,5.24,52.5,0.0
2401453,Baraúna,RN,65,Gama,586.24,0.1554,11.827,0.758,0.9988,4.64,48.4,0.0
2402303,Caraúbas,RN,65,Gama,644.69,0.1639,11.827,0.758,0.9987,5.3,53.4,0.0
2403707,Felipe Guerra,RN,65,GEV,548.35,0.1969,11.827,0.758,0.9991,5.28,49.6,0.0
2404309,Governador Dix-Sept Rosado,RN,65,Log-Normal,549.39,0.1729,11.827,0.758,0.9988,4.72,45.9,0.0
2404408,Grossos,RN,65,Log-Normal,597.31,0.2121,11.827,0.758,0.9985,6.12,51.6,0.0
2404903,Itaú,RN,65,GEV,568.47,0.201,11.827,0.758,0.999,5.57,51.0,0.0
2405207,Janduís,RN,65,Gumbel,613.02,0.1738,11.827,0.758,0.9989,5.29,52.6,0.0
2407609,Messias Targino,RN,65,GEV,562.85,0.1912,11.827,0.758,0.999,5.27,50.0,0.0
2408003,Mossoró,RN,65,GEV,534.71,0.1777,11.827,0.758,0.9987,4.69,45.0,0.0
2411007,Rodolfo Fernandes,RN,65,Gumbel,599.75,0.1721,11.827,0.758,0.9989,5.14,51.4,0.0
2411056,Tibau,RN,65,GEV,620.11,0.1746,11.827,0.758,0.9986,5.35,51.4,0.0
2413359,Serra do Mel,RN,65,GEV,487.7,0.1976,11.827,0.758,0.9988,4.69,42.7,0.0
2413607,Severiano Melo,RN,65,GEV,582.52,0.1887,11.827,0.758,0.9989,5.39,51.1,0.0
2414605,Upanema,RN,65,GEV,535.18,0.2046,11.827,0.758,0.9989,5.32,47.6,0.0
2400406,Água Nova,RN,65,Gama,661.5,0.1391,11.827,0.758,0.9989,4.87,54.9,0.0
2400505,Alexandria,RN,65,Weibull,659.46,0.1302,11.827,0.758,0.9989,4.66,54.0,0.0
2400604,Almino Afonso,RN,65,Gumbel,676.89,0.1738,11.827,0.758,0.9989,5.84,57.6,0.0
2400901,Antônio Martins,RN,65,Weibull,731.84,0.1108,11.827,0.758,0.9988,4.73,56.3,0.0
2402907,Coronel João Pessoa,RN,65,Gumbel,612.76,0.1552,11.827,0.758,0.9991,4.87,52.7,0.0
2403202,Doutor Severiano,RN,65,Weibull,670.31,0.1434,11.827,0.758,0.9988,5.03,56.3,0.0
2403301,Encanto,RN,65,Gama,661.5,0.1391,11.827,0.758,0.9989,4.87,54.9,0.0
2403905,Francisco Dantas,RN,65,Weibull,659.29,0.1366,11.827,0.758,0.9989,4.8,54.1,0.0
2404002,Frutuoso Gomes,RN,65,Gumbel,676.89,0.1738,11.827,0.758,0.9989,5.84,57.6,0.0
2405900,João Dias,RN,65,Gumbel,647.69,0.173,11.827,0.758,0.9989,5.57,55.2,0.0
2406007,José da Penha,RN,65,GEV,600.7,0.1702,11.827,0.758,0.9992,5.13,54.1,0.0
2406908,Lucrécia,RN,65,Gumbel,643.63,0.168,11.827,0.758,0.9989,5.41,55.1,0.0
2407005,Luís Gomes,RN,65,Weibull,636.13,0.1318,11.827,0.758,0.9989,4.53,52.7,0.0
2407252,Major Sales,RN,65,GEV,600.7,0.1702,11.827,0.758,0.9992,5.13,54.1,0.0
2407302,Marcelino Vieira,RN,65,Gama,627.9,0.1044,11.827,0.758,0.9991,3.96,50.7,0.0
2407401,Martins,RN,65,Gumbel,661.82,0.1701,11.827,0.758,0.9989,5.62,56.7,0.0
2408409,Olho d'Água do Borges,RN,65,Gumbel,579.57,0.1658,11.827,0.758,0.999,4.83,49.8,0.0
2408607,Paraná,RN,65,Gama,632.26,0.1524,11.827,0.758,0.999,4.95,54.6,0.0
2409308,Patu,RN,65,Weibull,637.12,0.1739,11.827,0.758,0.9984,5.47,52.9,0.0
2409407,Pau dos Ferros,RN,65,Gama,624.23,0.1295,11.827,0.758,0.999,4.41,51.9,0.0
2410009,Pilões,RN,65,Weibull,674.65,0.1168,11.827,0.758,0.9989,4.48,53.7,0.0
2410207,Portalegre,RN,65,Weibull,673.08,0.1186,11.827,0.758,0.9988,4.51,52.9,0.0
2410504,Rafael Fernandes,RN,65,Gumbel,611.38,0.143,11.827,0.758,0.9992,4.6,52.8,0.0
2410603,Rafael Godeiro,RN,65,Weibull,660.81,0.161,11.827,0.758,0.9986,5.36,55.1,0.0
2410702,Riacho da Cruz,RN,65,Weibull,635.99,0.156,11.827,0.758,0.9986,5.04,52.2,0.0
2410801,Riacho de Santana,RN,65,GEV,633.48,0.1375,11.827,0.758,0.999,4.64,52.9,0.0
2411908,São Francisco do Oeste,RN,65,Weibull,639.4,0.1406,11.827,0.758,0.9987,4.73,52.2,0.0
2412500,São Miguel,RN,65,Weibull,661.93,0.1134,11.827,0.758,0.9989,4.33,52.8,0.0
2413557,Serrinha dos Pintos,RN,65,Weibull,728.71,0.1042,11.827,0.758,0.9989,4.57,56.0,0.0
2413805,Taboleiro Grande,RN,65,GEV,617.69,0.1722,11.827,0.758,0.9991,5.31,54.5,0.0
2414100,Tenente Ananias,RN,65,GEV,645.9,0.1231,11.827,0.758,0.9991,4.43,54.0,0.0
2414506,Umarizal,RN,65,GEV,591.45,0.1739,11.827,0.758,0.999,5.11,51.3,0.0
2414753,Venha-Ver,RN,65,Gumbel,622.64,0.1626,11.827,0.758,0.999,5.11,53.4,0.0
2414902,Viçosa,RN,65,Log-Normal,650.56,0.152,11.827,0.758,0.999,5.09,54.6,0.0
1100023,Ariquemes,RO,65,Gumbel,766.65,0.1282,11.827,0.758,0.9993,5.4,66.4,0.0
1100262,Rio Crespo,RO,65,Gumbel,726.51,0.1158,11.827,0.758,0.9993,4.85,62.9,0.0
1100403,Alto Paraíso,RO,65,Gama,806.19,0.1127,11.827,0.758,0.9992,5.29,68.1,0.0
1100601,Cacaulândia,RO,65,Gumbel,733.04,0.1262,11.827,0.758,0.9993,5.12,63.7,0.0
1101401,Monte Negro,RO,65,GEV,710.81,0.1738,11.827,0.758,0.9994,6.2,66.0,0.0
1100015,Alta Floresta D'Oeste,RO,65,Gumbel,638.64,0.1416,11.827,0.758,0.9992,4.78,55.5,0.0
1100049,Cacoal,RO,65,GEV,662.19,0.1091,11.827,0.758,0.9991,4.26,54.8,0.0
1100098,Espigão D'Oeste,RO,65,Log-Normal,681.78,0.1151,11.827,0.758,0.9992,4.52,56.7,0.0
1100148,Nova Brasilândia D'Oeste,RO,65,GEV,608.36,0.2064,11.827,0.758,0.9994,6.18,59.6,0.0
1100189,Pimenta Bueno,RO,65,Weibull,692.21,0.073,11.827,0.758,0.9992,3.78,54.3,0.0
1100288,Rolim de Moura,RO,65,Log-Normal,709.21,0.0747,11.827,0.758,0.9992,3.91,56.3,0.0
1100296,Santa Luzia D'Oeste,RO,65,Weibull,686.42,0.0709,11.827,0.758,0.9992,3.71,54.2,0.0
1100379,Alto Alegre dos Parecis,RO,65,GEV,605.68,0.1536,11.827,0.758,0.9992,4.79,53.5,0.0
1100502,Novo Horizonte do Oeste,RO,65,Gumbel,658.65,0.1385,11.827,0.758,0.9992,4.86,57.3,0.0
1100908,Castanheiras,RO,65,Gama,668.57,0.1206,11.827,0.758,0.9992,4.54,56.5,0.0
1101203,Ministro Andreazza,RO,65,GEV,614.95,0.155,11.827,0.758,0.9993,4.91,55.5,0.0
1101450,Parecis,RO,65,Log-Normal,615.15,0.0915,11.827,0.758,0.9993,3.66,50.7,0.0
1101476,Primavera de Rondônia,RO,65,Weibull,657.89,0.0818,11.827,0.758,0.9992,3.74,52.6,0.0
1101484,São Felipe D'Oeste,RO,65,Normal,679.94,0.0733,11.827,0.758,0.9992,3.72,54.0,0.0
1100114,Jaru,RO,65,Weibull,710.13,0.1174,11.827,0.758,0.9991,4.74,59.5,0.0
1100130,Machadinho D'Oeste,RO,65,Gumbel,640.4,0.1158,11.827,0.758,0.9993,4.27,55.6,0.0
1101005,Governador Jorge Teixeira,RO,65,Gama,679.33,0.1707,11.827,0.758,0.9989,5.78,60.7,0.0
1101609,Theobroma,RO,65,GEV,606.48,0.1559,11.827,0.758,0.9994,4.88,56.4,0.0
1101757,Vale do Anari,RO,65,Log-Normal,548.25,0.1636,11.827,0.758,0.9994,4.56,51.3,0.0
1100122,Ji-Paraná,RO,65,Gama,642.48,0.1094,11.827,0.758,0.9992,4.15,54.2,0.0
1100155,Ouro Preto do Oeste,RO,65,Normal,738.98,0.0844,11.827,0.758,0.9992,4.25,57.9,0.0
1100254,Presidente Médici,RO,65,GEV,607.51,0.1533,11.827,0.758,0.9994,4.82,55.2,0.0
1100320,São Miguel do Guaporé,RO,65,Log-Normal,547.03,0.2305,11.827,0.758,0.9993,6.18,54.8,0.0
1100346,Alvorada D'Oeste,RO,65,Gama,640.96,0.1561,11.827,0.758,0.999,5.11,56.8,0.0
1101302,Mirante da Serra,RO,65,Gama,683.72,0.1659,11.827,0.758,0.9989,5.69,59.8,0.0
1101435,Nova União,RO,65,GEV,699.27,0.1144,11.827,0.758,0.9992,4.62,58.7,0.0
1101500,Seringueiras,RO,65,Weibull,651.33,0.2026,11.827,0.758,0.9983,6.37,57.0,0.0
1101559,Teixeirópolis,RO,65,Gama,698.37,0.1087,11.827,0.758,0.9992,4.49,57.9,0.0
1101708,Urupá,RO,65,Gama,640.73,0.1588,11.827,0.758,0.999,5.17,57.3,0.0
1101807,Vale do Paraíso,RO,65,Weibull,707.34,0.0977,11.827,0.758,0.9991,4.32,58.2,0.0
1100031,Cabixi,RO,65,GEV,581.37,0.1452,11.827,0.758,0.9992,4.43,50.9,0.0
1100056,Cerejeiras,RO,65,Gumbel,591.6,0.141,11.827,0.758,0.9992,4.41,51.3,0.0
1100064,Colorado do Oeste,RO,65,Gumbel,592.57,0.136,11.827,0.758,0.9992,4.33,51.3,0.0
1100072,Corumbiara,RO,65,GEV,619.66,0.1036,11.827,0.758,0.9991,3.89,50.7,0.0
1100304,Vilhena,RO,65,Log-Normal,611.96,0.1239,11.827,0.758,0.9992,4.22,52.0,0.0
1100924,Chupinguaia,RO,65,Log-Normal,617.87,0.11,11.827,0.758,0.9992,4.0,51.1,0.0
1101468,Pimenteiras do Oeste,RO,65,Log-Normal,607.58,0.1125,11.827,0.758,0.9992,3.98,50.2,0.0
1100452,Buritis,RO,65,GEV,594.34,0.3035,11.827,0.758,0.9995,9.53,68.7,0.0
1100700,Campo Novo de Rondônia,RO,65,GEV,587.96,0.3324,11.827,0.758,0.9995,10.78,70.1,0.0
1100940,Cujubim,RO,65,Weibull,728.24,0.0836,11.827,0.758,0.9992,4.17,58.3,0.0
1100080,Costa Marques,RO,65,Log-Normal,645.41,0.3087,11.827,0.758,0.9986,10.31,66.0,0.0
1101492,São Francisco do Guaporé,RO,65,GEV,536.79,0.2776,11.827,0.758,0.9994,7.54,56.4,0.0
1100106,Guajará-Mirim,RO,65,Log-Normal,658.87,0.367,11.827,0.758,0.9982,13.69,72.4,0.0
1100205,Porto Velho,RO,65,GEV,668.0,0.1937,11.827,0.758,0.9994,6.38,63.4,0.0
1100338,Nova Mamoré,RO,65,Log-Normal,649.25,0.3361,11.827,0.758,0.9985,11.75,69.6,0.0
1100809,Candeias do Jamari,RO,65,GEV,722.56,0.1126,11.827,0.758,0.9993,4.74,61.9,0.0
1101104,Itapuã do Oeste,RO,65,Weibull,758.6,0.099,11.827,0.758,0.9992,4.67,63.0,0.0
1400050,Alto Alegre,RR,65,GEV,521.95,0.2027,11.827,0.758,0.9995,5.22,51.4,0.0
1400100,Boa Vista,RR,65,Gumbel,654.69,0.141,11.827,0.758,0.9992,4.89,56.5,0.0
1400159,Bonfim,RR,65,Weibull,614.34,0.1372,11.827,0.758,0.9991,4.5,53.4,0.0
1400175,Cantá,RR,65,Weibull,657.15,0.1121,11.827,0.758,0.9991,4.29,54.9,0.0
1400027,Amajari,RR,65,Gumbel,613.47,0.1416,11.827,0.758,0.9992,4.59,53.5,0.0
1400407,Normandia,RR,65,GEV,568.17,0.1443,11.827,0.758,0.9991,4.3,48.8,0.0
1400456,Pacaraima,RR,65,GEV,606.72,0.1494,11.827,0.758,0.9993,4.71,53.8,0.0
1400704,Uiramutã,RR,65,Gumbel,558.16,0.1351,11.827,0.758,0.9992,4.06,48.2,0.0
1400308,Mucajaí,RR,65,Gumbel,590.13,0.1174,11.827,0.758,0.9993,3.96,51.4,0.0
1400209,Caracaraí,RR,65,GEV,582.79,0.1063,11.827,0.758,0.9992,3.71,49.2,0.0
1400282,Iracema,RR,65,Log-Normal,524.8,0.1472,11.827,0.758,0.9993,4.05,47.6,0.0
1400233,Caroebe,RR,65,Gama,640.26,0.133,11.827,0.758,0.999,4.59,53.8,0.0
1400472,Rorainópolis,RR,65,Log-Normal,582.75,0.0764,11.827,0.758,0.9993,3.24,47.0,0.0
1400506,São João da Baliza,RR,65,Gumbel,606.9,0.138,11.827,0.758,0.9992,4.47,52.6,0.0
1400605,São Luiz do Anauá,RR,65,GEV,600.0,0.1339,11.827,0.758,0.9992,4.34,51.9,0.0
4322202,Tupanciretã,RS,65,GEV,883.19,0.0997,11.827,0.758,0.9991,5.44,72.3,0.0
4300109,Agudo,RS,65,Log-Normal,931.56,0.1782,11.827,0.758,0.999,8.23,82.8,0.0
4302907,Cacequi,RS,65,Log-Normal,905.89,0.1724,11.827,0.758,0.9991,7.8,81.0,0.0
4306379,Dilermando de Aguiar,RS,65,Gumbel,925.87,0.1505,11.827,0.758,0.9991,7.21,80.3,0.0
4306700,Dona Francisca,RS,65,Weibull,963.55,0.1706,11.827,0.758,0.9988,8.18,84.0,0.0
4308003,Faxinal do Soturno,RS,65,Weibull,947.62,0.1415,11.827,0.758,0.9989,7.05,79.6,0.0
4308409,Formigueiro,RS,65,GEV,923.7,0.1543,11.827,0.758,0.9991,7.31,79.4,0.0
4310538,Itaara,RS,65,GEV,828.2,0.2003,11.827,0.758,0.9994,8.16,79.6,0.0
4310751,Ivorá,RS,65,GEV,861.01,0.1753,11.827,0.758,0.9992,7.52,77.6,0.0
4311106,Jaguari,RS,65,Gumbel,1053.39,0.1528,11.827,0.758,0.9991,8.28,91.1,0.0
4311130,Jari,RS,65,Weibull,1024.96,0.1242,11.827,0.758,0.9989,7.04,83.0,0.0
4311205,Júlio de Castilhos,RS,65,GEV,863.34,0.1437,11.827,0.758,0.999,6.5,72.5,0.0
4312104,Mata,RS,65,Weibull,1060.72,0.1443,11.827,0.758,0.9988,7.99,89.1,0.0
4313102,Nova Palma,RS,65,Weibull,890.04,0.1597,11.827,0.758,0.9988,7.19,75.8,0.0
4314472,Pinhal Grande,RS,65,Log-Normal,893.35,0.1505,11.827,0.758,0.9989,6.93,74.4,0.0
4315321,Quevedos,RS,65,Log-Normal,953.67,0.1324,11.827,0.758,0.9991,6.83,79.9,0.0
4315503,Restinga Sêca,RS,65,Gumbel,930.43,0.1542,11.827,0.758,0.9991,7.36,80.4,0.0
4316907,Santa Maria,RS,65,Gumbel,901.23,0.1542,11.827,0.758,0.9991,7.13,77.9,0.0
4318432,São João do Polêsine,RS,65,Weibull,947.62,0.1415,11.827,0.758,0.9989,7.05,79.6,0.0
4319125,São Martinho da Serra,RS,65,GEV,775.82,0.2092,11.827,0.758,0.9994,7.98,76.1,0.0
4319406,São Pedro do Sul,RS,65,Gumbel,958.6,0.1475,11.827,0.758,0.9991,7.36,83.7,0.0
4319604,São Sepé,RS,65,Log-Normal,967.84,0.1201,11.827,0.758,0.9991,6.56,80.2,0.0
4319802,São Vicente do Sul,RS,65,Normal,1114.76,0.0973,11.827,0.758,0.999,6.79,85.8,0.0
4320651,Silveira Martins,RS,65,Gumbel,925.55,0.1464,11.827,0.758,0.9992,7.07,80.1,0.0
4321493,Toropi,RS,65,Gama,1019.08,0.1367,11.827,0.758,0.999,7.43,84.5,0.0
4304655,Capão do Cipó,RS,65,GEV,978.99,0.1327,11.827,0.758,0.9992,7.03,83.6,0.0
4310553,Itacurubi,RS,65,Weibull,1011.22,0.1117,11.827,0.758,0.999,6.57,81.7,0.0
4313037,Nova Esperança do Sul,RS,65,GEV,1126.75,0.1222,11.827,0.758,0.999,7.69,92.7,0.0
4317400,Santiago,RS,65,Normal,1169.83,0.0917,11.827,0.758,0.9991,6.95,90.8,0.0
4322376,Unistalda,RS,65,Weibull,1073.96,0.1283,11.827,0.758,0.9989,7.52,88.3,0.0
4323457,Vila Nova do Sul,RS,65,Gama,1012.72,0.1339,11.827,0.758,0.999,7.28,83.2,0.0
4303004,Cachoeira do Sul,RS,65,GEV,884.22,0.1406,11.827,0.758,0.9992,6.58,76.4,0.0
4305132,Cerro Branco,RS,65,Gumbel,938.43,0.16,11.827,0.758,0.999,7.62,81.5,0.0
4313391,Novo Cabrais,RS,65,GEV,882.95,0.1873,11.827,0.758,0.9993,8.18,82.6,0.0
4314027,Paraíso do Sul,RS,65,GEV,883.11,0.1922,11.827,0.758,0.9993,8.35,82.0,0.0
4306759,Doutor Ricardo,RS,65,Gumbel,862.81,0.1663,11.827,0.758,0.999,7.2,74.7,0.0
4306809,Encantado,RS,65,Gama,859.78,0.1357,11.827,0.758,0.999,6.24,71.6,0.0
4312609,Muçum,RS,65,GEV,767.19,0.1975,11.827,0.758,0.9992,7.42,70.4,0.0
4313003,Nova Bréscia,RS,65,Gumbel,863.59,0.1548,11.827,0.758,0.9991,6.85,74.6,0.0
4315453,Relvado,RS,65,Gumbel,862.81,0.1663,11.827,0.758,0.999,7.2,74.7,0.0
4315800,Roca Sales,RS,65,Gama,851.15,0.1439,11.827,0.758,0.9989,6.41,70.5,0.0
4322855,Vespasiano Corrêa,RS,65,GEV,767.19,0.1975,11.827,0.758,0.9992,7.42,70.4,0.0
4301008,Arroio do Meio,RS,65,Log-Normal,867.82,0.1269,11.827,0.758,0.9991,6.06,71.8,0.0
4302402,Bom Retiro do Sul,RS,65,Log-Normal,798.53,0.1144,11.827,0.758,0.9992,5.27,66.0,0.0
4302451,Boqueirão do Leão,RS,65,GEV,906.1,0.1783,11.827,0.758,0.9992,8.03,82.2,0.0
4304614,Canudos do Vale,RS,65,GEV,821.93,0.1905,11.827,0.758,0.9992,7.7,75.1,0.0
4304697,Capitão,RS,65,Gumbel,863.59,0.1548,11.827,0.758,0.9991,6.85,74.6,0.0
4305587,Colinas,RS,65,GEV,788.95,0.1571,11.827,0.758,0.9991,6.33,68.2,0.0
4305835,Coqueiro Baixo,RS,65,GEV,811.11,0.1819,11.827,0.758,0.9992,7.3,73.3,0.0
4306205,Cruzeiro do Sul,RS,65,Gumbel,825.76,0.1541,11.827,0.758,0.9991,6.53,71.1,0.0
4307807,Estrela,RS,65,Log-Normal,853.75,0.1141,11.827,0.758,0.9991,5.62,70.2,0.0
4308078,Fazenda Vilanova,RS,65,Log-Normal,827.65,0.1173,11.827,0.758,0.9991,5.53,68.1,0.0
4308433,Forquetinha,RS,65,Log-Normal,884.42,0.1363,11.827,0.758,0.9991,6.45,74.2,0.0
4310363,Imigrante,RS,65,Gumbel,816.19,0.1633,11.827,0.758,0.999,6.73,70.3,0.0
4311403,Lajeado,RS,65,Log-Normal,857.82,0.1441,11.827,0.758,0.9991,6.48,73.0,0.0
4312054,Marques de Souza,RS,65,GEV,811.11,0.1819,11.827,0.758,0.9992,7.3,73.3,0.0
4314159,Paverama,RS,65,Weibull,846.08,0.119,11.827,0.758,0.9989,5.68,68.6,0.0
4315131,Pouso Novo,RS,65,GEV,821.93,0.1905,11.827,0.758,0.9992,7.7,75.1,0.0
4315156,Progresso,RS,65,Gumbel,910.81,0.1606,11.827,0.758,0.999,7.42,78.5,0.0
4316758,Santa Clara do Sul,RS,65,Gama,851.9,0.1337,11.827,0.758,0.999,6.13,70.8,0.0
4320453,Sério,RS,65,Gumbel,870.0,0.1569,11.827,0.758,0.9991,6.97,75.3,0.0
4320859,Tabaí,RS,65,Weibull,802.87,0.1297,11.827,0.758,0.9989,5.66,66.5,0.0
4321303,Taquari,RS,65,Weibull,841.98,0.1151,11.827,0.758,0.9989,5.55,67.1,0.0
4321451,Teutônia,RS,65,Gama,885.03,0.1237,11.827,0.758,0.999,6.08,72.2,0.0
4321626,Travesseiro,RS,65,GEV,811.11,0.1819,11.827,0.758,0.9992,7.3,73.3,0.0
4323770,Westfália,RS,65,Gama,860.33,0.1278,11.827,0.758,0.999,6.02,70.3,0.0
4304200,Candelária,RS,65,Gumbel,940.63,0.1496,11.827,0.758,0.9991,7.29,81.5,0.0
4309159,Gramado Xavier,RS,65,Log-Normal,862.44,0.1848,11.827,0.758,0.9992,7.87,79.9,0.0
4309571,Herveiras,RS,65,GEV,818.08,0.2097,11.827,0.758,0.9994,8.43,80.2,0.0
4312153,Mato Leitão,RS,65,Gama,851.9,0.1337,11.827,0.758,0.999,6.13,70.8,0.0
4313953,Pantano Grande,RS,65,GEV,804.85,0.1739,11.827,0.758,0.9992,6.99,72.7,0.0
4314076,Passo do Sobrado,RS,65,Log-Normal,894.91,0.1106,11.827,0.758,0.9991,5.8,72.1,0.0
4315701,Rio Pardo,RS,65,Weibull,841.74,0.1829,11.827,0.758,0.9989,7.58,77.0,0.0
4316808,Santa Cruz do Sul,RS,65,Weibull,905.72,0.1346,11.827,0.758,0.9989,6.53,74.7,0.0
4320677,Sinimbu,RS,65,GEV,882.04,0.1734,11.827,0.758,0.9993,7.66,80.5,0.0
4322533,Vale do Sol,RS,65,Log-Normal,875.19,0.1837,11.827,0.758,0.9992,7.95,80.9,0.0
4322608,Venâncio Aires,RS,65,GEV,830.5,0.1603,11.827,0.758,0.9991,6.76,72.1,0.0
4322707,Vera Cruz,RS,65,GEV,857.72,0.1729,11.827,0.758,0.9992,7.42,77.3,0.0
4301206,Arroio do Tigre,RS,65,Gumbel,904.55,0.1603,11.827,0.758,0.999,7.36,77.9,0.0
4307815,Estrela Velha,RS,65,Gama,939.63,0.133,11.827,0.758,0.9989,6.73,76.0,0.0
4309753,Ibarama,RS,65,Log-Normal,944.51,0.1524,11.827,0.758,0.999,7.4,79.1,0.0
4311239,Lagoa Bonita do Sul,RS,65,Gumbel,921.21,0.1628,11.827,0.758,0.999,7.57,79.2,0.0
4314068,Passa Sete,RS,65,GEV,816.87,0.2107,11.827,0.758,0.9994,8.44,79.5,0.0
4320263,Segredo,RS,65,Gumbel,927.36,0.1598,11.827,0.758,0.999,7.52,80.5,0.0
4320701,Sobradinho,RS,65,GEV,903.3,0.1752,11.827,0.758,0.999,7.86,79.0,0.0
4301651,Barão,RS,65,Gama,891.3,0.1034,11.827,0.758,0.9991,5.59,72.1,0.0
4300851,Arambaré,RS,65,GEV,847.16,0.147,11.827,0.758,0.999,6.48,71.8,0.0
4303509,Camaquã,RS,65,GEV,889.53,0.1316,11.827,0.758,0.999,6.33,73.4,0.0
4305173,Cerro Grande do Sul,RS,65,Weibull,937.02,0.1012,11.827,0.758,0.999,5.8,72.7,0.0
4305447,Chuvisca,RS,65,GEV,874.7,0.1433,11.827,0.758,0.9989,6.57,73.1,0.0
4306502,Dom Feliciano,RS,65,Gumbel,800.3,0.1487,11.827,0.758,0.9991,6.18,69.2,0.0
4320354,Sentinela do Sul,RS,65,Weibull,869.16,0.1335,11.827,0.758,0.9989,6.23,71.4,0.0
4321105,Tapes,RS,65,Gumbel,791.06,0.1537,11.827,0.758,0.9991,6.25,68.4,0.0
4300570,Alto Feliz,RS,65,Log-Normal,924.44,0.1146,11.827,0.758,0.9992,6.11,76.4,0.0
4304408,Canela,RS,65,Log-Normal,819.02,0.1643,11.827,0.758,0.9992,6.81,73.5,0.0
4308102,Feliz,RS,65,Log-Normal,928.23,0.0996,11.827,0.758,0.9992,5.72,75.0,0.0
4309100,Gramado,RS,65,Log-Normal,956.22,0.1085,11.827,0.758,0.9992,6.14,78.4,0.0
4313201,Nova Petrópolis,RS,65,Gumbel,898.41,0.1385,11.827,0.758,0.9992,6.63,77.7,0.0
4314423,Picada Café,RS,65,GEV,898.79,0.1125,11.827,0.758,0.9991,5.88,74.8,0.0
4322541,Vale Real,RS,65,Log-Normal,931.26,0.1278,11.827,0.758,0.9991,6.53,77.5,0.0
4302709,Butiá,RS,65,GEV,817.84,0.1549,11.827,0.758,0.999,6.48,69.6,0.0
4305355,Charqueadas,RS,65,GEV,819.03,0.1361,11.827,0.758,0.999,5.95,68.4,0.0
4308805,General Câmara,RS,65,Normal,884.55,0.0988,11.827,0.758,0.999,5.42,68.0,0.0
4312252,Minas do Leão,RS,65,GEV,776.73,0.1899,11.827,0.758,0.9992,7.25,70.7,0.0
4318408,São Jerônimo,RS,65,Gama,809.26,0.1438,11.827,0.758,0.9989,6.09,67.2,0.0
4322004,Triunfo,RS,65,GEV,823.37,0.1366,11.827,0.758,0.999,6.0,68.6,0.0
4314753,Poço das Antas,RS,65,Log-Normal,871.89,0.1338,11.827,0.758,0.999,6.28,71.8,0.0
4302659,Brochier,RS,65,GEV,899.4,0.1095,11.827,0.758,0.9989,5.78,71.0,0.0
4311791,Maratá,RS,65,Weibull,866.03,0.11,11.827,0.758,0.999,5.58,69.5,0.0
4312401,Montenegro,RS,65,Gama,813.67,0.1343,11.827,0.758,0.9991,5.87,69.3,0.0
4314035,Pareci Novo,RS,65,Weibull,870.79,0.1289,11.827,0.758,0.999,6.12,72.9,0.0
4316501,Salvador do Sul,RS,65,Weibull,906.24,0.098,11.827,0.758,0.999,5.53,71.5,0.0
4318614,São José do Sul,RS,65,Weibull,866.03,0.11,11.827,0.758,0.999,5.58,69.5,0.0
4319356,São Pedro da Serra,RS,65,Gama,891.3,0.1034,11.827,0.758,0.9991,5.59,72.1,0.0
4300877,Araricá,RS,65,Gama,864.48,0.1253,11.827,0.758,0.9991,6.0,73.6,0.0
4302352,Bom Princípio,RS,65,Gama,910.19,0.1146,11.827,0.758,0.9991,6.01,74.8,0.0
4303905,Campo Bom,RS,65,Log-Normal,854.25,0.1266,11.827,0.758,0.9992,5.97,72.8,0.0
4304689,Capela de Santana,RS,65,Log-Normal,842.76,0.1446,11.827,0.758,0.9991,6.39,72.4,0.0
4306403,Dois Irmãos,RS,65,GEV,851.12,0.1343,11.827,0.758,0.9992,6.16,73.7,0.0
4307609,Estância Velha,RS,65,Gama,849.29,0.1465,11.827,0.758,0.999,6.48,72.9,0.0
4309555,Harmonia,RS,65,Weibull,870.79,0.1289,11.827,0.758,0.999,6.12,72.9,0.0
4310801,Ivoti,RS,65,GEV,851.12,0.1343,11.827,0.758,0.9992,6.16,73.7,0.0
4311627,Lindolfo Collor,RS,65,Weibull,890.2,0.1135,11.827,0.758,0.999,5.84,73.0,0.0
4311643,Linha Nova,RS,65,Log-Normal,928.23,0.0996,11.827,0.758,0.9992,5.72,75.0,0.0
4312476,Morro Reuter,RS,65,Gumbel,882.05,0.1391,11.827,0.758,0.9992,6.53,76.4,0.0
4313060,Nova Hartz,RS,65,Gama,864.48,0.1253,11.827,0.758,0.9991,6.0,73.6,0.0
4313409,Novo Hamburgo,RS,65,Log-Normal,854.25,0.1266,11.827,0.758,0.9992,5.97,72.8,0.0
4314803,Portão,RS,65,Gama,849.29,0.1465,11.827,0.758,0.999,6.48,72.9,0.0
4315149,Presidente Lucena,RS,65,GEV,898.79,0.1125,11.827,0.758,0.9991,5.88,74.8,0.0
4316956,Santa Maria do Herval,RS,65,Gumbel,878.18,0.1398,11.827,0.758,0.9992,6.52,76.1,0.0
4318481,São José do Hortêncio,RS,65,Log-Normal,928.23,0.0996,11.827,0.758,0.9992,5.72,75.0,0.0
4318705,São Leopoldo,RS,65,Gumbel,844.54,0.1495,11.827,0.758,0.9991,6.55,73.4,0.0
4319505,São Sebastião do Caí,RS,65,Log-Normal,851.15,0.1348,11.827,0.758,0.9992,6.17,72.6,0.0
4319752,São Vendelino,RS,65,Log-Normal,924.44,0.1146,11.827,0.758,0.9992,6.11,76.4,0.0
4319901,Sapiranga,RS,65,Weibull,868.41,0.1473,11.827,0.758,0.999,6.65,75.7,0.0
4322251,Tupandi,RS,65,Normal,951.46,0.0847,11.827,0.758,0.9992,5.48,74.6,0.0
4300604,Alvorada,RS,65,Weibull,850.63,0.1394,11.827,0.758,0.9988,6.26,70.7,0.0
4301107,Arroio dos Ratos,RS,65,GEV,820.85,0.128,11.827,0.758,0.9989,5.75,67.3,0.0
4301750,Barão do Triunfo,RS,65,Weibull,854.59,0.1073,11.827,0.758,0.9989,5.44,67.3,0.0
4301909,Barra do Ribeiro,RS,65,Weibull,782.54,0.1288,11.827,0.758,0.9989,5.49,64.5,0.0
4303103,Cachoeirinha,RS,65,Gumbel,851.25,0.1573,11.827,0.758,0.9991,6.83,73.6,0.0
4304606,Canoas,RS,65,Gumbel,851.25,0.1573,11.827,0.758,0.9991,6.83,73.6,0.0
4304671,Capivari do Sul,RS,65,Weibull,775.42,0.1298,11.827,0.758,0.9989,5.47,63.8,0.0
4304713,Caraá,RS,65,Gama,761.07,0.1406,11.827,0.758,0.999,5.65,63.8,0.0
4306767,Eldorado do Sul,RS,65,Log-Normal,815.81,0.133,11.827,0.758,0.9991,5.86,67.9,0.0
4307708,Esteio,RS,65,Gumbel,851.25,0.1573,11.827,0.758,0.9991,6.83,73.6,0.0
4309050,Glorinha,RS,65,GEV,818.52,0.1211,11.827,0.758,0.9991,5.56,67.9,0.0
4309209,Gravataí,RS,65,Normal,908.76,0.0909,11.827,0.758,0.9991,5.38,70.6,0.0
4309308,Guaíba,RS,65,Normal,847.45,0.0917,11.827,0.758,0.9991,5.03,65.8,0.0
4311981,Mariana Pimentel,RS,65,Weibull,827.23,0.1202,11.827,0.758,0.9989,5.58,66.4,0.0
4312500,Mostardas,RS,65,GEV,651.37,0.1635,11.827,0.758,0.9992,5.4,58.4,0.0
4313375,Nova Santa Rita,RS,65,Log-Normal,832.6,0.1652,11.827,0.758,0.9991,6.93,73.0,0.0
4313656,Palmares do Sul,RS,65,Weibull,721.77,0.1869,11.827,0.758,0.9985,6.58,63.1,0.0
4314902,Porto Alegre,RS,65,Gumbel,801.24,0.1562,11.827,0.758,0.9991,6.4,69.3,0.0
4317608,Santo Antônio da Patrulha,RS,65,Weibull,786.28,0.1299,11.827,0.758,0.9989,5.55,64.9,0.0
4320008,Sapucaia do Sul,RS,65,Gumbel,844.54,0.1495,11.827,0.758,0.9991,6.55,73.4,0.0
4320552,Sertão Santana,RS,65,Weibull,833.96,0.111,11.827,0.758,0.9989,5.4,65.6,0.0
4321352,Tavares,RS,65,Gama,752.64,0.1269,11.827,0.758,0.9991,5.26,63.5,0.0
4323002,Viamão,RS,65,Weibull,787.39,0.1407,11.827,0.758,0.9988,5.83,65.4,0.0
4322525,Vale Verde,RS,65,GEV,845.02,0.1366,11.827,0.758,0.999,6.16,70.8,0.0
4310108,Igrejinha,RS,65,Gama,845.51,0.1224,11.827,0.758,0.9991,5.79,71.4,0.0
4314050,Parobé,RS,65,Normal,912.32,0.0812,11.827,0.758,0.9992,5.17,71.8,0.0
4315750,Riozinho,RS,65,Gumbel,720.82,0.1474,11.827,0.758,0.9991,5.54,62.4,0.0
4316006,Rolante,RS,65,GEV,784.13,0.1084,11.827,0.758,0.9991,5.02,64.0,0.0
4321204,Taquara,RS,65,Weibull,853.22,0.0922,11.827,0.758,0.9991,5.08,68.4,0.0
4321709,Três Coroas,RS,65,Weibull,843.42,0.1349,11.827,0.758,0.9989,6.09,71.0,0.0
4301057,Arroio do Sal,RS,65,GEV,735.63,0.2341,11.827,0.758,0.9994,8.49,74.1,0.0
4306551,Dom Pedro de Alcântara,RS,65,GEV,779.6,0.2101,11.827,0.758,0.9993,8.02,74.7,0.0
4311734,Mampituba,RS,65,GEV,732.78,0.2193,11.827,0.758,0.9994,7.88,72.0,0.0
4312443,Morrinhos do Sul,RS,65,Weibull,844.89,0.1659,11.827,0.758,0.9988,7.02,73.3,0.0
4321501,Torres,RS,65,Gumbel,845.33,0.1535,11.827,0.758,0.9991,6.67,73.7,0.0
4321667,Três Cachoeiras,RS,65,GEV,725.47,0.2333,11.827,0.758,0.9995,8.34,73.2,0.0
4321832,Três Forquilhas,RS,65,GEV,753.25,0.1931,11.827,0.758,0.9993,7.15,70.0,0.0
4301636,Balneário Pinhal,RS,65,Weibull,791.95,0.1316,11.827,0.758,0.9988,5.62,64.1,0.0
4304630,Capão da Canoa,RS,65,Log-Normal,771.32,0.1968,11.827,0.758,0.9992,7.44,72.1,0.0
4305454,Cidreira,RS,65,Weibull,797.29,0.1234,11.827,0.758,0.9989,5.46,64.3,0.0
4310330,Imbé,RS,65,Log-Normal,736.58,0.1611,11.827,0.758,0.9991,6.02,64.8,0.0
4310652,Itati,RS,65,GEV,764.42,0.1766,11.827,0.758,0.9992,6.72,68.9,0.0
4311775,Maquiné,RS,65,GEV,694.44,0.1593,11.827,0.758,0.9992,5.64,61.6,0.0
4313508,Osório,RS,65,Log-Normal,727.28,0.1717,11.827,0.758,0.9992,6.25,65.3,0.0
4321436,Terra de Areia,RS,65,GEV,736.43,0.2004,11.827,0.758,0.9994,7.25,70.2,0.0
4321600,Tramandaí,RS,65,Gama,754.75,0.1563,11.827,0.758,0.9989,6.01,64.3,0.0
4323804,Xangri-lá,RS,65,Gama,757.71,0.1504,11.827,0.758,0.999,5.88,65.7,0.0
4302105,Bento Gonçalves,RS,65,Gumbel,830.78,0.1593,11.827,0.758,0.999,6.72,71.6,0.0
4302253,Boa Vista do Sul,RS,65,Log-Normal,871.89,0.1338,11.827,0.758,0.999,6.28,71.8,0.0
4304804,Carlos Barbosa,RS,65,Gumbel,831.33,0.1603,11.827,0.758,0.999,6.76,71.8,0.0
4305934,Coronel Pilar,RS,65,Gumbel,816.19,0.1633,11.827,0.758,0.999,6.73,70.3,0.0
4305959,Cotiporã,RS,65,GEV,738.68,0.2156,11.827,0.758,0.9992,7.77,70.0,0.0
4307864,Fagundes Varela,RS,65,Gumbel,915.1,0.1624,11.827,0.758,0.999,7.51,79.2,0.0
4308607,Garibaldi,RS,65,Log-Normal,831.42,0.1488,11.827,0.758,0.999,6.41,70.3,0.0
4312385,Monte Belo do Sul,RS,65,GEV,780.37,0.1779,11.827,0.758,0.9991,6.89,69.4,0.0
4314548,Pinto Bandeira,RS,65,Gumbel,856.66,0.1635,11.827,0.758,0.999,7.07,73.8,0.0
4317251,Santa Tereza,RS,65,Gumbel,816.19,0.1633,11.827,0.758,0.999,6.73,70.3,0.0
4319711,São Valentim do Sul,RS,65,Gumbel,814.56,0.1647,11.827,0.758,0.999,6.75,70.4,0.0
4322806,Veranópolis,RS,65,Gumbel,861.0,0.1734,11.827,0.758,0.9989,7.42,73.8,0.0
4323309,Vila Flores,RS,65,Gumbel,861.56,0.169,11.827,0.758,0.9989,7.28,74.5,0.0
4300802,Antônio Prado,RS,65,Log-Normal,840.91,0.2018,11.827,0.758,0.9989,8.25,75.0,0.0
4303608,Cambará do Sul,RS,65,GEV,749.45,0.1879,11.827,0.758,0.9993,6.95,69.2,0.0
4303673,Campestre da Serra,RS,65,GEV,818.88,0.1633,11.827,0.758,0.9991,6.75,71.2,0.0
4305108,Caxias do Sul,RS,65,Log-Normal,870.25,0.1418,11.827,0.758,0.9991,6.51,74.0,0.0
4307906,Farroupilha,RS,65,GEV,905.37,0.1472,11.827,0.758,0.9991,6.94,77.9,0.0
4308201,Flores da Cunha,RS,65,GEV,810.29,0.1841,11.827,0.758,0.9991,7.37,73.0,0.0
4310439,Ipê,RS,65,GEV,831.88,0.1856,11.827,0.758,0.9991,7.61,74.7,0.0
4313086,Nova Pádua,RS,65,Log-Normal,802.25,0.2091,11.827,0.758,0.999,8.16,73.8,0.0
4313359,Nova Roma do Sul,RS,65,Gumbel,867.61,0.1642,11.827,0.758,0.999,7.18,75.1,0.0
4318200,São Francisco de Paula,RS,65,GEV,806.81,0.1489,11.827,0.758,0.9991,6.24,69.6,0.0
4319000,São Marcos,RS,65,GEV,817.68,0.182,11.827,0.758,0.9992,7.37,74.0,0.0
4300703,Anta Gorda,RS,65,Gumbel,858.52,0.1688,11.827,0.758,0.9989,7.25,74.5,0.0
4310306,Ilópolis,RS,65,Gumbel,939.52,0.1652,11.827,0.758,0.999,7.81,81.2,0.0
4315206,Putinga,RS,65,GEV,790.52,0.2252,11.827,0.758,0.9992,8.7,76.0,0.0
4304622,Capão Bonito do Sul,RS,65,GEV,909.58,0.1404,11.827,0.758,0.9989,6.74,75.6,0.0
4311304,Lagoa Vermelha,RS,65,GEV,925.39,0.1316,11.827,0.758,0.999,6.59,76.8,0.0
4312757,Nova Alvorada,RS,65,GEV,1058.72,0.1317,11.827,0.758,0.999,7.55,88.2,0.0
4300661,André da Rocha,RS,65,GEV,761.61,0.2062,11.827,0.758,0.9992,7.66,70.5,0.0
4306452,Dois Lajeados,RS,65,Gumbel,827.96,0.159,11.827,0.758,0.999,6.69,71.8,0.0
4309258,Guabiju,RS,65,Weibull,801.85,0.1857,11.827,0.758,0.9987,7.29,71.0,0.0
4309407,Guaporé,RS,65,Gumbel,857.53,0.1677,11.827,0.758,0.999,7.2,74.1,0.0
4312351,Montauri,RS,65,Log-Normal,946.32,0.1544,11.827,0.758,0.999,7.49,80.9,0.0
4312807,Nova Araçá,RS,65,Weibull,810.2,0.1821,11.827,0.758,0.9988,7.25,72.4,0.0
4312906,Nova Bassano,RS,65,GEV,838.47,0.1843,11.827,0.758,0.999,7.61,74.3,0.0
4313300,Nova Prata,RS,65,Gumbel,896.97,0.1667,11.827,0.758,0.999,7.5,77.7,0.0
4314001,Paraí,RS,65,GEV,859.76,0.1681,11.827,0.758,0.999,7.24,74.6,0.0
4315172,Protásio Alves,RS,65,GEV,750.5,0.2316,11.827,0.758,0.9993,8.52,73.7,0.0
4318440,São Jorge,RS,65,GEV,834.61,0.168,11.827,0.758,0.999,7.03,72.4,0.0
4320404,Serafina Corrêa,RS,65,Gumbel,936.61,0.1604,11.827,0.758,0.999,7.62,81.0,0.0
4322350,União da Serra,RS,65,Gumbel,969.65,0.1616,11.827,0.758,0.999,7.93,83.6,0.0
4323606,Vista Alegre do Prata,RS,65,Log-Normal,934.25,0.1613,11.827,0.758,0.999,7.62,79.6,0.0
4301404,Arvorezinha,RS,65,Gama,1001.24,0.1459,11.827,0.758,0.9989,7.61,83.5,0.0
4310579,Itapuca,RS,65,Gama,1039.14,0.1462,11.827,0.758,0.9989,7.91,87.4,0.0
4302303,Bom Jesus,RS,65,GEV,743.41,0.1855,11.827,0.758,0.9992,6.81,67.8,0.0
4307401,Esmeralda,RS,65,Log-Normal,832.48,0.1779,11.827,0.758,0.9991,7.35,74.4,0.0
4311122,Jaquirana,RS,65,GEV,817.11,0.1492,11.827,0.758,0.9991,6.32,69.9,0.0
4312377,Monte Alegre dos Campos,RS,65,Gumbel,822.93,0.1486,11.827,0.758,0.9991,6.35,71.6,0.0
4312617,Muitos Capões,RS,65,Gumbel,804.49,0.1603,11.827,0.758,0.999,6.54,69.2,0.0
4314464,Pinhal da Serra,RS,65,Gumbel,881.43,0.1553,11.827,0.758,0.9991,7.01,76.1,0.0
4318622,São José dos Ausentes,RS,65,Log-Normal,811.4,0.1102,11.827,0.758,0.9991,5.25,65.1,0.0
4322509,Vacaria,RS,65,Log-Normal,828.01,0.1385,11.827,0.758,0.999,6.09,69.0,0.0
4300471,Almirante Tamandaré do Sul,RS,65,Gumbel,921.39,0.1524,11.827,0.758,0.9991,7.23,79.3,0.0
4301958,Barra Funda,RS,65,GEV,928.68,0.1445,11.827,0.758,0.9992,7.04,81.0,0.0
4304705,Carazinho,RS,65,GEV,985.92,0.1303,11.827,0.758,0.9989,6.97,80.3,0.0
4305306,Chapada,RS,65,Weibull,1021.23,0.0996,11.827,0.758,0.999,6.28,80.9,0.0
4305603,Colorado,RS,65,Normal,1103.67,0.1094,11.827,0.758,0.9989,7.09,83.3,0.0
4305801,Constantina,RS,65,Gumbel,981.28,0.1408,11.827,0.758,0.9992,7.32,85.1,0.0
4305850,Coqueiros do Sul,RS,65,GEV,979.63,0.1377,11.827,0.758,0.9991,7.19,83.4,0.0
4306924,Engenho Velho,RS,65,Gumbel,983.18,0.1397,11.827,0.758,0.9992,7.29,85.5,0.0
4312658,Não-Me-Toque,RS,65,Normal,1111.27,0.1005,11.827,0.758,0.999,6.86,85.2,0.0
4312955,Nova Boa Vista,RS,65,Weibull,1000.83,0.1029,11.827,0.758,0.999,6.25,79.9,0.0
4313466,Novo Xingu,RS,65,Gumbel,981.28,0.1408,11.827,0.758,0.9992,7.32,85.1,0.0
4316204,Rondinha,RS,65,Weibull,964.42,0.1405,11.827,0.758,0.999,7.15,82.7,0.0
4316436,Saldanha Marinho,RS,65,Weibull,1055.46,0.1232,11.827,0.758,0.9988,7.21,82.8,0.0
4317756,Santo Antônio do Planalto,RS,65,GEV,1056.82,0.1097,11.827,0.758,0.9989,6.79,83.6,0.0
4320107,Sarandi,RS,65,Gumbel,946.62,0.145,11.827,0.758,0.9992,7.19,81.9,0.0
4305207,Cerro Largo,RS,65,Gumbel,934.8,0.1506,11.827,0.758,0.9991,7.28,80.5,0.0
4312179,Mato Queimado,RS,65,Gumbel,946.34,0.1514,11.827,0.758,0.9991,7.4,81.6,0.0
4315107,Porto Xavier,RS,65,Log-Normal,1059.4,0.1257,11.827,0.758,0.9992,7.37,89.7,0.0
4316303,Roque Gonzales,RS,65,GEV,1022.63,0.1282,11.827,0.758,0.9992,7.2,87.8,0.0
4316477,Salvador das Missões,RS,65,Gumbel,936.9,0.1488,11.827,0.758,0.9991,7.24,81.0,0.0
4319307,São Paulo das Missões,RS,65,Weibull,1059.89,0.1046,11.827,0.758,0.9991,6.68,85.9,0.0
4319372,São Pedro do Butiá,RS,65,Log-Normal,965.07,0.1312,11.827,0.758,0.9993,6.9,83.7,0.0
4322343,Ubiretama,RS,65,Gumbel,912.78,0.1434,11.827,0.758,0.9992,6.89,78.9,0.0
4302220,Boa Vista do Cadeado,RS,65,Log-Normal,1012.83,0.1444,11.827,0.758,0.999,7.65,84.0,0.0
4302238,Boa Vista do Incra,RS,65,Log-Normal,938.04,0.1296,11.827,0.758,0.999,6.62,76.4,0.0
4306106,Cruz Alta,RS,65,Log-Normal,891.18,0.1842,11.827,0.758,0.9991,8.09,80.1,0.0
4308458,Fortaleza dos Valos,RS,65,Log-Normal,949.85,0.142,11.827,0.758,0.9989,7.09,77.8,0.0
4310009,Ibirubá,RS,65,Gama,984.7,0.1667,11.827,0.758,0.9988,8.21,83.7,0.0
4310876,Jacuizinho,RS,65,Gumbel,927.91,0.1593,11.827,0.758,0.999,7.51,80.4,0.0
4315354,Quinze de Novembro,RS,65,Gama,1011.65,0.1479,11.827,0.758,0.9989,7.75,84.0,0.0
4316451,Salto do Jacuí,RS,65,GEV,944.5,0.1558,11.827,0.758,0.9988,7.5,78.7,0.0
4316709,Santa Bárbara do Sul,RS,65,Weibull,1001.42,0.1432,11.827,0.758,0.9987,7.49,82.2,0.0
4320305,Selbach,RS,65,Log-Normal,939.8,0.1831,11.827,0.758,0.999,8.48,83.4,0.0
4300901,Aratiba,RS,65,Weibull,887.03,0.1386,11.827,0.758,0.999,6.52,76.2,0.0
4301552,Áurea,RS,65,GEV,850.71,0.1526,11.827,0.758,0.9992,6.7,75.1,0.0
4301701,Barão de Cotegipe,RS,65,Weibull,925.1,0.1438,11.827,0.758,0.9989,6.95,78.5,0.0
4301925,Barra do Rio Azul,RS,65,Weibull,948.34,0.134,11.827,0.758,0.9989,6.82,79.2,0.0
4302055,Benjamin Constant do Sul,RS,65,Weibull,1057.37,0.1181,11.827,0.758,0.9989,7.07,85.3,0.0
4303806,Campinas do Sul,RS,65,Gumbel,970.55,0.1517,11.827,0.758,0.9991,7.6,84.0,0.0
4304853,Carlos Gomes,RS,65,Weibull,929.63,0.1222,11.827,0.758,0.9989,6.33,75.9,0.0
4305116,Centenário,RS,65,Gumbel,866.53,0.1569,11.827,0.758,0.9991,6.94,74.4,0.0
4306130,Cruzaltense,RS,65,Gama,991.37,0.1437,11.827,0.758,0.999,7.46,84.2,0.0
4306957,Entre Rios do Sul,RS,65,Weibull,1057.15,0.116,11.827,0.758,0.999,7.01,85.7,0.0
4306973,Erebango,RS,65,Log-Normal,890.49,0.1377,11.827,0.758,0.9992,6.54,76.0,0.0
4307005,Erechim,RS,65,Gama,876.05,0.1377,11.827,0.758,0.9991,6.43,75.0,0.0
4307203,Erval Grande,RS,65,Gumbel,919.79,0.1346,11.827,0.758,0.9992,6.67,79.9,0.0
4307559,Estação,RS,65,Log-Normal,960.44,0.1378,11.827,0.758,0.9991,7.05,80.3,0.0
4308052,Faxinalzinho,RS,65,Weibull,1028.15,0.1085,11.827,0.758,0.999,6.59,83.4,0.0
4308250,Floriano Peixoto,RS,65,Gumbel,866.53,0.1569,11.827,0.758,0.9991,6.94,74.4,0.0
4308706,Gaurama,RS,65,Gumbel,854.54,0.1376,11.827,0.758,0.9992,6.28,74.4,0.0
4308904,Getúlio Vargas,RS,65,Gama,880.17,0.1497,11.827,0.758,0.999,6.81,76.0,0.0
4310462,Ipiranga do Sul,RS,65,GEV,967.29,0.1358,11.827,0.758,0.999,7.03,81.0,0.0
4310702,Itatiba do Sul,RS,65,Gumbel,890.96,0.1401,11.827,0.758,0.9992,6.62,77.3,0.0
4310900,Jacutinga,RS,65,Log-Normal,976.63,0.1283,11.827,0.758,0.9991,6.86,80.8,0.0
4311908,Marcelino Ramos,RS,65,GEV,838.52,0.1379,11.827,0.758,0.9993,6.18,73.5,0.0
4312005,Mariano Moro,RS,65,GEV,834.55,0.1598,11.827,0.758,0.9992,6.8,74.2,0.0
4314134,Paulo Bento,RS,65,Gumbel,895.72,0.1431,11.827,0.758,0.9992,6.75,77.7,0.0
4314787,Ponte Preta,RS,65,Gama,966.7,0.1513,11.827,0.758,0.9989,7.53,82.6,0.0
4315313,Quatro Irmãos,RS,65,Log-Normal,976.63,0.1283,11.827,0.758,0.9991,6.86,80.8,0.0
4319703,São Valentim,RS,65,Log-Normal,922.7,0.1611,11.827,0.758,0.9992,7.55,81.4,0.0
4320602,Severiano de Almeida,RS,65,Log-Normal,830.57,0.1611,11.827,0.758,0.9992,6.8,73.7,0.0
4321634,Três Arroios,RS,65,GEV,822.42,0.1554,11.827,0.758,0.9993,6.57,73.8,0.0
4322905,Viadutos,RS,65,Gumbel,844.27,0.1529,11.827,0.758,0.9991,6.64,72.9,0.0
4300646,Ametista do Sul,RS,65,Normal,1091.67,0.085,11.827,0.758,0.9992,6.29,85.5,0.0
4302154,Boa Vista das Missões,RS,65,Weibull,1054.93,0.0996,11.827,0.758,0.999,6.49,84.1,0.0
4303400,Caiçara,RS,65,Weibull,1012.93,0.1037,11.827,0.758,0.9991,6.35,82.1,0.0
4306072,Cristal do Sul,RS,65,GEV,1016.76,0.1353,11.827,0.758,0.9991,7.38,86.6,0.0
4307302,Erval Seco,RS,65,Log-Normal,873.78,0.1421,11.827,0.758,0.9992,6.56,76.2,0.0
4308508,Frederico Westphalen,RS,65,Normal,1085.29,0.0823,11.827,0.758,0.9992,6.18,85.3,0.0
4310504,Iraí,RS,65,Normal,1081.93,0.0809,11.827,0.758,0.9992,6.13,85.2,0.0
4310850,Jaboticaba,RS,65,Weibull,998.03,0.1124,11.827,0.758,0.999,6.51,80.5,0.0
4311601,Liberato Salzano,RS,65,Log-Normal,995.95,0.1409,11.827,0.758,0.9992,7.44,87.1,0.0
4313441,Novo Tiradentes,RS,65,Gumbel,962.72,0.1415,11.827,0.758,0.9992,7.2,83.5,0.0
4313805,Palmitinho,RS,65,Weibull,897.51,0.1216,11.827,0.758,0.9991,6.11,76.1,0.0
4314456,Pinhal,RS,65,Gumbel,962.72,0.1415,11.827,0.758,0.9992,7.2,83.5,0.0
4314498,Pinheirinho do Vale,RS,65,Weibull,969.46,0.0984,11.827,0.758,0.9991,5.94,78.4,0.0
4315909,Rodeio Bonito,RS,65,GEV,1016.76,0.1353,11.827,0.758,0.9991,7.38,86.6,0.0
4320206,Seberi,RS,65,Weibull,865.06,0.1484,11.827,0.758,0.9989,6.65,74.6,0.0
4321329,Taquaruçu do Sul,RS,65,Weibull,919.16,0.1148,11.827,0.758,0.9991,6.07,76.5,0.0
4323101,Vicente Dutra,RS,65,Log-Normal,1066.59,0.0834,11.827,0.758,0.9992,6.11,85.3,0.0
4323507,Vista Alegre,RS,65,Weibull,922.17,0.1201,11.827,0.758,0.999,6.23,76.9,0.0
4300208,Ajuricaba,RS,65,Gumbel,1018.23,0.1516,11.827,0.758,0.9991,7.96,87.7,0.0
4301503,Augusto Pestana,RS,65,Gama,1014.01,0.1372,11.827,0.758,0.999,7.41,85.4,0.0
4302584,Bozano,RS,65,Weibull,1071.42,0.1273,11.827,0.758,0.9989,7.47,87.4,0.0
4305009,Catuípe,RS,65,Log-Normal,1056.23,0.1098,11.827,0.758,0.9991,6.82,85.1,0.0
4305405,Chiapetta,RS,65,Gama,1041.62,0.1183,11.827,0.758,0.999,6.98,83.8,0.0
4305702,Condor,RS,65,Gama,1017.3,0.1335,11.827,0.758,0.999,7.31,84.0,0.0
4305871,Coronel Barros,RS,65,Gumbel,979.89,0.1488,11.827,0.758,0.9991,7.57,84.4,0.0
4305900,Coronel Bicaco,RS,65,Weibull,959.83,0.1014,11.827,0.758,0.999,5.95,75.3,0.0
4310207,Ijuí,RS,65,Weibull,1067.43,0.1303,11.827,0.758,0.9988,7.54,86.7,0.0
4310413,Inhacorá,RS,65,Log-Normal,1046.09,0.1085,11.827,0.758,0.9991,6.71,84.3,0.0
4311155,Jóia,RS,65,Weibull,915.26,0.1051,11.827,0.758,0.999,5.78,73.9,0.0
4313334,Nova Ramada,RS,65,Weibull,1073.96,0.1179,11.827,0.758,0.999,7.18,87.4,0.0
4313904,Panambi,RS,65,GEV,1038.36,0.1363,11.827,0.758,0.999,7.55,86.1,0.0
4314308,Pejuçara,RS,65,Log-Normal,1044.79,0.1294,11.827,0.758,0.999,7.37,85.8,0.0
4317806,Santo Augusto,RS,65,Log-Normal,1006.89,0.111,11.827,0.758,0.9992,6.54,82.8,0.0
4319737,São Valério do Sul,RS,65,GEV,963.88,0.1132,11.827,0.758,0.999,6.31,79.0,0.0
4301800,Barracão,RS,65,Log-Normal,890.54,0.1489,11.827,0.758,0.9992,6.89,77.3,0.0
4303202,Cacique Doble,RS,65,Gumbel,943.57,0.1599,11.827,0.758,0.999,7.66,81.1,0.0
4304952,Caseiros,RS,65,Gama,926.24,0.1126,11.827,0.758,0.9991,6.05,74.8,0.0
4309902,Ibiraiaras,RS,65,Gumbel,786.4,0.1596,11.827,0.758,0.999,6.38,68.1,0.0
4311700,Machadinho,RS,65,GEV,824.2,0.15,11.827,0.758,0.9993,6.43,73.6,0.0
4318606,São José do Ouro,RS,65,Weibull,970.06,0.1176,11.827,0.758,0.999,6.48,78.8,0.0
4322186,Tupanci do Sul,RS,65,GEV,976.97,0.1265,11.827,0.758,0.999,6.8,80.9,0.0
4303558,Camargo,RS,65,Log-Normal,1031.68,0.1289,11.827,0.758,0.9991,7.27,85.7,0.0
4304903,Casca,RS,65,Gumbel,867.36,0.1562,11.827,0.758,0.9991,6.92,74.9,0.0
4305504,Ciríaco,RS,65,Log-Normal,984.27,0.1321,11.827,0.758,0.9991,7.04,81.9,0.0
4306304,David Canabarro,RS,65,Gama,898.85,0.1411,11.827,0.758,0.9989,6.68,74.4,0.0
4308854,Gentil,RS,65,Gumbel,959.12,0.1545,11.827,0.758,0.9991,7.6,82.4,0.0
4311809,Marau,RS,65,Log-Normal,994.22,0.1382,11.827,0.758,0.9991,7.31,84.3,0.0
4312625,Muliterno,RS,65,Weibull,880.96,0.141,11.827,0.758,0.9988,6.53,73.3,0.0
4317558,Santo Antônio do Palma,RS,65,Gama,944.59,0.122,11.827,0.758,0.999,6.44,77.3,0.0
4318051,São Domingos do Sul,RS,65,Weibull,917.88,0.1403,11.827,0.758,0.9988,6.78,74.8,0.0
4322558,Vanini,RS,65,Weibull,917.88,0.1403,11.827,0.758,0.9988,6.78,74.8,0.0
4323408,Vila Maria,RS,65,Weibull,1038.23,0.1267,11.827,0.758,0.9989,7.22,85.0,0.0
4300505,Alpestre,RS,65,Weibull,1040.0,0.0912,11.827,0.758,0.9991,6.17,82.8,0.0
4309126,Gramado dos Loureiros,RS,65,GEV,1028.28,0.1125,11.827,0.758,0.9992,6.73,86.5,0.0
4312708,Nonoai,RS,65,GEV,996.1,0.1189,11.827,0.758,0.9991,6.71,83.3,0.0
4314704,Planalto,RS,65,Normal,1071.06,0.0804,11.827,0.758,0.9992,6.05,84.4,0.0
4315552,Rio dos Índios,RS,65,Gama,974.95,0.1092,11.827,0.758,0.9992,6.29,81.8,0.0
4321956,Trindade do Sul,RS,65,GEV,996.45,0.135,11.827,0.758,0.9993,7.24,86.8,0.0
4305157,Cerro Grande,RS,65,Weibull,995.28,0.1453,11.827,0.758,0.9989,7.54,85.4,0.0
4306429,Dois Irmãos das Missões,RS,65,Weibull,969.17,0.0961,11.827,0.758,0.999,5.87,75.8,0.0
4311429,Lajeado do Bugre,RS,65,GEV,907.26,0.1645,11.827,0.758,0.9993,7.57,82.4,0.0
4313490,Novo Barreiro,RS,65,GEV,911.57,0.1505,11.827,0.758,0.9992,7.11,80.4,0.0
4313706,Palmeira das Missões,RS,65,Weibull,1032.76,0.0949,11.827,0.758,0.9991,6.22,82.4,0.0
4316428,Sagrada Família,RS,65,GEV,941.2,0.1518,11.827,0.758,0.9993,7.39,83.6,0.0
4318457,São José das Missões,RS,65,GEV,938.31,0.1465,11.827,0.758,0.9992,7.19,82.3,0.0
4319364,São Pedro das Missões,RS,65,Log-Normal,940.8,0.1463,11.827,0.758,0.9992,7.19,82.0,0.0
4300554,Alto Alegre,RS,65,Gama,980.11,0.1642,11.827,0.758,0.9988,8.08,82.7,0.0
4304101,Campos Borges,RS,65,Log-Normal,949.22,0.1586,11.827,0.758,0.9991,7.66,81.8,0.0
4305975,Coxilha,RS,65,Gumbel,954.55,0.1525,11.827,0.758,0.9991,7.5,82.5,0.0
4307054,Ernestina,RS,65,Gumbel,992.07,0.1579,11.827,0.758,0.9991,7.98,86.1,0.0
4307500,Espumoso,RS,65,Gama,995.32,0.1664,11.827,0.758,0.9988,8.29,85.2,0.0
4311270,Lagoa dos Três Cantos,RS,65,Gumbel,982.19,0.1644,11.827,0.758,0.999,8.13,84.6,0.0
4312138,Mato Castelhano,RS,65,Log-Normal,1024.7,0.1256,11.827,0.758,0.9991,7.11,85.2,0.0
4312674,Nicolau Vergueiro,RS,65,Gumbel,1007.56,0.1545,11.827,0.758,0.9991,7.98,86.8,0.0
4314100,Passo Fundo,RS,65,Weibull,1069.64,0.1309,11.827,0.758,0.9989,7.58,87.7,0.0
4314779,Pontão,RS,65,Weibull,1015.8,0.142,11.827,0.758,0.9989,7.57,85.7,0.0
4316105,Ronda Alta,RS,65,GEV,885.9,0.175,11.827,0.758,0.9994,7.76,82.1,0.0
4320503,Sertão,RS,65,Weibull,1025.95,0.1174,11.827,0.758,0.9989,6.83,81.7,0.0
4321006,Tapera,RS,65,Weibull,975.26,0.1569,11.827,0.758,0.9987,7.77,82.4,0.0
4321469,Tio Hugo,RS,65,Weibull,1053.46,0.1449,11.827,0.758,0.9987,7.94,86.6,0.0
4321857,Três Palmeiras,RS,65,Weibull,979.57,0.1452,11.827,0.758,0.9989,7.42,84.0,0.0
4323200,Victor Graeff,RS,65,Normal,1118.41,0.0967,11.827,0.758,0.999,6.79,86.2,0.0
4300307,Alecrim,RS,65,Gama,1015.67,0.1143,11.827,0.758,0.9991,6.7,83.8,0.0
4303707,Campina das Missões,RS,65,Log-Normal,963.75,0.1258,11.827,0.758,0.9992,6.71,81.1,0.0
4304309,Cândido Godói,RS,65,Weibull,991.99,0.1177,11.827,0.758,0.9989,6.62,80.3,0.0
4313425,Novo Machado,RS,65,Weibull,961.02,0.1349,11.827,0.758,0.9989,6.94,81.2,0.0
4315008,Porto Lucena,RS,65,Log-Normal,994.61,0.1244,11.827,0.758,0.9992,6.88,83.8,0.0
4315057,Porto Mauá,RS,65,Weibull,1024.27,0.1077,11.827,0.758,0.9991,6.54,83.7,0.0
4315073,Porto Vera Cruz,RS,65,Log-Normal,995.11,0.126,11.827,0.758,0.9992,6.93,83.7,0.0
4317202,Santa Rosa,RS,65,GEV,965.81,0.1309,11.827,0.758,0.9991,6.86,81.0,0.0
4317905,Santo Cristo,RS,65,Weibull,976.91,0.1235,11.827,0.758,0.999,6.7,80.7,0.0
4320321,Senador Salgado Filho,RS,65,GEV,996.44,0.115,11.827,0.758,0.9989,6.56,79.8,0.0
4322103,Tucunduva,RS,65,Weibull,986.84,0.126,11.827,0.758,0.9989,6.84,81.6,0.0
4322301,Tuparendi,RS,65,Gama,983.7,0.1365,11.827,0.758,0.9991,7.18,84.4,0.0
4306932,Entre-Ijuís,RS,65,Weibull,991.61,0.1222,11.827,0.758,0.9989,6.75,80.4,0.0
4307831,Eugênio de Castro,RS,65,GEV,980.25,0.1113,11.827,0.758,0.999,6.36,80.0,0.0
4309001,Giruá,RS,65,Log-Normal,982.7,0.129,11.827,0.758,0.9991,6.93,81.3,0.0
4309506,Guarani das Missões,RS,65,Gumbel,937.3,0.1535,11.827,0.758,0.9991,7.39,80.6,0.0
4317509,Santo Ângelo,RS,65,Gama,988.0,0.1338,11.827,0.758,0.9989,7.1,80.4,0.0
4319158,São Miguel das Missões,RS,65,GEV,1049.32,0.071,11.827,0.758,0.999,5.66,81.0,0.0
4320578,Sete de Setembro,RS,65,Weibull,1016.36,0.1109,11.827,0.758,0.9989,6.58,81.0,0.0
4323754,Vitória das Missões,RS,65,Weibull,1003.08,0.1144,11.827,0.758,0.9989,6.59,79.3,0.0
4311254,Lagoão,RS,65,GEV,886.48,0.1952,11.827,0.758,0.9992,8.49,81.5,0.0
4322152,Tunas,RS,65,Gumbel,919.93,0.1615,11.827,0.758,0.999,7.52,79.6,0.0
4302006,Barros Cassal,RS,65,GEV,913.39,0.1743,11.827,0.758,0.9992,7.95,82.2,0.0
4308300,Fontoura Xavier,RS,65,Gumbel,962.42,0.1618,11.827,0.758,0.999,7.88,83.2,0.0
4309951,Ibirapuitã,RS,65,Log-Normal,1017.6,0.135,11.827,0.758,0.9991,7.37,84.8,0.0
4312427,Mormaço,RS,65,Gama,997.39,0.1542,11.827,0.758,0.9989,7.87,84.2,0.0
4318465,São José do Herval,RS,65,Gumbel,907.03,0.1593,11.827,0.758,0.999,7.34,78.5,0.0
4320800,Soledade,RS,65,Gumbel,966.94,0.152,11.827,0.758,0.9991,7.58,83.7,0.0
4302501,Bossoroca,RS,65,GEV,1017.56,0.1085,11.827,0.758,0.9991,6.53,83.9,0.0
4303301,Caibaté,RS,65,GEV,1046.3,0.0936,11.827,0.758,0.9989,6.25,81.8,0.0
4306353,Dezesseis de Novembro,RS,65,GEV,1050.03,0.1242,11.827,0.758,0.9992,7.25,88.9,0.0
4314555,Pirapó,RS,65,GEV,1071.82,0.1333,11.827,0.758,0.9992,7.72,92.2,0.0
4315958,Rolador,RS,65,Gumbel,929.36,0.1461,11.827,0.758,0.9992,7.09,80.4,0.0
4317707,Santo Antônio das Missões,RS,65,Weibull,1066.29,0.1058,11.827,0.758,0.9991,6.75,87.0,0.0
4318903,São Luiz Gonzaga,RS,65,Weibull,1031.93,0.1098,11.827,0.758,0.999,6.65,83.4,0.0
4319208,São Nicolau,RS,65,Gumbel,1059.6,0.1354,11.827,0.758,0.9992,7.71,92.0,0.0
4300059,Água Santa,RS,65,Log-Normal,980.04,0.1368,11.827,0.758,0.9991,7.17,83.2,0.0
4305371,Charrua,RS,65,Gumbel,918.33,0.1609,11.827,0.758,0.999,7.49,78.4,0.0
4309803,Ibiaçá,RS,65,Weibull,993.98,0.1192,11.827,0.758,0.999,6.69,81.4,0.0
4312203,Maximiliano de Almeida,RS,65,GEV,876.98,0.1489,11.827,0.758,0.9991,6.78,76.0,0.0
4313607,Paim Filho,RS,65,Gumbel,899.64,0.156,11.827,0.758,0.9991,7.18,77.7,0.0
4316600,Sananduva,RS,65,Log-Normal,1006.67,0.1158,11.827,0.758,0.9991,6.68,81.5,0.0
4316733,Santa Cecília do Sul,RS,65,Gama,987.27,0.1316,11.827,0.758,0.999,7.03,81.8,0.0
4317954,Santo Expedito do Sul,RS,65,Gumbel,944.22,0.1598,11.827,0.758,0.999,7.66,81.2,0.0
4318424,São João da Urtiga,RS,65,Gumbel,917.45,0.1586,11.827,0.758,0.999,7.4,78.9,0.0
4320909,Tapejara,RS,65,GEV,995.17,0.1097,11.827,0.758,0.999,6.4,79.7,0.0
4323358,Vila Lângaro,RS,65,GEV,939.33,0.1416,11.827,0.758,0.9991,7.02,80.7,0.0
4301859,Barra do Guarita,RS,65,Weibull,876.74,0.1345,11.827,0.758,0.9989,6.32,73.1,0.0
4302378,Bom Progresso,RS,65,Weibull,904.33,0.1338,11.827,0.758,0.999,6.51,77.0,0.0
4302600,Braga,RS,65,Gumbel,923.03,0.1456,11.827,0.758,0.9992,7.03,79.2,0.0
4304002,Campo Novo,RS,65,Weibull,1023.93,0.087,11.827,0.758,0.9991,5.95,80.0,0.0
4306007,Crissiumal,RS,65,GEV,856.37,0.1275,11.827,0.758,0.9991,6.0,72.6,0.0
4306320,Derrubadas,RS,65,Weibull,917.21,0.1139,11.827,0.758,0.9989,6.02,73.7,0.0
4307450,Esperança do Sul,RS,65,Weibull,890.47,0.1259,11.827,0.758,0.9989,6.17,72.8,0.0
4309704,Humaitá,RS,65,Weibull,969.98,0.1149,11.827,0.758,0.9989,6.39,78.0,0.0
4312302,Miraguaí,RS,65,Log-Normal,925.92,0.1244,11.827,0.758,0.9992,6.4,77.9,0.0
4315404,Redentora,RS,65,Gumbel,908.61,0.1499,11.827,0.758,0.9991,7.05,77.9,0.0
4319109,São Martinho,RS,65,Normal,1029.76,0.0883,11.827,0.758,0.9991,6.03,80.3,0.0
4320230,Sede Nova,RS,65,Weibull,969.98,0.1149,11.827,0.758,0.9989,6.39,78.0,0.0
4321402,Tenente Portela,RS,65,Gama,876.01,0.1396,11.827,0.758,0.999,6.48,74.5,0.0
4321477,Tiradentes do Sul,RS,65,GEV,873.16,0.1273,11.827,0.758,0.9991,6.1,73.0,0.0
4321907,Três Passos,RS,65,Gama,852.42,0.1324,11.827,0.758,0.9991,6.1,71.9,0.0
4323705,Vista Gaúcha,RS,65,Weibull,919.58,0.1181,11.827,0.758,0.999,6.15,75.6,0.0
4300455,Alegria,RS,65,Gumbel,922.56,0.1546,11.827,0.758,0.9991,7.31,79.0,0.0
4302204,Boa Vista do Buricá,RS,65,GEV,1056.54,0.0965,11.827,0.758,0.999,6.41,84.5,0.0
4306734,Doutor Maurício Cardoso,RS,65,GEV,956.5,0.114,11.827,0.758,0.9991,6.29,79.0,0.0
4309605,Horizontina,RS,65,Weibull,999.97,0.1168,11.827,0.758,0.999,6.65,81.9,0.0
4310405,Independência,RS,65,Log-Normal,1003.21,0.122,11.827,0.758,0.999,6.84,81.5,0.0
4313011,Nova Candelária,RS,65,Weibull,945.68,0.1215,11.827,0.758,0.999,6.43,77.6,0.0
4318499,São José do Inhacorá,RS,65,GEV,1056.54,0.0965,11.827,0.758,0.999,6.41,84.5,0.0
4321808,Três de Maio,RS,65,Gumbel,944.91,0.1438,11.827,0.758,0.9992,7.14,81.7,0.0
4304358,Candiota,RS,65,Weibull,920.62,0.1444,11.827,0.758,0.9987,6.92,74.8,0.0
4314175,Pedras Altas,RS,65,Log-Normal,903.11,0.1634,11.827,0.758,0.9991,7.45,78.4,0.0
4314506,Pinheiro Machado,RS,65,GEV,789.21,0.2065,11.827,0.758,0.9993,7.98,74.7,0.0
4300638,Amaral Ferrador,RS,65,GEV,790.3,0.1661,11.827,0.758,0.9991,6.61,69.6,0.0
4306056,Cristal,RS,65,Log-Normal,808.98,0.1787,11.827,0.758,0.9991,7.16,72.1,0.0
4301073,Arroio do Padre,RS,65,GEV,913.4,0.1202,11.827,0.758,0.9989,6.17,74.1,0.0
4301305,Arroio Grande,RS,65,Gama,856.84,0.1801,11.827,0.758,0.9987,7.59,75.2,0.0
4304507,Canguçu,RS,65,GEV,894.89,0.1034,11.827,0.758,0.9988,5.59,69.6,0.0
4304663,Capão do Leão,RS,65,Log-Normal,810.2,0.1705,11.827,0.758,0.9991,6.92,72.5,0.0
4305124,Cerrito,RS,65,Gumbel,819.69,0.1481,11.827,0.758,0.9991,6.31,71.5,0.0
4305439,Chuí,RS,65,Gumbel,756.05,0.1399,11.827,0.758,0.9992,5.61,65.9,0.0
4307104,Herval,RS,65,Gama,824.59,0.1651,11.827,0.758,0.9989,6.84,71.8,0.0
4311007,Jaguarão,RS,65,GEV,777.45,0.1622,11.827,0.758,0.9992,6.4,69.5,0.0
4312450,Morro Redondo,RS,65,Gumbel,872.04,0.1519,11.827,0.758,0.9991,6.83,75.6,0.0
4314209,Pedro Osório,RS,65,Weibull,871.47,0.1545,11.827,0.758,0.9987,6.86,72.6,0.0
4314407,Pelotas,RS,65,Log-Normal,903.32,0.1323,11.827,0.758,0.9991,6.47,75.7,0.0
4314605,Piratini,RS,65,Gama,894.33,0.1429,11.827,0.758,0.9989,6.7,74.1,0.0
4315602,Rio Grande,RS,65,Gumbel,796.72,0.154,11.827,0.758,0.9991,6.3,68.8,0.0
4317301,Santa Vitória do Palmar,RS,65,Gumbel,769.74,0.1441,11.827,0.758,0.9992,5.83,67.4,0.0
4318507,São José do Norte,RS,65,Gama,822.67,0.1215,11.827,0.758,0.999,5.6,67.3,0.0
4318804,São Lourenço do Sul,RS,65,Gama,879.01,0.1575,11.827,0.758,0.9988,7.03,74.1,0.0
4322327,Turuçu,RS,65,Normal,986.98,0.0909,11.827,0.758,0.9991,5.84,76.7,0.0
4306908,Encruzilhada do Sul,RS,65,Gumbel,841.66,0.1491,11.827,0.758,0.9991,6.51,72.9,0.0
4302808,Caçapava do Sul,RS,65,Weibull,1062.88,0.101,11.827,0.758,0.999,6.58,83.3,0.0
4317004,Santana da Boa Vista,RS,65,Gumbel,907.79,0.1435,11.827,0.758,0.9992,6.85,78.4,0.0
4300034,Aceguá,RS,65,Weibull,933.96,0.1531,11.827,0.758,0.9987,7.31,77.7,0.0
4301602,Bagé,RS,65,Gama,866.85,0.1821,11.827,0.758,0.9987,7.76,76.6,0.0
4306601,Dom Pedrito,RS,65,Gumbel,885.02,0.1498,11.827,0.758,0.9991,6.87,76.8,0.0
4309654,Hulha Negra,RS,65,Weibull,880.02,0.1657,11.827,0.758,0.9987,7.3,75.1,0.0
4318101,São Francisco de Assis,RS,65,Gumbel,1036.63,0.1512,11.827,0.758,0.9991,8.09,89.4,0.0
4315305,Quaraí,RS,65,Normal,946.37,0.0949,11.827,0.758,0.9991,5.7,73.1,0.0
4316402,Rosário do Sul,RS,65,Weibull,1004.34,0.1455,11.827,0.758,0.9988,7.6,83.2,0.0
4317103,Sant'Ana do Livramento,RS,65,Log-Normal,910.06,0.1432,11.827,0.758,0.9991,6.85,77.8,0.0
4310603,Itaqui,RS,65,GEV,911.65,0.1452,11.827,0.758,0.9991,6.92,78.3,0.0
4311718,Maçambará,RS,65,Gumbel,933.29,0.1398,11.827,0.758,0.9992,6.93,80.8,0.0
4318002,São Borja,RS,65,Weibull,939.97,0.1263,11.827,0.758,0.999,6.54,79.3,0.0
4311502,Lavras do Sul,RS,65,Weibull,1043.77,0.1182,11.827,0.758,0.9989,6.98,84.4,0.0
4316972,Santa Margarida do Sul,RS,65,Weibull,1013.24,0.1161,11.827,0.758,0.9989,6.72,81.9,0.0
4318309,São Gabriel,RS,65,Log-Normal,967.41,0.1198,11.827,0.758,0.9991,6.54,79.0,0.0
4308656,Garruchos,RS,65,Gumbel,1062.13,0.1313,11.827,0.758,0.9993,7.59,92.0,0.0
4300406,Alegrete,RS,65,Gama,969.78,0.1572,11.827,0.758,0.9988,7.75,81.7,0.0
4301875,Barra do Quaraí,RS,65,Log-Normal,871.36,0.1189,11.827,0.758,0.9992,5.87,72.7,0.0
4311759,Manoel Viana,RS,65,Log-Normal,947.44,0.1614,11.827,0.758,0.9992,7.76,83.7,0.0
4322400,Uruguaiana,RS,65,Gumbel,904.07,0.153,11.827,0.758,0.9991,7.12,78.2,0.0
4203709,Canelinha,SC,65,GEV,734.93,0.1846,11.827,0.758,0.999,6.68,64.9,0.0
4210209,Major Gercino,SC,65,Gama,790.67,0.1689,11.827,0.758,0.9987,6.66,67.3,0.0
4211504,Nova Trento,SC,65,Gama,788.25,0.1742,11.827,0.758,0.9987,6.8,68.0,0.0
4216305,São João Batista,SC,65,Weibull,839.38,0.1699,11.827,0.758,0.9985,7.08,70.3,0.0
4200606,Águas Mornas,SC,65,GEV,735.49,0.2267,11.827,0.758,0.9994,8.18,72.5,0.0
4200705,Alfredo Wagner,SC,65,Gumbel,757.52,0.1586,11.827,0.758,0.999,6.11,65.4,0.0
4200903,Angelina,SC,65,Gumbel,803.96,0.1609,11.827,0.758,0.999,6.55,70.1,0.0
4201109,Anitápolis,SC,65,Weibull,887.24,0.135,11.827,0.758,0.9987,6.39,70.8,0.0
4201208,Antônio Carlos,SC,65,Gumbel,899.99,0.1627,11.827,0.758,0.999,7.39,77.9,0.0
4202305,Biguaçu,SC,65,Gama,881.72,0.2034,11.827,0.758,0.9983,8.66,76.8,0.0
4205407,Florianópolis,SC,65,Weibull,979.52,0.1809,11.827,0.758,0.9983,8.67,81.3,100.0
4206009,Governador Celso Ramos,SC,65,Weibull,909.95,0.2055,11.827,0.758,0.998,8.99,77.5,0.0
4211900,Palhoça,SC,65,Weibull,956.23,0.2071,11.827,0.758,0.9981,9.53,83.0,0.0
4212304,Paulo Lopes,SC,65,Weibull,948.14,0.1571,11.827,0.758,0.9986,7.55,77.9,0.0
4214300,Rancho Queimado,SC,65,GEV,763.6,0.1945,11.827,0.758,0.9993,7.3,71.0,0.0
4215703,Santo Amaro da Imperatriz,SC,65,Gama,955.23,0.1995,11.827,0.758,0.9984,9.22,82.5,0.0
4215901,São Bonifácio,SC,65,GEV,843.58,0.188,11.827,0.758,0.9992,7.82,77.3,0.0
4216602,São José,SC,65,Weibull,1019.48,0.1801,11.827,0.758,0.9983,8.99,84.4,0.0
4217253,São Pedro de Alcântara,SC,65,Weibull,967.7,0.1675,11.827,0.758,0.9985,8.07,81.2,0.0
4218004,Tijucas,SC,65,Gumbel,782.95,0.1718,11.827,0.758,0.9989,6.7,67.5,0.0
4209805,Leoberto Leal,SC,65,Log-Normal,634.78,0.2263,11.827,0.758,0.9993,7.02,62.7,0.0
4218251,Timbó Grande,SC,65,Gumbel,734.43,0.1503,11.827,0.758,0.9991,5.71,63.4,0.0
4201307,Araquari,SC,65,Gama,911.86,0.1415,11.827,0.758,0.999,6.79,76.2,0.0
4202057,Balneário Barra do Sul,SC,65,Gama,874.43,0.1568,11.827,0.758,0.9989,6.98,74.4,0.0
4204509,Corupá,SC,65,GEV,695.75,0.2261,11.827,0.758,0.9993,7.71,68.1,0.0
4205803,Garuva,SC,65,GEV,1023.81,0.171,11.827,0.758,0.9992,8.78,92.5,0.0
4206504,Guaramirim,SC,65,Gama,932.0,0.1218,11.827,0.758,0.999,6.35,76.1,0.0
4208450,Itapoá,SC,65,GEV,1002.42,0.1801,11.827,0.758,0.9992,8.95,90.5,0.0
4208906,Jaraguá do Sul,SC,65,GEV,755.86,0.2318,11.827,0.758,0.9994,8.61,75.2,0.0
4209102,Joinville,SC,65,Normal,1092.66,0.0863,11.827,0.758,0.9991,6.34,85.4,0.0
4210605,Massaranduba,SC,65,Gama,877.49,0.1619,11.827,0.758,0.9989,7.17,75.7,0.0
4216206,São Francisco do Sul,SC,65,Gama,1012.06,0.1188,11.827,0.758,0.9991,6.8,82.9,0.0
4217402,Schroeder,SC,65,Gama,1018.73,0.1485,11.827,0.758,0.9989,7.83,85.2,0.0
4202131,Bela Vista do Toldo,SC,65,Log-Normal,709.03,0.1593,11.827,0.758,0.9991,5.75,62.0,0.0
4203808,Canoinhas,SC,65,Weibull,776.01,0.165,11.827,0.758,0.9987,6.42,66.3,0.0
4207908,Irineópolis,SC,65,GEV,843.6,0.1518,11.827,0.758,0.9989,6.59,70.9,0.0
4208104,Itaiópolis,SC,65,GEV,674.22,0.2348,11.827,0.758,0.9993,7.76,66.0,0.0
4210100,Mafra,SC,65,Gumbel,780.48,0.1647,11.827,0.758,0.999,6.47,67.4,0.0
4210308,Major Vieira,SC,65,Weibull,703.02,0.1671,11.827,0.758,0.9989,5.88,62.4,0.0
4211108,Monte Castelo,SC,65,GEV,698.42,0.179,11.827,0.758,0.9993,6.23,64.8,0.0
4212205,Papanduva,SC,65,Weibull,772.61,0.1567,11.827,0.758,0.9986,6.14,64.4,0.0
4213609,Porto União,SC,65,Weibull,871.3,0.1319,11.827,0.758,0.9988,6.2,70.8,0.0
4218301,Três Barras,SC,65,Gumbel,753.47,0.1547,11.827,0.758,0.9991,5.98,65.1,0.0
4215679,Santa Terezinha,SC,65,Gama,779.46,0.1578,11.827,0.758,0.9989,6.25,66.3,0.0
4203303,Campo Alegre,SC,65,Gumbel,801.93,0.1655,11.827,0.758,0.999,6.67,68.9,0.0
4215000,Rio Negrinho,SC,65,Log-Normal,724.53,0.2052,11.827,0.758,0.999,7.24,66.9,0.0
4215802,São Bento do Sul,SC,65,GEV,701.83,0.2049,11.827,0.758,0.9993,7.04,66.2,0.0
4203006,Caçador,SC,65,Weibull,792.73,0.1235,11.827,0.758,0.9988,5.43,63.6,0.0
4203154,Calmon,SC,65,Weibull,796.64,0.1252,11.827,0.758,0.9988,5.5,64.0,0.0
4209706,Lebon Régis,SC,65,Weibull,745.19,0.1232,11.827,0.758,0.9991,5.11,62.5,0.0
4210050,Macieira,SC,65,GEV,807.56,0.1167,11.827,0.758,0.9989,5.36,64.9,0.0
4210704,Matos Costa,SC,65,GEV,828.29,0.1513,11.827,0.758,0.9991,6.47,71.5,0.0
4200507,Águas de Chapecó,SC,65,Gama,905.88,0.1135,11.827,0.758,0.9992,5.96,76.0,0.0
4200556,Águas Frias,SC,65,Gama,872.67,0.1253,11.827,0.758,0.9991,6.05,74.1,0.0
4201653,Arvoredo,SC,65,Weibull,922.59,0.1083,11.827,0.758,0.999,5.91,74.4,0.0
4203105,Caibi,SC,65,Weibull,1057.46,0.0662,11.827,0.758,0.9992,5.6,83.5,0.0
4204103,Caxambu do Sul,SC,65,Log-Normal,955.35,0.1095,11.827,0.758,0.9992,6.17,79.2,0.0
4204202,Chapecó,SC,65,Normal,984.05,0.0811,11.827,0.758,0.9992,5.58,77.5,0.0
4204350,Cordilheira Alta,SC,65,GEV,897.02,0.1216,11.827,0.758,0.9992,6.12,75.8,0.0
4204400,Coronel Freitas,SC,65,Weibull,906.08,0.1093,11.827,0.758,0.9991,5.84,75.7,0.0
4204756,Cunhataí,SC,65,Gumbel,897.74,0.1313,11.827,0.758,0.9993,6.42,77.6,0.0
4205431,Formosa do Sul,SC,65,Weibull,943.53,0.1015,11.827,0.758,0.999,5.86,74.8,0.0
4206652,Guatambú,SC,65,Gama,950.4,0.1094,11.827,0.758,0.9992,6.13,79.0,0.0
4207858,Irati,SC,65,Gama,858.93,0.1509,11.827,0.758,0.999,6.68,74.0,0.0
4208955,Jardinópolis,SC,65,Weibull,888.68,0.1511,11.827,0.758,0.9989,6.91,77.0,0.0
4209458,Lajeado Grande,SC,65,Gumbel,874.05,0.1453,11.827,0.758,0.9992,6.65,75.4,0.0
4210555,Marema,SC,65,Gumbel,871.15,0.134,11.827,0.758,0.9992,6.3,75.4,0.0
4210902,Modelo,SC,65,Weibull,944.92,0.128,11.827,0.758,0.999,6.62,79.3,0.0
4211009,Mondaí,SC,65,Log-Normal,1066.59,0.0834,11.827,0.758,0.9992,6.11,85.3,0.0
4211405,Nova Erechim,SC,65,GEV,869.99,0.1407,11.827,0.758,0.9992,6.49,76.0,0.0
4211454,Nova Itaberaba,SC,65,Gumbel,850.92,0.1275,11.827,0.758,0.9993,5.98,74.0,0.0
4211876,Paial,SC,65,Weibull,929.24,0.1142,11.827,0.758,0.9991,6.12,76.6,0.0
4212106,Palmitos,SC,65,GEV,1072.17,0.0712,11.827,0.758,0.9991,5.79,83.4,0.0
4212908,Pinhalzinho,SC,65,Log-Normal,912.67,0.1302,11.827,0.758,0.9992,6.48,77.8,0.0
4213153,Planalto Alegre,SC,65,Gama,905.88,0.1135,11.827,0.758,0.9992,5.96,76.0,0.0
4214201,Quilombo,SC,65,Weibull,925.92,0.1073,11.827,0.758,0.999,5.9,75.3,0.0
4215075,Riqueza,SC,65,Weibull,1057.46,0.0662,11.827,0.758,0.9992,5.6,83.5,0.0
4215695,Santiago do Sul,SC,65,Gumbel,872.05,0.1447,11.827,0.758,0.9992,6.62,75.3,0.0
4216008,São Carlos,SC,65,Log-Normal,901.5,0.1326,11.827,0.758,0.9992,6.48,77.6,0.0
4217303,Saudades,SC,65,Gumbel,879.37,0.1289,11.827,0.758,0.9993,6.22,76.4,0.0
4217550,Serra Alta,SC,65,Weibull,944.92,0.128,11.827,0.758,0.999,6.62,79.3,0.0
4217758,Sul Brasil,SC,65,Weibull,888.68,0.1511,11.827,0.758,0.9989,6.91,77.0,0.0
4218855,União do Oeste,SC,65,Gama,872.67,0.1253,11.827,0.758,0.9991,6.05,74.1,0.0
4219705,Xaxim,SC,65,Weibull,936.35,0.0938,11.827,0.758,0.9991,5.61,74.0,0.0
4200754,Alto Bela Vista,SC,65,Log-Normal,829.33,0.1613,11.827,0.758,0.9992,6.8,74.6,0.0
4201273,Arabutã,SC,65,GEV,858.81,0.1574,11.827,0.758,0.9992,6.91,76.0,0.0
4204301,Concórdia,SC,65,Gumbel,822.35,0.1389,11.827,0.758,0.9992,6.08,71.5,0.0
4207601,Ipira,SC,65,Gama,887.31,0.1301,11.827,0.758,0.999,6.28,73.7,0.0
4207700,Ipumirim,SC,65,GEV,842.33,0.1624,11.827,0.758,0.9993,6.95,75.5,0.0
4207809,Irani,SC,65,Gama,843.95,0.1405,11.827,0.758,0.999,6.26,71.4,0.0
4208005,Itá,SC,65,Gumbel,858.12,0.1438,11.827,0.758,0.9992,6.48,74.2,0.0
4209854,Lindóia do Sul,SC,65,Log-Normal,845.82,0.159,11.827,0.758,0.9991,6.85,74.1,0.0
4212601,Peritiba,SC,65,Gama,887.31,0.1301,11.827,0.758,0.999,6.28,73.7,0.0
4213104,Piratuba,SC,65,Log-Normal,824.07,0.167,11.827,0.758,0.9992,6.93,73.5,0.0
4213906,Presidente Castello Branco,SC,65,Weibull,895.52,0.1146,11.827,0.758,0.9989,5.89,71.7,0.0
4217501,Seara,SC,65,Log-Normal,851.81,0.1481,11.827,0.758,0.9992,6.57,74.4,0.0
4200408,Água Doce,SC,65,GEV,841.96,0.1215,11.827,0.758,0.999,5.73,69.4,0.0
4203907,Capinzal,SC,65,Gumbel,839.28,0.1442,11.827,0.758,0.9992,6.35,72.8,0.0
4204004,Catanduvas,SC,65,GEV,819.46,0.1499,11.827,0.758,0.9991,6.36,70.8,0.0
4205209,Erval Velho,SC,65,Weibull,884.85,0.1412,11.827,0.758,0.9989,6.57,74.8,0.0
4206702,Herval d'Oeste,SC,65,Gumbel,839.31,0.1537,11.827,0.758,0.9991,6.63,72.4,0.0
4206801,Ibicaré,SC,65,GEV,779.31,0.1813,11.827,0.758,0.9991,6.98,69.4,0.0
4208609,Jaborá,SC,65,GEV,775.73,0.1721,11.827,0.758,0.9992,6.68,70.0,0.0
4209003,Joaçaba,SC,65,Gama,823.05,0.1455,11.827,0.758,0.999,6.25,70.0,0.0
4209201,Lacerdópolis,SC,65,Gama,849.33,0.135,11.827,0.758,0.999,6.15,70.9,0.0
4210035,Luzerna,SC,65,Gumbel,794.53,0.1546,11.827,0.758,0.9991,6.3,68.7,0.0
4211801,Ouro,SC,65,GEV,859.83,0.1306,11.827,0.758,0.9991,6.1,71.9,0.0
4218509,Treze Tílias,SC,65,Gama,818.46,0.1512,11.827,0.758,0.9989,6.37,68.8,0.0
4219176,Vargem Bonita,SC,65,Log-Normal,818.8,0.1634,11.827,0.758,0.9991,6.76,72.2,0.0
4202578,Bom Jesus do Oeste,SC,65,Weibull,922.95,0.1316,11.827,0.758,0.999,6.57,77.8,0.0
4204707,Cunha Porã,SC,65,Gama,972.78,0.1022,11.827,0.758,0.9992,6.07,79.5,0.0
4207759,Iraceminha,SC,65,Log-Normal,952.12,0.0998,11.827,0.758,0.9992,5.89,78.9,0.0
4210506,Maravilha,SC,65,Gama,942.26,0.1272,11.827,0.758,0.9991,6.59,80.1,0.0
4215356,Saltinho,SC,65,Weibull,952.72,0.1148,11.827,0.758,0.999,6.28,77.4,0.0
4215687,Santa Terezinha do Progresso,SC,65,Weibull,887.62,0.125,11.827,0.758,0.999,6.13,74.5,0.0
4217154,São Miguel da Boa Vista,SC,65,Gama,942.26,0.1272,11.827,0.758,0.9991,6.59,80.1,0.0
4217956,Tigrinhos,SC,65,Weibull,953.81,0.111,11.827,0.758,0.999,6.18,76.9,0.0
4203501,Campo Erê,SC,65,Weibull,1008.2,0.1205,11.827,0.758,0.9989,6.81,81.5,0.0
4205605,Galvão,SC,65,Gama,994.13,0.113,11.827,0.758,0.9992,6.52,82.6,0.0
4209177,Jupiá,SC,65,Weibull,1036.54,0.1138,11.827,0.758,0.999,6.81,84.8,0.0
4211652,Novo Horizonte,SC,65,Normal,1010.65,0.0893,11.827,0.758,0.9991,5.94,78.7,0.0
4215752,São Bernardino,SC,65,Weibull,904.66,0.1244,11.827,0.758,0.999,6.23,74.8,0.0
4216909,São Lourenço do Oeste,SC,65,Gama,1006.3,0.1195,11.827,0.758,0.9991,6.79,83.6,0.0
4200804,Anchieta,SC,65,GEV,898.57,0.1533,11.827,0.758,0.9992,7.1,79.8,0.0
4202081,Bandeirante,SC,65,Weibull,985.85,0.1167,11.827,0.758,0.999,6.55,80.5,0.0
4202099,Barra Bonita,SC,65,GEV,888.33,0.1614,11.827,0.758,0.9992,7.29,79.5,0.0
4202156,Belmonte,SC,65,Log-Normal,981.08,0.0938,11.827,0.758,0.9992,5.9,80.1,0.0
4204905,Descanso,SC,65,Log-Normal,1001.12,0.1004,11.827,0.758,0.9992,6.2,81.6,0.0
4205001,Dionísio Cerqueira,SC,65,Gama,1006.44,0.1412,11.827,0.758,0.999,7.49,85.0,0.0
4205357,Flor do Sertão,SC,65,Log-Normal,943.35,0.1181,11.827,0.758,0.9992,6.33,78.3,0.0
4206405,Guaraciaba,SC,65,Gama,976.05,0.1347,11.827,0.758,0.999,7.06,82.1,0.0
4206603,Guarujá do Sul,SC,65,GEV,952.64,0.1456,11.827,0.758,0.9992,7.26,82.6,0.0
4207650,Iporã do Oeste,SC,65,Weibull,1075.73,0.0766,11.827,0.758,0.9992,5.97,85.3,0.0
4208401,Itapiranga,SC,65,GEV,1004.93,0.0958,11.827,0.758,0.999,6.07,79.3,0.0
4212007,Palma Sola,SC,65,Weibull,1060.14,0.1197,11.827,0.758,0.9989,7.14,85.8,0.0
4212239,Paraíso,SC,65,Gama,962.27,0.1255,11.827,0.758,0.9991,6.68,81.0,100.0
4214151,Princesa,SC,65,Gumbel,961.79,0.1529,11.827,0.758,0.9991,7.57,83.0,0.0
4215208,Romelândia,SC,65,Log-Normal,885.0,0.1412,11.827,0.758,0.9992,6.61,76.8,0.0
4215554,Santa Helena,SC,65,Gumbel,958.88,0.1287,11.827,0.758,0.9993,6.77,82.5,0.0
4216255,São João do Oeste,SC,65,Normal,1069.1,0.0772,11.827,0.758,0.9992,5.96,84.5,0.0
4216701,São José do Cedro,SC,65,GEV,952.64,0.1456,11.827,0.758,0.9992,7.26,82.6,0.0
4217204,São Miguel do Oeste,SC,65,Log-Normal,958.64,0.1197,11.827,0.758,0.9991,6.48,79.2,0.0
4218756,Tunápolis,SC,65,Log-Normal,1061.95,0.0786,11.827,0.758,0.9992,5.96,85.0,0.0
4201604,Arroio Trinta,SC,65,GEV,817.48,0.1405,11.827,0.758,0.999,6.07,68.7,0.0
4205506,Fraiburgo,SC,65,Weibull,785.05,0.1068,11.827,0.758,0.9991,4.99,63.9,0.0
4206751,Ibiam,SC,65,Gama,875.43,0.1358,11.827,0.758,0.999,6.35,72.4,0.0
4207577,Iomerê,SC,65,Gumbel,792.44,0.1542,11.827,0.758,0.9991,6.27,68.6,0.0
4213005,Pinheiro Preto,SC,65,Gumbel,792.44,0.1542,11.827,0.758,0.9991,6.27,68.6,0.0
4214409,Rio das Antas,SC,65,Normal,810.6,0.0882,11.827,0.758,0.9991,4.74,63.2,0.0
4215406,Salto Veloso,SC,65,Gama,818.46,0.1512,11.827,0.758,0.9989,6.37,68.8,0.0
4217907,Tangará,SC,65,Gumbel,788.67,0.1537,11.827,0.758,0.9991,6.23,68.2,0.0
4219309,Videira,SC,65,Weibull,829.03,0.1337,11.827,0.758,0.9988,5.95,67.7,0.0
4200101,Abelardo Luz,SC,65,GEV,926.74,0.1476,11.827,0.758,0.9991,7.11,79.6,0.0
4202537,Bom Jesus,SC,65,Weibull,910.54,0.1319,11.827,0.758,0.9989,6.49,75.7,0.0
4204459,Coronel Martins,SC,65,Weibull,1029.92,0.0983,11.827,0.758,0.999,6.3,81.7,0.0
4205175,Entre Rios,SC,65,Weibull,885.93,0.1287,11.827,0.758,0.9989,6.22,73.5,0.0
4205308,Faxinal dos Guedes,SC,65,Gama,862.06,0.1609,11.827,0.758,0.9988,7.01,73.7,0.0
4207684,Ipuaçu,SC,65,Weibull,921.25,0.1147,11.827,0.758,0.999,6.07,75.1,0.0
4211850,Ouro Verde,SC,65,Gumbel,874.05,0.1562,11.827,0.758,0.9991,6.98,75.5,0.0
4212270,Passos Maia,SC,65,Weibull,894.28,0.1339,11.827,0.758,0.9988,6.42,73.7,0.0
4213401,Ponte Serrada,SC,65,Weibull,829.33,0.1627,11.827,0.758,0.9988,6.8,72.8,0.0
4216107,São Domingos,SC,65,Gumbel,881.58,0.1342,11.827,0.758,0.9992,6.38,76.6,0.0
4219101,Vargeão,SC,65,Log-Normal,861.77,0.1524,11.827,0.758,0.9991,6.76,74.0,0.0
4219507,Xanxerê,SC,65,Weibull,901.0,0.1357,11.827,0.758,0.9989,6.53,75.3,0.0
4219606,Xavantina,SC,65,Gumbel,871.22,0.146,11.827,0.758,0.9992,6.65,75.6,0.0
4202875,Brunópolis,SC,65,Weibull,815.65,0.1689,11.827,0.758,0.9987,6.87,70.7,0.0
4204806,Curitibanos,SC,65,Gama,793.25,0.1633,11.827,0.758,0.9988,6.52,68.1,0.0
4205555,Frei Rogério,SC,65,Gama,795.81,0.1526,11.827,0.758,0.9989,6.24,68.1,0.0
4213351,Ponte Alta do Norte,SC,65,Weibull,814.97,0.1238,11.827,0.758,0.9989,5.59,66.1,0.0
4215505,Santa Cecília,SC,65,GEV,758.39,0.1326,11.827,0.758,0.9992,5.45,65.5,0.0
4216057,São Cristóvão do Sul,SC,65,Gama,779.51,0.1557,11.827,0.758,0.9989,6.19,66.2,0.0
4200051,Abdon Batista,SC,65,GEV,741.07,0.2233,11.827,0.758,0.9995,8.16,74.9,0.0
4203600,Campos Novos,SC,65,Log-Normal,903.31,0.1265,11.827,0.758,0.9991,6.3,75.7,0.0
4204152,Celso Ramos,SC,65,Weibull,954.88,0.1218,11.827,0.758,0.999,6.5,79.2,0.0
4219150,Vargem,SC,65,Gama,846.65,0.1667,11.827,0.758,0.9989,7.07,73.9,0.0
4219853,Zortéa,SC,65,GEV,812.12,0.1552,11.827,0.758,0.9993,6.49,72.9,0.0
4201000,Anita Garibaldi,SC,65,GEV,821.81,0.1828,11.827,0.758,0.9992,7.43,74.2,0.0
4202438,Bocaina do Sul,SC,65,Log-Normal,761.25,0.1643,11.827,0.758,0.9991,6.32,67.4,0.0
4202503,Bom Jardim da Serra,SC,65,Gama,781.53,0.1378,11.827,0.758,0.999,5.73,66.1,0.0
4202602,Bom Retiro,SC,65,Log-Normal,713.57,0.1655,11.827,0.758,0.9991,5.95,63.0,0.0
4203253,Capão Alto,SC,65,Weibull,823.77,0.1593,11.827,0.758,0.9986,6.63,68.8,0.0
4203402,Campo Belo do Sul,SC,65,Log-Normal,798.5,0.1806,11.827,0.758,0.9991,7.13,71.2,0.0
4204178,Cerro Negro,SC,65,Log-Normal,816.01,0.1682,11.827,0.758,0.999,6.87,70.5,0.0
4204558,Correia Pinto,SC,65,Weibull,856.78,0.1416,11.827,0.758,0.9987,6.37,70.3,0.0
4209300,Lages,SC,65,Weibull,793.11,0.1558,11.827,0.758,0.9987,6.28,66.6,0.0
4211751,Otacílio Costa,SC,65,Log-Normal,712.78,0.1903,11.827,0.758,0.9992,6.67,65.6,0.0
4211892,Painel,SC,65,Weibull,794.46,0.1535,11.827,0.758,0.9988,6.24,67.5,0.0
4212056,Palmeira,SC,65,GEV,770.06,0.1685,11.827,0.758,0.9992,6.52,68.4,0.0
4213302,Ponte Alta,SC,65,Weibull,812.25,0.1589,11.827,0.758,0.9986,6.52,67.6,0.0
4215059,Rio Rufino,SC,65,Gama,731.74,0.1765,11.827,0.758,0.9988,6.39,64.7,0.0
4216503,São Joaquim,SC,65,GEV,781.26,0.1455,11.827,0.758,0.9991,5.95,67.5,0.0
4216800,São José do Cerrito,SC,65,GEV,737.49,0.222,11.827,0.758,0.9993,8.02,71.6,0.0
4218905,Urubici,SC,65,Gama,719.74,0.1635,11.827,0.758,0.9989,5.92,62.1,0.0
4218954,Urupema,SC,65,Gama,766.71,0.1492,11.827,0.758,0.999,5.92,65.8,0.0
4211058,Monte Carlo,SC,65,GEV,763.44,0.1635,11.827,0.758,0.9992,6.31,67.5,0.0
4201406,Araranguá,SC,65,Log-Normal,846.58,0.1809,11.827,0.758,0.9991,7.57,75.9,0.0
4201950,Balneário Arroio do Silva,SC,65,Log-Normal,857.51,0.1637,11.827,0.758,0.9992,7.1,76.0,100.0
4202073,Balneário Gaivota,SC,65,Log-Normal,835.59,0.1757,11.827,0.758,0.9992,7.31,75.8,100.0
4205191,Ermo,SC,65,Weibull,945.35,0.1174,11.827,0.758,0.999,6.3,76.8,0.0
4208708,Jacinto Machado,SC,65,Gumbel,846.95,0.1615,11.827,0.758,0.999,6.92,73.0,0.0
4210407,Maracajá,SC,65,Log-Normal,846.58,0.1809,11.827,0.758,0.9991,7.57,75.9,0.0
4210803,Meleiro,SC,65,Gama,879.2,0.1487,11.827,0.758,0.9989,6.77,74.7,0.0
4212254,Passo de Torres,SC,65,GEV,741.86,0.2206,11.827,0.758,0.9994,8.03,73.1,0.0
4213807,Praia Grande,SC,65,Weibull,844.89,0.1659,11.827,0.758,0.9988,7.02,73.3,0.0
4215653,Santa Rosa do Sul,SC,65,GEV,788.39,0.2114,11.827,0.758,0.9994,8.16,75.8,0.0
4216404,São João do Sul,SC,65,Gumbel,845.33,0.1535,11.827,0.758,0.9991,6.67,73.7,0.0
4217709,Sombrio,SC,65,GEV,850.32,0.1888,11.827,0.758,0.9992,7.91,78.3,0.0
4218103,Timbé do Sul,SC,65,Normal,882.35,0.0925,11.827,0.758,0.9991,5.26,68.4,0.0
4218806,Turvo,SC,65,Weibull,939.97,0.1287,11.827,0.758,0.9989,6.59,76.8,0.0
4204251,Cocal do Sul,SC,65,Gama,848.94,0.198,11.827,0.758,0.9986,8.15,75.9,0.0
4204608,Criciúma,SC,65,Log-Normal,869.07,0.1491,11.827,0.758,0.9991,6.72,74.4,0.0
4205456,Forquilhinha,SC,65,Gama,857.06,0.1675,11.827,0.758,0.9988,7.18,74.4,0.0
4207007,Içara,SC,65,Log-Normal,822.31,0.2,11.827,0.758,0.9991,8.03,75.5,0.0
4209607,Lauro Müller,SC,65,Weibull,859.95,0.1469,11.827,0.758,0.9987,6.55,71.6,0.0
4211207,Morro da Fumaça,SC,65,Log-Normal,803.66,0.2302,11.827,0.758,0.9989,8.99,75.8,0.0
4211256,Morro Grande,SC,65,Gumbel,843.19,0.1603,11.827,0.758,0.999,6.86,72.5,0.0
4211603,Nova Veneza,SC,65,Gama,870.35,0.1434,11.827,0.758,0.999,6.54,73.7,0.0
4211702,Orleans,SC,65,Weibull,905.46,0.1373,11.827,0.758,0.9987,6.6,73.6,0.0
4217600,Siderópolis,SC,65,Gumbel,854.68,0.1525,11.827,0.758,0.9991,6.71,73.6,0.0
4218350,Treviso,SC,65,Weibull,854.64,0.1467,11.827,0.758,0.9987,6.5,70.8,0.0
4219002,Urussanga,SC,65,Weibull,917.67,0.1423,11.827,0.758,0.9987,6.84,74.9,0.0
4220000,Balneário Rincão,SC,65,Log-Normal,829.04,0.18,11.827,0.758,0.9991,7.39,74.7,100.0
4205704,Garopaba,SC,65,Weibull,930.31,0.1609,11.827,0.758,0.9985,7.53,76.8,0.0
4207304,Imbituba,SC,65,Weibull,912.46,0.1413,11.827,0.758,0.9987,6.77,74.1,100.0
4201505,Armazém,SC,65,Gama,822.74,0.1627,11.827,0.758,0.9988,6.74,70.2,0.0
4202800,Braço do Norte,SC,65,Gama,811.98,0.1629,11.827,0.758,0.9988,6.66,69.7,0.0
4203956,Capivari de Baixo,SC,65,Gama,846.66,0.1974,11.827,0.758,0.9985,8.1,73.9,0.0
4206108,Grão-Pará,SC,65,Weibull,870.49,0.1343,11.827,0.758,0.9988,6.26,70.8,0.0
4206207,Gravatal,SC,65,Weibull,870.25,0.1804,11.827,0.758,0.9984,7.7,74.1,0.0
4207205,Imaruí,SC,65,Weibull,881.35,0.1483,11.827,0.758,0.9986,6.74,72.1,0.0
4208807,Jaguaruna,SC,65,Weibull,907.75,0.1761,11.827,0.758,0.9984,7.87,76.2,100.0
4209409,Laguna,SC,65,Weibull,898.26,0.1742,11.827,0.758,0.9984,7.73,75.7,0.0
4212403,Pedras Grandes,SC,65,Weibull,930.86,0.1839,11.827,0.758,0.9983,8.36,78.9,0.0
4212650,Pescaria Brava,SC,65,Log-Normal,840.19,0.1897,11.827,0.758,0.9989,7.8,73.6,0.0
4214904,Rio Fortuna,SC,65,Gama,815.05,0.1538,11.827,0.758,0.9989,6.42,70.2,0.0
4215455,Sangão,SC,65,Gama,902.37,0.1918,11.827,0.758,0.9985,8.41,77.3,0.0
4215604,Santa Rosa de Lima,SC,65,Weibull,826.46,0.1629,11.827,0.758,0.9987,6.76,70.7,0.0
4217006,São Ludgero,SC,65,Weibull,883.13,0.1653,11.827,0.758,0.9985,7.3,74.1,0.0
4217105,São Martinho,SC,65,Weibull,853.18,0.1525,11.827,0.758,0.9987,6.66,71.4,0.0
4218400,Treze de Maio,SC,65,Gama,902.37,0.1918,11.827,0.758,0.9985,8.41,77.3,0.0
4218707,Tubarão,SC,65,Weibull,874.49,0.2042,11.827,0.758,0.9982,8.61,76.6,0.0
4201257,Apiúna,SC,65,Log-Normal,811.31,0.1404,11.827,0.758,0.999,6.02,67.6,0.0
4201703,Ascurra,SC,65,Gama,819.85,0.1375,11.827,0.758,0.9991,6.01,70.0,0.0
4202206,Benedito Novo,SC,65,Gama,826.95,0.1443,11.827,0.758,0.999,6.24,70.4,0.0
4202404,Blumenau,SC,65,Weibull,922.36,0.1303,11.827,0.758,0.9989,6.52,76.3,0.0
4205159,Doutor Pedrinho,SC,65,Gama,786.65,0.1398,11.827,0.758,0.999,5.82,66.5,0.0
4205902,Gaspar,SC,65,Gumbel,880.02,0.1513,11.827,0.758,0.9991,6.88,76.4,0.0
4207106,Ilhota,SC,65,Weibull,888.46,0.1694,11.827,0.758,0.9986,7.49,76.4,0.0
4207502,Indaial,SC,65,Gama,813.5,0.1373,11.827,0.758,0.9991,5.95,69.3,0.0
4213203,Pomerode,SC,65,Gama,888.13,0.1299,11.827,0.758,0.9991,6.28,74.6,0.0
4214706,Rio dos Cedros,SC,65,Weibull,892.14,0.1261,11.827,0.758,0.9988,6.18,71.8,0.0
4215109,Rodeio,SC,65,Gama,819.85,0.1375,11.827,0.758,0.9991,6.01,70.0,0.0
4218202,Timbó,SC,65,GEV,852.89,0.1408,11.827,0.758,0.9991,6.35,72.8,0.0
4202701,Botuverá,SC,65,Weibull,807.46,0.1331,11.827,0.758,0.9987,5.77,64.9,0.0
4202909,Brusque,SC,65,GEV,792.94,0.1641,11.827,0.758,0.9989,6.55,67.7,0.0
4206306,Guabiruba,SC,65,GEV,854.53,0.1465,11.827,0.758,0.9989,6.5,71.0,0.0
4205100,Dona Emma,SC,65,Weibull,829.1,0.1211,11.827,0.758,0.9988,5.61,65.0,0.0
4206900,Ibirama,SC,65,Weibull,846.39,0.1115,11.827,0.758,0.9989,5.49,66.6,0.0
4209151,José Boiteux,SC,65,Gama,789.77,0.1413,11.827,0.758,0.9989,5.87,64.6,0.0
4214003,Presidente Getúlio,SC,65,Weibull,829.1,0.1211,11.827,0.758,0.9988,5.61,65.0,0.0
4219358,Vitor Meireles,SC,65,Weibull,783.99,0.1474,11.827,0.758,0.9987,5.98,65.1,0.0
4219408,Witmarsum,SC,65,Gumbel,769.62,0.1504,11.827,0.758,0.9991,5.99,66.5,0.0
4202008,Balneário Camboriú,SC,65,Gumbel,820.7,0.1659,11.827,0.758,0.999,6.84,71.0,0.0
4202107,Barra Velha,SC,65,Gumbel,840.64,0.1558,11.827,0.758,0.9991,6.7,73.2,0.0
4202453,Bombinhas,SC,65,GEV,752.08,0.1985,11.827,0.758,0.9991,7.3,68.4,100.0
4203204,Camboriú,SC,65,Gumbel,820.7,0.1659,11.827,0.758,0.999,6.84,71.0,0.0
4208203,Itajaí,SC,65,GEV,865.71,0.1779,11.827,0.758,0.999,7.63,76.2,0.0
4208302,Itapema,SC,65,GEV,720.11,0.2068,11.827,0.758,0.9991,7.26,66.3,0.0
4210001,Luiz Alves,SC,65,Log-Normal,782.09,0.2079,11.827,0.758,0.9991,7.92,73.0,0.0
4211306,Navegantes,SC,65,Weibull,889.28,0.158,11.827,0.758,0.9986,7.11,74.5,0.0
4212502,Penha,SC,65,Weibull,871.39,0.1794,11.827,0.758,0.9985,7.68,74.7,0.0
4212809,Balneário Piçarras,SC,65,Weibull,872.24,0.177,11.827,0.758,0.9985,7.6,75.3,0.0
4213500,Porto Belo,SC,65,GEV,751.24,0.1899,11.827,0.758,0.9991,7.01,67.8,100.0
4204194,Chapadão do Lageado,SC,65,GEV,689.95,0.1772,11.827,0.758,0.9993,6.09,62.9,0.0
4207403,Imbuia,SC,65,Gumbel,729.05,0.1521,11.827,0.758,0.9991,5.72,63.3,0.0
4208500,Ituporanga,SC,65,Weibull,789.37,0.1349,11.827,0.758,0.9987,5.68,62.8,0.0
4212700,Petrolândia,SC,65,GEV,691.47,0.1878,11.827,0.758,0.9992,6.4,63.4,0.0
4219200,Vidal Ramos,SC,65,Log-Normal,731.71,0.169,11.827,0.758,0.9991,6.2,64.4,0.0
4216354,São João do Itaperiú,SC,65,Gumbel,840.64,0.1558,11.827,0.758,0.9991,6.7,73.2,0.0
4200200,Agrolândia,SC,65,Gama,769.93,0.1376,11.827,0.758,0.9991,5.64,65.6,0.0
4200309,Agronômica,SC,65,Normal,842.86,0.1012,11.827,0.758,0.999,5.22,64.5,0.0
4201802,Atalanta,SC,65,GEV,788.54,0.1386,11.827,0.758,0.9989,5.79,65.5,0.0
4201901,Aurora,SC,65,GEV,760.01,0.1549,11.827,0.758,0.9988,6.0,62.9,0.0
4202859,Braço do Trombudo,SC,65,GEV,738.12,0.158,11.827,0.758,0.9993,5.97,66.0,0.0
4209508,Laurentino,SC,65,Log-Normal,786.68,0.1338,11.827,0.758,0.999,5.66,64.4,0.0
4209904,Lontras,SC,65,GEV,817.52,0.1244,11.827,0.758,0.9987,5.61,64.0,0.0
4210852,Mirim Doce,SC,65,Gumbel,794.23,0.1404,11.827,0.758,0.9992,5.91,69.0,0.0
4213708,Pouso Redondo,SC,65,GEV,738.12,0.158,11.827,0.758,0.9993,5.97,66.0,0.0
4214102,Presidente Nereu,SC,65,Gama,782.63,0.1376,11.827,0.758,0.9989,5.72,64.1,0.0
4214508,Rio do Campo,SC,65,Log-Normal,783.98,0.1608,11.827,0.758,0.9992,6.41,69.4,0.0
4214607,Rio do Oeste,SC,65,GEV,850.47,0.1211,11.827,0.758,0.9989,5.76,68.6,0.0
4214805,Rio do Sul,SC,65,Log-Normal,791.27,0.1311,11.827,0.758,0.999,5.62,64.0,0.0
4215307,Salete,SC,65,Gumbel,798.34,0.1545,11.827,0.758,0.9991,6.33,69.1,0.0
4217808,Taió,SC,65,GEV,786.29,0.1658,11.827,0.758,0.9992,6.58,70.1,0.0
4218608,Trombudo Central,SC,65,Log-Normal,799.17,0.1247,11.827,0.758,0.999,5.52,64.9,0.0
2801900,Cumbe,SE,65,GEV,537.78,0.2278,11.827,0.758,0.999,5.96,49.7,0.0
2804607,Nossa Senhora das Dores,SE,65,GEV,633.54,0.1995,11.827,0.758,0.9989,6.15,56.0,0.0
2800506,Areia Branca,SE,65,Weibull,722.12,0.1689,11.827,0.758,0.9985,6.07,60.6,0.0
2801009,Campo do Brito,SE,65,Weibull,639.45,0.1553,11.827,0.758,0.9987,5.05,52.8,0.0
2802908,Itabaiana,SE,65,Weibull,639.45,0.1553,11.827,0.758,0.9987,5.05,52.8,0.0
2803708,Macambira,SE,65,Gumbel,542.83,0.1797,11.827,0.758,0.9988,4.81,46.3,0.0
2803906,Malhador,SE,65,GEV,647.6,0.1697,11.827,0.758,0.9987,5.47,54.2,0.0
2804102,Moita Bonita,SE,65,Gumbel,624.12,0.1815,11.827,0.758,0.9988,5.57,53.2,0.0
2806800,São Domingos,SE,65,Log-Normal,638.29,0.1754,11.827,0.758,0.9988,5.55,54.2,0.0
2807006,São Miguel do Aleixo,SE,65,Log-Normal,520.88,0.1611,11.827,0.758,0.9988,4.24,43.2,0.0
2803500,Lagarto,SE,65,Weibull,613.54,0.1595,11.827,0.758,0.9985,4.93,50.0,0.0
2805505,Poço Verde,SE,65,Gama,509.93,0.1663,11.827,0.758,0.9986,4.24,41.5,0.0
2805802,Riachão do Dantas,SE,65,Gumbel,571.2,0.1831,11.827,0.758,0.9988,5.14,48.7,0.0
2807105,Simão Dias,SE,65,GEV,535.86,0.1559,11.827,0.758,0.9987,4.25,44.1,0.0
2807402,Tobias Barreto,SE,65,Log-Normal,504.2,0.1501,11.827,0.758,0.9989,3.9,41.6,0.0
2800209,Aquidabã,SE,65,Gumbel,567.05,0.1796,11.827,0.758,0.9988,5.02,48.7,0.0
2803807,Malhada dos Bois,SE,65,GEV,642.2,0.1909,11.827,0.758,0.9987,5.98,54.9,0.0
2804300,Muribeca,SE,65,GEV,713.19,0.1839,11.827,0.758,0.9988,6.44,61.5,0.0
2800308,Aracaju,SE,65,Weibull,794.79,0.153,11.827,0.758,0.9987,6.22,66.2,0.0
2800605,Barra dos Coqueiros,SE,65,Weibull,787.46,0.1556,11.827,0.758,0.9987,6.23,66.2,0.0
2801306,Capela,SE,65,GEV,713.19,0.1839,11.827,0.758,0.9988,6.44,61.5,0.0
2801504,Carmópolis,SE,65,Gama,788.36,0.1624,11.827,0.758,0.9987,6.44,66.0,0.0
2802007,Divina Pastora,SE,65,Log-Normal,604.06,0.1999,11.827,0.758,0.9988,5.87,53.0,0.0
2802502,General Maynard,SE,65,Gumbel,738.6,0.162,11.827,0.758,0.999,6.05,63.1,0.0
2803203,Itaporanga d'Ajuda,SE,65,GEV,690.47,0.2048,11.827,0.758,0.9993,6.92,64.9,0.0
2803302,Japaratuba,SE,65,GEV,805.77,0.1895,11.827,0.758,0.9988,7.46,69.3,0.0
2803609,Laranjeiras,SE,65,Log-Normal,740.29,0.1403,11.827,0.758,0.999,5.48,60.8,0.0
2804003,Maruim,SE,65,Gumbel,679.47,0.1673,11.827,0.758,0.999,5.7,57.9,0.0
2804805,Nossa Senhora do Socorro,SE,65,GEV,751.61,0.1371,11.827,0.758,0.9989,5.48,61.6,0.0
2805307,Pirambu,SE,65,Gama,847.9,0.1686,11.827,0.758,0.9986,7.12,70.2,0.0
2805901,Riachuelo,SE,65,Log-Normal,604.06,0.1999,11.827,0.758,0.9988,5.87,53.0,0.0
2806107,Rosário do Catete,SE,65,Gumbel,738.6,0.162,11.827,0.758,0.999,6.05,63.1,0.0
2806503,Santa Rosa de Lima,SE,65,Log-Normal,625.04,0.1845,11.827,0.758,0.9989,5.67,54.4,0.0
2806602,Santo Amaro das Brotas,SE,65,Weibull,787.46,0.1556,11.827,0.758,0.9987,6.23,66.2,0.0
2806701,São Cristóvão,SE,65,Gama,744.97,0.1641,11.827,0.758,0.9988,6.14,63.6,0.0
2807204,Siriri,SE,65,Gumbel,647.41,0.1745,11.827,0.758,0.9989,5.6,55.3,0.0
2800407,Arauá,SE,65,GEV,707.59,0.175,11.827,0.758,0.9991,6.16,62.4,0.0
2800670,Boquim,SE,65,GEV,677.5,0.1882,11.827,0.758,0.9991,6.27,61.2,0.0
2801702,Cristinápolis,SE,65,GEV,609.79,0.2273,11.827,0.758,0.9993,6.79,59.7,0.0
2802106,Estância,SE,65,GEV,779.05,0.1589,11.827,0.758,0.9989,6.28,65.7,0.0
2802809,Indiaroba,SE,65,Gama,758.61,0.1532,11.827,0.758,0.9988,5.95,63.5,0.0
2803005,Itabaianinha,SE,65,GEV,579.85,0.1935,11.827,0.758,0.9991,5.5,52.6,0.0
2805109,Pedrinhas,SE,65,Gumbel,663.29,0.1617,11.827,0.758,0.999,5.43,57.3,0.0
2806305,Santa Luzia do Itanhy,SE,65,Gumbel,758.58,0.1683,11.827,0.758,0.9989,6.39,65.4,0.0
2807501,Tomar do Geru,SE,65,Gumbel,600.94,0.1685,11.827,0.758,0.9989,5.07,52.2,0.0
2807600,Umbaúba,SE,65,Gama,703.11,0.1649,11.827,0.758,0.9987,5.81,59.1,0.0
2806206,Salgado,SE,65,Gumbel,756.41,0.1679,11.827,0.758,0.999,6.36,65.2,0.0
2800100,Amparo do São Francisco,SE,65,Log-Normal,608.25,0.1577,11.827,0.758,0.9987,4.86,48.7,0.0
2800704,Brejo Grande,SE,65,Weibull,681.28,0.1979,11.827,0.758,0.9984,6.53,60.2,0.0
2801108,Canhoba,SE,65,Log-Normal,486.5,0.2083,11.827,0.758,0.9987,4.91,42.9,0.0
2801603,Cedro de São João,SE,65,Gama,612.89,0.1935,11.827,0.758,0.9984,5.75,51.8,0.0
2802700,Ilha das Flores,SE,65,Log-Normal,675.51,0.2003,11.827,0.758,0.9989,6.58,60.2,0.0
2803401,Japoatã,SE,65,Gumbel,756.89,0.181,11.827,0.758,0.9988,6.74,64.5,0.0
2804409,Neópolis,SE,65,Weibull,679.34,0.1861,11.827,0.758,0.9983,6.16,57.3,0.0
2804706,Nossa Senhora de Lourdes,SE,65,Weibull,496.94,0.1483,11.827,0.758,0.9985,3.8,39.7,0.0
2804904,Pacatuba,SE,65,Weibull,696.25,0.1831,11.827,0.758,0.9985,6.24,60.0,0.0
2805703,Propriá,SE,65,GEV,598.8,0.2137,11.827,0.758,0.9988,6.2,53.3,0.0
2806404,Santana do São Francisco,SE,65,GEV,685.82,0.1858,11.827,0.758,0.9987,6.24,58.3,0.0
2806909,São Francisco,SE,65,GEV,642.2,0.1909,11.827,0.758,0.9987,5.98,54.9,0.0
2807303,Telha,SE,65,Gama,612.89,0.1935,11.827,0.758,0.9984,5.75,51.8,0.0
2801405,Carira,SE,65,Gama,444.36,0.1684,11.827,0.758,0.9986,3.73,36.7,0.0
2802304,Frei Paulo,SE,65,Gama,523.77,0.1673,11.827,0.758,0.9985,4.37,42.4,0.0
2804458,Nossa Senhora Aparecida,SE,65,Weibull,498.66,0.1699,11.827,0.758,0.9984,4.2,41.1,0.0
2805000,Pedra Mole,SE,65,Log-Normal,536.52,0.1616,11.827,0.758,0.9989,4.38,45.4,0.0
2805208,Pinhão,SE,65,GEV,519.26,0.1239,11.827,0.758,0.9988,3.56,41.1,0.0
2806008,Ribeirópolis,SE,65,Gama,531.29,0.1769,11.827,0.758,0.9986,4.63,44.7,0.0
2801207,Canindé de São Francisco,SE,65,Gumbel,440.17,0.1909,11.827,0.758,0.9986,4.1,37.2,0.0
2802205,Feira Nova,SE,65,Gama,531.97,0.187,11.827,0.758,0.9984,4.85,44.1,0.0
2802403,Gararu,SE,65,Gumbel,429.76,0.1711,11.827,0.758,0.9989,3.67,36.7,0.0
2802601,Graccho Cardoso,SE,65,GEV,525.53,0.2026,11.827,0.758,0.9989,5.18,46.6,0.0
2803104,Itabi,SE,65,Gama,496.29,0.1946,11.827,0.758,0.9984,4.68,42.3,0.0
2804201,Monte Alegre de Sergipe,SE,65,Gama,411.11,0.1388,11.827,0.758,0.9989,3.02,33.9,0.0
2804508,Nossa Senhora da Glória,SE,65,Weibull,472.87,0.1474,11.827,0.758,0.9986,3.6,37.9,0.0
2805406,Poço Redondo,SE,65,Gama,420.68,0.1628,11.827,0.758,0.9986,3.44,34.4,0.0
2805604,Porto da Folha,SE,65,Gumbel,403.88,0.1695,11.827,0.758,0.9989,3.42,34.4,0.0
3501707,Américo Brasiliense,SP,65,Weibull,714.91,0.1652,11.827,0.758,0.9987,5.92,61.9,0.0
3503208,Araraquara,SP,65,Log-Normal,679.82,0.1627,11.827,0.758,0.9992,5.61,61.0,0.0
3506706,Boa Esperança do Sul,SP,65,Gumbel,776.55,0.1734,11.827,0.758,0.9989,6.69,66.6,0.0
3507407,Borborema,SP,65,Log-Normal,704.13,0.1273,11.827,0.758,0.9991,4.92,58.2,0.0
3514007,Dobrada,SP,65,GEV,630.76,0.1837,11.827,0.758,0.9994,5.77,60.1,0.0
3516853,Gavião Peixoto,SP,65,Gama,745.58,0.1648,11.827,0.758,0.9988,6.17,64.1,0.0
3519600,Ibitinga,SP,65,GEV,733.22,0.1498,11.827,0.758,0.9991,5.69,63.6,0.0
3522703,Itápolis,SP,65,Normal,737.94,0.0895,11.827,0.758,0.9991,4.34,57.5,0.0
3529302,Matão,SP,65,GEV,643.25,0.1879,11.827,0.758,0.9994,5.99,61.1,0.0
3532058,Motuca,SP,65,Weibull,713.82,0.1391,11.827,0.758,0.9989,5.25,59.8,0.0
3532900,Nova Europa,SP,65,Weibull,725.18,0.1613,11.827,0.758,0.9987,5.89,61.7,0.0
3543709,Rincão,SP,65,Gama,689.43,0.1686,11.827,0.758,0.9989,5.81,60.5,0.0
3546900,Santa Lúcia,SP,65,Weibull,714.91,0.1652,11.827,0.758,0.9987,5.92,61.9,0.0
3552700,Tabatinga,SP,65,Normal,721.28,0.0891,11.827,0.758,0.9991,4.24,56.2,0.0
3554755,Trabiju,SP,65,Weibull,730.54,0.1642,11.827,0.758,0.9987,6.02,62.9,0.0
3502002,Analândia,SP,65,Gama,783.44,0.1439,11.827,0.758,0.9989,5.9,65.2,0.0
3513702,Descalvado,SP,65,Weibull,785.95,0.153,11.827,0.758,0.9987,6.15,65.6,0.0
3514304,Dourado,SP,65,Log-Normal,665.39,0.1988,11.827,0.758,0.9992,6.48,62.7,0.0
3519303,Ibaté,SP,65,Weibull,677.45,0.154,11.827,0.758,0.9989,5.34,58.8,0.0
3542909,Ribeirão Bonito,SP,65,Weibull,722.46,0.1359,11.827,0.758,0.9989,5.24,60.2,0.0
3548906,São Carlos,SP,65,Weibull,780.88,0.1269,11.827,0.758,0.9989,5.43,63.6,0.0
3502101,Andradina,SP,65,Weibull,717.34,0.101,11.827,0.758,0.999,4.44,57.0,0.0
3511003,Castilho,SP,65,Log-Normal,708.86,0.1187,11.827,0.758,0.9991,4.77,58.7,0.0
3517802,Guaraçaí,SP,65,Weibull,735.67,0.1029,11.827,0.758,0.999,4.59,58.1,0.0
3520442,Ilha Solteira,SP,65,Weibull,646.59,0.1393,11.827,0.758,0.9989,4.76,54.2,0.0
3523008,Itapura,SP,65,Log-Normal,650.51,0.1116,11.827,0.758,0.9992,4.24,53.8,0.0
3526506,Lavínia,SP,65,Log-Normal,776.13,0.0882,11.827,0.758,0.9991,4.54,61.0,0.0
3530102,Mirandópolis,SP,65,Normal,776.63,0.096,11.827,0.758,0.999,4.7,59.9,0.0
3532108,Murutinga do Sul,SP,65,Weibull,737.1,0.0824,11.827,0.758,0.9991,4.2,57.5,0.0
3533205,Nova Independência,SP,65,Log-Normal,635.11,0.1728,11.827,0.758,0.9992,5.49,57.6,0.0
3537404,Pereira Barreto,SP,65,Weibull,712.98,0.0941,11.827,0.758,0.9991,4.28,56.6,0.0
3552304,Sud Mennucci,SP,65,Log-Normal,716.32,0.1212,11.827,0.758,0.9991,4.87,58.9,0.0
3502804,Araçatuba,SP,65,Gumbel,713.07,0.1362,11.827,0.758,0.9992,5.21,62.1,0.0
3506201,Bento de Abreu,SP,65,Gumbel,739.35,0.1503,11.827,0.758,0.9991,5.75,63.8,0.0
3518206,Guararapes,SP,65,Gumbel,755.1,0.1456,11.827,0.758,0.9992,5.75,65.4,0.0
3544400,Rubiácea,SP,65,Gumbel,751.68,0.152,11.827,0.758,0.9991,5.89,64.7,0.0
3548054,Santo Antônio do Aracanguá,SP,65,Gumbel,720.79,0.1415,11.827,0.758,0.9992,5.39,62.7,0.0
3556305,Valparaíso,SP,65,Gumbel,707.01,0.1516,11.827,0.758,0.9991,5.53,60.3,0.0
3501103,Alto Alegre,SP,65,Weibull,721.64,0.12,11.827,0.758,0.9991,4.88,60.9,0.0
3504404,Avanhandava,SP,65,Weibull,747.65,0.1244,11.827,0.758,0.999,5.15,61.5,0.0
3505104,Barbosa,SP,65,Gumbel,698.79,0.1431,11.827,0.758,0.9992,5.26,60.5,0.0
3506409,Bilac,SP,65,Weibull,785.72,0.1258,11.827,0.758,0.9989,5.44,64.2,0.0
3506508,Birigui,SP,65,Weibull,846.11,0.1035,11.827,0.758,0.999,5.29,66.1,0.0
3507704,Braúna,SP,65,Gama,705.62,0.118,11.827,0.758,0.9992,4.73,59.3,0.0
3507753,Brejo Alegre,SP,65,Gama,742.0,0.1455,11.827,0.758,0.999,5.64,63.8,0.0
3508108,Buritama,SP,65,Log-Normal,694.99,0.1561,11.827,0.758,0.9992,5.57,62.2,0.0
3511904,Clementina,SP,65,GEV,614.25,0.1783,11.827,0.758,0.9994,5.47,57.3,0.0
3512506,Coroados,SP,65,Weibull,794.47,0.109,11.827,0.758,0.999,5.1,63.9,0.0
3516507,Gabriel Monteiro,SP,65,Weibull,776.41,0.1152,11.827,0.758,0.9989,5.12,62.3,0.0
3517109,Glicério,SP,65,Weibull,813.23,0.0969,11.827,0.758,0.999,4.94,64.0,0.0
3527256,Lourdes,SP,65,Gumbel,723.37,0.1306,11.827,0.758,0.9993,5.15,62.8,0.0
3527702,Luiziânia,SP,65,GEV,714.26,0.1358,11.827,0.758,0.9993,5.21,62.4,0.0
3537305,Penápolis,SP,65,GEV,632.69,0.1796,11.827,0.758,0.9994,5.67,59.3,0.0
3537701,Piacatu,SP,65,Weibull,694.53,0.1513,11.827,0.758,0.9989,5.4,59.4,0.0
3548401,Santópolis do Aguapeí,SP,65,GEV,597.76,0.219,11.827,0.758,0.9995,6.46,60.9,0.0
3555208,Turiúba,SP,65,Gama,662.45,0.1431,11.827,0.758,0.9991,4.98,58.0,0.0
3552551,Suzanápolis,SP,65,Gama,675.78,0.1579,11.827,0.758,0.9989,5.42,57.8,0.0
3504008,Assis,SP,65,Gama,749.45,0.1358,11.827,0.758,0.9991,5.45,64.0,0.0
3507209,Borá,SP,65,Gama,734.01,0.1501,11.827,0.758,0.999,5.69,62.9,0.0
3510005,Cândido Mota,SP,65,GEV,721.42,0.174,11.827,0.758,0.9993,6.28,65.9,0.0
3513306,Cruzália,SP,65,GEV,693.96,0.1951,11.827,0.758,0.9993,6.66,64.9,0.0
3516101,Florínea,SP,65,Gumbel,749.76,0.1538,11.827,0.758,0.9991,5.92,65.0,0.0
3527900,Lutécia,SP,65,Gumbel,711.98,0.1455,11.827,0.758,0.9992,5.42,61.5,0.0
3528809,Maracaí,SP,65,GEV,641.89,0.2044,11.827,0.758,0.9994,6.46,62.7,0.0
3535309,Palmital,SP,65,GEV,759.26,0.1643,11.827,0.758,0.9992,6.31,67.5,0.0
3535507,Paraguaçu Paulista,SP,65,GEV,708.76,0.1521,11.827,0.758,0.9991,5.56,61.7,0.0
3537156,Pedrinhas Paulista,SP,65,GEV,741.77,0.1528,11.827,0.758,0.9991,5.83,64.0,0.0
3539707,Platina,SP,65,Weibull,780.82,0.1265,11.827,0.758,0.9989,5.42,63.4,0.0
3553955,Tarumã,SP,65,Weibull,749.99,0.1618,11.827,0.758,0.9987,6.11,63.7,0.0
3528601,Manduri,SP,65,Weibull,812.73,0.136,11.827,0.758,0.9987,5.88,65.3,0.0
3533809,Óleo,SP,65,Gama,729.98,0.1713,11.827,0.758,0.9988,6.22,63.3,0.0
3553005,Taguaí,SP,65,Weibull,781.36,0.1212,11.827,0.758,0.9988,5.29,61.9,0.0
3509809,Campos Novos Paulista,SP,65,GEV,718.51,0.1454,11.827,0.758,0.9991,5.46,61.7,0.0
3506300,Bernardino de Campos,SP,65,Gumbel,769.0,0.1607,11.827,0.758,0.999,6.26,66.1,0.0
3510153,Canitar,SP,65,Log-Normal,710.5,0.1756,11.827,0.758,0.9991,6.2,62.9,0.0
3515194,Espírito Santo do Turvo,SP,65,Gumbel,665.15,0.1446,11.827,0.758,0.9992,5.04,57.5,0.0
3519501,Ibirarema,SP,65,GEV,693.96,0.1664,11.827,0.758,0.9992,5.82,61.8,0.0
3520905,Ipaussu,SP,65,Gama,791.43,0.1486,11.827,0.758,0.9989,6.09,67.0,0.0
3534708,Ourinhos,SP,65,Gumbel,753.46,0.1669,11.827,0.758,0.999,6.31,65.0,0.0
3543204,Ribeirão do Sul,SP,65,Gumbel,690.12,0.1508,11.827,0.758,0.9991,5.38,59.7,0.0
3545407,Salto Grande,SP,65,Gumbel,718.13,0.1593,11.827,0.758,0.999,5.81,62.0,0.0
3546405,Santa Cruz do Rio Pardo,SP,65,Weibull,733.79,0.1399,11.827,0.758,0.9988,5.41,60.6,0.0
3550506,São Pedro do Turvo,SP,65,Weibull,770.43,0.1102,11.827,0.758,0.999,4.97,61.7,0.0
3557204,Chavantes,SP,65,Gumbel,734.38,0.1505,11.827,0.758,0.9991,5.72,63.3,0.0
3515400,Fartura,SP,65,Gama,806.02,0.1184,11.827,0.758,0.9991,5.41,65.8,0.0
3538808,Piraju,SP,65,Gumbel,809.09,0.1611,11.827,0.758,0.999,6.6,69.6,0.0
3551207,Sarutaiá,SP,65,Gumbel,773.78,0.1516,11.827,0.758,0.9991,6.05,66.4,0.0
3554201,Tejupá,SP,65,Gumbel,770.5,0.1591,11.827,0.758,0.999,6.23,66.0,0.0
3554607,Timburi,SP,65,GEV,741.99,0.1661,11.827,0.758,0.9992,6.22,66.2,0.0
3519907,Iepê,SP,65,Gumbel,689.83,0.1445,11.827,0.758,0.9992,5.23,59.8,0.0
3532157,Nantes,SP,65,Gama,685.28,0.1909,11.827,0.758,0.9987,6.38,61.4,0.0
3541703,Quatá,SP,65,Weibull,739.35,0.1607,11.827,0.758,0.9988,6.01,64.8,0.0
3500550,Águas de Santa Bárbara,SP,65,Weibull,721.2,0.1406,11.827,0.758,0.9988,5.34,59.6,0.0
3503109,Arandu,SP,65,GEV,781.62,0.146,11.827,0.758,0.9989,5.94,65.4,0.0
3504503,Avaré,SP,65,GEV,704.44,0.1515,11.827,0.758,0.999,5.5,59.8,0.0
3511409,Cerqueira César,SP,65,Normal,883.35,0.1036,11.827,0.758,0.9989,5.53,67.4,0.0
3519253,Iaras,SP,65,Weibull,743.28,0.1227,11.827,0.758,0.9989,5.07,60.2,0.0
3521804,Itaí,SP,65,Gama,683.69,0.1596,11.827,0.758,0.9989,5.53,58.6,0.0
3535804,Paranapanema,SP,65,GEV,629.28,0.251,11.827,0.758,0.9995,7.87,65.8,0.0
3500709,Agudos,SP,65,Gama,709.35,0.145,11.827,0.758,0.999,5.37,60.0,0.0
3503406,Arealva,SP,65,GEV,663.37,0.186,11.827,0.758,0.9992,6.09,60.6,0.0
3504305,Avaí,SP,65,Gumbel,711.39,0.1467,11.827,0.758,0.9991,5.44,61.8,0.0
3504701,Balbinos,SP,65,Weibull,680.37,0.1427,11.827,0.758,0.9989,5.09,58.0,0.0
3506003,Bauru,SP,65,Weibull,711.88,0.1585,11.827,0.758,0.9988,5.72,61.1,0.0
3507456,Borebi,SP,65,Gumbel,668.44,0.1486,11.827,0.758,0.9991,5.16,57.9,0.0
3508306,Cabrália Paulista,SP,65,Gumbel,699.64,0.1532,11.827,0.758,0.9991,5.51,60.9,0.0
3514502,Duartina,SP,65,Gama,737.67,0.1652,11.827,0.758,0.9989,6.12,64.4,0.0
3519105,Iacanga,SP,65,Gumbel,690.94,0.1469,11.827,0.758,0.9991,5.29,59.7,0.0
3526803,Lençóis Paulista,SP,65,Gama,726.62,0.1436,11.827,0.758,0.9989,5.46,60.5,0.0
3527504,Lucianópolis,SP,65,Gama,746.66,0.1569,11.827,0.758,0.9989,5.97,64.4,0.0
3528007,Macatuba,SP,65,Log-Normal,619.74,0.192,11.827,0.758,0.999,5.83,55.9,0.0
3536570,Paulistânia,SP,65,Log-Normal,677.18,0.1759,11.827,0.758,0.999,5.92,59.8,0.0
3536703,Pederneiras,SP,65,GEV,629.86,0.1865,11.827,0.758,0.9992,5.8,57.6,0.0
3538907,Pirajuí,SP,65,Log-Normal,677.99,0.1561,11.827,0.758,0.9992,5.43,60.6,0.0
3539400,Piratininga,SP,65,Log-Normal,685.34,0.1805,11.827,0.758,0.9991,6.12,61.9,0.0
3541109,Presidente Alves,SP,65,Gama,730.23,0.1376,11.827,0.758,0.999,5.35,61.9,0.0
3542503,Reginópolis,SP,65,GEV,683.26,0.1497,11.827,0.758,0.9991,5.3,59.2,0.0
3555505,Ubirajara,SP,65,Weibull,772.82,0.1177,11.827,0.758,0.9989,5.16,62.4,0.0
3502309,Anhembi,SP,65,Weibull,686.13,0.1454,11.827,0.758,0.9989,5.2,58.2,0.0
3503604,Areiópolis,SP,65,Gama,687.08,0.1427,11.827,0.758,0.999,5.15,57.8,0.0
3506904,Bofete,SP,65,Gama,723.28,0.1429,11.827,0.758,0.9989,5.42,59.7,0.0
3507506,Botucatu,SP,65,Gumbel,744.97,0.159,11.827,0.758,0.999,6.02,64.5,0.0
3512308,Conchas,SP,65,GEV,688.57,0.1592,11.827,0.758,0.9991,5.58,60.3,0.0
3523503,Itatinga,SP,65,Weibull,728.33,0.1426,11.827,0.758,0.9987,5.43,59.0,0.0
3536109,Pardinho,SP,65,Log-Normal,678.07,0.1839,11.827,0.758,0.9991,6.15,60.7,0.0
3541059,Pratânia,SP,65,Weibull,733.33,0.1452,11.827,0.758,0.9987,5.54,60.5,0.0
3550100,São Manuel,SP,65,Weibull,705.21,0.1502,11.827,0.758,0.9988,5.46,59.6,0.0
3505203,Bariri,SP,65,GEV,685.6,0.1619,11.827,0.758,0.9992,5.63,60.6,0.0
3505302,Barra Bonita,SP,65,Gumbel,642.56,0.1516,11.827,0.758,0.9991,5.03,55.9,0.0
3506805,Bocaina,SP,65,Log-Normal,676.88,0.1683,11.827,0.758,0.9991,5.71,59.2,0.0
3507308,Boracéia,SP,65,Gumbel,664.74,0.1542,11.827,0.758,0.9991,5.26,57.6,0.0
3514106,Dois Córregos,SP,65,Log-Normal,726.05,0.1375,11.827,0.758,0.9992,5.33,62.3,0.0
3520004,Igaraçu do Tietê,SP,65,GEV,684.8,0.1414,11.827,0.758,0.9991,5.11,58.2,0.0
3522000,Itaju,SP,65,GEV,741.82,0.162,11.827,0.758,0.999,6.07,63.3,0.0
3522901,Itapuí,SP,65,Gumbel,676.02,0.1539,11.827,0.758,0.9991,5.34,58.7,0.0
3525300,Jaú,SP,65,Gumbel,697.76,0.1486,11.827,0.758,0.9991,5.39,60.5,0.0
3529807,Mineiros do Tietê,SP,65,GEV,642.16,0.1707,11.827,0.758,0.9993,5.51,59.1,0.0
3508801,Cafelândia,SP,65,GEV,669.43,0.1514,11.827,0.758,0.9991,5.23,57.6,0.0
3517208,Guaiçara,SP,65,GEV,695.8,0.1329,11.827,0.758,0.999,4.99,58.3,0.0
3518107,Guarantã,SP,65,GEV,601.78,0.2075,11.827,0.758,0.9994,6.14,58.9,0.0
3527108,Lins,SP,65,GEV,608.21,0.2056,11.827,0.758,0.9994,6.14,58.3,0.0
3540101,Pongaí,SP,65,Gama,613.43,0.1597,11.827,0.758,0.9989,4.97,53.3,0.0
3541604,Promissão,SP,65,Weibull,742.65,0.1078,11.827,0.758,0.999,4.74,59.5,0.0
3544608,Sabino,SP,65,GEV,651.55,0.1475,11.827,0.758,0.9991,5.0,56.4,0.0
3555901,Uru,SP,65,GEV,599.01,0.1727,11.827,0.758,0.9994,5.2,55.8,0.0
3517000,Getulina,SP,65,Gumbel,670.39,0.1344,11.827,0.758,0.9992,4.86,58.2,0.0
3517307,Guaimbê,SP,65,GEV,664.58,0.138,11.827,0.758,0.9992,4.9,57.8,0.0
3525805,Júlio Mesquita,SP,65,Weibull,681.94,0.137,11.827,0.758,0.9989,4.97,57.4,0.0
3500501,Águas de Lindóia,SP,65,GEV,679.04,0.1922,11.827,0.758,0.9993,6.43,63.4,0.0
3501905,Amparo,SP,65,Gama,784.41,0.1291,11.827,0.758,0.999,5.52,64.5,0.0
3527009,Lindóia,SP,65,Gama,749.82,0.1558,11.827,0.758,0.9989,5.96,64.0,0.0
3531209,Monte Alegre do Sul,SP,65,Gumbel,733.09,0.1492,11.827,0.758,0.9991,5.68,63.4,0.0
3551603,Serra Negra,SP,65,GEV,785.36,0.1354,11.827,0.758,0.9991,5.7,66.2,0.0
3536802,Pedra Bela,SP,65,GEV,661.62,0.1389,11.827,0.758,0.9991,4.88,56.3,0.0
3538204,Pinhalzinho,SP,65,Gumbel,644.99,0.1525,11.827,0.758,0.9991,5.07,55.8,0.0
3552106,Socorro,SP,65,GEV,691.47,0.1574,11.827,0.758,0.9992,5.56,60.8,0.0
3501608,Americana,SP,65,Log-Normal,746.91,0.1232,11.827,0.758,0.9991,5.13,61.4,0.0
3503802,Artur Nogueira,SP,65,Log-Normal,707.1,0.1053,11.827,0.758,0.9992,4.48,58.3,0.0
3509502,Campinas,SP,65,GEV,708.83,0.1605,11.827,0.758,0.9991,5.77,61.5,0.0
3512803,Cosmópolis,SP,65,Gumbel,682.3,0.1408,11.827,0.758,0.9992,5.09,59.1,0.0
3514908,Elias Fausto,SP,65,Gumbel,680.44,0.1576,11.827,0.758,0.9991,5.47,58.9,0.0
3519055,Holambra,SP,65,GEV,705.89,0.1209,11.827,0.758,0.9991,4.8,59.1,0.0
3519071,Hortolândia,SP,65,Gumbel,700.85,0.1399,11.827,0.758,0.9992,5.2,60.7,0.0
3520509,Indaiatuba,SP,65,Gama,726.25,0.1429,11.827,0.758,0.9989,5.44,60.3,0.0
3524709,Jaguariúna,SP,65,Weibull,739.83,0.1242,11.827,0.758,0.9989,5.09,60.9,0.0
3531803,Monte Mor,SP,65,Log-Normal,678.35,0.1766,11.827,0.758,0.9991,5.95,60.6,0.0
3533403,Nova Odessa,SP,65,Weibull,734.5,0.1364,11.827,0.758,0.9989,5.34,60.8,0.0
3536505,Paulínia,SP,65,Gumbel,679.02,0.1587,11.827,0.758,0.999,5.48,58.6,0.0
3537107,Pedreira,SP,65,Log-Normal,635.05,0.1994,11.827,0.758,0.9994,6.23,61.9,0.0
3545803,Santa Bárbara d'Oeste,SP,65,GEV,729.98,0.1181,11.827,0.758,0.9989,4.88,59.0,0.0
3548005,Santo Antônio de Posse,SP,65,Log-Normal,704.11,0.1236,11.827,0.758,0.9991,4.84,58.4,0.0
3552403,Sumaré,SP,65,Weibull,747.48,0.1209,11.827,0.758,0.9989,5.06,60.1,0.0
3556206,Valinhos,SP,65,Gumbel,726.59,0.1497,11.827,0.758,0.9991,5.64,63.0,0.0
3556701,Vinhedo,SP,65,Gama,720.97,0.1245,11.827,0.758,0.9991,4.98,60.2,0.0
3515152,Engenheiro Coelho,SP,65,GEV,672.45,0.1272,11.827,0.758,0.999,4.69,55.5,0.0
3522604,Itapira,SP,65,Log-Normal,757.98,0.1639,11.827,0.758,0.999,6.26,65.1,0.0
3530706,Mogi Guaçu,SP,65,Normal,766.96,0.084,11.827,0.758,0.9992,4.4,60.2,0.0
3530805,Mogi Mirim,SP,65,Weibull,800.04,0.1238,11.827,0.758,0.9988,5.48,63.5,0.0
3557303,Estiva Gerbi,SP,65,Gumbel,671.88,0.1569,11.827,0.758,0.9991,5.38,58.1,0.0
3539301,Pirassununga,SP,65,Gumbel,725.51,0.1476,11.827,0.758,0.9991,5.58,62.8,0.0
3540705,Porto Ferreira,SP,65,Gama,758.19,0.1233,11.827,0.758,0.9991,5.21,62.8,0.0
3508702,Caconde,SP,65,GEV,594.33,0.2249,11.827,0.758,0.9995,6.59,60.9,0.0
3513900,Divinolândia,SP,65,GEV,654.53,0.2124,11.827,0.758,0.9994,6.81,63.5,0.0
3523800,Itobi,SP,65,Gumbel,690.77,0.1422,11.827,0.758,0.9992,5.18,60.2,0.0
3530508,Mococa,SP,65,Gumbel,698.44,0.142,11.827,0.758,0.9992,5.24,60.6,0.0
3549706,São José do Rio Pardo,SP,65,Gama,735.19,0.1746,11.827,0.758,0.9987,6.36,63.5,0.0
3550803,São Sebastião da Grama,SP,65,GEV,653.72,0.1744,11.827,0.758,0.9993,5.71,60.5,0.0
3553609,Tapiratiba,SP,65,GEV,627.7,0.1985,11.827,0.758,0.9994,6.14,61.0,0.0
3500303,Aguaí,SP,65,Log-Normal,727.02,0.1053,11.827,0.758,0.9991,4.6,58.9,0.0
3500402,Águas da Prata,SP,65,Gumbel,668.11,0.1458,11.827,0.758,0.9992,5.09,57.5,0.0
3510807,Casa Branca,SP,65,Log-Normal,673.35,0.1242,11.827,0.758,0.9991,4.65,55.8,0.0
3515186,Espírito Santo do Pinhal,SP,65,Normal,747.1,0.0803,11.827,0.758,0.9992,4.22,58.9,0.0
3546306,Santa Cruz das Palmeiras,SP,65,Gumbel,738.83,0.1481,11.827,0.758,0.9991,5.69,63.8,0.0
3548104,Santo Antônio do Jardim,SP,65,Normal,742.54,0.0729,11.827,0.758,0.9993,4.06,59.0,0.0
3549102,São João da Boa Vista,SP,65,Weibull,696.74,0.1156,11.827,0.758,0.999,4.61,57.6,0.0
3553302,Tambaú,SP,65,Gumbel,715.39,0.162,11.827,0.758,0.999,5.86,61.4,0.0
3556404,Vargem Grande do Sul,SP,65,Weibull,700.79,0.1096,11.827,0.758,0.999,4.51,56.6,0.0
3512605,Coronel Macedo,SP,65,GEV,652.06,0.1451,11.827,0.758,0.999,4.94,54.8,0.0
3553807,Taquarituba,SP,65,Normal,736.52,0.0979,11.827,0.758,0.999,4.5,56.7,0.0
3500758,Alambari,SP,65,Weibull,706.8,0.1748,11.827,0.758,0.9985,6.1,60.5,0.0
3502200,Angatuba,SP,65,Gumbel,728.11,0.1629,11.827,0.758,0.999,5.99,63.2,0.0
3509452,Campina do Monte Alegre,SP,65,Gumbel,734.11,0.1692,11.827,0.758,0.9989,6.21,63.5,0.0
3518503,Guareí,SP,65,Log-Normal,694.0,0.1799,11.827,0.758,0.9991,6.19,62.7,0.0
3522307,Itapetininga,SP,65,Log-Normal,656.65,0.2209,11.827,0.758,0.999,7.05,61.9,0.0
3502705,Apiaí,SP,65,GEV,691.03,0.1356,11.827,0.758,0.9991,5.02,58.6,0.0
3505005,Barão de Antonina,SP,65,Weibull,794.14,0.1091,11.827,0.758,0.999,5.1,64.0,0.0
3505351,Barra do Chapéu,SP,65,Gama,702.81,0.1416,11.827,0.758,0.999,5.24,59.5,0.0
3507159,Bom Sucesso de Itararé,SP,65,GEV,651.88,0.1721,11.827,0.758,0.9993,5.62,59.3,0.0
3508009,Buri,SP,65,Weibull,765.32,0.1423,11.827,0.758,0.9987,5.7,62.6,0.0
3510203,Capão Bonito,SP,65,GEV,610.35,0.1847,11.827,0.758,0.9993,5.58,56.7,0.0
3517604,Guapiara,SP,65,GEV,619.84,0.142,11.827,0.758,0.9992,4.65,54.4,0.0
3521705,Itaberá,SP,65,Gumbel,604.74,0.1334,11.827,0.758,0.9992,4.36,52.4,0.0
3522158,Itaoca,SP,65,GEV,663.39,0.1151,11.827,0.758,0.9991,4.39,55.5,0.0
3522406,Itapeva,SP,65,GEV,696.35,0.1406,11.827,0.758,0.9992,5.19,60.4,0.0
3522653,Itapirapuã Paulista,SP,65,Weibull,714.51,0.1425,11.827,0.758,0.9987,5.33,57.6,0.0
3522802,Itaporanga,SP,65,GEV,794.73,0.111,11.827,0.758,0.999,5.14,64.1,0.0
3523206,Itararé,SP,65,Gumbel,692.45,0.1431,11.827,0.758,0.9992,5.22,60.2,0.0
3532827,Nova Campina,SP,65,Weibull,751.86,0.1289,11.827,0.758,0.9989,5.28,61.7,0.0
3542800,Ribeira,SP,65,Gumbel,675.91,0.1435,11.827,0.758,0.9992,5.1,58.5,0.0
3543006,Ribeirão Branco,SP,65,Weibull,696.21,0.1226,11.827,0.758,0.9989,4.75,56.5,0.0
3543253,Ribeirão Grande,SP,65,GEV,575.04,0.2232,11.827,0.758,0.9994,6.29,56.1,0.0
3543501,Riversul,SP,65,Log-Normal,745.02,0.1307,11.827,0.758,0.9992,5.3,63.3,0.0
3553856,Taquarivaí,SP,65,GEV,643.5,0.2039,11.827,0.758,0.9993,6.43,61.1,0.0
3526407,Laranjal Paulista,SP,65,Weibull,698.17,0.1915,11.827,0.758,0.9985,6.51,62.4,0.0
3521200,Iporanga,SP,65,Log-Normal,731.83,0.1205,11.827,0.758,0.9992,4.97,61.0,0.0
3507001,Boituva,SP,65,Weibull,682.62,0.1782,11.827,0.758,0.9987,6.0,60.5,0.0
3511508,Cerquilho,SP,65,GEV,489.54,0.3229,11.827,0.758,0.9994,8.63,58.9,0.0
3511607,Cesário Lange,SP,65,GEV,558.21,0.2386,11.827,0.758,0.9995,6.58,57.1,0.0
3537503,Pereiras,SP,65,GEV,736.37,0.1195,11.827,0.758,0.9989,4.95,58.9,0.0
3540507,Porangaba,SP,65,Log-Normal,680.83,0.1452,11.827,0.758,0.9991,5.17,58.3,0.0
3541653,Quadra,SP,65,Log-Normal,654.57,0.1652,11.827,0.758,0.9992,5.47,59.2,0.0
3554003,Tatuí,SP,65,GEV,725.57,0.1367,11.827,0.758,0.999,5.29,60.8,0.0
3554656,Torre de Pedra,SP,65,Gama,742.23,0.1443,11.827,0.758,0.999,5.6,63.0,0.0
3505401,Barra do Turvo,SP,65,Normal,746.75,0.0643,11.827,0.758,0.9993,3.93,59.9,0.0
3509254,Cajati,SP,65,GEV,882.81,0.1101,11.827,0.758,0.9989,5.69,70.7,0.0
3509908,Cananéia,SP,65,Gama,1207.54,0.2231,11.827,0.758,0.9981,12.95,107.7,0.0
3514809,Eldorado,SP,65,Gama,781.25,0.1242,11.827,0.758,0.9991,5.39,65.6,0.0
3520301,Iguape,SP,65,Gumbel,1164.24,0.1768,11.827,0.758,0.9988,10.18,100.1,0.0
3520426,Ilha Comprida,SP,65,Weibull,1233.17,0.1606,11.827,0.758,0.9985,9.96,100.7,100.0
3524600,Jacupiranga,SP,65,GEV,836.81,0.1994,11.827,0.758,0.9992,8.17,77.1,0.0
3526100,Juquiá,SP,65,Weibull,924.47,0.1482,11.827,0.758,0.9988,7.08,77.3,0.0
3529906,Miracatu,SP,65,GEV,749.75,0.1968,11.827,0.758,0.9992,7.24,69.7,0.0
3536208,Pariquera-Açu,SP,65,GEV,777.31,0.2817,11.827,0.758,0.9994,11.14,82.4,0.0
3542602,Registro,SP,65,Weibull,905.47,0.1605,11.827,0.758,0.9988,7.34,78.0,0.0
3551801,Sete Barras,SP,65,GEV,865.2,0.1537,11.827,0.758,0.9992,6.84,75.6,0.0
3522109,Itanhaém,SP,65,Gumbel,1084.03,0.1714,11.827,0.758,0.9989,9.26,94.2,0.0
3523305,Itariri,SP,65,Gama,1272.25,0.1493,11.827,0.758,0.9988,9.8,103.1,0.0
3531100,Mongaguá,SP,65,Gumbel,1206.58,0.1686,11.827,0.758,0.9989,10.17,104.3,0.0
3537206,Pedro de Toledo,SP,65,Log-Normal,901.39,0.1949,11.827,0.758,0.999,8.59,81.2,0.0
3537602,Peruíbe,SP,65,Normal,1385.06,0.1101,11.827,0.758,0.9989,8.92,104.5,0.0
3504107,Atibaia,SP,65,GEV,632.49,0.1693,11.827,0.758,0.9991,5.36,55.3,0.0
3507100,Bom Jesus dos Perdões,SP,65,Weibull,653.91,0.1446,11.827,0.758,0.9988,4.93,54.1,0.0
3507605,Bragança Paulista,SP,65,Log-Normal,655.29,0.1276,11.827,0.758,0.9991,4.59,55.1,0.0
3525508,Joanópolis,SP,65,Weibull,700.15,0.1171,11.827,0.758,0.999,4.66,57.0,0.0
3532405,Nazaré Paulista,SP,65,Weibull,623.03,0.1522,11.827,0.758,0.9989,4.87,53.5,0.0
3538600,Piracaia,SP,65,GEV,585.39,0.1805,11.827,0.758,0.9993,5.25,53.5,0.0
3554953,Tuiuti,SP,65,GEV,555.16,0.2086,11.827,0.758,0.9995,5.71,55.1,0.0
3556354,Vargem,SP,65,Log-Normal,679.96,0.1084,11.827,0.758,0.9992,4.37,55.5,0.0
3550209,São Miguel Arcanjo,SP,65,Gumbel,738.69,0.1604,11.827,0.758,0.999,6.01,63.9,0.0
3508405,Cabreúva,SP,65,Weibull,705.82,0.1267,11.827,0.758,0.9989,4.91,58.3,0.0
3509601,Campo Limpo Paulista,SP,65,Weibull,642.55,0.1442,11.827,0.758,0.9988,4.83,53.6,0.0
3523404,Itatiba,SP,65,Gumbel,652.37,0.1509,11.827,0.758,0.9991,5.09,56.7,0.0
3524006,Itupeva,SP,65,Weibull,714.55,0.1718,11.827,0.758,0.9987,6.09,62.2,0.0
3525201,Jarinu,SP,65,Log-Normal,618.87,0.1839,11.827,0.758,0.999,5.61,55.3,0.0
3525904,Jundiaí,SP,65,Gama,675.2,0.1219,11.827,0.758,0.9991,4.61,55.9,0.0
3527306,Louveira,SP,65,Gama,720.97,0.1245,11.827,0.758,0.9991,4.98,60.2,0.0
3532009,Morungaba,SP,65,GEV,561.67,0.2101,11.827,0.758,0.9994,5.8,55.2,0.0
3556503,Várzea Paulista,SP,65,Weibull,642.55,0.1442,11.827,0.758,0.9988,4.83,53.6,0.0
3501152,Alumínio,SP,65,Gama,644.9,0.199,11.827,0.758,0.9986,6.22,58.1,0.0
3502754,Araçariguama,SP,65,Weibull,737.16,0.1411,11.827,0.758,0.9988,5.47,60.7,0.0
3502903,Araçoiaba da Serra,SP,65,GEV,730.37,0.1193,11.827,0.758,0.999,4.91,59.3,0.0
3510302,Capela do Alto,SP,65,Weibull,723.62,0.1164,11.827,0.758,0.9989,4.8,57.9,0.0
3519709,Ibiúna,SP,65,Log-Normal,637.17,0.1603,11.827,0.758,0.9992,5.19,56.1,0.0
3521002,Iperó,SP,65,Gumbel,681.87,0.1401,11.827,0.758,0.9992,5.07,59.1,0.0
3523909,Itu,SP,65,GEV,613.14,0.1954,11.827,0.758,0.9992,5.88,56.8,0.0
3528403,Mairinque,SP,65,Weibull,708.59,0.1436,11.827,0.758,0.9987,5.31,58.1,0.0
3537800,Piedade,SP,65,Gumbel,709.24,0.1542,11.827,0.758,0.9991,5.61,60.9,0.0
3537909,Pilar do Sul,SP,65,Gumbel,688.73,0.1587,11.827,0.758,0.999,5.56,59.9,0.0
3540606,Porto Feliz,SP,65,GEV,627.98,0.1744,11.827,0.758,0.9992,5.47,56.5,0.0
3545209,Salto,SP,65,Gumbel,681.32,0.1541,11.827,0.758,0.9991,5.39,58.9,0.0
3545308,Salto de Pirapora,SP,65,Gumbel,714.96,0.1544,11.827,0.758,0.9991,5.66,61.5,0.0
3550605,São Roque,SP,65,GEV,701.21,0.1637,11.827,0.758,0.9992,5.8,62.0,0.0
3551108,Sarapuí,SP,65,Gama,677.78,0.166,11.827,0.758,0.9988,5.64,58.7,0.0
3552205,Sorocaba,SP,65,Gama,645.78,0.1374,11.827,0.758,0.999,4.73,54.5,0.0
3553500,Tapiraí,SP,65,Log-Normal,771.53,0.1703,11.827,0.758,0.9991,6.58,69.1,0.0
3557006,Votorantim,SP,65,Gumbel,652.67,0.1557,11.827,0.758,0.9991,5.2,56.7,0.0
3501400,Álvaro de Carvalho,SP,65,Weibull,704.59,0.1659,11.827,0.758,0.9988,5.86,62.2,0.0
3501509,Alvinlândia,SP,65,GEV,811.58,0.1339,11.827,0.758,0.9991,5.85,68.3,0.0
3514700,Echaporã,SP,65,Log-Normal,641.33,0.2138,11.827,0.758,0.9993,6.71,62.7,0.0
3515657,Fernão,SP,65,GEV,766.75,0.153,11.827,0.758,0.9993,6.06,68.7,0.0
3516606,Gália,SP,65,Log-Normal,792.26,0.1212,11.827,0.758,0.9992,5.4,66.8,0.0
3516705,Garça,SP,65,Gumbel,756.13,0.1373,11.827,0.758,0.9992,5.55,65.9,0.0
3527801,Lupércio,SP,65,GEV,741.67,0.1695,11.827,0.758,0.9992,6.31,66.5,0.0
3529005,Marília,SP,65,Gumbel,766.0,0.1409,11.827,0.758,0.9992,5.71,66.6,0.0
3533700,Ocauçu,SP,65,GEV,738.03,0.1432,11.827,0.758,0.9992,5.57,64.5,0.0
3534104,Oriente,SP,65,Log-Normal,772.88,0.1309,11.827,0.758,0.9991,5.5,64.9,0.0
3534500,Oscar Bressane,SP,65,GEV,745.16,0.1403,11.827,0.758,0.9991,5.53,63.5,0.0
3540002,Pompéia,SP,65,Log-Normal,729.34,0.1233,11.827,0.758,0.9992,5.02,62.1,0.0
3542008,Quintana,SP,65,GEV,757.15,0.1621,11.827,0.758,0.9992,6.23,67.1,0.0
3556602,Vera Cruz,SP,65,GEV,691.03,0.2144,11.827,0.758,0.9995,7.3,69.3,0.0
3503356,Arco-Íris,SP,65,Gumbel,704.42,0.134,11.827,0.758,0.9992,5.09,61.4,0.0
3505807,Bastos,SP,65,Gumbel,727.35,0.1403,11.827,0.758,0.9992,5.41,63.2,0.0
3519006,Herculândia,SP,65,Weibull,820.67,0.1113,11.827,0.758,0.999,5.32,66.4,0.0
3519204,Iacri,SP,65,Gumbel,743.87,0.1515,11.827,0.758,0.9991,5.82,64.8,0.0
3541802,Queiroz,SP,65,GEV,710.86,0.1365,11.827,0.758,0.9993,5.21,62.3,0.0
3555000,Tupã,SP,65,Gumbel,782.06,0.1508,11.827,0.758,0.9991,6.1,67.6,0.0
3506359,Bertioga,SP,65,Log-Normal,1171.21,0.1512,11.827,0.758,0.9991,9.14,100.3,0.0
3513504,Cubatão,SP,65,GEV,1366.25,0.1536,11.827,0.758,0.9989,10.74,114.1,0.0
3518701,Guarujá,SP,65,Weibull,1443.88,0.1001,11.827,0.758,0.999,8.9,113.7,100.0
3541000,Praia Grande,SP,65,Gumbel,1244.84,0.1542,11.827,0.758,0.9991,9.85,107.6,100.0
3548500,Santos,SP,65,GEV,1444.6,0.1499,11.827,0.758,0.9988,11.16,119.6,0.0
3551009,São Vicente,SP,65,Gama,1334.34,0.196,11.827,0.758,0.9985,12.68,116.1,0.0
3503901,Arujá,SP,65,GEV,596.46,0.2032,11.827,0.758,0.9995,5.98,58.8,0.0
3505708,Barueri,SP,65,GEV,670.88,0.1627,11.827,0.758,0.9991,5.53,59.1,0.0
3506607,Biritiba Mirim,SP,65,Weibull,921.84,0.1244,11.827,0.758,0.9989,6.35,75.6,0.0
3509007,Caieiras,SP,65,GEV,651.12,0.1949,11.827,0.758,0.9993,6.25,61.5,0.0
3509205,Cajamar,SP,65,GEV,646.95,0.1791,11.827,0.758,0.9993,5.76,59.1,0.0
3510609,Carapicuíba,SP,65,Gama,660.25,0.1836,11.827,0.758,0.9988,5.95,59.3,0.0
3513009,Cotia,SP,65,GEV,599.52,0.198,11.827,0.758,0.9994,5.85,57.6,0.0
3513801,Diadema,SP,65,Weibull,756.34,0.1346,11.827,0.758,0.999,5.46,64.6,0.0
3515004,Embu das Artes,SP,65,Gumbel,669.6,0.1538,11.827,0.758,0.9991,5.29,58.2,0.0
3515103,Embu-Guaçu,SP,65,GEV,673.1,0.2032,11.827,0.758,0.9992,6.69,62.9,0.0
3515707,Ferraz de Vasconcelos,SP,65,Normal,727.95,0.0929,11.827,0.758,0.9991,4.35,56.4,0.0
3516309,Francisco Morato,SP,65,GEV,522.24,0.299,11.827,0.758,0.9995,8.18,58.6,0.0
3516408,Franco da Rocha,SP,65,GEV,522.24,0.299,11.827,0.758,0.9995,8.18,58.6,0.0
3518305,Guararema,SP,65,Weibull,600.3,0.1111,11.827,0.758,0.999,3.89,48.5,0.0
3518800,Guarulhos,SP,65,Weibull,715.67,0.1305,11.827,0.758,0.9989,5.07,59.7,0.0
3522208,Itapecerica da Serra,SP,65,GEV,647.12,0.1937,11.827,0.758,0.9993,6.16,60.1,0.0
3522505,Itapevi,SP,65,GEV,669.74,0.1788,11.827,0.758,0.9991,5.93,59.6,0.0
3523107,Itaquaquecetuba,SP,65,Gumbel,653.84,0.1537,11.827,0.758,0.9991,5.16,56.7,0.0
3525003,Jandira,SP,65,Gama,660.25,0.1836,11.827,0.758,0.9988,5.95,59.3,0.0
3526209,Juquitiba,SP,65,GEV,587.72,0.268,11.827,0.758,0.9994,7.91,61.0,0.0
3528502,Mairiporã,SP,65,Weibull,660.22,0.1537,11.827,0.758,0.9987,5.18,55.2,0.0
3529401,Mauá,SP,65,Gama,759.02,0.1109,11.827,0.758,0.9991,4.93,62.5,0.0
3530607,Mogi das Cruzes,SP,65,Log-Normal,641.13,0.1582,11.827,0.758,0.9993,5.19,58.0,0.0
3534401,Osasco,SP,65,Weibull,732.31,0.1595,11.827,0.758,0.9988,5.91,63.3,0.0
3539103,Pirapora do Bom Jesus,SP,65,Log-Normal,619.92,0.2032,11.827,0.758,0.9992,6.16,59.2,0.0
3539806,Poá,SP,65,Normal,727.95,0.0929,11.827,0.758,0.9991,4.35,56.4,0.0
3543303,Ribeirão Pires,SP,65,GEV,674.36,0.1704,11.827,0.758,0.9992,5.76,60.5,0.0
3544103,Rio Grande da Serra,SP,65,Gama,1151.27,0.1643,11.827,0.758,0.9987,9.49,96.1,0.0
3545001,Salesópolis,SP,65,Gumbel,718.04,0.149,11.827,0.758,0.9991,5.55,62.5,0.0
3546801,Santa Isabel,SP,65,GEV,591.66,0.1533,11.827,0.758,0.9991,4.67,51.3,0.0
3547304,Santana de Parnaíba,SP,65,GEV,670.88,0.1627,11.827,0.758,0.9991,5.53,59.1,0.0
3547809,Santo André,SP,65,Gama,1151.27,0.1643,11.827,0.758,0.9987,9.49,96.1,0.0
3548708,São Bernardo do Campo,SP,65,GEV,704.59,0.1795,11.827,0.758,0.9992,6.28,64.1,0.0
3548807,São Caetano do Sul,SP,65,Weibull,756.34,0.1346,11.827,0.758,0.999,5.46,64.6,0.0
3549953,São Lourenço da Serra,SP,65,Gumbel,670.7,0.1617,11.827,0.758,0.999,5.49,58.4,0.0
3550308,São Paulo,SP,65,Gumbel,717.94,0.1643,11.827,0.758,0.999,5.94,61.8,0.0
3552502,Suzano,SP,65,Gumbel,702.47,0.1371,11.827,0.758,0.9992,5.15,61.1,0.0
3552809,Taboão da Serra,SP,65,GEV,677.21,0.1766,11.827,0.758,0.9992,5.95,60.7,0.0
3556453,Vargem Grande Paulista,SP,65,GEV,599.52,0.198,11.827,0.758,0.9994,5.85,57.6,0.0
3503307,Araras,SP,65,Gumbel,653.88,0.1412,11.827,0.758,0.9992,4.88,56.9,0.0
3512209,Conchal,SP,65,GEV,626.69,0.1682,11.827,0.758,0.9992,5.3,56.4,0.0
3526704,Leme,SP,65,Gama,738.85,0.1303,11.827,0.758,0.999,5.23,61.2,0.0
3546207,Santa Cruz da Conceição,SP,65,Weibull,796.26,0.1206,11.827,0.758,0.9989,5.39,64.9,0.0
3507902,Brotas,SP,65,Gumbel,718.72,0.1541,11.827,0.758,0.9991,5.69,61.9,0.0
3554706,Torrinha,SP,65,Weibull,719.01,0.1022,11.827,0.758,0.9991,4.48,58.6,0.0
3512407,Cordeirópolis,SP,65,Gumbel,697.81,0.1403,11.827,0.758,0.9992,5.19,60.3,0.0
3521408,Iracemápolis,SP,65,Weibull,736.76,0.1199,11.827,0.758,0.999,4.97,60.5,0.0
3526902,Limeira,SP,65,Weibull,748.74,0.1026,11.827,0.758,0.9991,4.67,60.5,0.0
3500600,Águas de São Pedro,SP,65,GEV,614.11,0.1366,11.827,0.758,0.9992,4.49,52.7,0.0
3510401,Capivari,SP,65,Weibull,711.44,0.1688,11.827,0.758,0.9987,5.98,61.4,0.0
3511706,Charqueada,SP,65,Log-Normal,670.86,0.1314,11.827,0.758,0.9991,4.78,56.2,0.0
3530904,Mombuca,SP,65,GEV,647.19,0.1641,11.827,0.758,0.9993,5.38,58.3,0.0
3538709,Piracicaba,SP,65,Gama,701.82,0.1337,11.827,0.758,0.999,5.05,58.8,0.0
3542107,Rafard,SP,65,GEV,615.3,0.2278,11.827,0.758,0.9994,6.87,60.4,0.0
3544004,Rio das Pedras,SP,65,Gama,660.22,0.1734,11.827,0.758,0.9988,5.68,58.4,0.0
3545159,Saltinho,SP,65,Gumbel,694.78,0.1556,11.827,0.758,0.9991,5.53,60.1,0.0
3547007,Santa Maria da Serra,SP,65,Weibull,683.03,0.1034,11.827,0.758,0.9991,4.28,55.7,0.0
3550407,São Pedro,SP,65,GEV,614.11,0.1366,11.827,0.758,0.9992,4.49,52.7,0.0
3512704,Corumbataí,SP,65,Log-Normal,797.04,0.1032,11.827,0.758,0.9991,5.0,64.4,0.0
3521101,Ipeúna,SP,65,GEV,761.45,0.0961,11.827,0.758,0.999,4.61,60.9,0.0
3543907,Rio Claro,SP,65,Log-Normal,762.04,0.1141,11.827,0.758,0.9992,5.02,63.0,0.0
3546702,Santa Gertrudes,SP,65,Log-Normal,737.11,0.121,11.827,0.758,0.9991,5.02,61.3,0.0
3525854,Jumirim,SP,65,Log-Normal,546.17,0.2954,11.827,0.758,0.9994,8.33,61.0,0.0
3554508,Tietê,SP,65,GEV,626.6,0.1955,11.827,0.758,0.9994,6.03,59.5,0.0
3523602,Itirapina,SP,65,Weibull,753.29,0.1718,11.827,0.758,0.9986,6.41,64.3,0.0
3500105,Adamantina,SP,65,Gumbel,704.28,0.1488,11.827,0.758,0.9991,5.44,60.8,0.0
3516002,Flórida Paulista,SP,65,GEV,664.27,0.1834,11.827,0.758,0.9994,6.05,62.4,0.0
3520806,Inúbia Paulista,SP,65,Gumbel,706.74,0.1564,11.827,0.758,0.9991,5.65,60.8,0.0
3527405,Lucélia,SP,65,Weibull,748.46,0.1411,11.827,0.758,0.9988,5.56,62.7,0.0
3528908,Mariápolis,SP,65,Weibull,794.5,0.1588,11.827,0.758,0.9988,6.4,68.9,0.0
3534609,Osvaldo Cruz,SP,65,Gumbel,729.8,0.159,11.827,0.758,0.999,5.9,62.9,0.0
3534906,Pacaembu,SP,65,Gama,761.43,0.1673,11.827,0.758,0.9988,6.37,65.7,0.0
3540853,Pracinha,SP,65,Weibull,807.95,0.1431,11.827,0.758,0.9987,6.04,66.2,0.0
3544707,Sagres,SP,65,GEV,671.37,0.1987,11.827,0.758,0.9993,6.55,63.1,0.0
3545100,Salmourão,SP,65,Log-Normal,705.88,0.1447,11.827,0.758,0.999,5.34,59.5,0.0
3514403,Dracena,SP,65,Gumbel,627.83,0.1431,11.827,0.758,0.9992,4.73,54.3,0.0
3515806,Flora Rica,SP,65,Gumbel,756.19,0.1438,11.827,0.758,0.9992,5.71,65.7,0.0
3521606,Irapuru,SP,65,Log-Normal,729.06,0.1695,11.827,0.758,0.9991,6.19,64.6,0.0
3526001,Junqueirópolis,SP,65,Gumbel,687.02,0.1457,11.827,0.758,0.9992,5.23,59.6,0.0
3531605,Monte Castelo,SP,65,Gama,681.46,0.1007,11.827,0.758,0.9992,4.22,55.2,0.0
3533106,Nova Guataporanga,SP,65,Gumbel,651.23,0.1499,11.827,0.758,0.9991,5.06,56.1,0.0
3534807,Ouro Verde,SP,65,Gumbel,656.02,0.1469,11.827,0.758,0.9991,5.03,56.9,0.0
3535408,Panorama,SP,65,Log-Normal,673.45,0.1242,11.827,0.758,0.9991,4.65,55.9,0.0
3536406,Paulicéia,SP,65,Gumbel,633.15,0.1408,11.827,0.758,0.9992,4.72,54.8,0.0
3547106,Santa Mercedes,SP,65,Gumbel,653.22,0.1506,11.827,0.758,0.9991,5.09,56.3,0.0
3549300,São João do Pau d'Alho,SP,65,GEV,651.46,0.128,11.827,0.758,0.9992,4.58,56.1,0.0
3555109,Tupi Paulista,SP,65,GEV,663.85,0.1464,11.827,0.758,0.9991,5.07,57.1,0.0
3509106,Caiuá,SP,65,GEV,685.12,0.1927,11.827,0.758,0.9993,6.49,63.5,0.0
3528700,Marabá Paulista,SP,65,GEV,643.84,0.196,11.827,0.758,0.9993,6.2,60.3,0.0
3538303,Piquerobi,SP,65,Gumbel,764.53,0.1625,11.827,0.758,0.999,6.28,66.3,0.0
3541307,Presidente Epitácio,SP,65,Gumbel,686.95,0.1423,11.827,0.758,0.9992,5.16,59.7,0.0
3541505,Presidente Venceslau,SP,65,Gumbel,700.06,0.1653,11.827,0.758,0.999,5.82,60.6,0.0
3500808,Alfredo Marcondes,SP,65,Weibull,769.57,0.1014,11.827,0.758,0.9991,4.78,62.4,0.0
3501301,Álvares Machado,SP,65,Gama,809.59,0.1724,11.827,0.758,0.9988,6.93,70.3,0.0
3502408,Anhumas,SP,65,GEV,731.46,0.2163,11.827,0.758,0.9992,7.72,69.4,0.0
3508900,Caiabu,SP,65,Gumbel,741.7,0.1437,11.827,0.758,0.9992,5.6,64.4,0.0
3515129,Emilianópolis,SP,65,Log-Normal,743.0,0.1155,11.827,0.758,0.9992,4.93,62.3,0.0
3515301,Estrela do Norte,SP,65,GEV,773.69,0.1963,11.827,0.758,0.999,7.41,68.9,0.0
3515350,Euclides da Cunha Paulista,SP,65,Gumbel,699.79,0.1469,11.827,0.758,0.9991,5.36,60.5,0.0
3520608,Indiana,SP,65,GEV,751.67,0.1626,11.827,0.758,0.9992,6.2,67.3,0.0
3525607,João Ramalho,SP,65,Weibull,809.98,0.1255,11.827,0.758,0.9989,5.6,67.0,0.0
3529203,Martinópolis,SP,65,GEV,715.58,0.182,11.827,0.758,0.9993,6.47,66.5,0.0
3530201,Mirante do Paranapanema,SP,65,GEV,780.56,0.1458,11.827,0.758,0.999,5.93,65.6,0.0
3532207,Narandiba,SP,65,GEV,769.94,0.1933,11.827,0.758,0.999,7.28,68.3,0.0
3539202,Pirapozinho,SP,65,GEV,773.69,0.1963,11.827,0.758,0.999,7.41,68.9,0.0
3541208,Presidente Bernardes,SP,65,Gumbel,777.87,0.1617,11.827,0.758,0.999,6.36,67.4,0.0
3541406,Presidente Prudente,SP,65,Log-Normal,821.41,0.141,11.827,0.758,0.9991,6.12,69.0,0.0
3542206,Rancharia,SP,65,Weibull,793.88,0.1353,11.827,0.758,0.9989,5.74,66.4,0.0
3542404,Regente Feijó,SP,65,Weibull,784.93,0.1766,11.827,0.758,0.9988,6.85,69.7,0.0
3543238,Ribeirão dos Índios,SP,65,GEV,713.24,0.1253,11.827,0.758,0.999,4.94,59.3,0.0
3544251,Rosana,SP,65,Gumbel,703.3,0.1549,11.827,0.758,0.9991,5.58,60.9,0.0
3545506,Sandovalina,SP,65,GEV,720.54,0.1913,11.827,0.758,0.9991,6.77,65.5,0.0
3547700,Santo Anastácio,SP,65,Gumbel,744.65,0.1532,11.827,0.758,0.9991,5.87,64.7,0.0
3548302,Santo Expedito,SP,65,Gumbel,729.35,0.1422,11.827,0.758,0.9992,5.47,63.1,0.0
3552908,Taciba,SP,65,Gumbel,783.57,0.1701,11.827,0.758,0.9989,6.65,68.3,0.0
3553906,Tarabai,SP,65,GEV,709.47,0.2099,11.827,0.758,0.9991,7.25,65.3,0.0
3554300,Teodoro Sampaio,SP,65,Gumbel,683.21,0.152,11.827,0.758,0.9991,5.35,58.7,0.0
3536000,Parapuã,SP,65,Normal,862.99,0.097,11.827,0.758,0.999,5.25,66.5,0.0
3543808,Rinópolis,SP,65,GEV,609.57,0.21,11.827,0.758,0.9994,6.28,59.3,0.0
3510104,Cândido Rodrigues,SP,65,Gama,754.88,0.1618,11.827,0.758,0.9989,6.16,64.8,0.0
3553708,Taquaritinga,SP,65,Log-Normal,734.5,0.1273,11.827,0.758,0.9991,5.14,61.4,0.0
3505500,Barretos,SP,65,Gama,660.76,0.1534,11.827,0.758,0.9991,5.21,58.9,0.0
3506102,Bebedouro,SP,65,Weibull,777.4,0.0932,11.827,0.758,0.9991,4.65,62.1,0.0
3512001,Colina,SP,65,GEV,766.73,0.1128,11.827,0.758,0.999,5.01,62.3,0.0
3512100,Colômbia,SP,65,GEV,745.67,0.1225,11.827,0.758,0.999,5.1,61.7,0.0
3517406,Guaíra,SP,65,Log-Normal,632.29,0.1876,11.827,0.758,0.9992,5.85,58.8,0.0
3524204,Jaborandi,SP,65,Weibull,776.35,0.1081,11.827,0.758,0.999,4.96,61.5,0.0
3531506,Monte Azul Paulista,SP,65,Gumbel,755.03,0.1478,11.827,0.758,0.9991,5.81,65.4,0.0
3553104,Taiaçu,SP,65,Log-Normal,702.52,0.1658,11.827,0.758,0.9992,5.88,62.9,0.0
3553203,Taiúva,SP,65,Gumbel,721.7,0.1433,11.827,0.758,0.9992,5.44,62.6,0.0
3553658,Taquaral,SP,65,Weibull,767.61,0.1345,11.827,0.758,0.9989,5.53,64.2,0.0
3554409,Terra Roxa,SP,65,Normal,760.73,0.0753,11.827,0.758,0.9992,4.2,60.3,0.0
3556800,Viradouro,SP,65,Gama,765.26,0.0787,11.827,0.758,0.9992,4.29,60.7,0.0
3515608,Fernando Prestes,SP,65,Gama,754.88,0.1618,11.827,0.758,0.9989,6.16,64.8,0.0
3539004,Pirangi,SP,65,GEV,669.3,0.1783,11.827,0.758,0.9994,5.96,62.6,0.0
3556909,Vista Alegre do Alto,SP,65,Gama,765.32,0.1474,11.827,0.758,0.999,5.86,65.1,0.0
3513207,Cristais Paulista,SP,65,GEV,654.2,0.1953,11.827,0.758,0.9994,6.31,63.0,0.0
3516200,Franca,SP,65,GEV,670.16,0.2037,11.827,0.758,0.9994,6.71,64.8,0.0
3523701,Itirapuã,SP,65,Gama,674.58,0.156,11.827,0.758,0.999,5.37,58.8,0.0
3525409,Jeriquara,SP,65,GEV,700.53,0.1924,11.827,0.758,0.9991,6.61,63.4,0.0
3536307,Patrocínio Paulista,SP,65,Weibull,691.1,0.1557,11.827,0.758,0.9989,5.49,60.5,0.0
3537008,Pedregulho,SP,65,GEV,657.06,0.2162,11.827,0.758,0.9993,6.94,62.8,0.0
3542701,Restinga,SP,65,Weibull,757.11,0.1439,11.827,0.758,0.9989,5.7,64.6,0.0
3543105,Ribeirão Corrente,SP,65,Gama,735.2,0.1807,11.827,0.758,0.9987,6.54,65.0,0.0
3543600,Rifaina,SP,65,GEV,680.99,0.242,11.827,0.758,0.9994,8.13,68.2,0.0
3549508,São José da Bela Vista,SP,65,Weibull,803.81,0.1095,11.827,0.758,0.9989,5.17,63.5,0.0
3503000,Aramina,SP,65,Log-Normal,764.31,0.1547,11.827,0.758,0.9989,6.05,63.9,0.0
3508207,Buritizal,SP,65,GEV,668.77,0.2169,11.827,0.758,0.9993,7.09,64.5,0.0
3517703,Guará,SP,65,Weibull,768.04,0.1393,11.827,0.758,0.9988,5.65,63.3,0.0
3520103,Igarapava,SP,65,GEV,707.46,0.1713,11.827,0.758,0.9991,6.06,62.1,0.0
3524105,Ituverava,SP,65,Gumbel,786.75,0.1603,11.827,0.758,0.999,6.4,68.2,0.0
3529708,Miguelópolis,SP,65,GEV,703.64,0.1765,11.827,0.758,0.9993,6.2,64.8,0.0
3501004,Altinópolis,SP,65,Gumbel,669.53,0.1491,11.827,0.758,0.9991,5.18,57.9,0.0
3505609,Barrinha,SP,65,Gumbel,730.01,0.1614,11.827,0.758,0.999,5.96,62.8,0.0
3505906,Batatais,SP,65,Weibull,742.4,0.1176,11.827,0.758,0.999,4.96,60.3,0.0
3507803,Brodowski,SP,65,GEV,687.4,0.1966,11.827,0.758,0.9992,6.62,63.0,0.0
3509403,Cajuru,SP,65,GEV,695.71,0.1613,11.827,0.758,0.9991,5.69,60.6,0.0
3510906,Cássia dos Coqueiros,SP,65,GEV,637.16,0.1783,11.827,0.758,0.9992,5.64,57.5,0.0
3513108,Cravinhos,SP,65,Gama,741.9,0.164,11.827,0.758,0.9989,6.12,64.6,0.0
3514601,Dumont,SP,65,GEV,754.5,0.1264,11.827,0.758,0.999,5.25,62.3,0.0
3518602,Guariba,SP,65,Gumbel,666.28,0.1351,11.827,0.758,0.9992,4.84,57.9,0.0
3518859,Guatapará,SP,65,Normal,756.12,0.0862,11.827,0.758,0.9991,4.38,59.1,0.0
3524303,Jaboticabal,SP,65,Weibull,726.06,0.1203,11.827,0.758,0.9989,4.91,59.4,0.0
3525102,Jardinópolis,SP,65,Gama,716.06,0.1679,11.827,0.758,0.9988,6.01,62.4,0.0
3527603,Luís Antônio,SP,65,Gama,728.67,0.1379,11.827,0.758,0.9991,5.35,62.1,0.0
3531308,Monte Alto,SP,65,Log-Normal,712.0,0.1782,11.827,0.758,0.9991,6.29,63.8,0.0
3539509,Pitangueiras,SP,65,GEV,798.22,0.1095,11.827,0.758,0.999,5.13,64.3,0.0
3540200,Pontal,SP,65,Gama,653.07,0.1485,11.827,0.758,0.999,5.03,56.3,0.0
3540903,Pradópolis,SP,65,GEV,723.08,0.1257,11.827,0.758,0.999,5.02,60.2,0.0
3543402,Ribeirão Preto,SP,65,Gumbel,786.54,0.16,11.827,0.758,0.999,6.39,68.2,0.0
3546256,Santa Cruz da Esperança,SP,65,GEV,774.94,0.1584,11.827,0.758,0.9992,6.26,68.6,0.0
3546504,Santa Ernestina,SP,65,GEV,630.76,0.1837,11.827,0.758,0.9994,5.77,60.1,0.0
3547601,Santa Rosa de Viterbo,SP,65,Gumbel,756.32,0.1568,11.827,0.758,0.9991,6.05,64.5,0.0
3547908,Santo Antônio da Alegria,SP,65,GEV,639.8,0.1566,11.827,0.758,0.9991,5.12,55.4,0.0
3550902,São Simão,SP,65,Gumbel,738.48,0.1555,11.827,0.758,0.9991,5.88,63.6,0.0
3551405,Serra Azul,SP,65,Gama,812.24,0.1304,11.827,0.758,0.999,5.76,67.7,0.0
3551504,Serrana,SP,65,Gumbel,766.05,0.1647,11.827,0.758,0.999,6.35,66.0,0.0
3551702,Sertãozinho,SP,65,Log-Normal,699.53,0.1686,11.827,0.758,0.999,5.91,61.0,0.0
3547502,Santa Rita do Passa Quatro,SP,65,Weibull,792.43,0.1084,11.827,0.758,0.999,5.07,63.4,0.0
3521309,Ipuã,SP,65,Weibull,746.97,0.1469,11.827,0.758,0.9987,5.69,61.9,0.0
3531902,Morro Agudo,SP,65,Gumbel,665.87,0.1419,11.827,0.758,0.9992,4.99,57.4,0.0
3533601,Nuporanga,SP,65,Gama,686.52,0.1446,11.827,0.758,0.999,5.19,59.1,0.0
3534302,Orlândia,SP,65,GEV,690.67,0.1384,11.827,0.758,0.9991,5.09,58.8,0.0
3544905,Sales Oliveira,SP,65,Gumbel,670.39,0.1448,11.827,0.758,0.9992,5.09,58.1,0.0
3549409,São Joaquim da Barra,SP,65,Log-Normal,758.71,0.1472,11.827,0.758,0.999,5.81,63.6,0.0
3504206,Auriflama,SP,65,Weibull,673.34,0.1605,11.827,0.758,0.9991,5.48,60.6,0.0
3516804,Gastão Vidigal,SP,65,Log-Normal,712.81,0.1223,11.827,0.758,0.9993,4.89,61.1,0.0
3516903,General Salgado,SP,65,GEV,713.57,0.1301,11.827,0.758,0.999,5.05,59.0,0.0
3518909,Guzolândia,SP,65,GEV,722.7,0.1522,11.827,0.758,0.999,5.66,61.3,0.0
3528304,Magda,SP,65,GEV,680.52,0.1438,11.827,0.758,0.9992,5.15,59.6,0.0
3531001,Monções,SP,65,GEV,663.61,0.1592,11.827,0.758,0.9992,5.39,58.8,0.0
3532868,Nova Castilho,SP,65,GEV,704.52,0.1439,11.827,0.758,0.9993,5.34,62.5,0.0
3533304,Nova Luzitânia,SP,65,Log-Normal,712.81,0.1223,11.827,0.758,0.9993,4.89,61.1,0.0
3509304,Cajobi,SP,65,Weibull,753.45,0.1288,11.827,0.758,0.9988,5.29,61.1,0.0
3517901,Guaraci,SP,65,Gama,747.47,0.1519,11.827,0.758,0.9989,5.84,63.8,0.0
3533908,Olímpia,SP,65,Log-Normal,734.98,0.1482,11.827,0.758,0.9991,5.66,63.2,0.0
3551900,Severínia,SP,65,Gumbel,754.7,0.1486,11.827,0.758,0.9991,5.83,65.6,0.0
3557154,Zacarias,SP,65,Gama,722.26,0.1275,11.827,0.758,0.9991,5.06,61.8,0.0
3503703,Ariranha,SP,65,Gumbel,722.3,0.147,11.827,0.758,0.9991,5.54,62.5,0.0
3511102,Catanduva,SP,65,Gama,706.62,0.1188,11.827,0.758,0.9991,4.76,58.6,0.0
3511201,Catiguá,SP,65,Gama,698.29,0.1485,11.827,0.758,0.9989,5.37,59.2,0.0
3514924,Elisiário,SP,65,GEV,726.11,0.1606,11.827,0.758,0.9992,5.93,64.0,0.0
3514957,Embaúba,SP,65,Weibull,716.31,0.1325,11.827,0.758,0.9989,5.11,59.1,0.0
3521903,Itajobi,SP,65,Log-Normal,719.15,0.1324,11.827,0.758,0.9991,5.15,60.0,0.0
3528858,Marapoama,SP,65,Weibull,720.61,0.1224,11.827,0.758,0.9989,4.91,58.4,0.0
3533254,Novais,SP,65,Weibull,722.47,0.0915,11.827,0.758,0.999,4.28,56.3,0.0
3535101,Palmares Paulista,SP,65,Log-Normal,715.82,0.1148,11.827,0.758,0.9991,4.73,58.2,0.0
3535705,Paraíso,SP,65,Log-Normal,688.51,0.1679,11.827,0.758,0.9992,5.82,61.9,0.0
3538105,Pindorama,SP,65,Gumbel,744.5,0.1547,11.827,0.758,0.9991,5.91,64.2,0.0
3545605,Santa Adélia,SP,65,GEV,732.93,0.1843,11.827,0.758,0.9993,6.69,68.0,0.0
3552601,Tabapuã,SP,65,Normal,771.97,0.0915,11.827,0.758,0.9991,4.58,59.9,0.0
3515202,Estrela d'Oeste,SP,65,Weibull,708.71,0.1186,11.827,0.758,0.9989,4.75,57.1,0.0
3515509,Fernandópolis,SP,65,Gama,740.77,0.1343,11.827,0.758,0.999,5.35,62.3,0.0
3518008,Guarani d'Oeste,SP,65,Gumbel,735.62,0.1461,11.827,0.758,0.9992,5.62,63.8,0.0
3520707,Indiaporã,SP,65,Weibull,743.17,0.1299,11.827,0.758,0.9989,5.24,61.0,0.0
3528205,Macedônia,SP,65,GEV,728.04,0.1636,11.827,0.758,0.9993,6.04,65.7,0.0
3529609,Meridiano,SP,65,Gumbel,741.75,0.1435,11.827,0.758,0.9992,5.6,64.3,0.0
3530003,Mira Estrela,SP,65,Weibull,737.32,0.138,11.827,0.758,0.9989,5.4,61.9,0.0
3534757,Ouroeste,SP,65,Gumbel,668.77,0.1496,11.827,0.758,0.9991,5.19,57.9,0.0
3536901,Pedranópolis,SP,65,Gumbel,752.52,0.1378,11.827,0.758,0.9992,5.54,65.3,0.0
3549201,São João das Duas Pontes,SP,65,GEV,678.93,0.1283,11.827,0.758,0.9992,4.78,58.0,0.0
3549250,São João de Iracema,SP,65,Gumbel,672.56,0.1474,11.827,0.758,0.9991,5.16,58.2,0.0
3502606,Aparecida d'Oeste,SP,65,GEV,727.42,0.1254,11.827,0.758,0.9989,5.03,59.2,0.0
3503950,Aspásia,SP,65,Weibull,792.01,0.103,11.827,0.758,0.999,4.95,63.1,0.0
3513850,Dirce Reis,SP,65,Gumbel,704.89,0.1555,11.827,0.758,0.9991,5.61,60.7,0.0
3514205,Dolcinópolis,SP,65,Normal,770.7,0.0953,11.827,0.758,0.999,4.65,59.5,0.0
3524808,Jales,SP,65,Gama,706.88,0.1289,11.827,0.758,0.999,4.97,58.3,0.0
3529104,Marinópolis,SP,65,Gama,731.75,0.1525,11.827,0.758,0.9989,5.72,61.3,0.0
3529658,Mesópolis,SP,65,Gumbel,660.42,0.1524,11.827,0.758,0.9991,5.18,57.0,0.0
3535200,Palmeira d'Oeste,SP,65,Weibull,745.57,0.1257,11.827,0.758,0.9989,5.16,60.8,0.0
3535903,Paranapuã,SP,65,Normal,777.34,0.0909,11.827,0.758,0.9991,4.6,60.4,0.0
3540259,Pontalinda,SP,65,Gumbel,674.63,0.1545,11.827,0.758,0.9991,5.35,58.1,0.0
3540408,Populina,SP,65,Log-Normal,653.25,0.1524,11.827,0.758,0.9992,5.14,57.4,0.0
3545704,Santa Albertina,SP,65,GEV,718.05,0.129,11.827,0.758,0.999,5.06,59.6,0.0
3547650,Santa Salete,SP,65,Weibull,790.29,0.1057,11.827,0.758,0.999,5.0,62.9,0.0
3549003,São Francisco,SP,65,Gumbel,704.89,0.1555,11.827,0.758,0.9991,5.61,60.7,0.0
3555307,Turmalina,SP,65,GEV,722.53,0.1354,11.827,0.758,0.999,5.24,60.3,0.0
3555802,Urânia,SP,65,Normal,775.83,0.0864,11.827,0.758,0.9991,4.5,60.7,0.0
3556958,Vitória Brasil,SP,65,Normal,757.31,0.0977,11.827,0.758,0.999,4.62,58.3,0.0
3532843,Nova Canaã Paulista,SP,65,Weibull,735.66,0.1191,11.827,0.758,0.9989,4.94,58.7,0.0
3544509,Rubinéia,SP,65,Gama,679.59,0.1263,11.827,0.758,0.9991,4.73,57.6,0.0
3546108,Santa Clara d'Oeste,SP,65,GEV,703.98,0.1173,11.827,0.758,0.9991,4.71,58.9,0.0
3546603,Santa Fé do Sul,SP,65,Log-Normal,728.84,0.1162,11.827,0.758,0.9991,4.85,60.0,0.0
3547205,Santana da Ponte Pensa,SP,65,GEV,757.15,0.1258,11.827,0.758,0.999,5.25,62.7,0.0
3547403,Santa Rita d'Oeste,SP,65,GEV,740.61,0.1142,11.827,0.758,0.9991,4.88,61.3,0.0
3554904,Três Fronteiras,SP,65,GEV,757.15,0.1258,11.827,0.758,0.999,5.25,62.7,0.0
3500204,Adolfo,SP,65,Weibull,721.28,0.1286,11.827,0.758,0.9989,5.06,59.2,0.0
3500907,Altair,SP,65,Weibull,814.03,0.1367,11.827,0.758,0.9988,5.92,66.6,0.0
3504602,Bady Bassitt,SP,65,GEV,769.28,0.1355,11.827,0.758,0.999,5.58,64.2,0.0
3504800,Bálsamo,SP,65,Weibull,807.08,0.1201,11.827,0.758,0.9989,5.44,65.2,0.0
3511300,Cedral,SP,65,Weibull,813.73,0.1064,11.827,0.758,0.999,5.16,64.8,0.0
3517505,Guapiaçu,SP,65,Weibull,765.85,0.1243,11.827,0.758,0.9989,5.27,63.0,0.0
3519402,Ibirá,SP,65,Gumbel,760.54,0.1598,11.827,0.758,0.999,6.17,65.6,0.0
3519808,Icém,SP,65,Gumbel,741.23,0.1473,11.827,0.758,0.9991,5.69,64.3,0.0
3521150,Ipiguá,SP,65,Weibull,776.18,0.1457,11.827,0.758,0.9989,5.89,66.4,0.0
3521507,Irapuã,SP,65,GEV,696.26,0.1567,11.827,0.758,0.9992,5.59,61.3,0.0
3524501,Jaci,SP,65,Normal,824.88,0.0945,11.827,0.758,0.9991,4.96,63.8,0.0
3525706,José Bonifácio,SP,65,Weibull,726.89,0.1305,11.827,0.758,0.9988,5.14,58.8,0.0
3528106,Macaubal,SP,65,Gama,718.59,0.1291,11.827,0.758,0.999,5.06,59.1,0.0
3529500,Mendonça,SP,65,Weibull,727.68,0.151,11.827,0.758,0.9987,5.65,61.1,0.0
3530300,Mirassol,SP,65,GEV,769.28,0.1355,11.827,0.758,0.999,5.58,64.2,0.0
3530409,Mirassolândia,SP,65,Gama,761.25,0.1569,11.827,0.758,0.9989,6.08,65.6,0.0
3531407,Monte Aprazível,SP,65,Gama,701.15,0.1641,11.827,0.758,0.9988,5.78,60.5,0.0
3532504,Neves Paulista,SP,65,GEV,778.28,0.1204,11.827,0.758,0.9989,5.26,62.6,0.0
3532702,Nipoã,SP,65,GEV,723.91,0.1343,11.827,0.758,0.999,5.22,60.3,0.0
3532801,Nova Aliança,SP,65,Gama,700.86,0.1713,11.827,0.758,0.9987,5.96,59.7,0.0
3533007,Nova Granada,SP,65,Weibull,763.59,0.1565,11.827,0.758,0.9988,6.08,65.3,0.0
3533502,Novo Horizonte,SP,65,Gama,687.77,0.125,11.827,0.758,0.999,4.76,56.7,0.0
3534005,Onda Verde,SP,65,Gumbel,755.03,0.1488,11.827,0.758,0.9991,5.83,65.2,0.0
3534203,Orindiúva,SP,65,Gama,748.87,0.1624,11.827,0.758,0.9989,6.13,64.7,0.0
3535002,Palestina,SP,65,Gama,758.34,0.1515,11.827,0.758,0.9989,5.91,64.6,0.0
3536604,Paulo de Faria,SP,65,Gama,734.36,0.1499,11.827,0.758,0.9989,5.68,62.3,0.0
3539608,Planalto,SP,65,GEV,715.16,0.1236,11.827,0.758,0.9991,4.92,59.7,0.0
3539905,Poloni,SP,65,Log-Normal,711.54,0.1296,11.827,0.758,0.9991,5.03,58.6,0.0
3540804,Potirendaba,SP,65,Gumbel,748.16,0.155,11.827,0.758,0.9991,5.94,64.6,0.0
3544806,Sales,SP,65,Log-Normal,687.22,0.1551,11.827,0.758,0.9991,5.46,59.1,0.0
3549805,São José do Rio Preto,SP,65,Gumbel,752.43,0.1497,11.827,0.758,0.9991,5.84,64.9,0.0
3553401,Tanabi,SP,65,Weibull,795.6,0.1687,11.827,0.758,0.9987,6.69,68.5,0.0
3555356,Ubarana,SP,65,Gama,665.65,0.178,11.827,0.758,0.9987,5.85,58.4,0.0
3555604,Uchoa,SP,65,Weibull,756.34,0.1305,11.827,0.758,0.9988,5.35,61.4,0.0
3555703,União Paulista,SP,65,Log-Normal,711.54,0.1296,11.827,0.758,0.9991,5.03,58.6,0.0
3556008,Urupês,SP,65,GEV,709.95,0.1735,11.827,0.758,0.9991,6.14,63.2,0.0
3501202,Álvares Florence,SP,65,GEV,644.06,0.2627,11.827,0.758,0.9995,8.53,69.4,0.0
3501806,Américo de Campos,SP,65,GEV,684.39,0.212,11.827,0.758,0.9994,7.11,66.3,0.0
3510708,Cardoso,SP,65,GEV,701.18,0.193,11.827,0.758,0.9993,6.67,65.8,0.0
3512902,Cosmorama,SP,65,GEV,718.92,0.1989,11.827,0.758,0.9993,7.02,68.0,0.0
3515905,Floreal,SP,65,GEV,651.68,0.184,11.827,0.758,0.9994,5.96,61.2,0.0
3532603,Nhandeara,SP,65,Gumbel,693.22,0.1531,11.827,0.758,0.9991,5.46,60.1,0.0
3536257,Parisi,SP,65,GEV,738.46,0.1634,11.827,0.758,0.9992,6.11,65.8,0.0
3540309,Pontes Gestal,SP,65,GEV,725.07,0.1954,11.827,0.758,0.9991,6.94,65.9,0.0
3544202,Riolândia,SP,65,GEV,665.9,0.1792,11.827,0.758,0.9992,5.92,59.8,0.0
3551306,Sebastianópolis do Sul,SP,65,GEV,668.49,0.2043,11.827,0.758,0.9993,6.69,63.3,0.0
3556107,Valentim Gentil,SP,65,Gumbel,741.75,0.1435,11.827,0.758,0.9992,5.6,64.3,0.0
3557105,Votuporanga,SP,65,GEV,737.91,0.1661,11.827,0.758,0.9992,6.17,65.3,0.0
3510500,Caraguatatuba,SP,65,GEV,829.08,0.1679,11.827,0.758,0.9991,6.98,72.5,0.0
3520400,Ilhabela,SP,65,Weibull,947.78,0.1458,11.827,0.758,0.9987,7.18,77.9,0.0
3550704,São Sebastião,SP,65,Weibull,898.84,0.1888,11.827,0.758,0.9984,8.26,78.1,0.0
3555406,Ubatuba,SP,65,Gama,1153.67,0.2207,11.827,0.758,0.998,12.23,100.6,0.0
3503158,Arapeí,SP,65,Gumbel,669.1,0.1472,11.827,0.758,0.9991,5.13,58.0,0.0
3503505,Areias,SP,65,GEV,580.93,0.1819,11.827,0.758,0.9995,5.28,55.7,0.0
3504909,Bananal,SP,65,Log-Normal,619.0,0.1792,11.827,0.758,0.9992,5.51,57.1,0.0
3508603,Cachoeira Paulista,SP,65,Log-Normal,667.6,0.1591,11.827,0.758,0.9991,5.41,58.3,0.0
3513405,Cruzeiro,SP,65,GEV,658.48,0.1693,11.827,0.758,0.9991,5.58,57.7,0.0
3526605,Lavrinhas,SP,65,GEV,541.87,0.2615,11.827,0.758,0.9995,7.11,57.2,0.0
3541901,Queluz,SP,65,GEV,532.56,0.2487,11.827,0.758,0.9995,6.6,56.4,0.0
3549607,São José do Barreiro,SP,65,GEV,544.87,0.1994,11.827,0.758,0.9995,5.37,53.3,0.0
3552007,Silveiras,SP,65,GEV,573.93,0.1578,11.827,0.758,0.9994,4.65,52.3,0.0
3502507,Aparecida,SP,65,Gama,586.02,0.1398,11.827,0.758,0.999,4.33,49.2,0.0
3509957,Canas,SP,65,GEV,579.89,0.1704,11.827,0.758,0.9991,4.95,51.4,0.0
3513603,Cunha,SP,65,Gama,587.43,0.1889,11.827,0.758,0.9987,5.42,52.7,0.0
3518404,Guaratinguetá,SP,65,Gama,684.07,0.1581,11.827,0.758,0.9988,5.48,57.0,0.0
3527207,Lorena,SP,65,GEV,570.1,0.1791,11.827,0.758,0.9992,5.07,51.7,0.0
3538501,Piquete,SP,65,GEV,543.11,0.2112,11.827,0.758,0.9992,5.6,51.3,0.0
3540754,Potim,SP,65,Weibull,659.33,0.1338,11.827,0.758,0.9988,4.73,53.0,0.0
3544301,Roseira,SP,65,GEV,579.55,0.1797,11.827,0.758,0.9992,5.17,52.5,0.0
3508504,Caçapava,SP,65,GEV,536.83,0.1695,11.827,0.758,0.9994,4.59,49.6,0.0
3520202,Igaratá,SP,65,Weibull,592.34,0.119,11.827,0.758,0.9991,3.99,49.9,0.0
3524402,Jacareí,SP,65,Log-Normal,505.49,0.2082,11.827,0.758,0.9992,5.13,47.9,0.0
3524907,Jambeiro,SP,65,GEV,529.53,0.1718,11.827,0.758,0.9993,4.57,48.4,0.0
3531704,Monteiro Lobato,SP,65,GEV,633.9,0.1047,11.827,0.758,0.999,3.99,51.4,0.0
3535606,Paraibuna,SP,65,GEV,538.64,0.1788,11.827,0.758,0.9994,4.82,51.2,0.0
3546009,Santa Branca,SP,65,Log-Normal,629.92,0.1007,11.827,0.758,0.9991,3.9,50.5,0.0
3549904,São José dos Campos,SP,65,Gumbel,577.7,0.1287,11.827,0.758,0.9993,4.08,50.3,0.0
3509700,Campos do Jordão,SP,65,Gama,761.12,0.1169,11.827,0.758,0.9989,5.06,59.9,0.0
3526308,Lagoinha,SP,65,GEV,532.08,0.2021,11.827,0.758,0.9993,5.27,50.3,0.0
3532306,Natividade da Serra,SP,65,GEV,572.28,0.2014,11.827,0.758,0.9993,5.66,54.5,0.0
3538006,Pindamonhangaba,SP,65,GEV,631.5,0.1797,11.827,0.758,0.9992,5.63,57.4,0.0
3542305,Redenção da Serra,SP,65,Weibull,652.14,0.1013,11.827,0.758,0.999,4.04,52.1,0.0
3548203,Santo Antônio do Pinhal,SP,65,Normal,759.36,0.09,11.827,0.758,0.9991,4.48,59.1,0.0
3548609,São Bento do Sapucaí,SP,65,Weibull,684.62,0.1604,11.827,0.758,0.9988,5.55,59.1,0.0
3550001,São Luiz do Paraitinga,SP,65,GEV,655.18,0.2291,11.827,0.758,0.9992,7.34,63.4,0.0
3554102,Taubaté,SP,65,Gama,569.54,0.1352,11.827,0.758,0.9991,4.13,49.1,0.0
3554805,Tremembé,SP,65,Log-Normal,525.45,0.1735,11.827,0.758,0.9993,4.56,48.7,0.0
1702208,Araguatins,TO,65,Log-Normal,713.9,0.0992,11.827,0.758,0.9992,4.4,58.6,0.0
1702554,Augustinópolis,TO,65,Log-Normal,713.94,0.1187,11.827,0.758,0.9992,4.81,59.6,0.0
1702901,Axixá do Tocantins,TO,65,Gumbel,686.85,0.1396,11.827,0.758,0.9992,5.09,59.5,0.0
1703800,Buriti do Tocantins,TO,65,Gama,724.32,0.0894,11.827,0.758,0.9992,4.27,57.9,0.0
1703891,Carrasco Bonito,TO,65,Gama,708.25,0.1217,11.827,0.758,0.9991,4.83,58.9,0.0
1707405,Esperantina,TO,65,Log-Normal,702.08,0.1161,11.827,0.758,0.9992,4.67,58.6,0.0
1710706,Itaguatins,TO,65,Gama,693.31,0.1434,11.827,0.758,0.999,5.21,58.6,0.0
1718303,Praia Norte,TO,65,Gumbel,696.52,0.1428,11.827,0.758,0.9992,5.24,60.3,0.0
1718808,Sampaio,TO,65,Normal,762.47,0.0844,11.827,0.758,0.9992,4.39,59.8,0.0
1720101,São Bento do Tocantins,TO,65,Log-Normal,689.28,0.1035,11.827,0.758,0.9992,4.33,56.7,0.0
1720200,São Miguel do Tocantins,TO,65,GEV,696.95,0.1448,11.827,0.758,0.9991,5.28,59.4,0.0
1720309,São Sebastião do Tocantins,TO,65,Log-Normal,725.66,0.0881,11.827,0.758,0.9992,4.25,58.2,0.0
1720804,Sítio Novo do Tocantins,TO,65,GEV,668.65,0.1549,11.827,0.758,0.9992,5.32,59.4,0.0
1701002,Ananás,TO,65,Gama,654.62,0.1161,11.827,0.758,0.9992,4.35,55.0,0.0
1701051,Angico,TO,65,GEV,663.95,0.1034,11.827,0.758,0.9991,4.16,54.2,0.0
1701309,Aragominas,TO,65,Weibull,670.03,0.0967,11.827,0.758,0.9991,4.07,53.8,0.0
1702109,Araguaína,TO,65,Log-Normal,651.99,0.1265,11.827,0.758,0.9992,4.55,55.3,0.0
1702158,Araguanã,TO,65,Gama,676.78,0.084,11.827,0.758,0.9992,3.89,53.8,0.0
1702307,Arapoema,TO,65,Log-Normal,640.91,0.1699,11.827,0.758,0.9991,5.46,57.1,0.0
1703008,Babaçulândia,TO,65,Weibull,701.05,0.099,11.827,0.758,0.999,4.3,55.9,0.0
1703883,Carmolândia,TO,65,Weibull,669.36,0.1106,11.827,0.758,0.999,4.33,54.3,0.0
1706506,Darcinópolis,TO,65,Gama,685.13,0.0863,11.827,0.758,0.9991,3.97,53.8,0.0
1707702,Filadélfia,TO,65,Gumbel,659.31,0.1445,11.827,0.758,0.9992,5.0,57.1,0.0
1713957,Muricilândia,TO,65,Gama,657.97,0.1078,11.827,0.758,0.9992,4.21,54.2,0.0
1714880,Nova Olinda,TO,65,GEV,640.35,0.1196,11.827,0.758,0.9992,4.33,53.9,0.0
1716307,Pau D'Arco,TO,65,Gumbel,644.54,0.1457,11.827,0.758,0.9992,4.91,55.9,0.0
1717206,Piraquê,TO,65,Weibull,688.83,0.0907,11.827,0.758,0.9991,4.07,54.7,0.0
1718550,Riachinho,TO,65,Weibull,710.24,0.0952,11.827,0.758,0.9991,4.28,56.0,0.0
1718865,Santa Fé do Araguaia,TO,65,Log-Normal,618.21,0.1474,11.827,0.758,0.9992,4.75,53.6,0.0
1722081,Wanderlândia,TO,65,Log-Normal,688.15,0.0964,11.827,0.758,0.9991,4.18,55.0,0.0
1722107,Xambioá,TO,65,Gumbel,647.35,0.1442,11.827,0.758,0.9992,4.9,55.7,0.0
1703057,Bandeirantes do Tocantins,TO,65,Gama,636.85,0.1611,11.827,0.758,0.9989,5.19,55.0,0.0
1703206,Bernardo Sayão,TO,65,Gama,698.33,0.1415,11.827,0.758,0.999,5.2,59.0,0.0
1703602,Brasilândia do Tocantins,TO,65,Gumbel,657.49,0.1449,11.827,0.758,0.9992,4.99,56.8,0.0
1705508,Colinas do Tocantins,TO,65,GEV,633.69,0.1519,11.827,0.758,0.9992,4.97,55.8,0.0
1711803,Juarina,TO,65,GEV,672.94,0.1691,11.827,0.758,0.9992,5.71,60.2,0.0
1715705,Palmeirante,TO,65,Weibull,653.69,0.1304,11.827,0.758,0.9989,4.62,54.4,0.0
1721307,Tupiratins,TO,65,Weibull,694.27,0.1266,11.827,0.758,0.9989,4.82,56.6,0.0
1706001,Couto Magalhães,TO,65,Log-Normal,674.28,0.122,11.827,0.758,0.9992,4.61,56.4,0.0
1708254,Tabocão,TO,65,Gama,653.86,0.1094,11.827,0.758,0.9991,4.22,53.7,0.0
1708304,Goianorte,TO,65,Log-Normal,661.16,0.0788,11.827,0.758,0.9992,3.71,52.8,0.0
1709302,Guaraí,TO,65,Weibull,677.74,0.0995,11.827,0.758,0.9991,4.17,54.7,0.0
1711100,Itaporã do Tocantins,TO,65,Log-Normal,672.11,0.1202,11.827,0.758,0.9992,4.56,56.8,0.0
1716653,Pequizeiro,TO,65,GEV,647.66,0.1625,11.827,0.758,0.9993,5.34,58.2,0.0
1716703,Colméia,TO,65,GEV,671.98,0.0882,11.827,0.758,0.9991,3.93,54.0,0.0
1718402,Presidente Kennedy,TO,65,Gumbel,659.4,0.1422,11.827,0.758,0.9992,4.95,57.1,0.0
1721257,Tupirama,TO,65,GEV,638.18,0.1201,11.827,0.758,0.9992,4.32,53.7,0.0
1700350,Aliança do Tocantins,TO,65,Gama,591.28,0.0946,11.827,0.758,0.9993,3.57,49.1,0.0
1700707,Alvorada,TO,65,GEV,520.76,0.192,11.827,0.758,0.9994,4.94,49.8,0.0
1702000,Araguaçu,TO,65,GEV,633.93,0.1567,11.827,0.758,0.9992,5.08,55.5,0.0
1703867,Cariri do Tocantins,TO,65,Log-Normal,613.4,0.1112,11.827,0.758,0.9992,4.0,51.4,0.0
1706258,Crixás do Tocantins,TO,65,Weibull,627.75,0.0917,11.827,0.758,0.9992,3.73,51.0,0.0
1707306,Dueré,TO,65,Log-Normal,619.74,0.1596,11.827,0.758,0.9993,5.05,55.9,0.0
1707652,Figueirópolis,TO,65,Gumbel,579.26,0.1425,11.827,0.758,0.9992,4.35,50.2,0.0
1708205,Formoso do Araguaia,TO,65,Gama,683.18,0.1337,11.827,0.758,0.999,4.92,57.4,0.0
1709500,Gurupi,TO,65,GEV,601.43,0.1349,11.827,0.758,0.9993,4.37,52.7,0.0
1711506,Jaú do Tocantins,TO,65,Weibull,595.46,0.1615,11.827,0.758,0.9988,4.85,50.8,0.0
1715754,Palmeirópolis,TO,65,Log-Normal,607.18,0.1915,11.827,0.758,0.9989,5.69,54.1,0.0
1716604,Peixe,TO,65,Log-Normal,607.17,0.1007,11.827,0.758,0.9992,3.77,50.0,0.0
1718840,Sandolândia,TO,65,GEV,638.16,0.1347,11.827,0.758,0.9991,4.62,54.0,0.0
1720259,São Salvador do Tocantins,TO,65,GEV,558.43,0.1546,11.827,0.758,0.9992,4.44,49.7,0.0
1720853,Sucupira,TO,65,Normal,635.89,0.079,11.827,0.758,0.9992,3.57,50.2,0.0
1720978,Talismã,TO,65,GEV,528.93,0.2163,11.827,0.758,0.9994,5.61,51.8,0.0
1707207,Dois Irmãos do Tocantins,TO,65,Normal,645.22,0.078,11.827,0.758,0.9992,3.61,51.0,0.0
1713205,Miracema do Tocantins,TO,65,Gumbel,613.62,0.1363,11.827,0.758,0.9992,4.48,53.0,0.0
1713304,Miranorte,TO,65,Log-Normal,636.32,0.0989,11.827,0.758,0.9992,3.92,52.4,0.0
1718709,Rio dos Bois,TO,65,Log-Normal,654.97,0.0953,11.827,0.758,0.9992,3.97,53.5,0.0
1700251,Abreulândia,TO,65,GEV,595.9,0.1093,11.827,0.758,0.9992,3.85,50.3,0.0
1701903,Araguacema,TO,65,Log-Normal,592.86,0.0816,11.827,0.758,0.9993,3.38,48.4,0.0
1703107,Barrolândia,TO,65,GEV,651.97,0.1075,11.827,0.758,0.9991,4.16,53.6,0.0
1703909,Caseara,TO,65,Log-Normal,537.49,0.1272,11.827,0.758,0.9993,3.78,47.1,0.0
1704600,Chapada de Areia,TO,65,Weibull,655.13,0.0879,11.827,0.758,0.9991,3.83,52.5,0.0
1706100,Cristalândia,TO,65,GEV,619.43,0.1035,11.827,0.758,0.9991,3.88,50.6,0.0
1707108,Divinópolis do Tocantins,TO,65,GEV,611.79,0.1059,11.827,0.758,0.9992,3.89,51.5,0.0
1711902,Lagoa da Confusão,TO,65,Log-Normal,592.02,0.1859,11.827,0.758,0.9992,5.43,54.9,0.0
1712504,Marianópolis do Tocantins,TO,65,Gumbel,578.31,0.1304,11.827,0.758,0.9993,4.12,50.3,0.0
1713700,Monte Santo do Tocantins,TO,65,Gumbel,615.71,0.129,11.827,0.758,0.9993,4.36,53.2,0.0
1715002,Nova Rosalândia,TO,65,Gumbel,596.07,0.1293,11.827,0.758,0.9993,4.22,51.5,0.0
1716109,Paraíso do Tocantins,TO,65,Normal,667.26,0.0769,11.827,0.758,0.9992,3.71,52.8,0.0
1717503,Pium,TO,65,Gumbel,613.45,0.1341,11.827,0.758,0.9992,4.44,53.0,0.0
1718451,Pugmil,TO,65,Normal,660.19,0.0771,11.827,0.758,0.9992,3.68,52.2,0.0
1703701,Brejinho de Nazaré,TO,65,Log-Normal,607.58,0.0894,11.827,0.758,0.9993,3.58,50.1,0.0
1707553,Fátima,TO,65,Log-Normal,609.0,0.0986,11.827,0.758,0.9992,3.74,50.3,0.0
1715507,Oliveira de Fátima,TO,65,Log-Normal,620.76,0.1012,11.827,0.758,0.9992,3.86,51.2,0.0
1718899,Santa Rita do Tocantins,TO,65,Weibull,637.94,0.1058,11.827,0.758,0.9991,4.04,51.9,0.0
1700301,Aguiarnópolis,TO,65,Gumbel,605.79,0.1619,11.827,0.758,0.999,4.96,52.6,0.0
1703826,Cachoeirinha,TO,65,Normal,713.93,0.0814,11.827,0.758,0.9992,4.05,56.2,0.0
1712454,Luzinópolis,TO,65,Log-Normal,673.79,0.1146,11.827,0.758,0.9992,4.46,56.5,0.0
1712801,Maurilândia do Tocantins,TO,65,Weibull,701.28,0.1266,11.827,0.758,0.9989,4.87,57.3,0.0
1713809,Palmeiras do Tocantins,TO,65,Weibull,658.24,0.1173,11.827,0.758,0.9989,4.39,52.9,0.0
1714302,Nazaré,TO,65,Log-Normal,659.01,0.1165,11.827,0.758,0.9992,4.39,54.8,0.0
1720002,Santa Terezinha do Tocantins,TO,65,GEV,671.84,0.1044,11.827,0.758,0.9991,4.23,54.9,0.0
1721208,Tocantinópolis,TO,65,GEV,648.4,0.1275,11.827,0.758,0.9991,4.54,54.3,0.0
1703073,Barra do Ouro,TO,65,GEV,694.68,0.121,11.827,0.758,0.9991,4.72,57.5,0.0
1703842,Campos Lindos,TO,65,Gama,533.83,0.1314,11.827,0.758,0.999,3.8,44.6,0.0
1709005,Goiatins,TO,65,Normal,717.93,0.0841,11.827,0.758,0.9992,4.12,56.3,0.0
1710508,Itacajá,TO,65,Log-Normal,572.68,0.2113,11.827,0.758,0.9992,5.9,54.9,0.0
1710904,Itapiratins,TO,65,GEV,647.04,0.1631,11.827,0.758,0.9992,5.34,57.2,0.0
1700400,Almas,TO,65,Weibull,614.29,0.1095,11.827,0.758,0.999,3.96,50.1,0.0
1702406,Arraias,TO,65,Gumbel,535.24,0.1318,11.827,0.758,0.9993,3.83,46.5,0.0
1702703,Aurora do Tocantins,TO,65,Weibull,589.69,0.1447,11.827,0.758,0.9987,4.44,48.8,0.0
1705557,Combinado,TO,65,Log-Normal,527.1,0.1863,11.827,0.758,0.9992,4.84,48.5,0.0
1705607,Conceição do Tocantins,TO,65,Gama,547.74,0.0941,11.827,0.758,0.9992,3.3,45.2,0.0
1707009,Dianópolis,TO,65,Log-Normal,606.18,0.1665,11.827,0.758,0.9991,5.08,53.7,0.0
1712157,Lavandeira,TO,65,GEV,534.93,0.1942,11.827,0.758,0.9993,5.11,50.2,0.0
1715150,Novo Alegre,TO,65,Weibull,574.84,0.1442,11.827,0.758,0.9988,4.33,48.3,0.0
1715259,Novo Jardim,TO,65,Log-Normal,592.66,0.137,11.827,0.758,0.9992,4.34,50.9,0.0
1717800,Ponte Alta do Bom Jesus,TO,65,GEV,549.37,0.1567,11.827,0.758,0.9991,4.4,47.8,0.0
1718006,Porto Alegre do Tocantins,TO,65,Weibull,622.91,0.1184,11.827,0.758,0.999,4.17,51.1,0.0
1718659,Rio da Conceição,TO,65,Gumbel,598.89,0.1519,11.827,0.758,0.9991,4.69,51.8,0.0
1720903,Taguatinga,TO,65,Weibull,592.88,0.1494,11.827,0.758,0.9988,4.57,49.9,0.0
1720937,Taipas do Tocantins,TO,65,GEV,519.66,0.1758,11.827,0.758,0.9994,4.57,48.2,0.0
1703305,Bom Jesus do Tocantins,TO,65,Gumbel,615.25,0.1442,11.827,0.758,0.9992,4.66,53.3,0.0
1704105,Centenário,TO,65,Weibull,592.05,0.144,11.827,0.758,0.9988,4.45,49.6,0.0
1716505,Pedro Afonso,TO,65,GEV,630.78,0.1309,11.827,0.758,0.9991,4.49,53.4,0.0
1718501,Recursolândia,TO,65,GEV,523.52,0.1869,11.827,0.758,0.9993,4.83,48.3,0.0
1718881,Santa Maria do Tocantins,TO,65,Log-Normal,609.04,0.1847,11.827,0.758,0.9991,5.55,55.5,0.0
1716208,Paranã,TO,65,Gumbel,583.45,0.1501,11.827,0.758,0.9991,4.53,50.3,0.0
1720499,São Valério,TO,65,Gumbel,588.6,0.1273,11.827,0.758,0.9993,4.13,50.9,0.0
1721109,Tocantínia,TO,65,Weibull,628.3,0.1295,11.827,0.758,0.999,4.43,52.9,0.0
1701101,Aparecida do Rio Negro,TO,65,Gumbel,598.73,0.1368,11.827,0.758,0.9992,4.39,51.8,0.0
1711951,Lagoa do Tocantins,TO,65,Weibull,581.0,0.1683,11.827,0.758,0.9988,4.89,51.6,0.0
1712009,Lajeado,TO,65,Weibull,651.24,0.1191,11.827,0.758,0.999,4.38,53.4,0.0
1712405,Lizarda,TO,65,GEV,553.85,0.1212,11.827,0.758,0.9992,3.77,46.9,0.0
1712702,Mateiros,TO,65,GEV,508.12,0.149,11.827,0.758,0.9991,3.93,44.0,0.0
1715101,Novo Acordo,TO,65,Weibull,601.19,0.1595,11.827,0.758,0.9989,4.86,52.4,0.0
1718758,Rio Sono,TO,65,Weibull,615.49,0.1028,11.827,0.758,0.9991,3.85,50.6,0.0
1719004,Santa Tereza do Tocantins,TO,65,Gama,575.77,0.1608,11.827,0.758,0.999,4.69,50.9,0.0
1720150,São Félix do Tocantins,TO,65,Weibull,538.37,0.0969,11.827,0.758,0.9992,3.28,44.9,0.0
1721000,Palmas,TO,65,Log-Normal,565.73,0.1436,11.827,0.758,0.9993,4.29,50.7,0.0
1705102,Chapada da Natividade,TO,65,Gama,652.64,0.1109,11.827,0.758,0.9991,4.24,53.9,0.0
1709807,Ipueiras,TO,65,Log-Normal,601.4,0.0984,11.827,0.758,0.9993,3.7,50.1,0.0
1713601,Monte do Carmo,TO,65,Gumbel,570.47,0.128,11.827,0.758,0.9993,4.02,49.7,0.0
1714203,Natividade,TO,65,Log-Normal,608.05,0.119,11.827,0.758,0.9992,4.1,51.1,0.0
1717008,Pindorama do Tocantins,TO,65,Gumbel,588.71,0.1378,11.827,0.758,0.9992,4.33,51.1,0.0
1717909,Ponte Alta do Tocantins,TO,65,Gumbel,566.85,0.1426,11.827,0.758,0.9992,4.26,49.2,0.0
1718204,Porto Nacional,TO,65,Weibull,645.97,0.09,11.827,0.758,0.9991,3.81,51.6,0.0
1718907,Santa Rosa do Tocantins,TO,65,Gumbel,608.13,0.1335,11.827,0.758,0.9992,4.39,52.6,0.0
1720655,Silvanópolis,TO,65,Log-Normal,588.91,0.1508,11.827,0.758,0.9992,4.6,52.0,0.0
