id,lat,lon,alt
10003,-14.168011,-43.917866,
1036003,-10.1167,-36.65,29.0
1036004,-10.2833,-36.5833,67.0
1036005,-10.285,-36.5564,28.0
1036007,-10.4064,-36.4261,10.0
1036008,-10.4053,-36.4219,3.0
1036009,-10.1833,-36.8333,29.0
1036011,-10.1167,-36.4,55.0
1036013,-10.1167,-36.1667,15.0
1036014,-10.6,-36.95,24.0
1036016,-10.6,-36.95,24.0
1036018,-10.35,-36.8,90.0
1036020,-10.6333,-36.9667,24.0
1036021,-10.45,-36.65,31.0
1036024,-10.2167,-36.8333,32.0
1036026,-10.2167,-36.8333,32.0
1036027,-10.3167,-36.6833,83.0
1036028,-10.2,-36.8,19.0
1036029,-10.0,-36.0,0.0
1036030,-10.0,-36.0,0.0
1036031,-10.0,-36.0,0.0
1036033,-10.7167,-36.9167,28.0
1036035,-10.2833,-36.7,18.0
1036036,-10.4167,-36.5833,5.0
1036038,-10.4667,-36.5,3.0
1036039,-10.2667,-36.9,32.0
1036043,-10.1167,-36.7667,63.0
1036044,-10.0333,-36.7333,107.0
1036045,-10.0167,-36.7667,107.0
1036048,-10.2153,-36.8239,17.0
1036051,-10.1,-36.4,55.0
1036052,-10.4167,-36.9833,97.0
1036053,-10.2167,-36.8333,32.0
1036054,-10.35,-36.8,90.0
1036062,-10.0314,-36.3039,50.0
1036063,-10.5781,-36.9156,10.0
1036068,-10.2142,-36.825,
1037000,-10.9667,-37.6167,139.0
1037002,-10.9,-37.05,4.0
1037003,-10.2667,-37.0333,148.0
1037006,-10.9167,-37.3667,57.0
1037007,-10.9417,-37.345,19.0
1037008,-10.75,-37.5,169.0
1037009,-10.5,-37.0667,107.0
1037010,-10.35,-37.7,300.0
1037012,-10.45,-37.4833,245.0
1037013,-10.35,-37.2333,226.0
1037014,-10.55,-37.5333,210.0
1037016,-10.2333,-37.2,223.0
1037019,-10.6833,-37.4167,196.0
1037021,-10.1167,-37.1,103.0
1037022,-10.9667,-37.3,65.0
1037024,-10.8667,-37.4833,109.0
1037025,-10.9167,-37.6667,139.0
1037027,-10.1167,-37.6667,260.0
1037028,-10.8,-37.1667,23.0
1037030,-10.6667,-37.3,99.0
1037031,-10.3833,-37.4667,208.0
1037032,-10.55,-37.6333,207.0
1037033,-10.0333,-37.55,219.0
1037034,-10.2167,-37.4167,231.0
1037036,-10.5,-37.2167,124.0
1037038,-10.2667,-37.5667,242.0
1037042,-10.7333,-37.1833,29.0
1037043,-10.7333,-37.7333,249.0
1037044,-10.5333,-37.4333,240.0
1037045,-10.7333,-37.8,249.0
1037047,-10.6,-37.1333,72.0
1037049,-10.6528,-37.1928,47.0
1037050,-10.7833,-37.05,26.0
1037051,-10.9667,-37.9667,419.0
1037052,-10.2,-37.7833,315.0
1037053,-10.2839,-37.9275,231.0
1037054,-10.0122,-37.8939,322.0
1037055,-10.6881,-37.86,375.0
1037060,-10.5,-37.2167,124.0
1037061,-10.9167,-37.6667,139.0
1037062,-10.7333,-37.8,249.0
1037073,-10.85,-37.1333,23.0
1037078,-10.4833,-37.0667,139.0
1037079,-10.2831,-37.9308,
1037080,-10.6372,-37.9025,
1038000,-10.7086,-38.1775,301.0
1038001,-10.9167,-38.05,267.0
1038003,-10.5639,-38.0747,250.0
1038004,-10.595,-38.3858,390.0
1038005,-10.1911,-38.1394,268.0
1038006,-10.6747,-38.2806,303.0
1038007,-10.0667,-38.35,315.0
1038008,-10.0781,-38.3528,315.0
1038010,-10.6667,-38.6167,319.0
1038011,-10.4333,-38.7667,467.0
1038012,-10.3167,-38.9833,532.0
1038014,-10.1,-38.9833,478.0
1038015,-10.9667,-38.7667,310.0
1038016,-10.8233,-38.5458,226.0
1038018,-10.4083,-38.3314,402.0
1038019,-10.9644,-38.5228,223.0
1038023,-10.0056,-38.6,
1038024,-10.6961,-38.57,310.0
1038025,-10.5561,-38.7919,405.0
1038026,-10.8333,-38.9344,221.0
1038027,-10.8217,-38.5444,226.0
1038028,-10.7136,-38.9231,253.0
1038029,-10.9639,-38.5225,223.0
1038030,-10.5497,-38.9942,353.0
1038031,-10.3464,-38.4053,
1039000,-9.9222,-39.7044,509.0
1039001,-10.9969,-39.2525,267.0
1039002,-10.2989,-39.7828,413.0
1039003,-10.6667,-39.4967,437.0
1039004,-10.1833,-39.2,484.0
1039005,-10.5,-39.0167,435.0
1039006,-10.6833,-39.85,459.0
1039007,-10.6833,-39.85,459.0
1039008,-10.8217,-39.43,317.0
1039010,-10.4333,-39.3333,426.0
1039011,-10.8275,-39.6008,312.0
1039012,-10.4333,-39.3333,426.0
1039013,-10.3614,-39.5094,447.0
1039015,-10.9667,-39.6333,304.0
1039016,-10.75,-39.2,329.0
1039017,-10.0833,-39.8333,509.0
1039018,-10.1058,-39.495,619.0
1039019,-10.9742,-39.6328,279.0
1039020,-10.9667,-39.6333,304.0
1039022,-10.8167,-39.7,312.0
1039025,-10.6514,-39.7211,335.0
1039030,-10.4036,-39.0442,489.0
1039031,-10.0572,-39.7047,470.0
1039032,-10.9847,-39.2364,267.0
1039033,-10.7011,-39.5425,343.0
1039034,-10.825,-39.4361,317.0
1039035,-10.7747,-39.5581,343.0
1039036,-10.4528,-39.5581,422.0
1039037,-10.7822,-39.2067,315.0
1039038,-10.0967,-39.8683,509.0
1039039,-10.0819,-39.03,
1039040,-10.5028,-39.0469,
1040001,-10.0097,-40.6908,548.0
1040002,-10.5,-40.3167,703.0
1040003,-10.5,-40.3167,703.0
1040004,-10.2583,-40.1975,584.0
1040005,-10.2828,-40.7458,527.0
1040006,-10.9539,-40.5753,817.0
1040007,-10.1825,-40.8436,550.0
1040008,-10.01,-40.6908,548.0
1040009,-10.6694,-40.6322,772.0
1040010,-10.7333,-40.35,456.0
1040011,-10.7333,-40.35,456.0
1040012,-10.8667,-40.1167,373.0
1040013,-10.4878,-40.0103,428.0
1040014,-10.3703,-40.0939,466.0
1040015,-10.95,-40.9333,585.0
1040016,-10.89,-40.6997,766.0
1040017,-10.05,-40.0833,461.0
1040018,-10.6,-40.95,541.0
1040019,-10.9333,-40.4,455.0
1040020,-10.4681,-40.1886,515.0
1040022,-10.45,-40.1833,515.0
1040023,-10.7333,-40.35,456.0
1040025,-10.8025,-40.38,425.0
1040026,-10.8444,-40.1117,348.0
1040027,-10.3947,-40.1147,474.0
1040028,-10.1,-40.6833,
1040030,-10.8919,-40.6856,766.0
1040031,-10.5086,-40.3314,703.0
1040032,-10.2678,-40.1989,584.0
1040033,-10.9531,-40.5731,817.0
1040034,-10.6986,-40.6,748.0
1040035,-10.3864,-40.2186,734.0
1040036,-10.1853,-40.9586,
1040040,-10.8489,-40.2681,
1041000,-10.7,-41.7333,462.0
1041001,-10.9222,-41.2736,769.0
1041002,-10.9,-41.5833,544.0
1041003,-10.9,-41.5833,544.0
1041004,-10.2781,-41.4128,933.0
1041005,-10.3225,-41.8306,415.0
1041006,-10.4542,-41.2056,778.0
1041007,-10.3833,-41.4167,1098.0
1041008,-10.68,-41.2872,849.0
1041009,-10.6167,-41.4333,801.0
1041010,-10.9856,-40.7481,706.0
1041011,-10.4667,-41.25,778.0
1041012,-10.9,-41.5833,544.0
1041013,-10.9825,-41.0881,
1041014,-10.325,-41.8311,
1041015,-10.4542,-41.2061,
1041016,-10.0469,-41.3406,
1042001,-10.4333,-42.3167,400.0
1042002,-10.9086,-42.5122,577.0
1042004,-10.1533,-42.08,404.0
1042005,-10.0408,-42.2125,415.0
1042006,-10.95,-42.35,445.0
1042007,-10.1667,-42.4333,393.0
1042008,-10.6214,-42.6003,400.0
1042009,-10.1667,-42.4333,393.0
1042011,-10.8333,-42.7167,405.0
1042012,-10.9864,-42.3422,414.0
1042013,-10.8333,-42.9167,420.0
1042015,-10.0022,-42.4742,
1042016,-10.9072,-42.515,577.0
1042017,-10.6817,-42.1722,
1043000,-10.0333,-43.95,414.0
1043001,-10.3667,-43.9667,613.0
1043003,-10.8681,-43.5492,455.0
1043006,-10.7119,-43.6328,493.0
1043007,-10.8086,-43.3547,478.0
1043008,-10.1,-43.2667,488.0
1043009,-10.7978,-43.82,613.0
1043010,-10.6333,-43.5,538.0
1043011,-10.05,-43.4333,463.0
1043012,-10.7286,-43.6308,
1043013,-10.1239,-43.4892,
1044000,-10.0333,-44.2833,368.0
1044001,-10.6,-44.6833,636.0
1044002,-10.0833,-44.9833,439.0
1044003,-10.2167,-44.6333,378.0
1044004,-10.4667,-44.05,633.0
1044005,-10.9667,-44.15,461.0
1044006,-10.6994,-44.4508,673.0
1044007,-10.7164,-44.0347,514.0
1044008,-10.2197,-44.6414,332.0
1044009,-10.2311,-44.2394,426.0
1045000,-10.5167,-45.2167,518.0
1045001,-10.45,-45.15,459.0
1045002,-10.5833,-45.2833,518.0
1045003,-10.05,-45.0667,440.0
1045004,-10.05,-45.3667,480.0
1045005,-10.65,-45.1833,481.0
1045006,-10.5622,-45.695,
1045007,-10.5989,-45.8211,751.0
1045008,-11.0931,-45.9486,673.0
1046001,-10.5464,-46.4186,240.0
1046002,-10.795,-46.0789,388.0
1046003,-10.5486,-46.7589,388.0
1047000,-9.9906,-47.4786,201.0
1047001,-9.9606,-47.6747,300.0
1047002,-10.7553,-47.7647,220.0
1047003,-10.0,-47.9,277.0
1047004,-10.7508,-47.5361,300.0
1047005,-10.7506,-47.6803,293.0
1047006,-10.8353,-47.7675,277.0
1047007,-10.0019,-47.8247,
1047008,-10.6942,-47.7922,248.0
1047009,-10.7461,-47.5372,316.0
1047010,-10.0017,-47.8272,190.0
1047011,-10.7406,-47.5361,
1048000,-10.7636,-48.9022,352.0
1048001,-10.1653,-48.8906,390.0
1048002,-10.7167,-48.42,234.0
1048005,-10.3133,-48.1625,406.0
1048007,-10.3483,-48.6369,202.4
1048008,-10.895,-48.3483,675.0
1048009,-10.18,-48.3544,
1048010,-10.4086,-48.3633,
1048011,-10.2906,-48.2797,
1049000,-10.56,-49.9333,180.0
1049001,-10.4411,-49.1792,280.0
1049002,-10.7344,-49.8564,181.0
1049003,-10.7817,-49.6108,210.0
1049006,-10.583256,-49.92967,
1049007,-10.8636,-49.6756,370.0
1049008,-10.7825,-49.4256,180.0
1049009,-10.8014,-49.9539,
1049010,-10.8581,-49.6031,211.0
1049011,-10.5036,-49.5942,
1049012,-10.3903,-49.8167,
1049013,-10.4739,-49.4931,
1049014,-10.7892,-49.8267,190.0
1049015,-10.7897,-49.8267,
1049016,-10.8733,-49.8447,190.0
1049017,-10.8703,-49.8442,190.0
1049018,-10.6378,-49.9011,190.0
1049019,-10.6372,-49.9014,190.0
1049020,-10.325,-49.6011,
1049021,-10.8408,-49.7567,
1050000,-11.2192,-50.6686,182.0
1050001,-10.2833,-50.4167,177.0
1050002,-10.4611,-50.5125,207.0
1051000,-10.7667,-51.0,182.0
1051001,-10.8672,-51.6306,202.0
1051002,-10.8733,-51.6286,
1052000,-10.8072,-52.7461,337.0
1052001,-10.5547,-52.1833,262.0
1052002,-10.0472,-52.1144,263.0
1053000,-10.7772,-53.0956,312.0
1053001,-10.5592,-53.6067,350.0
1054000,-10.7461,-54.5461,424.0
1054002,-10.1503,-54.9189,270.0
1054004,-10.2194,-54.9708,255.0
1055000,-10.2203,-54.9711,250.0
1055001,-10.1125,-55.57,254.0
1055002,-10.7986,-55.4486,313.0
1055003,-10.9542,-55.5486,335.0
1055004,-10.6044,-55.1033,265.0
1055005,-10.9547,-55.7781,
1056001,-10.3894,-56.4172,362.0
1056002,-10.3264,-56.9839,217.0
1056003,-10.6389,-56.5181,290.0
1056004,-10.3711,-56.8881,287.0
1056005,-10.5231,-56.9742,287.0
1056006,-10.3394,-56.9822,304.0
1057000,-10.8814,-57.5811,276.0
1057001,-9.9417,-57.1331,262.0
1057003,-10.4361,-57.2683,302.0
1057004,-10.5269,-57.895,415.0
1057005,-10.8225,-57.7267,
1058001,-10.5833,-58.5667,267.0
1058002,-9.8564,-58.2489,220.0
1058003,-10.3125,-58.5017,219.0
1058004,-10.8342,-58.8033,326.0
1058005,-10.5886,-58.8678,385.0
1058006,-10.6397,-58.0039,208.0
1059000,-10.1753,-59.4517,242.0
1059001,-10.1986,-59.4686,218.0
1059002,-10.1986,-59.4686,
1059003,-10.3219,-59.4622,227.0
1059004,-10.1831,-59.4719,216.8
1059006,-10.1611,-59.4606,218.0
1059008,-10.2533,-59.3936,242.0
1059009,-10.1428,-59.4297,127.0
1060001,-10.4344,-60.5572,114.0
1061001,-10.8494,-61.9306,154.0
1061002,-10.3969,-61.0453,124.0
1061003,-10.5169,-62.0014,
1061004,-10.8628,-61.9567,154.0
1062000,-10.7267,-62.2372,231.0
1062001,-10.4458,-62.4656,146.0
1062002,-10.2364,-62.6272,217.0
1062003,-11.0036,-62.6561,
1062004,-10.2364,-62.3458,
1062005,-10.0,-62.0,149.0
1062006,-10.8317,-62.8925,
1062007,-10.1128,-62.9619,154.0
1062008,-10.2542,-62.9894,159.0
1062009,-10.0831,-62.9975,157.0
1063000,-10.505,-63.6461,151.0
1063001,-9.7608,-63.2875,
1063002,-10.2806,-63.7358,
1063003,-10.2022,-63.0347,176.0
1063004,-10.0183,-63.0622,132.0
1063005,-10.4719,-63.2594,146.0
1063006,-10.4375,-63.2358,144.0
1063007,-10.2303,-63.2311,128.0
1063008,-10.2056,-63.1114,117.0
1063009,-10.205,-63.1111,114.0
1064000,-10.4408,-64.1264,188.0
1065002,-10.7925,-65.3478,
1065006,-10.8167,-65.3486,133.0
1065007,-10.7892,-65.2806,177.0
1065008,-10.3475,-65.3569,130.0
1065009,-10.7931,-65.3478,147.0
1065010,-10.3569,-65.3614,123.0
1065011,-10.9175,-65.0433,
1067000,-10.3,-67.1167,150.0
1067001,-10.0667,-67.9333,163.0
1067002,-10.3242,-67.1886,
1067003,-10.5758,-67.6767,
1067004,-10.2667,-67.8333,177.0
1067005,-10.3886,-67.9353,189.0
1067006,-10.0567,-67.9639,
1068000,-10.6497,-68.5067,
1068001,-10.4667,-68.0333,192.0
1068002,-10.8956,-68.6081,235.0
1068004,-10.005,-68.5294,
1068005,-10.5606,-68.7036,
1069000,-10.9436,-69.5656,
1069001,-10.5167,-69.8333,249.0
1069005,-10.9264,-69.9233,274.0
1069006,-10.9414,-69.5769,
1137000,-11.0167,-37.4667,102.0
1137001,-11.0303,-37.4783,92.0
1137002,-11.35,-37.45,31.0
1137003,-11.3667,-37.85,155.0
1137004,-11.3667,-37.6667,124.0
1137005,-11.0167,-37.2,12.0
1137007,-11.0167,-37.2,12.0
1137010,-11.25,-37.6333,107.0
1137011,-11.05,-37.85,268.0
1137012,-11.1333,-37.5,77.0
1137014,-11.4833,-37.7667,134.0
1137015,-11.2667,-37.45,43.0
1137016,-11.2667,-37.45,43.0
1137017,-11.2667,-37.4431,53.0
1137018,-11.5167,-37.5167,29.0
1137020,-11.2667,-37.7833,145.0
1137023,-11.2,-37.6667,107.0
1137025,-11.0667,-37.7333,177.0
1137026,-11.0667,-37.7333,177.0
1137027,-11.5419,-37.5661,15.0
1137028,-11.7833,-37.95,148.0
1137029,-11.8131,-37.6114,39.0
1137030,-11.75,-37.9667,148.0
1137033,-11.4667,-37.9333,158.0
1137037,-11.25,-37.6333,107.0
1137038,-11.0667,-37.7333,177.0
1137039,-11.7667,-37.8167,91.0
1137041,-11.6,-37.95,100.0
1137042,-11.655,-37.9369,234.0
1137043,-11.7683,-37.8036,17.0
1137044,-11.8117,-37.6156,39.0
1137045,-11.0547,-37.4758,70.0
1138000,-11.1833,-38.0,183.0
1138001,-11.2333,-38.4833,173.0
1138002,-11.7828,-38.3481,158.0
1138003,-11.7833,-38.35,206.0
1138004,-11.9333,-38.6167,325.0
1138006,-11.3,-38.2167,149.0
1138008,-11.9425,-38.0836,122.0
1138010,-11.6,-38.7833,264.0
1138011,-11.8708,-38.7608,357.0
1138012,-11.8667,-38.7667,357.0
1138014,-11.0981,-38.5131,131.0
1138015,-11.3333,-38.95,250.0
1138016,-11.5833,-38.5833,302.0
1138017,-11.0333,-38.4333,170.0
1138018,-11.9167,-38.0667,122.0
1138020,-11.9833,-38.9,251.0
1138022,-11.9167,-38.0667,122.0
1138024,-11.4167,-38.4167,222.0
1138026,-11.0631,-38.8353,153.0
1138027,-11.5092,-38.1194,174.0
1138028,-11.3325,-38.9672,250.0
1138029,-11.3069,-38.535,216.0
1138030,-11.3419,-38.3175,154.0
1138031,-11.3194,-38.2236,149.0
1138032,-11.4525,-38.4544,222.0
1138034,-10.0975,-38.5125,
1139000,-11.4667,-39.1833,340.0
1139001,-11.9775,-39.1053,215.0
1139002,-11.5667,-39.4667,278.0
1139003,-11.2667,-39.35,336.0
1139005,-11.8,-39.9167,297.0
1139006,-11.8347,-39.6117,293.0
1139007,-11.4667,-39.7667,305.0
1139008,-11.6633,-39.7853,322.0
1139009,-11.2531,-39.0944,272.0
1139010,-11.1,-39.5,328.0
1139011,-11.8,-39.3667,224.0
1139017,-11.65,-39.0,322.0
1139022,-11.4742,-39.7847,
1139024,-11.525,-39.3117,333.0
1139025,-11.2425,-39.7886,361.0
1139026,-11.0956,-39.5231,324.0
1139027,-11.2556,-39.3817,336.0
1139028,-11.3994,-39.4567,384.0
1139029,-11.8356,-39.9683,297.0
1139030,-11.8317,-39.6222,293.0
1140000,-11.4325,-40.6044,562.0
1140001,-11.7167,-40.5667,573.0
1140002,-11.85,-40.4667,546.0
1140003,-11.85,-40.4667,546.0
1140004,-11.7133,-40.1483,461.0
1140006,-11.4167,-40.6,697.0
1140007,-11.4167,-40.6,697.0
1140008,-11.45,-40.9833,882.0
1140009,-11.5736,-40.5931,641.0
1140010,-11.5533,-40.6,
1140011,-11.1892,-40.2664,416.0
1140012,-11.3164,-40.3531,491.0
1140014,-11.1667,-40.5167,512.0
1140015,-11.1667,-40.5167,512.0
1140016,-11.2036,-40.4842,538.0
1140017,-11.9667,-40.9667,685.0
1140018,-11.9606,-40.1783,398.0
1140019,-11.5167,-40.7833,572.0
1140020,-11.0942,-40.435,638.0
1140021,-11.7167,-40.4,490.0
1140022,-11.2,-40.0167,391.0
1140023,-11.4,-40.3,440.0
1140024,-11.8333,-40.7667,753.0
1140025,-11.2,-40.7,531.0
1140026,-11.6431,-40.9461,779.0
1140027,-11.25,-40.9167,733.0
1140031,-11.8656,-40.5178,515.0
1140032,-11.4106,-40.3036,380.0
1140033,-11.2303,-39.9658,345.0
1140034,-11.4167,-40.6,697.0
1140035,-11.6708,-40.9819,779.0
1140037,-11.1917,-40.2661,416.0
1140038,-11.3139,-40.3553,491.0
1140039,-11.0936,-40.4325,638.0
1140040,-11.1669,-40.6692,622.0
1140043,-11.7314,-40.5608,573.0
1140044,-11.9069,-40.1822,398.0
1140045,-11.8367,-40.7903,753.0
1140046,-11.6492,-40.9503,779.0
1140051,-11.5853,-40.8794,
1141000,-11.95,-41.6,839.0
1141001,-11.5475,-41.1514,1009.0
1141002,-11.5,-41.1167,1009.0
1141004,-11.2333,-41.35,785.0
1141005,-11.55,-41.9667,796.0
1141006,-11.3667,-41.6,793.0
1141007,-11.3,-41.8667,772.0
1141008,-11.0167,-41.8833,628.0
1141009,-11.7667,-41.8833,749.0
1141010,-11.6833,-41.4667,757.0
1141011,-11.6667,-41.7667,724.0
1141012,-11.9656,-41.2686,982.0
1141016,-11.45,-41.45,725.0
1141017,-11.7,-41.85,749.0
1141018,-11.9717,-41.2622,982.0
1141019,-11.9786,-41.6175,845.0
1141021,-11.4072,-41.6036,812.0
1141022,-11.0636,-41.9733,619.0
1141023,-11.7675,-41.9078,745.0
1141024,-11.6939,-41.7878,724.0
1141025,-11.6747,-41.4683,757.0
1142000,-12.0522,-42.7978,774.0
1142001,-11.65,-42.3333,729.0
1142002,-11.4333,-42.3167,617.0
1142003,-11.15,-42.1167,581.0
1142004,-11.1167,-42.7333,484.0
1142005,-11.0,-42.4,445.0
1142006,-11.5667,-42.5167,1182.0
1142007,-11.5,-42.9,608.0
1142008,-11.7339,-43.2,432.0
1142009,-11.3167,-42.6833,925.0
1142010,-11.4167,-42.5,1059.0
1142011,-11.65,-42.0333,682.0
1142012,-11.5667,-42.75,914.0
1142013,-11.8167,-42.6167,829.0
1142014,-11.8167,-42.0667,839.0
1142015,-11.65,-42.9,734.0
1142016,-11.3333,-42.1333,795.0
1142017,-11.3286,-42.305,490.0
1142020,-11.3561,-42.2736,489.0
1142024,-11.4558,-42.3128,617.0
1142025,-11.4272,-42.5119,1098.0
1142026,-11.6722,-42.0089,682.0
1142027,-11.8033,-42.0556,839.0
1142028,-11.1336,-42.0919,722.0
1142029,-11.2931,-42.1406,532.0
1142030,-11.5483,-42.3361,
1143000,-11.0333,-43.0667,404.0
1143001,-11.5667,-43.2833,418.0
1143002,-11.5633,-43.2753,418.0
1143003,-11.8739,-43.3272,418.0
1143004,-11.0833,-43.1333,407.0
1143008,-11.3,-43.1667,409.0
1143009,-11.3428,-43.825,447.0
1143010,-11.3553,-43.8456,401.0
1143011,-11.8333,-43.3,431.0
1143012,-11.1097,-43.2947,409.0
1143013,-11.2014,-43.6739,446.0
1143014,-11.2167,-43.9833,424.0
1143023,-11.8667,-43.35,418.0
1143025,-11.2356,-43.9494,
1143028,-11.5583,-43.2825,
1143029,-11.345,-43.8261,
1144000,-11.7228,-44.5022,436.0
1144002,-11.0,-44.5167,470.0
1144003,-11.4161,-44.9894,571.0
1144004,-11.8272,-44.7269,468.0
1144005,-11.6139,-44.1575,421.0
1144006,-11.3333,-44.9333,639.0
1144007,-11.1833,-44.1333,436.0
1144009,-11.0181,-44.5125,470.0
1144010,-11.0094,-44.8658,508.0
1144011,-11.8153,-44.3383,437.0
1144012,-11.7494,-44.9089,646.0
1144013,-11.7189,-44.5019,436.0
1144014,-11.9794,-44.8772,447.0
1144015,-11.85,-44.7167,468.0
1144018,-11.0167,-44.5333,470.0
1144021,-11.5833,-44.1667,429.0
1144022,-11.3333,-44.3333,434.0
1144024,-11.0667,-44.3333,445.0
1144027,-11.0061,-44.5256,436.0
1145000,-11.9167,-45.0333,567.0
1145001,-11.0478,-45.2019,489.0
1145002,-11.05,-45.2,534.0
1145003,-11.5333,-45.0667,523.0
1145004,-10.9925,-45.5267,451.0
1145005,-11.8931,-45.6064,763.0
1145006,-11.0206,-45.5258,554.0
1145007,-11.8167,-45.15,512.0
1145008,-11.1692,-45.0861,547.0
1145009,-11.9167,-45.6333,752.0
1145010,-11.7833,-45.2333,535.0
1145011,-11.7833,-45.9667,800.0
1145012,-11.05,-45.1833,534.0
1145013,-11.8961,-45.6119,713.0
1145014,-11.8525,-45.1222,458.0
1145015,-11.0167,-45.5333,554.0
1145016,-11.9,-45.3667,708.0
1145019,-11.5119,-45.0419,510.0
1145020,-11.4603,-45.6153,
1145021,-11.0333,-45.5333,554.0
1145022,-11.9167,-45.4167,729.0
1145023,-11.9572,-45.4561,729.0
1145024,-11.7139,-45.9742,
1145025,-11.2081,-45.4086,621.0
1145026,-11.6233,-45.6436,778.0
1146000,-11.6253,-46.8106,679.0
1146002,-11.7358,-46.7519,459.87
1146003,-11.6764,-46.6642,586.0
1146004,-11.4661,-46.82,461.0
1146005,-11.1519,-46.0608,
1146006,-11.5408,-46.2369,
1146007,-11.0417,-46.2944,801.0
1146008,-11.3831,-46.5033,826.0
1146009,-11.5972,-46.0036,822.0
1146010,-11.7572,-46.2036,852.0
1146011,-11.6922,-46.7044,542.0
1146012,-11.6981,-46.7367,503.0
1146014,-11.8161,-46.7875,
1146015,-11.9528,-46.7547,
1146016,-11.9856,-46.6522,669.0
1146017,-11.8906,-46.7681,390.0
1146022,-11.7097,-46.7506,477.0
1146023,-11.5467,-46.9947,359.0
1146024,-11.4556,-46.9189,411.0
1146025,-11.9808,-46.6425,402.0
1146026,-11.9381,-46.595,669.0
1146027,-11.9311,-46.3322,486.0
1146028,-11.9244,-46.255,590.0
1146029,-11.9283,-46.3144,486.0
1146030,-11.3981,-46.8869,448.0
1147000,-11.5789,-47.1739,427.0
1147001,-11.6969,-47.7283,308.0
1147002,-11.1403,-47.5767,444.0
1147003,-11.61,-47.045,372.0
1147004,-11.7586,-47.8364,
1147005,-11.7578,-47.8358,282.0
1147006,-11.8256,-47.1864,333.0
1147008,-11.0169,-47.4839,342.0
1147009,-11.3694,-47.5758,397.0
1147010,-11.6667,-47.4392,333.0
1147011,-11.6108,-47.0456,
1148000,-11.5314,-48.2947,243.0
1148001,-11.1519,-48.5158,218.0
1148003,-11.2469,-48.4583,220.0
1148006,-11.1306,-48.8039,
1148007,-11.9817,-48.6569,222.0
1148008,-11.8517,-48.8458,
1148009,-11.64,-48.3911,
1149000,-11.3389,-49.2653,234.0
1149001,-11.7972,-49.525,215.0
1149002,-11.7372,-49.1361,353.0
1149003,-11.1667,-49.5667,196.0
1149006,-11.3811,-49.6819,
1149007,-11.1222,-49.6303,
1149008,-11.401307,-49.656006,
1149009,-11.655,-49.6228,
1149010,-11.2033,-49.7572,
1149011,-11.68955,-49.491642,
1149012,-8.2831,-49.1406,
1149014,-11.3231,-49.2592,
1150000,-11.9167,-50.6667,198.0
1150001,-11.6197,-50.6625,195.0
1150006,-11.2203,-50.8072,192.0
1150007,-11.4644,-50.0078,
1151000,-11.6747,-51.3764,235.0
1152000,-11.7417,-51.9889,380.0
1152001,-11.3933,-52.235,351.0
1154000,-11.0028,-54.8053,414.0
1154001,-11.9292,-54.9981,299.0
1154002,-11.5242,-54.3589,330.0
1154003,-11.1297,-54.4694,317.0
1154004,-11.4933,-54.8656,210.0
1154005,-11.1272,-54.4767,280.0
1154006,-11.9281,-54.999,
1154007,-11.4722,-54.9944,
1155000,-11.6511,-55.7025,298.0
1155002,-11.8939,-55.6561,
1155004,-11.2717,-55.4539,274.49
1155005,-11.0628,-55.2783,343.0
1156000,-11.4714,-56.4333,346.0
1156001,-11.6914,-55.4486,358.0
1156002,-11.3047,-56.825,339.0
1156003,-11.6447,-56.1572,351.0
1157000,-11.5358,-57.4172,260.0
1157001,-11.2531,-57.5067,288.0
1157002,-11.715,-57.0419,284.0
1157003,-11.4633,-57.1183,271.0
1157004,-11.2239,-57.6019,220.0
1158001,-11.3417,-58.3383,250.0
1158002,-11.4081,-58.7186,356.0
1158003,-11.7178,-58.0472,257.0
1158004,-11.14,-58.6161,337.0
1158005,-11.3568,-58.3544,
1158006,-11.5303,-58.3797,
1159000,-11.845,-59.3394,406.0
1159001,-11.3092,-59.2206,331.0
1159002,-11.5778,-59.2058,338.0
1159003,-11.4131,-59.1703,340.0
1160000,-12.0153,-60.855,
1160001,-11.85,-60.7167,249.0
1160002,-11.7489,-60.8678,185.0
1160004,-11.9592,-60.7022,211.09
1161000,-11.4408,-61.4839,
1161001,-11.6836,-61.1922,
1161002,-11.7497,-61.7764,
1161003,-11.1969,-61.5281,
1161004,-11.6525,-61.215,
1161005,-11.4836,-61.3794,214.0
1161006,-11.9475,-61.22,191.0
1161007,-11.9025,-61.2397,194.0
1161009,-11.9689,-61.9908,331.0
1162002,-11.6881,-62.7192,186.0
1162003,-11.7325,-62.8025,
1162004,-11.9272,-62.1547,232.0
1162005,-11.9111,-62.1811,214.0
1162006,-11.9308,-62.1036,275.0
1162007,-11.9292,-62.0878,292.0
1162008,-11.9556,-62.1794,391.0
1162009,-11.9336,-62.1792,391.0
1162010,-11.9958,-62.1717,384.0
1162011,-11.9586,-62.1839,310.0
1162012,-11.9531,-62.0125,316.0
1162013,-11.9383,-62.0394,316.0
1162014,-11.0017,-62.1172,
1163000,-11.9664,-63.2722,
1164000,-11.0667,-64.0833,181.0
1164001,-11.3667,-64.8864,158.0
1166000,-11.0167,-66.0833,141.0
1168001,-11.0233,-68.735,
1168002,-11.0833,-68.8667,237.0
1237000,-12.0575,-37.7564,34.0
1237001,-12.1333,-37.9667,108.0
1237002,-12.0656,-37.7186,43.0
1237003,-12.1303,-37.9417,
1238000,-12.5703,-38.0567,34.0
1238001,-12.8833,-38.45,67.0
1238002,-12.3592,-38.3744,121.0
1238005,-12.1333,-38.4167,167.0
1238010,-12.2103,-38.2006,80.0
1238011,-12.6,-38.3,39.0
1238013,-12.8833,-38.6833,0.0
1238014,-12.2625,-38.0372,73.0
1238015,-12.2911,-38.0667,73.0
1238016,-12.45,-38.3333,93.0
1238017,-12.35,-38.25,92.0
1238018,-12.9333,-38.5,41.0
1238019,-12.65,-38.9833,132.0
1238020,-12.85,-38.3167,45.0
1238022,-12.6272,-38.6753,14.0
1238025,-12.6333,-38.9833,132.0
1238028,-12.2667,-38.9667,226.0
1238029,-12.5333,-38.3,35.0
1238031,-12.0333,-38.75,245.0
1238032,-12.0833,-38.7667,245.0
1238033,-12.3883,-38.9567,215.0
1238036,-12.55,-38.7,66.0
1238037,-12.1333,-38.4167,167.0
1238038,-12.1333,-38.4167,167.0
1238041,-12.5406,-38.0092,37.0
1238042,-12.2514,-38.515,130.0
1238043,-12.8167,-38.3833,45.0
1238044,-12.3,-38.6167,122.0
1238045,-12.9167,-38.5,41.0
1238046,-12.6031,-38.1375,13.0
1238051,-12.3003,-38.6439,116.0
1238052,-12.9114,-38.3336,7.0
1238053,-12.5333,-38.3,35.0
1238054,-12.3667,-38.3833,121.0
1238056,-12.0,-38.0,110.0
1238057,-12.9833,-38.6333,19.0
1238064,-12.2667,-38.9167,226.0
1238065,-12.1333,-38.4167,167.0
1238066,-12.2667,-38.9667,226.0
1238069,-12.8333,-38.4333,67.0
1238071,-12.0,-38.0,110.0
1238072,-12.8,-38.4,45.0
1238073,-12.8,-38.4333,67.0
1238075,-12.7833,-38.45,32.0
1238078,-12.8,-38.45,67.0
1238079,-12.85,-38.45,67.0
1238080,-12.8,-38.45,67.0
1238082,-12.6167,-38.6667,14.0
1238083,-12.4,-38.6333,91.0
1238086,-12.5,-38.4833,88.0
1238087,-12.5833,-38.95,190.0
1238088,-12.4167,-38.7667,137.0
1238090,-12.4333,-38.95,219.0
1238095,-12.4,-38.6333,91.0
1238096,-12.0,-38.0,110.0
1238099,-12.0,-38.0,110.0
1238102,-12.0,-38.0,110.0
1238105,-12.0,-38.0,110.0
1238106,-12.7167,-38.5667,4.0
1238107,-12.9667,-38.5,41.0
1238110,-12.0,-38.0,110.0
1238115,-12.3,-38.5667,143.0
1238116,-12.6167,-38.6167,14.0
1238117,-12.8833,-38.45,67.0
1238118,-12.9333,-38.5,41.0
1238120,-12.2664,-38.965,226.0
1238122,-12.5894,-38.9919,5.0
1238123,-12.9436,-38.36,7.0
1239000,-12.5833,-39.5333,177.0
1239001,-12.4,-39.8833,231.0
1239002,-12.7667,-39.4167,231.0
1239004,-12.55,-39.0833,152.0
1239005,-12.6833,-39.1,189.0
1239007,-12.585,-39.5183,159.0
1239008,-12.8,-39.2,165.0
1239010,-12.9,-39.85,530.0
1239011,-12.7167,-39.8667,292.0
1239012,-12.1167,-39.1167,188.0
1239013,-12.7167,-39.6833,335.0
1239014,-12.1606,-39.7408,344.0
1239016,-12.1833,-39.7333,344.0
1239017,-12.7167,-39.8667,292.0
1239018,-12.15,-39.3167,296.0
1239019,-12.7667,-39.5333,254.0
1239020,-12.5167,-39.8667,364.0
1239021,-12.4347,-39.2469,220.0
1239022,-12.9667,-39.25,187.0
1239026,-12.7667,-39.4167,231.0
1239030,-12.2833,-39.0,226.0
1239033,-12.7667,-39.4167,231.0
1239034,-12.9833,-39.25,187.0
1239035,-12.6161,-39.0042,189.0
1239036,-12.7192,-39.6992,335.0
1239042,-12.1544,-39.7272,
1239043,-12.4881,-39.6981,175.0
1239044,-12.5142,-39.9339,182.0
1239045,-12.5867,-39.5217,150.0
1239046,-12.5156,-39.3831,136.0
1239047,-12.2331,-39.0461,138.0
1240000,-12.9167,-40.2167,536.0
1240001,-12.6508,-40.9347,622.0
1240002,-12.8333,-40.7833,575.0
1240003,-12.7833,-40.35,303.0
1240004,-12.6569,-40.6092,347.0
1240005,-12.05,-40.8,617.0
1240006,-12.7667,-40.2,243.0
1240008,-12.4667,-40.1833,262.0
1240009,-12.0,-40.5667,534.0
1240010,-12.9833,-40.9667,390.0
1240012,-12.99,-40.9633,299.0
1240013,-12.5,-40.2833,247.0
1240016,-12.7622,-40.2108,237.0
1240017,-12.4167,-40.5667,458.0
1240018,-12.3569,-40.0389,242.0
1240019,-12.9833,-40.5333,305.0
1240020,-12.1333,-40.35,353.0
1240022,-12.3567,-40.9056,686.0
1240023,-12.2833,-40.45,364.0
1240028,-12.9297,-40.225,536.0
1240029,-12.7986,-40.3617,303.0
1240030,-12.6544,-40.5883,335.0
1240031,-12.2839,-40.5122,410.0
1240034,-12.6547,-40.8708,
1241001,-12.9347,-41.0658,317.0
1241002,-12.4667,-41.05,572.0
1241003,-12.71,-41.8253,1089.0
1241004,-12.7539,-42.0892,1158.0
1241005,-12.8,-41.1667,387.0
1241006,-12.9833,-41.3667,1017.0
1241007,-12.8333,-41.3333,717.0
1241008,-12.8017,-41.3275,330.0
1241009,-12.4833,-41.9,1050.0
1241010,-12.2833,-41.4,896.0
1241011,-12.5667,-41.3833,406.0
1241012,-12.2525,-41.6156,732.0
1241013,-12.7833,-41.5167,1080.0
1241015,-12.0333,-41.9667,1005.0
1241016,-12.5833,-41.3833,406.0
1241017,-12.4975,-41.2961,355.0
1241018,-12.2875,-41.17,519.0
1241019,-12.05,-41.45,1033.0
1241020,-12.0833,-41.0667,586.0
1241021,-12.0333,-41.1667,669.0
1241022,-12.4167,-41.7667,867.0
1241023,-12.4422,-41.7683,867.0
1241026,-12.5019,-41.2078,357.0
1241027,-12.06,-41.3475,
1241028,-12.0192,-41.0547,511.0
1241029,-12.4,-41.7667,867.0
1241032,-12.7664,-41.5361,
1241033,-13.0075,-41.37,870.0
1241034,-12.4264,-41.7689,867.0
1241035,-12.2533,-41.6153,732.0
1241036,-12.6744,-41.8453,1011.0
1241037,-12.9053,-41.8656,1223.0
1241038,-12.2583,-41.4444,996.0
1241039,-12.2878,-41.1603,519.0
1241040,-12.0283,-41.0572,586.0
1241041,-12.77,-41.5392,1080.0
1241042,-12.0306,-41.9967,1005.0
1241043,-11.4631,-41.4411,725.0
1241051,-12.4892,-41.3289,
1242000,-12.3333,-42.5667,487.0
1242001,-12.6,-42.5167,494.0
1242002,-12.8333,-42.4333,532.0
1242003,-12.55,-42.0667,1180.0
1242005,-12.8228,-42.73,842.0
1242006,-12.0,-42.6333,1004.0
1242007,-12.2,-42.6667,523.0
1242008,-12.3161,-42.8956,508.0
1242009,-12.3061,-42.0919,1105.0
1242010,-12.9033,-42.9464,638.0
1242011,-12.4667,-42.2333,967.0
1242012,-12.65,-42.2167,989.0
1242013,-12.0625,-42.2322,1282.0
1242015,-12.0036,-42.6283,837.0
1242016,-12.2519,-42.7628,440.0
1242019,-12.6686,-42.9964,
1242020,-12.5697,-42.0725,1180.0
1242021,-12.3053,-42.0775,1105.0
1243000,-12.8669,-43.3814,413.0
1243001,-12.1833,-43.4167,600.0
1243002,-12.1997,-43.8317,759.0
1243003,-12.6931,-43.1869,434.0
1243004,-12.6878,-43.1806,434.0
1243006,-12.7,-43.1667,443.0
1243007,-12.5,-43.1,538.0
1243008,-12.8683,-43.3797,424.0
1243009,-12.2167,-43.0833,702.0
1243010,-12.4833,-43.95,665.0
1243011,-12.1806,-43.2233,420.0
1243012,-12.3561,-43.6981,480.0
1243013,-12.7667,-43.95,539.0
1243017,-12.3167,-43.1833,568.0
1243019,-12.7692,-43.9575,480.0
1243020,-12.4853,-43.9406,
1243028,-12.1253,-43.8842,
1243029,-12.1825,-43.2231,
1244000,-12.7244,-44.5597,770.0
1244001,-12.3161,-44.8603,666.0
1244002,-12.0103,-44.6969,611.0
1244003,-12.2319,-44.4186,719.0
1244004,-12.0297,-44.2564,544.0
1244006,-12.6617,-44.285,782.0
1244007,-12.3069,-44.5344,728.0
1244008,-12.4,-44.25,773.0
1244009,-12.1667,-44.9833,592.0
1244011,-11.1544,-45.0092,444.0
1244012,-12.0069,-44.9436,457.0
1244013,-12.0183,-44.0333,722.0
1244014,-12.3667,-44.9833,611.0
1244016,-12.4364,-44.6175,718.0
1244017,-12.9792,-44.0572,590.0
1244018,-12.9833,-44.05,590.0
1244019,-12.3892,-44.9322,502.0
1244020,-12.9936,-44.8061,
1244021,-12.2322,-44.9342,
1244022,-12.2325,-44.3872,
1244023,-12.6606,-44.3892,
1245000,-12.4333,-45.25,695.0
1245001,-12.4333,-45.0833,644.0
1245004,-12.1347,-45.1042,490.0
1245005,-12.4114,-45.1203,502.0
1245006,-12.1167,-45.05,491.0
1245007,-12.4306,-45.0858,512.0
1245009,-12.15,-45.0,592.0
1245014,-12.1256,-45.8108,725.0
1245015,-12.7653,-45.9439,761.0
1245016,-12.6636,-45.0194,
1245017,-12.2908,-45.5447,
1245019,-12.0697,-45.8944,781.0
1245020,-12.0631,-45.5589,752.0
1245023,-12.1589,-45.3292,725.0
1245026,-12.8011,-45.7283,776.0
1245027,-12.6422,-45.4514,737.0
1245028,-12.365,-45.8611,740.0
1245029,-12.2917,-45.5428,726.0
1245030,-12.8364,-45.3056,736.0
1245032,-12.4675,-45.2019,695.0
1245033,-12.4286,-45.1528,676.0
1245064,-12.76,-45.1489,
1245065,-12.6422,-45.0836,
1245066,-12.5169,-45.0967,
1245068,-12.0719,-45.4869,
1245069,-12.6639,-45.0197,
1245070,-12.7375,-45.5369,
1246000,-12.0908,-46.4794,519.0
1246001,-12.7139,-46.4086,464.0
1246002,-12.4067,-46.4333,547.0
1246005,-12.0311,-46.0528,822.0
1246006,-12.6442,-46.1928,877.0
1246007,-12.4056,-46.1325,849.0
1246008,-12.1719,-46.2294,
1246009,-12.6342,-46.1525,877.0
1246012,-12.5281,-46.2656,548.0
1246013,-12.1561,-46.82,
1246014,-12.4686,-46.4433,506.0
1246016,-12.3258,-46.945,
1246024,-12.6169,-46.1178,
1246026,-12.6464,-46.6572,
1246027,-12.4125,-46.4069,
1247000,-12.2325,-47.3244,407.0
1247001,-12.6167,-47.8783,291.0
1247002,-12.4156,-47.1997,322.0
1247003,-12.55,-47.85,275.0
1247005,-12.585,-47.4867,340.0
1247006,-12.4167,-47.1958,317.0
1247007,-12.6131,-47.7597,276.0
1247008,-12.6906,-47.7828,281.0
1247011,-12.6033,-47.8614,
1247012,-12.6264,-47.8819,
1248000,-12.0283,-48.5383,251.0
1248001,-12.3875,-48.7108,264.0
1248003,-13.0419,-48.4069,435.0
1248004,-12.2661,-48.3119,262.0
1248007,-12.2342,-48.3861,267.0
1248009,-12.785,-48.2403,270.0
1248010,-12.22,-48.4247,248.0
1248012,-12.8086,-48.2386,295.0
1248013,-12.0231,-48.5328,235.0
1249000,-12.4836,-49.1244,293.0
1249001,-12.9311,-49.8294,295.0
1249002,-11.8394,-49.7717,196.0
1249003,-12.0986,-49.9475,208.0
1249004,-12.4181,-49.59,205.0
1249005,-12.5336,-49.9319,229.0
1249006,-12.0981,-49.4844,464.0
1249007,-12.2125,-49.6628,
1249008,-12.4178,-49.5892,
1250000,-12.8206,-50.3361,254.0
1250001,-12.2903,-50.9656,205.0
1250002,-12.6894,-50.2969,
1250003,-12.3975,-50.1444,
1250004,-12.1964,-50.0344,
1251000,-12.1642,-51.6969,339.0
1251001,-12.9397,-51.8264,391.0
1251002,-12.805,-51.0194,214.0
1251003,-12.9192,-51.3303,
1251004,-12.3319,-51.3331,
1252000,-12.6219,-52.0589,305.0
1254001,-12.8131,-54.7517,347.0
1254002,-12.3658,-54.4892,318.0
1254003,-12.7978,-54.2486,363.0
1254006,-12.7847,-54.6806,400.0
1255001,-12.675,-55.7931,316.0
1255002,-12.5178,-54.9125,353.0
1255003,-12.31,-55.5678,
1255004,-12.5358,-55.7047,
1255006,-11.3506,-55.8994,310.05
1255007,-12.2881,-55.6011,309.0
1256000,-12.0333,-56.6,325.0
1256002,-12.9806,-56.3156,407.0
1256003,-12.7933,-56.0106,336.0
1256004,-12.7494,-56.0336,323.0
1256005,-12.8908,-56.1392,367.0
1257000,-12.1164,-58.0003,321.0
1257002,-12.5294,-57.8783,311.0
1257003,-12.4822,-57.8744,275.0
1257004,-12.5733,-57.8831,314.0
1257005,-12.0981,-57.8803,
1258001,-12.8675,-58.0703,478.0
1258002,-12.7998,-58.3984,
1258003,-12.845,-58.9292,289.0
1258004,-12.9,-58.9136,294.0
1258005,-12.96,-58.2508,
1258006,-12.1833,-58.0,
1259001,-12.0603,-59.6503,458.0
1260000,-12.7333,-60.1333,579.0
1260001,-12.7,-60.0833,579.0
1260003,-12.77,-60.0942,579.0
1260006,-12.5606,-60.9042,
1260007,-12.8528,-60.3247,389.0
1260008,-12.8992,-60.1083,612.0
1260009,-12.9575,-60.1347,490.0
1260010,-12.5881,-60.9339,295.51
1260011,-12.7561,-60.8083,288.0
1260012,-12.8542,-60.8506,267.0
1260013,-12.69,-60.8831,269.0
1260014,-12.5042,-60.4714,404.94
1260015,-12.1853,-60.5997,272.39
1260016,-12.3908,-60.4881,291.5
1260020,-12.8967,-60.1956,387.0
1260021,-12.8372,-60.5783,354.0
1260022,-12.8331,-60.3069,429.0
1260023,-12.8225,-60.4178,357.0
1261000,-12.4878,-61.0464,255.0
1261001,-12.2092,-61.6286,
1261002,-12.3433,-61.7692,356.0
1261003,-12.5814,-61.5242,210.0
1261004,-12.3842,-61.7106,406.0
1261005,-12.2678,-61.0756,214.0
1261006,-12.2594,-61.1889,232.0
1261007,-12.5611,-61.4911,385.0
1261008,-12.5342,-61.5792,400.0
1262000,-12.8514,-62.8992,152.0
1262001,-12.6014,-62.1783,
1264000,-12.4269,-64.4225,
1264001,-12.4311,-64.2319,147.0
1264003,-12.0803,-64.0244,
1264004,-12.4267,-64.4253,210.0
1338001,-13.0,-38.6167,1.0
1338003,-13.0167,-38.5167,0.0
1338005,-13.0167,-38.4833,0.0
1338009,-13.0025,-38.6431,
1339000,-13.6011,-39.4917,171.0
1339001,-13.9333,-39.1,5.0
1339002,-13.9333,-39.1,5.0
1339003,-13.5333,-39.95,739.0
1339004,-13.75,-39.4833,271.0
1339005,-13.4167,-39.4,189.0
1339010,-13.5667,-39.4667,197.0
1339011,-13.7333,-39.15,50.0
1339012,-13.8106,-39.1692,114.0
1339014,-13.45,-39.9333,653.0
1339017,-13.5333,-39.75,652.0
1339018,-13.6661,-39.7997,383.0
1339019,-13.1,-39.7833,709.0
1339020,-13.5669,-39.0019,16.0
1339021,-13.0167,-39.5833,330.0
1339023,-13.0833,-39.5833,330.0
1339024,-13.0167,-39.45,283.0
1339025,-13.2833,-39.8167,581.0
1339027,-13.6847,-39.4789,135.0
1339028,-13.2667,-39.65,450.0
1339029,-13.1667,-39.4167,230.0
1339030,-13.225,-39.5042,212.0
1339033,-13.6167,-39.0833,44.0
1339034,-13.0308,-39.0322,35.0
1339035,-13.0167,-39.0,20.0
1339036,-13.1819,-39.425,230.0
1339037,-13.2667,-39.65,450.0
1339038,-13.3672,-39.0772,59.0
1339040,-13.2833,-39.8167,581.0
1339041,-13.2975,-39.8214,415.0
1339043,-13.0,-39.0,20.0
1339044,-13.5967,-39.1247,6.0
1339046,-13.75,-39.4833,271.0
1339047,-13.3736,-39.0828,20.0
1339048,-13.9319,-39.1586,74.0
1339049,-13.0,-39.0,20.0
1339050,-13.0,-39.0,20.0
1339052,-13.0,-39.0,20.0
1339063,-13.6039,-39.4897,181.0
1339073,-13.3511,-39.0886,12.63
1339074,-13.3433,-39.1289,94.0
1339075,-13.3419,-39.2169,133.0
1340000,-13.8667,-40.0833,273.0
1340001,-13.5336,-40.6122,440.0
1340003,-13.8822,-40.1403,199.0
1340005,-13.3,-40.95,604.0
1340006,-13.8414,-40.3711,408.0
1340007,-13.5333,-40.1333,680.0
1340010,-13.2167,-40.5833,545.0
1340011,-13.4403,-40.4311,932.0
1340012,-13.3258,-40.2444,730.0
1340013,-13.6581,-40.2064,653.0
1340014,-13.225,-40.1581,679.0
1340015,-13.0222,-40.0681,655.0
1340016,-13.1333,-40.7667,367.0
1340017,-13.9833,-40.1833,465.0
1340018,-13.8342,-40.8039,298.0
1340019,-13.5042,-40.7486,471.0
1340022,-13.8689,-40.2353,
1340024,-13.45,-40.4333,932.0
1340031,-13.85,-40.6667,248.0
1340032,-13.2575,-40.3725,714.0
1340033,-13.2883,-40.9611,629.0
1340034,-13.1519,-40.7667,367.0
1340037,-13.7617,-40.7114,
1340038,-13.4689,-40.4122,
1340039,-13.8242,-40.9867,
1340041,-13.8781,-40.8969,251.0
1341000,-13.76,-41.5425,518.0
1341001,-13.6333,-41.3333,1033.0
1341002,-13.5681,-41.8169,1107.0
1341003,-13.5156,-41.5925,859.0
1341006,-13.15,-41.7833,1135.0
1341007,-13.7667,-41.0333,327.0
1341008,-13.2822,-41.3947,1095.0
1341009,-13.1167,-41.9833,1237.0
1341010,-13.9297,-41.8992,481.0
1341011,-13.5667,-41.8167,1107.0
1341012,-13.7589,-41.7756,512.0
1341013,-13.8167,-41.3,789.0
1341014,-13.4158,-41.2839,994.0
1341015,-13.4333,-41.1,661.0
1341016,-13.5667,-41.8167,1107.0
1341017,-13.7647,-41.0431,327.0
1341028,-13.5167,-41.85,1107.0
1341029,-13.8128,-41.3019,521.0
1341031,-13.2842,-41.2861,1048.0
1341032,-13.4067,-41.2906,994.0
1341046,-13.2158,-41.6061,
1341047,-13.6433,-41.8589,
1342000,-12.9833,-42.2194,626.0
1342001,-13.6,-42.9333,654.0
1342002,-13.9117,-42.8464,520.0
1342003,-13.4,-42.7,807.0
1342004,-13.4161,-42.1414,848.0
1342006,-13.3836,-42.5236,709.0
1342008,-13.5444,-42.4897,827.0
1342009,-13.0167,-42.7,608.0
1342011,-13.0333,-42.7,608.0
1342012,-13.8431,-42.3914,971.0
1342013,-13.45,-42.2333,639.0
1342014,-13.0856,-42.8547,740.0
1342015,-13.75,-42.7,862.0
1342016,-13.7086,-42.0211,533.0
1342017,-13.85,-42.2,640.0
1342021,-13.4167,-42.15,848.0
1342022,-13.0417,-42.5339,556.0
1342024,-13.9036,-42.845,
1342025,-13.5956,-42.9406,
1343000,-13.9667,-43.1667,470.0
1343001,-13.9167,-43.55,440.0
1343002,-13.0,-43.7667,462.0
1343004,-13.2667,-43.9167,481.0
1343005,-13.6833,-43.4833,445.0
1343006,-13.2886,-42.9542,671.0
1343008,-13.2925,-43.9092,442.0
1343009,-13.6383,-43.4706,445.0
1343010,-13.65,-43.1833,482.0
1343011,-13.9167,-43.4167,452.0
1343012,-13.0847,-43.4661,428.0
1343013,-13.2833,-43.4167,431.0
1343016,-13.0533,-43.0433,488.0
1343017,-13.0847,-43.4661,428.0
1343019,-13.2553,-43.4358,
1343023,-13.3,-43.9167,478.0
1343024,-13.9608,-43.1414,470.0
1343025,-13.9844,-43.2972,
1343026,-13.7236,-43.4936,
1343027,-13.2569,-43.4353,
1344000,-13.4356,-44.4986,568.0
1344001,-13.8333,-44.4667,691.0
1344002,-13.2778,-44.5589,520.0
1344003,-13.0825,-44.6197,661.0
1344004,-13.3333,-44.6333,634.0
1344005,-13.05,-44.2,630.0
1344006,-13.435,-44.4967,568.0
1344007,-13.4,-44.2,581.0
1344008,-13.1961,-44.1533,647.0
1344009,-13.7,-44.6333,644.0
1344010,-13.4,-44.2,581.0
1344011,-13.2833,-44.5833,581.0
1344012,-13.4833,-44.2667,489.0
1344013,-13.7106,-44.6325,610.0
1344014,-13.3364,-44.6522,566.0
1344015,-13.5667,-44.3061,447.0
1344016,-13.4508,-44.5656,479.0
1344017,-13.4006,-44.1975,437.0
1344018,-13.4833,-44.6167,606.0
1344025,-13.0833,-44.7169,
1344026,-13.3356,-44.6236,634.0
1344027,-13.3406,-44.6411,634.0
1344028,-13.8231,-44.46,
1344029,-13.3406,-44.6858,634.0
1344033,-13.4006,-44.1989,432.0
1345000,-13.7342,-45.4033,679.0
1345001,-13.3825,-45.3592,769.0
1345002,-13.0153,-45.6308,
1345003,-13.7714,-45.5472,
1345004,-13.7014,-45.8906,
1345005,-13.2206,-45.1533,727.0
1345006,-13.74,-45.4644,720.0
1345007,-13.9861,-45.3875,725.0
1345008,-13.7603,-45.1317,
1345022,-13.6547,-45.0697,
1345023,-13.6208,-45.3725,
1346000,-13.3975,-46.3158,665.0
1346001,-13.7425,-46.8775,637.0
1346002,-13.6858,-46.5656,527.0
1346003,-13.09,-46.8867,581.0
1346004,-13.0367,-46.7769,638.0
1346005,-13.5508,-46.4672,475.0
1346006,-13.7519,-46.14,947.0
1346007,-13.3125,-46.0631,824.0
1346009,-13.9589,-46.0956,
1346010,-13.2844,-46.0267,876.0
1346011,-13.9383,-46.1864,911.0
1346012,-13.4058,-46.3425,673.0
1346013,-13.4172,-46.3875,485.19
1346014,-13.3736,-46.3842,
1347000,-13.7969,-47.4617,829.0
1347001,-13.4253,-47.1392,363.0
1347002,-13.425,-47.1383,362.0
1347003,-13.5539,-47.9911,333.5
1348000,-13.79,-48.5669,683.0
1348001,-13.5331,-48.2269,424.0
1348002,-13.5331,-48.1381,380.0
1348003,-13.5128,-48.745,391.0
1348004,-13.8283,-48.3322,456.0
1348005,-13.7308,-48.1403,449.0
1348006,-13.4031,-48.1439,338.0
1348007,-13.7717,-48.0294,360.0
1348009,-13.5481,-48.23,325.0
1348010,-13.0328,-48.2453,327.0
1348011,-13.0847,-48.0983,300.0
1348012,-13.1706,-48.22,325.0
1348013,-13.2297,-48.1931,302.0
1349000,-13.8725,-49.0714,467.0
1349001,-13.2447,-49.5017,286.0
1349002,-13.4097,-49.1564,363.0
1349003,-13.1028,-49.2014,345.0
1350000,-13.6894,-50.7961,276.0
1350001,-13.5286,-50.1881,200.0
1350002,-13.3286,-50.1994,378.0
1351000,-14.0881,-51.6989,232.0
1352000,-13.8811,-52.4122,324.0
1352001,-13.4956,-52.4544,351.0
1352002,-13.7053,-52.0267,443.0
1352004,-13.4955,-52.4144,
1352005,-13.1569,-52.1497,317.0
1353000,-13.8,-53.2667,366.0
1353001,-13.8419,-53.2417,352.0
1353002,-13.57,-53.0744,319.0
1353003,-13.8475,-53.2597,326.0
1353004,-13.3947,-53.0419,325.0
1354000,-13.4483,-54.2811,430.0
1354001,-13.3417,-54.0772,390.0
1354002,-13.1381,-54.4439,314.0
1354003,-13.0975,-54.8183,331.5
1354004,-13.1483,-54.8356,331.5
1355000,-13.15,-55.9333,412.0
1355001,-13.5564,-55.3317,352.0
1355002,-13.4017,-55.8269,394.0
1355003,-13.2989,-55.9119,383.0
1355005,-13.1433,-55.6669,331.25
1355006,-13.0733,-55.9231,
1355007,-13.8253,-55.2703,
1356000,-13.3833,-56.6,328.0
1356002,-13.8156,-56.1222,471.0
1356004,-13.445,-56.7275,356.0
1356005,-13.0522,-55.9058,377.0
1356006,-13.8314,-56.4097,
1356007,-13.5034,-56.6189,
1356009,-13.5914,-56.2164,337.0
1356010,-13.7583,-56.0536,395.0
1356011,-13.7028,-56.7861,333.0
1356012,-13.965,-56.8833,383.0
1356013,-13.9589,-56.7422,351.0
1356014,-13.7925,-56.7039,304.0
1356015,-13.8217,-56.9889,418.0
1357000,-13.0661,-57.1133,316.0
1357001,-13.6922,-57.8944,569.0
1357004,-13.4733,-57.6417,419.0
1357005,-13.3867,-57.6244,370.0
1357007,-13.8622,-57.7858,450.0
1357009,-13.3197,-57.5981,330.0
1357010,-13.3556,-57.6136,363.3
1357011,-13.9836,-57.0681,464.0
1357012,-13.0333,-57.15,
1357013,-13.0231,-57.0953,
1357014,-13.7072,-57.9958,
1358001,-13.6414,-58.2892,547.0
1358002,-13.4667,-58.975,547.0
1358003,-13.0333,-58.2833,410.0
1358004,-13.0944,-58.1764,404.0
1358005,-13.91,-58.8981,661.0
1358006,-13.3947,-58.5919,463.0
1358007,-13.0239,-58.1889,383.0
1358008,-13.5453,-58.6378,
1358009,-13.1972,-58.9831,352.0
1358010,-13.0719,-58.9764,345.0
1358011,-13.5464,-58.0028,
1358012,-13.2925,-58.1347,420.0
1358013,-13.0258,-58.1844,394.0
1358015,-13.42,-58.6047,480.0
1358016,-13.6317,-58.6558,509.0
1358017,-13.6431,-58.0181,215.0
1358018,-13.4383,-58.6981,483.0
1358019,-13.5783,-58.4069,
1359000,-13.1831,-59.8769,600.0
1359001,-13.7781,-59.7675,548.0
1359002,-13.5425,-59.025,466.0
1359004,-13.5956,-59.0325,490.0
1359005,-13.5517,-59.0347,479.0
1359006,-13.4228,-59.0014,454.0
1359007,-13.3689,-59.0147,414.0
1359008,-13.7822,-59.7922,469.0
1359009,-13.4992,-59.1856,495.0
1359010,-13.3783,-59.1464,465.0
1359011,-13.3489,-59.1508,409.0
1359012,-13.2661,-59.0183,387.0
1359013,-13.63,-59.8761,463.0
1359016,-13.3856,-59.3922,418.0
1359017,-13.4572,-59.3903,429.0
1359018,-13.3617,-59.395,382.0
1359019,-13.5156,-59.0228,470.0
1359020,-13.4028,-59.0067,455.0
1359021,-13.5339,-59.9319,518.0
1359022,-13.7942,-59.4556,
1360000,-13.1142,-60.5483,
1360001,-13.1967,-60.8233,
1360002,-13.4797,-61.0464,
1360003,-13.7306,-60.5883,192.0
1360004,-13.5033,-60.5117,
1360005,-13.0206,-60.1114,508.0
1360008,-13.09,-60.6211,349.0
1360009,-13.1525,-60.6575,250.0
1362000,-13.085,-62.2781,153.0
1439000,-14.6333,-39.1167,26.0
1439001,-14.8103,-39.4714,151.0
1439002,-14.8597,-39.6583,210.0
1439003,-14.6667,-39.2667,70.0
1439004,-14.3333,-39.3333,152.0
1439005,-14.55,-39.9333,313.0
1439006,-14.3267,-39.4686,88.0
1439007,-14.8667,-39.6,189.0
1439008,-14.1511,-39.3753,132.0
1439011,-14.7894,-39.0514,14.0
1439012,-14.5167,-39.4833,288.0
1439013,-14.1333,-39.7167,189.0
1439014,-14.1708,-39.6897,142.0
1439015,-14.2833,-39.0,0.0
1439018,-14.8,-39.2667,130.0
1439019,-14.8,-39.2667,130.0
1439020,-14.2833,-39.85,216.0
1439021,-14.06,-39.9433,289.0
1439022,-14.6667,-39.35,121.0
1439023,-14.6778,-39.3894,107.0
1439024,-14.6667,-39.35,121.0
1439025,-14.6667,-39.35,121.0
1439026,-14.95,-39.3,147.0
1439028,-14.8,-39.8333,320.0
1439032,-14.6667,-39.55,281.0
1439033,-14.8333,-39.2333,130.0
1439034,-14.6667,-39.2667,70.0
1439039,-14.5833,-39.2667,119.0
1439041,-14.5833,-39.2667,119.0
1439042,-14.3167,-39.3333,152.0
1439043,-14.3,-39.3167,152.0
1439044,-14.9589,-39.8075,243.0
1439045,-14.9589,-39.8075,311.0
1439048,-14.7833,-39.6,382.0
1439049,-14.7167,-39.2833,88.0
1439053,-14.7833,-39.45,237.0
1439054,-14.0,-39.4833,255.0
1439055,-14.7833,-39.0,0.0
1439056,-14.5,-39.4167,288.0
1439057,-14.5833,-39.4667,288.0
1439058,-14.7564,-39.2325,88.0
1439059,-14.75,-39.25,88.0
1439066,-14.0667,-39.6333,203.0
1439068,-14.1333,-39.7333,189.0
1439069,-14.35,-39.1667,67.0
1439071,-14.2833,-39.85,216.0
1439072,-14.6406,-39.5533,281.0
1439073,-14.3128,-39.3244,152.0
1439077,-14.0,-39.0,3.0
1439078,-14.6303,-39.2744,70.0
1439084,-14.8664,-39.6056,217.0
1439085,-14.9333,-39.4667,150.0
1439086,-14.9833,-39.6,148.0
1439087,-14.7833,-39.2333,88.0
1439088,-14.9833,-39.5833,148.0
1439089,-14.8694,-39.5883,
1439100,-14.8581,-39.6594,217.0
1439107,-14.4367,-39.9036,
1439108,-14.23,-39.4625,
1439109,-14.8997,-39.3686,
1439115,-14.6744,-39.3769,78.0
1439116,-14.1444,-39.7317,135.0
1439117,-14.3258,-39.4636,
1439118,-14.9339,-39.4675,101.0
1439119,-14.8439,-39.3311,52.0
144000,-1.8333,-44.8833,30.0
1440002,-14.85,-40.8333,949.0
1440003,-14.5333,-40.3667,803.0
1440004,-14.6719,-40.4767,903.0
1440006,-14.2711,-40.4608,694.0
1440007,-14.1333,-40.25,419.0
1440008,-14.1333,-40.25,419.0
1440009,-14.7444,-40.4917,989.0
1440010,-14.5167,-40.3,872.0
1440011,-14.2394,-40.7725,429.0
1440012,-14.8667,-40.3,674.0
1440013,-14.75,-40.0833,429.0
1440014,-14.9453,-40.9447,843.0
1440015,-14.9517,-40.0975,537.0
1440016,-14.3642,-40.7678,533.0
1440017,-14.0333,-40.5667,431.0
1440018,-14.4644,-40.6931,693.0
1440019,-14.0306,-40.9817,325.0
144002,-1.8261,-44.8678,
1440020,-14.8333,-40.9667,891.0
1440021,-14.3619,-40.2075,739.0
1440022,-14.3372,-40.9089,549.0
1440023,-14.9789,-40.4092,588.0
1440024,-14.35,-40.7,798.0
1440025,-14.7833,-40.1833,500.0
1440026,-14.8667,-40.8333,949.0
1440027,-14.7667,-40.5167,923.0
1440030,-14.1639,-40.0111,598.0
1440032,-14.0339,-40.9675,
1440034,-14.1739,-40.26,
1440035,-14.0506,-40.5517,
1440037,-14.3756,-40.4908,
1440038,-14.7319,-40.0764,
1441000,-14.0994,-41.2911,341.0
1441001,-14.3011,-41.2711,592.0
1441002,-14.9431,-41.7186,718.0
1441004,-14.3833,-41.9,529.0
1441005,-14.4,-41.0833,443.0
1441006,-14.5486,-41.9403,600.0
1441007,-14.0333,-41.7333,482.0
1441008,-14.7333,-41.2667,456.0
1441010,-14.0161,-41.4436,415.0
1441011,-14.4167,-41.4667,671.0
1441012,-14.2,-41.6667,467.0
1441014,-14.4308,-41.0775,443.0
1441015,-14.6094,-41.1342,477.0
1441016,-14.8833,-41.9833,710.0
1441017,-14.0239,-41.2442,407.0
1441018,-14.15,-41.2167,349.0
1441019,-14.1333,-41.9833,683.0
1441020,-14.9667,-41.4167,624.0
1441021,-14.2,-41.6667,467.0
1441022,-14.2,-41.6667,467.0
1441031,-14.2817,-41.7564,526.0
1441034,-14.6125,-41.1381,
1441035,-14.1858,-41.0194,
1441036,-14.4256,-41.4681,
1441037,-14.6697,-41.6761,
1441038,-14.9567,-41.7258,
1441040,-14.6097,-41.1375,
1441041,-14.0958,-41.2919,
1442000,-14.7372,-42.8167,538.0
1442001,-14.4108,-42.8658,632.0
1442002,-14.2833,-42.7333,538.0
1442003,-14.0667,-42.4833,843.0
1442004,-14.7667,-42.6667,757.0
1442006,-14.5,-42.6833,682.0
1442007,-14.0667,-42.9,541.0
1442008,-15.0194,-42.3747,959.0
1442009,-14.2167,-42.7833,538.0
1442010,-14.4,-42.6333,761.0
1442011,-14.27,-42.2578,601.0
1442012,-14.2033,-42.1114,708.0
1442013,-14.85,-42.4333,950.0
1442014,-14.4106,-42.0761,556.0
1442017,-14.5,-42.2167,627.0
1442018,-14.2631,-42.5236,900.0
1442019,-14.8167,-42.8,587.0
1442020,-14.9833,-42.5667,890.0
1442021,-14.7667,-42.8833,538.0
1442022,-14.9333,-42.8167,602.0
1442024,-14.7833,-42.6667,757.0
1442028,-14.5833,-42.45,731.0
1442031,-14.7603,-42.6561,646.0
1442032,-14.7711,-42.8875,
1442040,-14.5617,-42.9369,
1442041,-14.5956,-42.3828,670.0
1442042,-14.17,-42.2256,
1442043,-14.6489,-42.3033,
1442044,-14.6892,-42.5039,
1442045,-14.2572,-42.7844,
1442046,-14.4928,-42.6931,
1443000,-14.7864,-43.5514,464.0
1443001,-14.7567,-43.9322,452.0
1443002,-14.3044,-43.7681,440.0
1443003,-14.2833,-43.9833,463.0
1443004,-14.7667,-43.5833,464.0
1443006,-14.7,-43.8167,463.0
1443007,-14.7667,-43.9333,460.0
1443008,-14.8667,-43.9167,460.0
1443009,-14.9333,-43.7,475.0
1443011,-14.4,-43.85,441.0
1443015,-14.2667,-43.1667,596.0
1443016,-14.1958,-43.6247,438.0
1443017,-14.4833,-43.05,688.0
1443018,-14.3,-43.7667,449.0
1443019,-14.4144,-43.5533,589.0
1443020,-14.6969,-43.3769,476.0
1443021,-14.3,-43.7667,449.0
1443024,-14.6167,-43.7833,474.0
1443026,-14.2594,-43.1656,569.0
1443029,-14.8631,-43.0856,
1443030,-14.9228,-43.5022,
1444000,-14.3136,-44.4603,475.0
1444001,-14.4311,-44.4817,523.0
1444002,-14.4167,-44.3833,542.0
1444003,-14.7475,-44.4111,
1444004,-14.2658,-44.1572,440.0
1444005,-14.2806,-44.4094,450.0
1444008,-14.3486,-44.5694,561.0
1444009,-14.2347,-44.6172,564.0
1444011,-14.6667,-44.1667,523.0
1444012,-14.4333,-44.5167,607.0
1444014,-14.0333,-44.2,495.0
1444015,-14.1803,-44.5308,615.0
1444016,-14.2667,-44.1333,464.0
1444017,-14.2683,-44.5217,500.0
1444020,-14.2167,-44.6167,564.0
1444021,-14.2322,-44.6253,564.0
1444023,-14.9542,-44.9542,773.0
1445000,-14.8361,-45.1733,700.0
1445001,-14.3875,-45.8386,886.0
1445002,-14.2592,-45.2772,779.0
1445003,-14.6406,-45.5014,753.0
1445004,-14.3322,-45.3969,869.0
1445005,-14.5911,-45.8669,
1445006,-14.0797,-45.855,890.0
1445012,-14.5836,-45.5422,
1445013,-14.6092,-45.5197,
1445015,-14.7128,-45.4114,
1445016,-14.8406,-45.9578,
1445018,-14.3972,-45.5197,793.0
1446000,-14.5617,-46.175,725.0
1446001,-14.4833,-46.4917,544.0
1446004,-14.8039,-46.2533,767.0
1446008,-14.0972,-46.1453,
1446009,-14.7858,-46.2472,
1446010,-14.695,-46.2867,
1446011,-14.6825,-46.2992,
1446012,-14.3272,-46.2311,624.0
1446014,-14.3575,-46.1978,
1446015,-14.3722,-46.2908,534.0
1447000,-14.1347,-47.5117,1197.0
1447001,-14.45,-47.0458,446.0
1447002,-14.7072,-47.5236,1009.0
1447004,-13.9889,-47.9283,447.0
1448000,-14.1506,-48.0783,646.0
1448001,-14.475,-48.4583,568.0
1448002,-14.9739,-48.6736,547.0
1448003,-14.3742,-48.2042,493.0
1448004,-14.5489,-48.1653,555.0
1448005,-14.0222,-48.6111,542.0
1448006,-14.1936,-48.0914,646.0
1448007,-14.8336,-48.7497,543.0
1448008,-14.2403,-48.0214,591.0
1448009,-14.5683,-48.1589,546.0
1448012,-14.9794,-48.6669,
1449000,-14.7611,-49.5803,765.0
1449001,-14.5553,-49.1394,572.0
1449002,-14.4336,-49.7167,400.0
1449003,-14.5325,-49.9628,378.0
1449004,-14.5192,-49.0489,466.0
1449005,-14.7967,-49.1725,501.0
145000,-1.4667,-45.7167,17.0
1450000,-14.3328,-50.7303,200.0
1450001,-14.7414,-50.5772,400.0
1450002,-14.0972,-50.3328,309.0
1450003,-14.3978,-50.9947,242.0
145001,-1.4,-45.7833,17.0
145002,-1.3,-45.8667,21.0
145003,-1.85,-45.0667,30.0
145005,-1.6667,-45.3667,7.0
145006,-1.4558,-45.7281,
1451000,-14.9275,-51.0828,200.0
1451001,-14.5997,-51.7197,281.0
1451002,-14.085,-51.2939,236.0
1452000,-14.6722,-52.3547,263.0
1452004,-14.0764,-52.1503,430.0
1452005,-14.5342,-52.3314,
1453000,-14.6119,-53.9986,549.0
1453001,-14.0333,-53.4,370.0
1453002,-14.8689,-53.3014,413.01
1453003,-14.6297,-53.9097,461.0
1453007,-14.6317,-53.9242,486.0
1453008,-14.5744,-53.6967,434.0
1453009,-14.8644,-53.2919,426.0
1453010,-14.8678,-53.2839,415.05
1453011,-14.6119,-53.9953,542.0
1454000,-14.4178,-54.0494,484.0
1454001,-14.0,-54.1,511.0
1454002,-14.9261,-54.9728,424.0
1454003,-14.7539,-54.9781,416.0
1455000,-14.8833,-55.8667,276.0
1455001,-14.5,-55.9667,312.0
1455002,-14.8833,-55.8667,276.0
1455003,-14.45,-55.6833,352.0
1455004,-14.81,-55.2764,371.0
1455005,-14.0,-55.0,403.0
1455006,-14.9167,-55.8167,365.0
1455007,-14.8833,-55.3167,346.0
1455008,-14.8439,-55.855,203.0
1455009,-14.2206,-55.5067,422.0
1455010,-14.7772,-55.2333,327.0
1455011,-14.6661,-55.4603,375.0
1455012,-14.5417,-55.8481,274.0
1455013,-14.8614,-55.7894,281.0
1455014,-14.8667,-55.8,281.0
1455015,-14.9944,-55.1186,664.0
1455016,-14.5767,-55.8425,
1456000,-14.5667,-56.55,264.0
1456001,-14.4694,-56.85,268.0
1456002,-14.3667,-56.9833,326.0
1456003,-14.4511,-56.8142,217.0
1456004,-14.6525,-56.1239,221.0
1456008,-14.8342,-56.4117,210.0
1456009,-14.1564,-56.9331,506.0
1456010,-14.2,-56.4,403.0
1456011,-14.2173,-56.0351,
1456012,-14.8144,-56.8382,
1456013,-14.3153,-56.7269,336.0
1456014,-14.3272,-56.7494,334.0
1456015,-14.3456,-56.7964,306.0
1456016,-14.4772,-56.3922,297.0
1456017,-14.4253,-56.8247,227.0
1456019,-14.0506,-56.9619,400.0
1456020,-14.4533,-56.8094,
1456021,-14.7569,-56.3067,
1457000,-14.8506,-57.7678,212.0
1457001,-14.6322,-57.4686,380.0
1457002,-14.3,-57.7833,545.0
1457003,-14.1833,-57.5069,620.0
1457004,-14.5847,-57.925,325.0
1457005,-14.6108,-57.7284,
1457006,-14.355,-57.6164,270.0
1457008,-14.8261,-57.9031,445.0
1457009,-14.5928,-57.7731,
1457010,-14.5564,-57.8122,218.0
1457011,-14.6108,-57.7439,241.51
1457012,-14.4194,-57.8183,445.0
1457013,-14.3186,-57.5339,860.0
1457014,-14.5083,-57.5961,
1457015,-14.9867,-57.1158,
1458000,-14.5333,-58.1667,535.0
1458002,-14.3842,-58.2344,605.0
1458005,-14.7106,-58.1025,430.0
1458006,-14.7606,-58.0242,274.0
1458007,-14.9714,-58.0353,222.0
1458008,-14.7475,-58.1039,
1459003,-14.4694,-59.5939,650.0
1459004,-14.4575,-59.5086,
1459005,-14.4072,-59.5208,507.0
146001,-1.05,-46.7833,24.0
146002,-1.25,-46.8667,28.0
146003,-1.6,-46.2,21.0
146004,-1.2167,-46.0167,23.0
146005,-1.7331,-46.5989,
146006,-1.8,-46.2667,23.0
146008,-1.8175,-46.3439,
146009,-1.2314,-46.1878,
146010,-1.2917,-46.5836,
146011,-1.5161,-46.9061,
146012,-1.7989,-46.6967,
146013,-1.2728,-46.8894,
147000,-1.55,-47.1167,36.0
147001,-1.3667,-47.8833,30.0
147002,-1.2036,-47.1781,
147003,-1.2167,-47.3333,39.0
147004,-1.35,-47.9667,30.0
147006,-1.5667,-47.1,42.0
147007,-1.2975,-47.9394,
147008,-1.6775,-47.77,
147010,-1.1325,-47.6283,
147011,-1.655,-47.4914,
147012,-1.2833,-47.9167,40.0
147014,-1.2833,-47.9167,40.0
147015,-1.7667,-47.0667,78.0
147016,-1.5517,-47.1172,
147017,-1.0386,-47.9133,
147018,-1.3569,-47.5742,457.0
147019,-1.2111,-47.3864,
148001,-1.45,-48.5,10.0
148003,-1.2964,-48.1708,
148004,-1.3833,-48.4667,15.0
148006,-1.2,-48.7667,4.0
148007,-1.35,-48.1333,25.0
148008,-1.35,-48.7833,0.0
148009,-1.9611,-48.2064,
148010,-1.7503,-48.8669,
148011,-1.5656,-48.7669,
148012,-1.0942,-48.3986,
148013,-1.4667,-48.45,10.0
148017,-1.5211,-48.0461,
148018,-1.9706,-48.9339,
148019,-1.4647,-48.5044,8.0
148021,-1.455,-48.4017,
149000,-1.5,-49.2167,14.0
149001,-1.8167,-49.8167,0.0
149002,-1.7167,-49.5167,4.0
149003,-2.0019,-49.8636,
149004,-1.8975,-49.3817,
149005,-1.7167,-49.5167,
149006,-1.5364,-49.2322,
150002,-1.1833,-50.4667,22.0
150003,-1.7917,-50.4347,
151000,-1.1233,-51.9964,
151001,-1.7922,-51.4344,
151002,-1.2131,-51.2622,
151003,-1.5825,-51.9178,
152000,-1.7531,-52.24,6.0
152004,-1.2833,-52.9667,22.0
152005,-1.5264,-52.5783,
152006,-1.0819,-53.1575,
153000,-1.8011,-53.48,
1538000,-15.6717,-38.9331,3.0
1538001,-15.8706,-38.8886,4.0
1538002,-15.8667,-38.8833,1.0
1538005,-15.6717,-38.9497,3.0
1539001,-15.2667,-39.4,178.0
1539002,-15.0922,-39.3456,153.0
1539005,-15.95,-39.5167,131.0
1539006,-15.9608,-39.5261,80.0
1539007,-15.1389,-39.7242,181.0
1539008,-15.1389,-39.7242,182.0
1539009,-14.9886,-39.9222,482.0
1539010,-15.5642,-39.3017,41.0
1539011,-15.7333,-39.55,300.0
1539012,-15.5667,-39.2833,70.0
1539013,-15.4522,-39.4467,192.0
1539014,-15.6033,-39.5169,87.0
1539015,-15.1894,-39.4361,267.0
1539016,-15.1544,-39.7692,180.0
1539017,-15.1833,-39.5833,327.0
1539018,-15.3667,-39.7833,364.0
1539019,-15.6,-39.8667,235.0
1539021,-15.3,-39.05,36.0
1539022,-15.4253,-39.4928,63.0
1539030,-15.0647,-39.9661,282.0
1539031,-15.2875,-39.0889,36.0
1539032,-15.1856,-39.4864,267.0
1539034,-15.45,-39.65,270.0
1539035,-15.9667,-39.5333,131.0
1539037,-15.4167,-39.5,192.0
1539047,-15.1667,-39.7667,181.0
1539048,-15.5833,-39.8761,
1539049,-15.9478,-39.5225,30.0
1539053,-15.2831,-39.1125,
1539054,-15.1444,-39.7225,165.0
154000,-1.7736,-54.3972,
1540001,-15.05,-40.7333,711.0
1540002,-15.4667,-40.7167,772.0
1540003,-15.3408,-40.9328,520.0
1540004,-15.2483,-40.6311,342.0
1540005,-15.5333,-40.9333,775.0
1540006,-15.1167,-40.1167,474.0
1540007,-15.65,-40.05,295.0
1540008,-15.25,-40.25,281.0
1540009,-15.2333,-40.25,281.0
154001,-1.5,-54.8714,
1540010,-15.2736,-40.9514,760.0
1540011,-15.5333,-40.4167,310.0
1540012,-15.5667,-40.4167,310.0
1540013,-15.7333,-40.7,650.0
1540019,-15.8944,-40.1697,
154002,-1.9333,-54.7667,10.0
1540020,-15.8817,-40.5633,
154003,-1.9428,-54.7392,
1541001,-15.505,-41.2292,676.0
1541002,-15.7,-41.3333,913.0
1541003,-15.7333,-41.0,806.0
1541004,-15.4833,-41.4667,767.0
1541005,-15.6,-41.8667,781.0
1541006,-15.1847,-41.6081,901.0
1541007,-15.0108,-41.1019,850.0
1541008,-15.0383,-41.9319,752.0
1541009,-15.1661,-41.3467,839.0
1541010,-15.5808,-41.4086,687.0
1541011,-15.0,-41.0,808.0
1541013,-15.4897,-41.4578,
1541014,-15.5225,-41.5111,
1541024,-14.9792,-41.4086,624.0
1541025,-15.7406,-41.8839,
1541026,-15.5581,-41.9778,
1541027,-15.4928,-41.4519,
1541028,-15.5064,-41.3692,671.0
1542000,-15.3833,-42.8667,576.0
1542002,-15.15,-42.8667,683.0
1542003,-15.1667,-42.5,1044.0
1542004,-15.6167,-42.55,851.0
1542005,-15.6167,-42.55,851.0
1542006,-15.8,-42.8833,841.0
1542007,-15.65,-42.7333,1094.0
1542008,-15.3167,-42.0167,829.0
1542009,-15.3,-42.1833,863.0
1542013,-15.1333,-42.9167,733.0
1542014,-15.3167,-42.0228,765.0
1542015,-15.5983,-42.5475,782.0
1542016,-15.6367,-42.9436,
1542026,-15.1564,-42.4994,
1542027,-15.7,-42.3667,
1542028,-15.6686,-42.4533,
1542029,-15.7075,-42.1594,
1542030,-15.6092,-42.5417,
1543000,-15.8167,-43.3,611.0
1543001,-15.6167,-43.5833,511.0
1543002,-15.3411,-43.6753,450.0
1543003,-15.1833,-43.0667,956.0
1543004,-15.0833,-43.1167,530.0
1543005,-15.8333,-43.2,827.0
1543006,-15.3667,-43.6833,482.0
1543007,-15.5167,-43.05,522.0
1543008,-15.6,-43.8667,564.0
1543009,-15.75,-43.0167,614.0
1543010,-15.9833,-43.05,782.0
1543011,-15.95,-43.8333,603.0
1543013,-15.7756,-43.2797,498.0
1543018,-15.6167,-43.5833,
1543019,-15.0861,-43.1192,
1543020,-15.4611,-43.2889,
1543024,-15.535,-43.0669,
1543025,-15.7369,-43.585,523.0
1543027,-15.9408,-43.6392,498.0
1544000,-15.6333,-44.0,651.0
1544001,-15.7833,-44.05,780.0
1544002,-15.2167,-44.0833,471.0
1544003,-15.8167,-44.7333,490.0
1544004,-15.7333,-44.1833,821.0
1544005,-15.0833,-44.1,458.0
1544007,-15.4833,-44.3667,471.0
1544009,-15.9,-44.3,874.0
1544010,-15.6,-44.4,498.0
1544011,-15.3333,-44.2833,478.0
1544012,-15.9494,-44.8681,448.0
1544013,-15.95,-44.8667,495.0
1544014,-15.9333,-44.0167,754.0
1544015,-15.4833,-44.3667,471.0
1544017,-15.5978,-44.3903,
1544018,-15.0225,-44.0536,
1544019,-15.9303,-44.0042,
1544021,-15.0,-44.0,470.0
1544023,-15.4833,-44.7667,556.0
1544030,-15.7042,-44.0286,
1544031,-15.4,-44.3667,471.0
1544032,-15.4831,-44.7672,
1544036,-15.9056,-44.3072,
1544037,-15.3178,-44.2667,
1544050,-15.4872,-44.3906,
1544052,-15.5136,-44.7539,455.0
1544053,-15.9494,-44.8681,
1545002,-15.5022,-45.39,
1545004,-15.295,-45.6267,
1545005,-15.4936,-45.1564,
1545006,-15.2447,-45.3172,
1545010,-15.1889,-45.645,
1545011,-15.2858,-45.9192,
1546000,-15.9178,-46.1192,492.0
1546001,-15.6158,-46.415,
1546005,-15.8008,-46.9247,900.0
1546009,-15.2156,-46.0306,860.0
1546010,-15.5242,-46.2844,522.0
1546011,-15.0314,-46.2922,785.0
1547000,-15.5333,-47.4667,1043.0
1547001,-15.2161,-47.1569,750.0
1547002,-15.6431,-47.6508,969.0
1547006,-15.85,-47.9,1063.0
1547008,-15.8414,-47.9086,1005.0
1547009,-15.7433,-47.8772,1010.0
1547010,-15.6531,-47.8789,1242.0
1547011,-15.6572,-47.6964,969.0
1547012,-15.9592,-47.6611,926.0
1547013,-15.6322,-47.5203,1053.0
1547014,-15.9792,-47.975,1206.0
1547015,-15.6611,-47.8117,1040.0
1547016,-15.5833,-47.7,1014.0
1547017,-15.67,-47.9525,1078.0
1547018,-15.8058,-47.9981,1103.0
1547019,-15.8908,-47.8456,1064.0
1547020,-15.7967,-47.7836,1010.0
1547021,-15.8386,-47.6272,998.0
1547022,-15.7922,-47.4328,890.0
1547024,-15.8606,-48.0689,1184.0
1547025,-15.5917,-47.7,1014.0
1547027,-15.2328,-47.5739,1171.0
1547029,-15.7756,-47.9056,1134.0
1547030,-15.23,-47.6964,1016.0
1547032,-15.8181,-47.945,1150.0
1547035,-15.7911,-47.7622,895.0
1547038,-15.6539,-47.8589,1123.0
1547039,-15.5856,-47.3333,870.0
1547040,-15.6411,-47.3561,874.0
1547041,-15.8286,-47.4114,867.0
1547042,-15.9008,-47.4578,861.0
1547043,-15.9675,-47.4764,866.0
1547044,-15.7264,-47.3197,874.0
1547045,-15.9581,-47.3747,
1547046,-15.9533,-47.1653,
1547048,-15.9014,-47.7481,889.0
1547049,-15.49,-47.6858,
1547050,-15.5281,-47.7419,
1547051,-15.5231,-47.8158,
1547052,-15.6039,-47.88,1123.0
1547053,-15.5008,-47.8542,
1547054,-15.4542,-47.9817,820.0
1547055,-15.6256,-47.395,899.0
1547058,-15.8372,-47.3689,914.0
1547059,-15.7725,-47.3989,
1547061,-15.7289,-47.5089,
1547062,-15.7811,-47.4494,
1547063,-15.8458,-47.3853,
1547064,-15.9428,-47.3636,
1547065,-15.8044,-47.5608,
1547066,-15.8278,-47.5603,
1547067,-15.8281,-47.5239,953.0
1547068,-15.8597,-47.4756,
1547069,-15.9036,-47.4853,
1547070,-15.9475,-47.4458,
1547071,-15.6686,-47.6714,
1547072,-15.8094,-47.7006,
1547073,-15.8186,-47.7047,951.0
1547074,-15.8575,-47.9775,1058.0
1547075,-15.9406,-47.9442,
1547076,-15.8753,-47.7228,
1547077,-15.8925,-47.7228,
1547078,-15.6822,-47.6631,932.0
1547079,-15.8181,-47.945,1150.0
1547089,-15.7219,-47.8681,
1547091,-15.6592,-47.625,925.08
1547092,-15.6689,-47.9531,1075.66
1547093,-15.8594,-47.9419,1005.0
1547095,-15.3222,-47.3817,579.0
1547096,-15.8558,-47.8575,1003.96
1547097,-15.7283,-47.91,1003.0
1547098,-15.6144,-47.5456,1008.0
1547099,-15.6397,-47.5742,980.0
1547100,-15.7272,-47.6967,
1547101,-15.9739,-47.3986,
1547102,-15.8583,-47.8739,
1547103,-15.8056,-47.7069,875.0
1547110,-15.9464,-47.1233,
1548000,-15.6711,-48.2219,1076.0
1548001,-15.0631,-48.1664,687.0
1548002,-15.1678,-48.2794,651.0
1548003,-15.8547,-48.9661,790.0
1548005,-16.0247,-48.0978,980.0
1548006,-15.7897,-48.1128,1269.0
1548007,-15.6592,-48.1906,1098.0
1548008,-15.7794,-48.2303,1061.0
1548009,-15.7111,-48.0925,1195.0
1548010,-15.8906,-48.025,1185.0
1548011,-15.5414,-48.5542,666.0
1548013,-15.5967,-48.0431,1122.0
1548014,-15.9333,-48.1333,1016.0
1548015,-15.65,-48.15,1227.0
1548017,-15.8167,-48.1,1184.0
1548020,-15.7414,-48.3056,1142.0
1548030,-15.8928,-48.4103,895.0
1548033,-15.9319,-48.1117,1117.0
1548034,-15.8658,-48.1531,1022.0
1548035,-15.4875,-48.0458,
1548036,-15.4981,-48.1406,
1548037,-15.8528,-48.0947,1184.0
1548038,-15.9267,-48.2589,
1548040,-15.8078,-48.0067,
1548041,-15.5992,-48.1317,1300.0
1548042,-15.6767,-48.0711,1245.0
1548050,-15.1175,-48.9242,584.0
1548051,-15.7844,-48.0486,1259.0
1548054,-15.7778,-48.2314,1032.97
1548055,-15.7089,-48.2339,1034.89
1548056,-15.6344,-48.1842,1094.0
1548057,-15.725,-48.1683,1035.16
1548058,-15.7622,-48.1594,
1548059,-15.9311,-48.2575,
1549000,-15.2753,-49.5519,619.0
1549001,-15.3292,-49.1217,662.0
1549002,-15.5642,-49.9436,646.0
1549003,-15.7581,-49.3369,607.0
1549004,-15.0206,-49.8917,800.0
1549005,-15.9667,-49.9833,765.0
1549006,-15.9167,-49.25,729.0
1549007,-15.4667,-49.4667,611.0
1549008,-15.1333,-49.7833,673.0
1549009,-15.4961,-49.6908,560.0
1549013,-15.5142,-49.4853,
1549018,-15.5792,-49.4856,
155000,-1.7597,-55.8614,11.0
1550000,-15.8158,-50.6086,343.0
1550001,-15.3731,-50.5,400.0
1550002,-15.5356,-50.7028,450.0
1550004,-15.9147,-50.1278,
1550006,-15.9222,-50.1717,474.0
155002,-1.8881,-55.1156,
155003,-1.9192,-55.5131,37.0
1551000,-15.2461,-51.1633,297.0
1551001,-15.9408,-51.3572,400.0
1551002,-15.89,-51.8536,299.0
1551003,-15.7672,-51.1044,400.0
1551005,-15.7381,-51.8281,278.0
1552000,-15.8914,-52.2278,516.0
1552001,-15.7111,-52.7544,366.0
1552002,-15.2503,-53.0553,438.0
1552006,-15.0356,-52.2375,291.0
1552009,-15.0888,-52.0486,
1552011,-15.9022,-52.2772,294.0
1553000,-15.8667,-53.3833,431.0
1553003,-15.5419,-53.4519,653.0
1553005,-15.0678,-53.9453,571.0
1553006,-15.2231,-53.9667,
1554001,-15.85,-54.3833,403.0
1554005,-15.3147,-54.1758,551.0
1554006,-15.9889,-54.9683,252.0
1554007,-15.3717,-54.3836,576.0
1554008,-15.9983,-54.9225,
1554009,-15.3051,-54.1863,555.0
1554010,-15.4072,-54.4322,580.0
1554011,-15.3661,-54.8,613.0
1554012,-15.7975,-54.3608,366.0
1554013,-15.8342,-54.4056,348.0
1554014,-15.8508,-54.3753,324.0
1554016,-15.0989,-54.7211,708.0
1554017,-15.8322,-54.9578,
1555000,-15.4078,-55.2967,706.0
1555001,-15.4689,-55.7289,714.0
1555003,-15.3667,-55.45,455.0
1555004,-15.6667,-55.4167,593.0
1555005,-15.8361,-55.3219,797.0
1555006,-15.2667,-55.1,682.0
1555007,-15.3656,-55.4369,455.0
1555008,-15.2328,-55.7411,442.0
1555010,-15.2136,-55.6411,363.0
1555011,-15.0919,-55.4417,380.0
1555012,-15.0531,-55.0733,765.0
1555013,-15.3667,-55.45,488.0
1555014,-15.9792,-55.0328,296.0
1555015,-15.3422,-55.4611,355.0
1555016,-15.3567,-55.3983,490.0
1555017,-15.5175,-55.4028,626.0
1555018,-15.7536,-55.5483,223.1
1555019,-15.9872,-55.0711,381.0
1555020,-15.9964,-55.0961,429.0
1555024,-15.9967,-55.3986,231.0
1555025,-15.965,-55.3469,585.0
1555026,-15.9381,-55.4253,351.0
1555027,-15.4481,-55.9858,
1555028,-15.9697,-55.0903,457.0
1556000,-15.355,-56.2317,240.0
1556001,-15.7739,-56.3497,225.0
1556004,-15.6333,-56.1,173.0
1556005,-15.2067,-56.3656,198.0
1556006,-15.6353,-56.6117,156.0
1556007,-15.6986,-55.1356,169.0
1556009,-15.6067,-56.0603,173.0
1556010,-15.2744,-56.1283,224.0
1556011,-15.6692,-56.4825,244.0
1556012,-15.4164,-56.7533,287.0
1556013,-15.1933,-56.0003,461.0
1556015,-15.6217,-56.1083,151.0
1556020,-15.8697,-56.0761,130.0
1556021,-15.195,-56.0003,
1557000,-15.3258,-57.2311,149.0
1557001,-15.0767,-57.1825,156.0
1557002,-15.7333,-57.5333,144.0
1557003,-15.6422,-57.475,187.0
1557004,-15.1167,-57.65,198.0
1557005,-15.0925,-57.6803,106.0
1557006,-15.2313,-57.6987,
1557007,-15.4689,-57.894,
1558000,-15.2453,-58.1133,124.0
1558001,-15.4692,-57.8942,188.0
1558002,-15.3167,-58.1167,382.0
1558003,-15.85,-58.45,155.0
1558004,-15.44,-58.5878,235.0
1558005,-15.8533,-58.4658,166.0
1558006,-15.0,-58.0,206.0
1558007,-15.0592,-58.91,
1558009,-15.3942,-58.6328,199.0
1558010,-15.2917,-58.7075,542.0
1558011,-15.2622,-58.7222,253.4
1558012,-15.1381,-58.9817,295.0
1558013,-15.2378,-58.7297,375.0
1558014,-15.1322,-58.7297,328.0
1558015,-15.0231,-58.7217,449.18
1558016,-15.0369,-58.7358,443.87
1558017,-15.0528,-58.7508,403.44
1558018,-15.129,-58.377,
1558019,-15.8508,-58.4583,
1558020,-15.4836,-58.5983,
1558021,-15.4669,-58.3564,
1559000,-15.2242,-59.3503,236.0
1559004,-15.0,-59.9667,202.0
1559005,-15.7667,-59.1167,362.0
1559006,-15.0081,-59.9492,209.0
1559008,-15.2158,-59.353,
1559010,-15.2108,-59.0119,270.0
1559011,-15.2206,-59.0028,830.0
1559012,-15.009,-59.956,
156000,-1.1014,-56.04,
1560000,-15.4003,-60.0317,151.0
156001,-1.4583,-56.3833,33.0
156002,-1.4556,-56.4025,
156004,-1.3706,-56.8519,
157000,-1.0875,-57.0469,34.0
157001,-1.4378,-57.8275,
157002,-1.8683,-57.0506,
157003,-1.1006,-57.0569,
158,-9.401269,-38.2177,
158000,-1.6406,-58.5189,63.0
158001,-1.0333,-58.6833,88.0
158002,-1.6678,-58.5381,63.0
158003,-1.9328,-58.2558,
158004,-1.6833,-58.5333,
159000,-1.9381,-59.4833,33.0
159001,-1.9494,-59.4767,28.0
159006,-0.9911,-59.4797,58.0
159007,-1.9161,-59.4756,52.0
160000,-1.2989,-60.3997,
160001,-1.2106,-60.2347,51.0
161001,-1.95,-61.3667,39.0
161002,-1.4589,-61.6331,
161003,-1.7333,-61.9167,40.0
161004,-1.8325,-61.5983,
162000,-1.3944,-61.9792,
162001,-1.9833,-62.0667,47.0
162002,-1.8872,-62.4367,
162003,-1.7108,-62.8236,
163001,-1.6922,-63.7869,49.0
1639000,-16.265,-39.5833,180.0
1639001,-16.15,-39.3,80.0
1639003,-16.45,-39.0667,6.0
1639004,-16.3667,-39.8,201.0
1639006,-16.0667,-39.6,234.0
1639007,-16.5667,-39.55,135.0
1639008,-16.5833,-39.55,135.0
1639009,-16.7186,-39.4381,91.0
1639010,-16.2333,-39.7,196.0
1639012,-16.4,-39.3,92.0
1639013,-16.3667,-39.5667,176.0
1639015,-16.0,-39.9667,181.0
1639016,-16.0,-39.9667,181.0
1639018,-16.3667,-39.5833,176.0
1639019,-16.6606,-39.5067,132.0
1639020,-16.0878,-39.2156,58.0
1639021,-16.3886,-39.1819,81.0
1639027,-16.0,-39.0,16.0
1640000,-16.1386,-40.2903,160.0
1640001,-16.1203,-40.7394,
1640002,-16.1833,-40.7167,337.0
1640006,-16.5167,-40.1333,422.0
1640007,-16.25,-40.1333,386.0
1640008,-16.9167,-40.5,508.0
1640009,-16.3789,-40.5408,
1640010,-16.6342,-40.7606,
1640012,-16.8386,-40.1564,
1640019,-16.08,-40.0525,136.0
1641000,-16.6,-41.7667,512.0
1641001,-16.5683,-41.5031,241.0
1641002,-16.4275,-41.0139,254.0
1641003,-16.2333,-41.5833,753.0
1641005,-16.0,-41.2833,706.0
1641007,-16.6894,-41.4983,
1641010,-16.6181,-41.7675,
1641011,-16.23,-41.4808,590.0
1641012,-16.5961,-41.0244,
1641013,-16.2961,-41.7903,
1641020,-16.4272,-41.0131,206.0
1641021,-16.75,-41.5,711.0
1641022,-16.65,-41.0,398.0
1641023,-16.7867,-41.9125,
1641024,-16.1103,-41.9278,
1641025,-16.7089,-41.8017,
1642001,-16.8508,-42.0789,323.0
1642002,-16.6131,-42.1869,279.0
1642003,-16.3167,-42.7,881.0
1642005,-16.5667,-42.9,739.0
1642006,-16.25,-42.8667,938.0
1642007,-16.6789,-42.4856,273.0
1642008,-16.4119,-42.2683,380.0
1642009,-16.1667,-42.2833,575.0
1642010,-16.2333,-42.5167,717.0
1642011,-16.8,-42.35,382.0
1642012,-16.95,-42.5,444.0
1642013,-16.86,-42.3475,290.0
1642014,-16.5914,-42.9183,
1642025,-16.1667,-42.2667,575.0
1642026,-16.1931,-42.5942,
1642027,-16.6178,-42.3089,
1642028,-16.7608,-42.0061,
1642029,-16.5925,-42.9164,
1642040,-16.7597,-42.0,274.0
1642041,-16.8208,-42.6397,
1642042,-16.7358,-42.5731,
1642043,-16.8461,-42.0683,
1642044,-16.6781,-42.4867,318.0
1642045,-16.8514,-42.0781,283.0
1642046,-16.6353,-42.2014,291.0
1642048,-16.6164,-42.3114,
1642050,-16.8519,-42.0781,
1643000,-16.0333,-43.2667,699.0
1643001,-16.4,-43.25,915.0
1643002,-16.3167,-43.7167,549.0
1643003,-16.3167,-43.4167,666.0
1643004,-16.2333,-43.2833,772.0
1643005,-16.4833,-43.5,777.0
1643006,-16.9,-43.9,926.0
1643007,-16.8333,-43.6,868.0
1643008,-16.5833,-43.95,850.0
1643010,-16.7333,-43.8667,683.0
1643012,-16.25,-43.0833,870.0
1643013,-16.9333,-43.7167,722.0
1643014,-16.15,-43.8833,552.0
1643015,-16.3,-43.95,728.0
1643016,-16.5833,-43.6833,618.0
1643017,-16.6167,-43.3,822.0
1643018,-16.7333,-43.8667,683.0
1643019,-16.7667,-43.7,651.0
1643020,-16.3222,-43.715,549.0
1643022,-16.6667,-43.7333,606.0
1643025,-16.6269,-43.3078,962.0
1643026,-16.1086,-43.8561,519.0
1643027,-16.3108,-43.1056,
1643028,-16.0044,-43.0467,
1643036,-16.2372,-43.2639,
1643037,-16.5764,-43.9433,
1643038,-16.8469,-43.5892,
1643041,-16.6694,-43.8242,
1643042,-16.1569,-43.7844,
1643044,-16.0647,-43.7306,
1644000,-16.4333,-44.2833,808.0
1644001,-16.6667,-44.3667,814.0
1644002,-16.2,-44.4333,758.0
1644004,-16.4833,-44.8,658.0
1644005,-16.65,-44.0167,914.0
1644006,-16.5333,-44.05,918.0
1644007,-16.7,-44.3667,864.0
1644009,-16.3833,-44.45,750.0
1644010,-16.8667,-44.1,928.0
1644011,-16.3,-44.6,715.0
1644012,-16.8667,-44.9167,489.0
1644013,-16.1167,-44.7,703.0
1644014,-16.9833,-44.6,734.0
1644015,-16.1,-44.5833,783.0
1644016,-16.25,-44.1833,803.0
1644017,-16.0667,-44.0833,735.0
1644018,-16.1333,-44.2167,854.0
1644019,-16.6833,-44.55,729.0
1644020,-16.8667,-44.3667,850.0
1644021,-16.7,-44.1167,843.0
1644022,-16.5333,-44.5333,659.0
1644023,-16.6167,-44.7,690.0
1644024,-16.2833,-44.8167,589.0
1644025,-16.9667,-44.2667,855.0
1644027,-16.2064,-44.4253,
1644028,-16.7025,-44.1172,
1644031,-16.8,-44.7167,619.0
1644032,-16.4142,-44.2214,
1644033,-16.2864,-44.7817,
1644034,-16.6833,-44.5747,
1644042,-16.1583,-44.1889,
1645000,-16.3717,-45.0828,472.0
1645001,-16.3667,-45.0667,482.0
1645002,-16.2817,-45.4142,460.0
1645003,-16.2686,-45.2378,437.0
1645005,-16.1336,-45.7422,447.0
1645007,-16.9089,-45.3786,499.0
1645008,-16.1331,-45.7417,488.0
1645009,-16.6569,-45.0808,
1645013,-16.8072,-45.0303,
1645017,-16.45,-45.7667,587.0
1645018,-16.2667,-45.2,490.0
1645019,-16.4286,-45.7422,
1645020,-16.6886,-45.4136,
1645024,-16.9964,-45.5122,486.0
1645025,-16.5872,-45.1336,425.0
1645026,-16.3725,-45.07,
1645027,-16.9075,-45.3819,493.0
1645028,-16.4289,-45.7403,504.0
1645029,-16.1331,-45.7417,
1646000,-16.8297,-46.3222,540.0
1646001,-16.3514,-46.8897,
1646002,-16.3833,-46.8833,597.0
1646003,-16.5297,-46.7211,
1646004,-16.5028,-46.6628,
1646012,-16.3231,-46.9144,
1646013,-16.5303,-46.7217,
1646014,-16.0469,-46.0308,489.0
1646015,-16.8406,-46.3572,
1646016,-16.8744,-46.5867,
1647001,-16.5375,-47.8006,860.0
1647002,-16.7881,-47.6033,1159.0
1647003,-16.1558,-47.9367,948.0
1647006,-16.9,-47.9167,810.0
1647008,-16.2089,-47.2325,
1647009,-16.0358,-47.415,869.0
1647010,-16.2106,-47.3233,
1647011,-16.1453,-47.8161,918.0
1647012,-16.0686,-47.595,1014.0
1647013,-16.0356,-47.6853,
1647014,-16.0508,-47.7442,
1647015,-16.0633,-47.6797,
1647016,-16.0153,-47.5342,
1647017,-16.7933,-47.9322,816.0
1647018,-16.1917,-47.1692,606.0
1647019,-16.19,-47.0256,570.0
1647020,-16.1783,-47.0028,606.0
1647023,-16.9683,-47.3419,881.0
1647024,-16.3892,-47.1508,974.0
1647025,-16.5114,-47.4528,830.0
1647026,-16.7578,-47.2342,800.0
1647027,-16.0647,-47.9425,
1647028,-16.2125,-47.2069,817.0
1647029,-16.7856,-47.8844,745.0
1647030,-16.7875,-47.8856,744.0
1647094,-16.0497,-47.9378,
1647095,-16.9092,-47.4317,
1647096,-16.0422,-47.8486,
1647104,-16.4836,-47.7772,777.0
1647105,-16.6472,-47.8356,756.0
1647106,-16.5358,-47.7792,779.0
1647107,-16.4817,-47.7753,779.0
1647108,-16.8086,-47.9092,
1648000,-16.3631,-48.0897,884.0
1648001,-16.1431,-48.6,1087.0
1648002,-16.7478,-48.5264,964.0
1648003,-16.9667,-48.95,809.0
1648014,-16.1544,-48.6664,922.0
1648015,-16.0514,-48.3664,961.0
1648016,-16.0081,-48.2719,
1648017,-16.0531,-48.2453,
1648018,-16.0356,-48.1331,
1648019,-16.0458,-48.0825,
1648020,-16.0069,-48.2447,1003.0
1648021,-16.3089,-48.0878,785.0
1648022,-16.6022,-48.0989,822.0
1648024,-16.0211,-48.2703,945.0
1648025,-16.0714,-48.3686,961.0
1648027,-16.3269,-48.5953,893.0
1648028,-16.1264,-48.1494,923.0
1648037,-16.1775,-48.9642,702.0
1649000,-16.4653,-49.9428,605.0
1649001,-16.9119,-49.4522,800.0
1649002,-16.7011,-49.0947,743.0
1649003,-16.9572,-49.0764,700.0
1649004,-16.5164,-49.0203,900.0
1649005,-16.6667,-49.2667,737.0
1649006,-16.3467,-49.495,747.0
1649007,-16.0275,-49.8003,726.0
1649009,-16.2186,-49.1978,1078.0
1649010,-16.8031,-49.9286,500.0
1649011,-16.0833,-49.3167,728.0
1649012,-16.6611,-49.4878,777.0
1649021,-16.6128,-49.2811,737.0
1649022,-16.695,-49.2589,798.0
1649037,-16.6811,-49.1964,
1649038,-16.6136,-49.2797,
1649039,-16.5694,-49.3289,709.0
1649040,-16.3503,-49.4992,740.0
1649048,-16.1039,-49.0244,840.0
165000,-1.8611,-65.5906,92.0
1650000,-16.6694,-50.6492,766.0
1650001,-16.2983,-50.5567,569.0
1650002,-16.3164,-50.9061,406.0
1650003,-16.6094,-50.1328,700.0
165001,-1.0,-65.0,54.0
1651000,-16.9497,-51.7994,713.0
1651001,-16.4281,-51.0828,602.0
1651002,-16.4233,-51.8228,356.0
1651003,-16.3058,-51.4706,361.0
1651006,-16.6164,-51.77,
1651008,-16.5864,-51.8156,
1651009,-16.7658,-51.6358,591.0
1651010,-16.6631,-51.5844,580.0
1651011,-16.5072,-51.4364,495.0
1651012,-16.4033,-51.4033,421.0
1651013,-16.3697,-51.4178,415.0
1651014,-16.3419,-51.4397,409.0
1651015,-16.3306,-51.46,368.0
1651016,-16.475,-51.4133,456.0
1651017,-16.555,-51.2928,460.0
1651018,-16.4414,-51.3969,454.33
1651019,-16.6847,-51.2325,469.15
1652000,-16.2092,-52.1686,402.0
1652001,-16.7664,-52.8372,380.0
1652002,-16.2014,-52.55,307.0
1652003,-16.7217,-52.3211,500.0
1652004,-16.2986,-52.7028,363.0
1652005,-16.103,-52.4834,
1652006,-16.3056,-52.7097,400.0
1652007,-16.3375,-52.745,467.0
1653000,-16.0767,-53.5511,399.0
1653001,-16.8,-53.0833,478.0
1653002,-16.3528,-53.7608,485.0
1653003,-16.9667,-53.5833,787.0
1653004,-16.9442,-53.5336,564.0
1653005,-16.6689,-53.4536,546.0
1654000,-16.4711,-54.6561,220.0
1654001,-16.6739,-54.2661,305.0
1654002,-16.4667,-54.6333,254.0
1654004,-16.8431,-54.4081,287.0
1654005,-16.3911,-54.1494,377.0
1654007,-16.4806,-54.6536,
1654009,-16.6689,-54.7403,317.0
1654010,-16.6669,-54.7356,314.0
1654011,-16.2189,-54.9431,223.0
1654012,-16.0394,-54.9397,248.0
1654013,-16.045,-54.8867,235.0
1654014,-16.7483,-54.7217,371.0
1654015,-16.7128,-54.7478,370.0
1654016,-16.1039,-54.9908,300.0
1654018,-16.2133,-54.3008,
1655000,-16.3561,-55.5864,150.0
1655001,-16.6081,-55.2064,139.0
1655002,-16.1936,-55.9453,158.0
1655003,-16.7275,-55.3553,166.0
1655004,-16.8939,-55.9072,298.0
1655007,-16.2994,-55.0622,370.0
1655008,-16.1111,-55.3758,295.0
1655009,-16.0964,-55.0425,395.0
1655010,-16.1836,-55.0144,432.0
1655011,-16.0917,-55.0925,552.0
1655012,-16.4239,-55.2986,386.0
1655013,-16.2889,-55.0106,222.0
1655014,-16.4639,-55.3281,168.0
1655015,-16.3375,-55.8947,136.0
1656000,-16.6667,-56.0333,141.0
1656001,-16.5119,-56.3756,119.0
1656002,-16.3147,-56.5436,124.0
1656003,-16.9211,-56.2236,160.0
1656004,-16.9442,-56.6319,116.0
1656005,-16.5303,-56.3756,
1656006,-16.3372,-56.56,
1657001,-16.8,-57.0167,110.0
1657002,-16.7336,-57.7503,103.0
1657003,-16.0817,-57.6942,108.0
1657004,-16.0392,-57.2575,154.0
1657006,-16.5292,-57.8172,126.0
1658000,-16.3944,-58.3389,168.0
1658001,-16.9833,-58.3333,99.0
1658002,-16.3622,-58.4053,116.0
1659001,-16.2708,-59.4919,240.0
166000,-1.8211,-66.6,52.0
166001,-1.27,-66.1908,67.0
167000,-1.6333,-67.6667,72.0
167001,-1.7319,-67.5786,72.0
168000,-1.7667,-68.8333,83.0
169000,-1.3947,-69.4283,82.0
169001,-1.0,-69.0,138.0
169002,-1.7333,-69.1167,86.0
1738001,-17.9625,-38.7031,0.0
1739000,-17.2333,-39.6667,97.0
1739001,-17.3503,-39.22,6.0
1739002,-17.3333,-39.2167,13.0
1739003,-17.8072,-39.6597,56.0
1739004,-17.0667,-39.5333,71.0
1739005,-17.045,-39.5447,80.0
1739006,-17.8081,-39.6625,59.0
1739008,-17.7394,-39.2575,5.0
1739009,-17.5333,-39.6333,87.0
1739010,-17.5156,-39.2275,10.0
1739014,-17.05,-39.5333,71.0
1739015,-17.5,-39.25,8.0
1739020,-17.5103,-39.6411,
1739021,-17.2536,-39.7783,
1739022,-17.2494,-39.6222,
1740000,-17.7056,-40.7597,146.0
1740001,-17.8375,-40.3772,92.0
1740002,-17.9167,-40.3,155.0
1740005,-17.3722,-40.2258,
1740006,-17.1875,-39.9822,
1740007,-17.4333,-40.05,167.0
1740008,-17.1633,-40.3267,
1740014,-17.2333,-40.5833,290.0
1740015,-17.3667,-40.2167,201.0
1740016,-17.8833,-40.0333,124.0
1740017,-17.4303,-39.9447,140.0
1740018,-17.2,-40.15,212.0
1740019,-17.3719,-40.2253,201.0
1740020,-17.1167,-40.0167,171.0
1740021,-17.1333,-40.3333,239.0
1740022,-17.6875,-40.1061,190.0
1740024,-17.2,-40.15,212.0
1740026,-17.3203,-40.6761,192.0
1740033,-17.0825,-40.9408,
1740035,-17.895,-40.2014,89.0
1740036,-17.7042,-40.7617,146.0
1740037,-17.6306,-40.6036,170.0
1740038,-17.595,-40.9867,285.0
1740039,-17.0822,-40.0772,402.0
1740040,-17.0656,-40.0675,402.0
1740041,-17.0706,-40.1544,590.0
1741001,-17.595,-41.4928,
1741003,-17.4911,-41.2394,275.0
1741006,-17.6294,-41.7372,430.0
1741007,-17.8803,-41.3147,284.0
1741008,-17.4667,-41.8833,869.0
1741009,-17.7386,-41.1211,204.0
1741013,-17.0728,-41.4831,
1741019,-17.1833,-41.6667,
1741020,-17.0167,-41.8333,
1741021,-17.8692,-41.5206,
1741022,-17.7381,-41.1208,215.0
1741023,-17.5956,-41.4931,424.0
1741024,-17.4278,-41.2328,330.0
1741025,-17.4903,-41.2372,330.0
1742000,-17.2333,-42.6333,723.0
1742001,-17.15,-42.7,588.0
1742002,-17.0333,-42.1167,446.0
1742003,-17.2667,-42.7333,655.0
1742007,-17.1,-42.5333,626.0
1742008,-17.5794,-42.995,552.0
1742011,-17.9833,-42.4,542.0
1742012,-17.0333,-42.35,492.0
1742013,-17.3,-42.0167,886.0
1742014,-17.6917,-42.5261,890.0
1742017,-17.8456,-42.0756,
1742019,-17.9922,-42.3939,600.0
1742020,-16.9711,-42.1156,
1742022,-17.2825,-42.8078,
1742023,-17.2192,-42.5889,605.0
1742024,-17.25,-42.75,655.0
1742025,-17.5728,-42.1353,698.0
1742032,-17.8667,-42.55,853.0
1742033,-17.0222,-42.0339,
1743000,-17.1167,-43.8167,703.0
1743002,-17.3128,-43.2078,630.0
1743016,-17.0694,-43.3131,
1743018,-17.9531,-43.2467,814.0
1743023,-17.3156,-43.2125,
1744000,-17.2,-44.8167,499.0
1744001,-17.2333,-44.4667,553.0
1744002,-17.2,-44.6667,698.0
1744003,-17.0667,-44.4833,748.0
1744004,-17.0667,-44.0333,882.0
1744005,-17.3667,-44.9333,505.0
1744006,-17.3639,-44.9483,505.0
1744007,-17.3667,-44.7833,508.0
1744008,-17.25,-44.4833,553.0
1744009,-17.5961,-44.7011,488.0
1744010,-17.89,-44.5767,536.0
1744012,-17.8742,-44.1769,755.0
1744014,-17.3522,-44.9594,505.0
1744020,-17.0667,-44.8,516.0
1744021,-17.2667,-44.2667,602.0
1744027,-17.5,-44.7,566.0
1744030,-17.9953,-44.1767,516.0
1744032,-17.3,-44.2831,823.0
1744034,-17.2389,-44.4547,553.0
1744044,-17.6333,-44.9833,
1744045,-17.75,-44.1667,
1744046,-17.3683,-44.9428,
1744047,-17.5953,-44.7133,
1744051,-17.7497,-44.5,538.0
1744052,-17.3692,-44.9431,
1745000,-17.1458,-45.8803,506.0
1745001,-17.1111,-45.4378,520.0
1745007,-17.0269,-45.5406,498.0
1745011,-17.0333,-45.5,542.0
1745014,-17.8253,-45.4792,
1745015,-17.4042,-45.0378,
1745016,-17.3244,-45.1486,
1745017,-17.6167,-45.9,
1745021,-17.1211,-45.4358,534.0
1746001,-17.0308,-46.0136,510.0
1746002,-17.2553,-46.4739,490.0
1746004,-17.2667,-46.2,546.0
1746006,-17.6636,-46.355,
1746007,-17.4972,-46.5817,
1746008,-17.2167,-46.8667,703.0
1746009,-17.0,-46.0667,519.0
1746016,-17.3333,-46.8833,642.0
1746017,-17.0419,-46.8178,
1746018,-17.9156,-47.0106,
1746019,-17.6133,-46.8592,546.0
1746026,-17.2656,-46.9556,597.0
1746027,-17.255,-46.4728,
1747000,-17.0283,-47.1581,851.0
1747001,-17.5042,-47.5556,832.0
1747005,-17.7725,-47.0986,1000.0
1747006,-17.75,-47.0833,652.0
1747007,-17.0333,-47.9333,762.0
1747010,-17.3422,-47.4956,765.0
1747011,-17.4342,-47.4822,768.0
1747012,-17.8772,-47.7014,
1747013,-17.1969,-47.5783,
1747014,-17.0169,-47.9275,
1747015,-17.4778,-47.6244,750.34
1747016,-17.7731,-47.5361,876.0
1748000,-17.1981,-48.715,824.0
1748001,-17.9719,-48.1753,663.0
1748002,-17.7,-48.85,622.0
1748003,-17.7167,-48.1667,763.0
1748004,-17.9831,-48.6833,633.0
1748005,-17.1314,-48.1372,736.0
1748006,-17.3333,-48.25,692.0
1748007,-17.5842,-48.5183,710.0
1748009,-7.8758,-48.8775,
1748010,-17.0333,-48.3,836.0
1748014,-17.3039,-48.2708,692.0
1748016,-17.9867,-48.5425,676.0
1748017,-17.7478,-48.8442,622.0
1748018,-17.5331,-48.5069,710.0
1748021,-17.3283,-48.2392,690.0
1748022,-17.9211,-48.0308,709.0
1748023,-17.9092,-48.0831,709.0
1749000,-17.3414,-49.9303,500.0
1749001,-17.1056,-49.6908,558.0
1749002,-17.8094,-49.6264,500.0
1749003,-17.7328,-49.1153,792.0
1749004,-17.5169,-49.4417,500.0
1749005,-17.2894,-49.0272,776.0
1749006,-17.3878,-49.2178,672.0
1749009,-17.2847,-49.3828,691.0
1749011,-17.1072,-49.6889,
1749013,-16.9919,-49.0636,646.0
1749014,-17.1939,-49.1208,703.0
1749015,-17.3106,-49.0219,730.0
1750000,-17.7322,-50.1808,461.0
1750001,-17.0792,-50.2894,509.0
1750003,-17.5414,-50.5561,500.0
1750004,-17.3253,-50.6819,554.0
1750005,-17.8333,-50.9333,719.0
1750006,-17.9167,-50.3833,476.0
1750008,-17.4658,-50.7742,680.0
1750013,-16.9489,-50.4469,675.0
1750016,-17.5122,-50.49,
1750036,-17.3661,-50.6419,575.0
1750037,-17.4736,-50.3664,515.0
1750038,-17.5908,-50.5558,544.0
1750039,-17.6644,-50.4772,546.0
1750040,-17.7289,-50.4522,514.0
1750041,-17.9808,-50.2469,
1750042,-17.4208,-50.5269,533.0
1750044,-17.3422,-50.9967,671.0
1750045,-17.3181,-50.9811,670.0
1750046,-17.2633,-50.8264,618.0
1751000,-17.9167,-51.75,665.0
1751001,-17.8564,-51.3967,755.0
1751002,-17.695,-51.8922,732.0
1751004,-17.3647,-51.0767,744.0
1751006,-17.8669,-51.3808,770.0
1751007,-17.8197,-51.8233,752.0
1751008,-17.9772,-51.205,668.0
1751009,-17.9256,-51.7497,600.0
1751010,-17.9558,-51.7192,557.0
1751012,-17.9778,-51.7581,577.97
1751013,-17.9853,-51.7894,630.39
1751014,-17.8703,-51.9336,745.33
1751015,-17.9817,-51.6272,606.0
1752000,-17.5667,-52.7833,858.0
1752001,-17.4333,-52.85,917.0
1752002,-17.6889,-52.9833,750.0
1752003,-17.5794,-52.6014,690.0
1752006,-17.7181,-52.17,705.0
1752007,-17.6508,-52.0075,653.0
1752011,-17.3306,-52.8025,637.0
1752012,-17.6072,-52.0622,693.0
1753000,-17.3,-53.2194,659.0
1753001,-17.1667,-53.1333,656.0
1753002,-17.3528,-53.0919,699.0
1753004,-17.8167,-53.2667,820.0
1753005,-17.3322,-53.205,677.0
1753006,-17.3011,-53.2175,655.0
1753007,-17.2967,-53.2172,647.0
1753008,-17.9319,-53.3753,774.3
1754000,-17.2078,-54.14,526.0
1754001,-17.75,-54.3333,525.0
1754002,-17.5869,-54.7567,331.0
1754003,-17.0833,-54.7833,461.0
1754004,-17.8308,-54.3131,268.0
1754009,-17.6075,-54.8272,396.0
1754010,-17.6222,-54.8919,395.0
1754011,-17.6183,-54.8883,395.0
1754012,-17.5444,-54.4139,461.0
1754013,-17.5164,-54.4178,465.0
1754014,-17.5328,-54.445,418.0
1754015,-17.61,-54.9389,157.0
1754016,-17.0908,-54.8311,59.3
1754017,-17.1386,-54.8192,59.4
1754018,-17.0953,-54.9361,59.2
1754019,-17.2981,-54.76,
1754020,-17.1244,-54.7239,
1755000,-17.4917,-55.2322,143.0
1755001,-17.7903,-55.7736,139.0
1755002,-17.0,-55.2,156.0
1755003,-17.2017,-56.0086,112.0
1755004,-17.1667,-55.9833,126.0
1755005,-17.0,-55.0,204.0
1756000,-17.0572,-56.5856,113.0
1756001,-17.2914,-56.3847,180.0
1756002,-18.0208,-56.7319,111.0
1756003,-17.6233,-56.965,101.0
1756004,-17.3683,-56.7725,
1756005,-17.1833,-56.1333,122.0
1757000,-17.6167,-57.7,93.0
1757001,-17.1433,-57.3594,99.0
1757002,-17.2333,-57.7833,96.0
1757003,-17.6414,-57.6906,193.0
1839000,-18.2994,-39.9586,66.0
1839001,-18.5622,-39.7472,3.0
1839002,-18.4167,-39.7167,19.0
1839003,-18.1028,-39.8869,71.0
1839004,-18.2333,-39.9,51.0
1839006,-18.9503,-39.7644,6.0
1839007,-18.2,-39.9167,55.0
1839008,-18.7167,-39.8667,28.0
1839009,-18.1,-39.8833,71.0
1839010,-18.0667,-39.55,7.0
1839022,-18.0194,-39.9697,30.0
1839023,-18.4042,-39.7233,
1840000,-18.9856,-40.7461,180.0
1840001,-18.9833,-40.1333,78.0
1840002,-18.5167,-40.3167,111.0
1840003,-18.4894,-40.0906,90.0
1840004,-18.7619,-40.89,192.0
1840005,-18.7167,-40.4167,172.0
1840006,-18.0833,-40.5833,247.0
1840007,-18.5481,-40.9764,280.0
1840008,-18.9817,-39.9933,60.0
1840009,-18.1222,-40.8858,190.0
1840010,-18.8097,-40.6906,300.0
1840011,-18.1864,-40.7183,231.0
1840012,-18.1456,-40.1439,96.0
1840013,-18.3658,-40.8406,300.0
1840014,-18.4042,-40.6867,218.0
1840015,-18.2056,-40.6033,400.0
1840016,-18.4942,-40.4642,96.0
1840017,-18.3186,-40.4067,100.0
1840019,-18.7006,-40.4419,80.0
1840020,-18.5647,-40.3367,100.0
1840021,-18.6936,-40.8828,225.0
1840026,-18.6586,-40.0911,
1840027,-18.4167,-40.2167,126.0
1840049,-18.6275,-40.1117,
1841001,-18.5747,-41.9178,174.0
1841003,-18.2386,-41.7486,240.0
1841006,-18.6811,-41.1967,360.0
1841007,-18.2031,-41.2483,210.0
1841008,-18.0469,-41.1144,
1841009,-18.8389,-41.1103,900.0
1841010,-18.4061,-41.04,500.0
1841011,-18.9764,-41.6403,135.0
1841018,-18.7631,-41.3083,
1841019,-18.7769,-41.4828,535.0
1841020,-18.8831,-41.9503,150.0
1841021,-18.4886,-41.3925,
1841029,-18.855,-41.96,
1841030,-18.8092,-41.7969,162.0
1841031,-18.6019,-41.8428,166.0
1841032,-18.5725,-41.9147,250.0
1841044,-18.9708,-41.6417,
1842000,-18.5333,-42.7667,748.0
1842002,-18.5333,-42.6167,743.0
1842003,-18.45,-42.2833,447.0
1842004,-18.3631,-42.6022,420.0
1842005,-18.6119,-42.2786,530.0
1842006,-18.2667,-42.6667,631.0
1842007,-18.7722,-42.9311,808.0
1842008,-18.2011,-42.4553,420.0
1842012,-18.0667,-42.5667,578.0
1842020,-18.5528,-42.7642,532.0
1842021,-18.9503,-42.3567,364.0
1842026,-18.0897,-42.8394,884.0
1842027,-18.7186,-42.2622,
1842028,-18.9708,-42.0883,172.0
1842030,-18.9558,-42.4711,305.0
1842031,-18.9406,-42.5603,498.0
1842032,-18.4756,-42.0494,218.0
1842033,-18.8981,-42.6825,493.0
1842034,-18.9506,-42.3606,240.0
1842036,-18.7611,-42.1739,
1843000,-18.6356,-43.9658,648.0
1843001,-18.6,-43.3833,754.0
1843002,-18.4656,-43.7431,1200.0
1843003,-18.1133,-43.5203,803.0
1843005,-18.0167,-43.3,794.0
1843007,-18.3,-43.0167,753.0
1843011,-18.5928,-43.4125,940.0
1843012,-18.2797,-43.0006,720.0
1843013,-18.6381,-43.9647,805.0
1843014,-18.2506,-43.6011,1309.0
1843015,-18.4172,-43.5256,860.0
1843020,-18.0833,-43.8333,
1843021,-18.6597,-43.8244,1029.0
1843022,-18.2339,-43.615,
1843024,-18.6331,-43.2078,661.0
1843025,-18.9144,-43.0764,661.0
1843026,-18.975,-43.0181,551.0
1843028,-18.3489,-44.0283,651.0
1844000,-18.7661,-44.4261,644.0
1844001,-18.3061,-44.2258,510.0
1844003,-18.6819,-44.6761,688.0
1844004,-18.7617,-44.4036,644.0
1844009,-18.6439,-44.0481,633.0
1844010,-18.6714,-44.1914,560.0
1844011,-18.1667,-44.1667,706.0
1844013,-18.2667,-44.2333,540.0
1844016,-18.6333,-44.1,644.0
1844017,-18.3722,-44.4436,640.0
1844018,-18.1908,-44.5556,569.0
1844019,-18.5417,-44.5989,635.0
1844024,-18.75,-44.9,
1844025,-18.7422,-44.3947,
1844028,-18.8717,-44.7828,
1845002,-18.4644,-45.6467,760.0
1845003,-18.1131,-45.4658,764.0
1845004,-18.8414,-45.8514,1035.0
1845005,-18.4031,-45.7369,726.0
1845008,-18.6667,-45.85,775.0
1845009,-18.215,-45.2592,612.0
1845010,-18.5667,-45.7167,799.0
1845011,-18.35,-45.8333,795.0
1845012,-18.2833,-45.0,817.0
1845013,-18.3436,-45.8367,836.0
1845014,-18.9997,-45.9661,1030.0
1845015,-18.8333,-45.7667,866.0
1845021,-18.0383,-45.5236,760.0
1845022,-18.7,-45.5833,
1845024,-18.3431,-45.8347,795.0
1845026,-18.0167,-45.1058,671.0
1845027,-17.9581,-45.1022,510.0
1845032,-18.2833,-45.0,
1845033,-18.1089,-45.4619,
1845034,-18.1883,-45.2558,
1845036,-18.4675,-45.6453,
1846002,-18.93,-46.9667,960.0
1846003,-18.7069,-46.0369,672.0
1846004,-18.8497,-46.8008,
1846005,-18.4125,-46.4222,
1846006,-18.5594,-46.8003,
1846007,-18.8411,-46.5508,770.0
1846015,-18.005,-46.9111,
1846016,-18.0339,-46.4194,
1846017,-18.6411,-46.3344,
1846019,-18.3736,-46.915,898.0
1846020,-18.05,-46.9,756.0
1846023,-18.1828,-46.8042,
1846026,-18.6022,-46.5403,795.0
1846031,-18.15,-46.1333,
1846033,-18.4903,-46.9281,
1847000,-18.7206,-47.5244,880.0
1847001,-18.7381,-47.69,461.0
1847003,-18.4911,-47.4064,784.0
1847005,-18.45,-47.6667,710.0
1847006,-18.3633,-47.7806,703.0
1847007,-18.5789,-47.8792,810.0
1847008,-18.4711,-47.1883,820.0
1847010,-18.9819,-47.4575,946.0
1847011,-18.2983,-47.1219,742.0
1847040,-18.1031,-47.6947,727.0
1847041,-18.4519,-47.9844,
1847043,-18.1028,-47.7006,
1847044,-18.1814,-47.4831,
1847045,-18.4914,-47.4067,
1847050,-18.0453,-47.6753,770.0
1847053,-18.4911,-47.4064,771.0
1847054,-18.5208,-47.5578,699.0
1847055,-18.7378,-47.6908,757.0
1847056,-18.2722,-47.0986,
1848000,-18.8722,-48.8694,730.0
1848003,-18.4333,-48.5833,595.0
1848004,-18.6983,-48.7819,793.0
1848006,-18.6008,-48.6908,
1848007,-18.2425,-48.8586,547.0
1848008,-18.4922,-48.9028,
1848009,-18.8625,-48.5839,
1848010,-18.6511,-48.2092,963.0
1848016,-18.6875,-48.0969,
1848040,-18.3333,-48.55,540.0
1848048,-18.15,-48.5667,670.0
1848050,-18.8106,-48.3861,
1848051,-18.9097,-48.0408,
1848052,-18.9892,-48.1903,
1848055,-18.6217,-48.6847,863.0
1848056,-18.1472,-48.2758,636.0
1848057,-18.0708,-48.2106,686.0
1848058,-18.6772,-48.5114,543.0
1848059,-18.0747,-48.7564,711.0
1848060,-18.3233,-48.2264,
1848061,-18.5883,-48.1272,630.0
1848062,-18.7694,-48.4403,641.0
1848063,-18.6383,-48.4383,538.0
1849000,-18.9411,-49.4631,563.0
1849002,-18.6919,-49.9486,
1849003,-18.55,-49.1667,504.0
1849004,-18.4167,-49.2,513.0
1849006,-18.7719,-49.0697,
1849007,-18.525,-49.2156,
1849012,-18.0167,-49.3667,746.0
1849016,-18.3394,-49.6114,500.0
1849019,-18.4161,-49.1108,513.0
1849021,-18.55,-49.1833,504.0
1849024,-18.8622,-49.7339,
1849025,-18.9489,-49.3828,
1849026,-18.8869,-50.0003,450.0
1849029,-18.4769,-49.6225,
1849030,-18.4914,-49.5181,419.0
1849031,-18.5097,-49.2475,431.0
1849035,-18.9636,-49.4483,
1849037,-18.5247,-49.2181,420.0
1849038,-18.5019,-49.4914,435.0
1849043,-18.9411,-49.355,
1849044,-18.5297,-49.2053,
1849045,-18.6892,-49.0094,653.0
1850000,-18.0706,-50.1717,451.0
1850001,-18.1047,-50.0314,447.0
1850002,-18.5011,-50.5219,443.0
1850003,-17.9797,-50.3372,500.0
1850005,-18.0689,-50.1706,
1850007,-18.9444,-50.9672,417.0
1850008,-18.8386,-50.9403,407.0
1851000,-18.9097,-50.8503,440.0
1851001,-18.5178,-52.0928,670.0
1851002,-18.7647,-51.3472,424.0
1851003,-18.4167,-51.0333,608.0
1851004,-18.0931,-51.4969,645.0
1851005,-18.3044,-51.9622,690.0
1851006,-18.0856,-51.6175,636.0
1851007,-18.3381,-51.2594,544.0
1851008,-18.3019,-51.1494,591.0
1851009,-18.5358,-51.1444,524.0
1851010,-18.7258,-51.0044,508.0
1851011,-18.4997,-51.5708,480.0
1851012,-18.3753,-52.015,518.0
1851013,-18.8131,-51.1694,411.0
1851014,-18.6792,-51.8672,
1851015,-18.0167,-51.2019,657.0
1851016,-18.0725,-51.1711,601.0
1851017,-18.7317,-51.7989,525.0
1851018,-18.4572,-51.7869,573.0
1851019,-18.4422,-51.7178,561.0
1851108,-18.5297,-51.5472,464.0
1851109,-18.4311,-51.5408,485.0
1852000,-18.9661,-51.9267,533.0
1852001,-18.4067,-52.5269,715.0
1852002,-18.9978,-52.5881,570.0
1852003,-18.6917,-52.5939,721.0
1852005,-18.5756,-51.4736,465.0
1852006,-18.3661,-52.4758,
1852007,-18.4653,-52.3764,
1852008,-18.5797,-52.0975,
1852009,-18.7503,-52.2389,610.0
1852010,-18.7667,-52.4431,650.53
1852011,-18.7444,-52.4117,634.22
1852012,-18.8,-52.3606,538.47
1852013,-18.8297,-52.1717,528.0
1852014,-18.74,-52.2836,592.0
1852015,-18.9686,-52.6058,606.0
1852016,-18.2244,-52.2292,
1852017,-18.9392,-52.6725,602.0
1853000,-17.8111,-53.2889,845.0
1853001,-18.7333,-53.6833,493.0
1853002,-18.1906,-54.2578,316.0
1853003,-18.25,-53.1,817.0
1853004,-18.5472,-53.1353,635.0
1853005,-18.6797,-53.6378,392.0
1853006,-18.5333,-53.1333,570.0
1853007,-18.9478,-53.0239,590.0
1853008,-18.5478,-53.1228,632.0
1853009,-18.8814,-53.0739,615.0
1853013,-18.975,-53.175,502.0
1853014,-18.9889,-53.1561,468.0
1853015,-18.6828,-53.6364,
1854001,-18.0986,-54.5472,113.0
1854002,-18.91,-54.8322,340.0
1854003,-18.6492,-54.3572,250.0
1854004,-18.5042,-54.7556,116.0
1854005,-18.5,-54.9333,262.0
1854006,-18.7303,-54.5786,223.0
1855000,-18.35,-55.85,141.0
1856000,-18.6,-56.8333,104.0
1857001,-18.0403,-57.4908,111.0
1857002,-18.2364,-56.9731,104.0
1857003,-18.3939,-57.3911,95.0
1857004,-18.9811,-57.82,106.0
1857005,-18.2969,-57.0156,101.0
1857006,-18.6333,-57.6,90.0
1939000,-19.6167,-39.8333,2.0
1939001,-19.5167,-39.8667,7.0
1939002,-19.5775,-39.7944,3.0
1940000,-19.8744,-40.8744,165.0
1940001,-19.8053,-40.6789,149.0
1940002,-19.9578,-40.1544,5.0
1940003,-19.7497,-40.0431,5.0
1940004,-19.4153,-40.0756,20.0
1940005,-19.6922,-40.3981,50.0
1940006,-19.5308,-40.6231,40.0
1940007,-19.9369,-40.4014,50.0
1940008,-19.6,-40.6167,164.0
1940009,-19.2203,-40.8533,135.0
1940010,-19.9533,-40.5525,180.0
1940011,-19.0167,-40.5667,152.0
1940012,-19.6636,-40.8353,70.0
1940013,-19.2375,-40.5914,170.0
1940014,-19.8667,-40.75,420.0
1940016,-19.0578,-40.5164,70.0
1940017,-19.8,-40.85,324.0
1940018,-19.9333,-40.6,746.0
1940019,-19.5,-40.9,200.0
1940020,-19.955,-40.7417,750.0
1940021,-19.83,-40.2722,58.0
1940022,-19.5886,-40.1981,50.0
1940023,-19.2742,-40.3208,95.0
1940024,-19.4333,-40.4,91.0
1940025,-19.2953,-40.5175,345.0
1940026,-19.4667,-40.6333,143.0
1940031,-19.45,-40.2,25.0
1940033,-19.3,-40.6667,186.0
1940034,-19.4,-40.0667,20.0
1940035,-19.4,-40.0667,20.0
1940040,-19.3333,-40.1,28.0
1940047,-19.5081,-40.8639,200.0
1940051,-19.5008,-40.9186,65.0
1940082,-19.5333,-40.6297,62.0
1940085,-19.5589,-40.7331,
1940086,-19.7522,-40.0403,
1940087,-19.1233,-40.2383,
1940088,-19.4208,-40.1506,17.0
1940089,-19.4453,-40.6461,60.0
1941000,-19.7989,-41.7061,260.0
1941001,-19.8167,-41.4333,269.0
1941002,-19.5,-41.0833,262.0
1941003,-19.5253,-41.0153,70.0
1941004,-19.3431,-41.2461,130.0
1941005,-19.0617,-41.5328,
1941006,-19.5947,-41.4581,172.0
1941007,-19.8333,-41.8333,613.0
1941008,-19.9011,-41.0581,250.0
1941009,-19.6911,-41.02,160.0
1941010,-19.4925,-41.1617,115.0
1941011,-19.6783,-41.8361,290.0
1941012,-19.0592,-41.0275,500.0
1941014,-19.3,-41.2667,226.0
1941015,-19.1667,-41.4833,194.0
1941016,-19.4833,-41.0833,125.0
1941018,-19.1617,-41.8622,255.0
1941019,-19.8111,-41.4378,
1941020,-19.4944,-41.0764,125.0
1941021,-19.4158,-41.7297,
1941022,-19.8275,-41.8094,
1941023,-19.5331,-41.0094,262.0
1941027,-19.4975,-41.6628,
1941028,-19.4533,-41.6639,
1941029,-19.4439,-41.5878,
1941030,-19.6136,-41.8031,320.0
1941031,-19.9828,-41.7172,480.0
1941032,-19.8011,-41.7869,435.0
1941033,-19.6906,-41.0269,100.0
1941036,-19.6108,-41.8033,286.0
1941037,-19.4564,-41.0956,91.0
1941038,-19.4917,-41.1614,125.0
1941039,-19.9667,-41.8514,
1941040,-19.8728,-41.8108,
1941041,-19.8322,-41.8003,
1941042,-19.9694,-41.0678,230.0
1941043,-19.9689,-41.0964,270.0
1941044,-19.9719,-41.1106,275.0
1941045,-19.9803,-41.7133,251.0
1941046,-19.0639,-41.5308,116.0
1941048,-19.4919,-41.1617,117.0
1942000,-19.7,-42.0667,884.0
1942001,-19.3833,-42.3667,269.0
1942002,-19.8336,-42.3178,505.0
1942003,-19.5333,-42.6167,362.0
1942005,-19.65,-42.8667,530.0
1942006,-19.9989,-42.3475,420.0
1942007,-19.9,-42.5833,284.0
1942008,-19.3736,-42.105,355.0
1942009,-19.5333,-42.6333,362.0
1942022,-19.1717,-42.8175,567.0
1942025,-19.1464,-42.7486,439.0
1942029,-19.5247,-42.6442,232.0
1942030,-19.3164,-42.3961,
1942031,-19.7769,-42.4769,
1942032,-19.1886,-42.4228,240.0
1942033,-19.4169,-42.5492,
1942034,-19.8011,-42.3017,
1942041,-19.1222,-42.6619,217.0
1942048,-19.8733,-42.1317,
1942049,-19.6381,-42.8225,
1942050,-19.7289,-42.9847,
1942051,-19.2369,-42.3075,200.0
1942053,-19.0786,-42.8667,427.0
1942055,-19.6811,-42.9061,370.0
1942057,-19.5053,-42.7697,824.0
1942059,-19.1653,-42.775,
1942060,-19.7325,-42.1333,562.0
1942061,-19.5458,-42.1228,375.0
1942062,-19.5253,-42.125,375.0
1942063,-19.0711,-42.8711,438.0
1942064,-19.0025,-42.9467,554.0
1942065,-19.0419,-42.9258,422.0
1942066,-19.3272,-42.3972,211.0
1942067,-19.0214,-42.125,184.0
1942076,-19.7978,-42.3022,
1942077,-19.8228,-42.3189,
1942078,-19.8292,-42.3183,
1942079,-19.0567,-42.9253,
1942080,-19.9961,-42.3803,302.0
1943000,-19.9792,-43.85,770.0
1943001,-19.9228,-43.1778,623.0
1943002,-19.0167,-43.4442,675.0
1943003,-19.2503,-43.0144,470.0
1943004,-19.5206,-43.7444,716.0
1943005,-19.7667,-43.05,636.0
1943006,-19.8931,-43.815,720.0
1943007,-19.9453,-43.4011,748.0
1943008,-19.4403,-43.1186,538.0
1943009,-19.6872,-43.9208,676.0
1943010,-19.9028,-43.6664,825.0
1943011,-19.9167,-43.9,863.0
1943012,-19.6333,-43.9,784.0
1943016,-19.95,-43.9667,986.0
1943017,-19.6167,-43.2333,861.0
1943022,-19.945,-43.9125,950.0
1943023,-19.6639,-43.6881,710.0
1943024,-19.6897,-43.5856,979.0
1943025,-19.2175,-43.3742,560.0
1943027,-19.8808,-43.3675,1110.0
1943028,-19.9333,-43.95,986.0
1943030,-19.9167,-43.9,863.0
1943035,-19.2189,-43.5881,1090.0
1943037,-19.25,-43.75,796.0
1943038,-19.5167,-43.7667,794.0
1943039,-19.9667,-43.9833,986.0
1943041,-19.95,-43.9833,986.0
1943042,-19.1197,-43.8375,700.0
1943049,-19.5614,-43.9178,652.0
1943053,-19.9333,-43.9333,986.0
1943071,-19.6058,-43.2347,861.0
1943076,-19.8936,-43.3664,
1943080,-19.7686,-43.0364,508.0
1943084,-19.9986,-43.9914,
1943100,-19.7667,-43.0261,595.0
1943101,-19.965,-43.4608,
1943102,-19.4503,-43.2408,
1943103,-19.8069,-43.2469,590.0
1943104,-19.8194,-43.3539,636.0
1943106,-19.6878,-43.6011,819.0
1943107,-19.6656,-43.6925,713.0
1943108,-19.6414,-43.6925,667.0
1943109,-19.2642,-43.6058,979.0
1943110,-19.9967,-43.2347,633.0
1943111,-19.9306,-43.1728,603.0
1943112,-19.8464,-43.1231,555.0
1943114,-19.8411,-43.3528,642.0
1943115,-19.1792,-43.6889,740.0
1943145,-19.8278,-43.3589,
1943146,-19.8997,-43.8742,706.0
1943147,-19.3317,-43.0703,
1943148,-19.9631,-43.8067,
1943149,-19.4233,-43.2008,
1944000,-19.4833,-44.15,747.0
1944003,-19.9833,-44.4167,928.0
1944004,-19.9489,-44.4722,721.0
1944005,-19.9714,-44.2017,777.0
1944007,-19.8797,-44.4217,745.0
1944009,-19.6344,-44.0533,698.0
1944010,-19.2681,-44.4017,733.0
1944011,-19.7281,-44.8067,684.9
1944014,-19.4833,-44.15,747.0
1944016,-19.4667,-44.25,810.0
1944017,-19.7333,-44.0833,808.0
1944018,-19.2925,-44.4111,738.0
1944019,-19.4667,-44.25,810.0
1944020,-19.0131,-44.0367,635.0
1944021,-19.6961,-44.9294,585.0
1944022,-19.5978,-44.4194,754.0
1944023,-19.6167,-44.05,787.0
1944024,-19.2372,-44.1231,636.0
1944025,-19.9833,-44.5167,963.0
1944026,-19.9642,-44.4519,846.7
1944027,-19.9556,-44.3344,716.0
1944029,-19.45,-44.2333,810.0
1944030,-19.9917,-44.5256,963.0
1944031,-19.4233,-44.5483,624.0
1944032,-19.6844,-44.8789,814.0
1944040,-19.2667,-44.8167,765.0
1944043,-19.5,-44.75,768.0
1944048,-19.9917,-44.4239,928.0
1944049,-19.4283,-44.7197,703.0
1944055,-19.9733,-44.1881,822.0
1944059,-19.5631,-44.4469,729.0
1944060,-19.1731,-44.7011,718.0
1944062,-19.9828,-44.4922,820.0
1944063,-19.0872,-44.9472,
1944068,-19.0289,-44.1939,650.0
1944081,-19.2172,-44.0247,650.0
1944082,-19.8647,-44.5708,
1944083,-19.9483,-44.3056,
1944084,-19.0742,-44.6806,
1944088,-19.8033,-44.7811,
1944090,-19.7344,-44.8919,640.0
1944111,-19.0183,-44.7961,
1944112,-19.4224,-44.5516,658.0
1945000,-19.9483,-45.1669,796.0
1945002,-19.3947,-45.8844,720.0
1945004,-19.7517,-45.1169,648.0
1945008,-19.7425,-45.255,750.0
1945012,-19.8167,-45.7,682.0
1945013,-19.2333,-45.9667,1037.0
1945014,-19.6833,-45.3833,701.0
1945015,-19.6833,-45.3833,701.0
1945016,-19.9667,-45.5833,662.0
1945017,-19.2869,-45.0933,654.0
1945018,-19.15,-45.45,627.0
1945019,-19.4686,-45.6017,692.0
1945020,-19.3,-45.0667,641.0
1945021,-19.3,-45.2833,664.0
1945035,-19.1631,-45.4425,565.0
1945037,-19.6656,-45.6522,667.0
1945038,-19.2786,-45.2858,566.5
1945039,-19.3322,-45.2281,562.0
1945043,-19.2881,-45.5708,670.0
1945055,-19.3111,-45.2997,
1945058,-19.6961,-45.0947,687.0
1945059,-19.6397,-45.1106,650.0
1945060,-19.5964,-45.1044,638.0
1945061,-19.2083,-45.1408,417.0
1946000,-19.8794,-46.0328,670.0
1946002,-19.5833,-46.9,964.0
1946004,-19.475,-46.5419,855.0
1946005,-19.0706,-46.7958,870.0
1946006,-19.1667,-46.2667,968.0
1946007,-19.5167,-46.5711,870.0
1946008,-19.1128,-46.6883,
1946009,-19.3153,-46.0444,
1946010,-19.7514,-46.4119,
1946011,-19.9269,-46.8253,
1946017,-19.3044,-46.8339,
1946018,-19.3233,-46.6372,
1946019,-19.675,-46.6828,950.0
1946020,-19.5308,-46.1003,1150.0
1946022,-19.0033,-46.3061,1067.0
1946024,-19.1183,-46.6817,
1947000,-19.75,-47.7667,826.0
1947001,-19.3158,-47.5261,950.0
1947002,-19.9303,-47.5428,
1947004,-19.1833,-47.1,904.0
1947005,-19.0333,-47.9667,774.0
1947006,-19.1467,-47.1847,742.0
1947007,-19.3486,-47.2953,
1947008,-19.8786,-47.3547,
1947009,-19.5375,-47.4531,975.0
1947013,-19.4858,-47.5417,
1947014,-19.0,-47.0,995.0
1947017,-19.75,-47.7667,826.0
1947018,-19.0,-47.0,995.0
1947019,-19.0686,-47.9342,774.0
1947020,-19.9167,-47.7167,600.0
1947023,-19.1333,-47.6944,
1947025,-19.6003,-47.2089,
1947026,-19.5358,-47.8111,
1947030,-19.4167,-47.0322,
1947031,-19.2375,-47.8017,
1947032,-19.7197,-47.9142,
1947033,-19.9922,-47.7583,515.3
1947034,-19.6553,-47.4497,882.0
1947035,-16.6089,-47.4556,864.0
1947036,-19.6061,-47.455,
1947037,-19.9564,-47.6086,532.86
1947038,-19.5164,-47.4983,843.0
1947039,-19.7281,-47.9781,698.0
1948001,-19.9094,-48.3911,559.0
1948003,-19.6731,-48.3097,
1948005,-19.2469,-48.5661,722.0
1948006,-18.9883,-48.1903,
1948007,-19.7706,-48.5742,
1948010,-19.9075,-48.6936,
1948011,-19.9167,-48.3833,559.0
1948014,-19.0394,-49.0425,
1948016,-19.5253,-48.4983,
1949000,-19.8167,-49.75,
1949002,-19.3597,-49.1803,517.0
1949003,-19.2133,-49.7881,533.0
1949004,-19.5422,-49.4831,525.0
1949005,-19.6981,-49.0839,
1949006,-19.0353,-49.6967,450.0
1949007,-19.8925,-49.3714,400.0
1949009,-19.0531,-49.6775,459.0
1949010,-19.79,-49.6531,448.0
1949014,-19.0394,-49.0092,
1949015,-19.0303,-49.7017,417.0
1950000,-19.7247,-50.1917,
1950006,-19.8619,-50.3456,383.0
1950009,-19.2964,-51.1319,328.0
1950011,-19.2081,-50.6628,390.0
1950012,-19.5289,-50.3286,512.0
1950014,-19.1978,-50.9556,327.0
1950016,-19.0178,-50.4989,
1950017,-19.6617,-50.9964,
1950018,-19.5547,-50.5731,
1950021,-19.0,-50.7056,368.13
1950023,-19.1161,-50.6444,347.62
1950025,-19.1617,-50.7619,369.0
1950027,-19.22,-50.6764,
1950028,-19.1494,-50.7422,369.0
1950029,-19.2206,-50.6767,321.0
1951000,-19.1,-51.1494,400.0
1951001,-19.1364,-51.5344,436.0
1951003,-19.3908,-51.6089,458.0
1951004,-19.2292,-51.875,734.0
1951005,-19.7364,-51.9336,502.0
1951007,-19.9667,-51.4833,400.0
1952000,-19.4442,-52.5583,370.0
1952001,-19.6781,-52.8964,471.0
1952002,-19.5536,-52.1664,401.0
1952003,-19.9633,-52.2261,360.0
1952004,-19.3011,-52.6881,424.0
1952005,-19.4767,-52.5394,440.0
1952006,-19.0531,-52.9936,475.0
1952008,-19.3044,-52.6719,438.0
1952009,-19.0656,-52.5017,571.0
1952010,-19.1411,-52.3814,492.0
1952011,-19.2033,-52.3522,464.0
1952012,-19.2067,-52.3378,464.0
1952013,-19.23,-52.3653,464.0
1952014,-17.2878,-52.4006,860.0
1952015,-19.0614,-52.9947,472.0
1952016,-19.2525,-52.8969,464.0
1952017,-19.245,-52.8808,451.0
1952018,-19.245,-52.8794,445.0
1952019,-19.0578,-52.5317,553.0
1952020,-19.5328,-52.5203,350.0
1952021,-19.5481,-52.505,388.0
1952022,-19.4375,-52.4639,412.0
1952023,-19.8083,-52.2753,339.0
1952024,-19.0386,-52.5633,556.0
1953000,-19.3769,-53.5697,447.0
1953001,-19.7847,-53.9639,524.0
1953003,-19.2719,-53.4908,571.0
1953004,-19.055,-53.015,465.0
1953005,-19.8808,-53.9408,463.0
1953006,-19.9353,-53.1825,352.0
1953007,-19.8789,-53.3636,
1953008,-19.7394,-53.4519,
1953009,-19.6106,-53.4783,
1953010,-19.7936,-53.4861,
1953011,-19.9794,-53.2694,
1954002,-19.9533,-54.8786,259.0
1954003,-19.4397,-54.9833,233.0
1954004,-19.4967,-53.9967,404.0
1954005,-19.9178,-54.3586,456.0
1954006,-19.3222,-54.1611,357.0
1954007,-19.4128,-54.4906,626.0
1954010,-19.4133,-54.4589,447.0
1954020,-19.2547,-54.3267,
1955000,-19.9447,-55.7944,130.0
1956000,-19.9833,-56.6667,105.0
1956001,-19.1733,-56.7122,98.0
1956002,-19.5667,-56.2,111.0
1956003,-19.6967,-56.2828,103.0
1956004,-19.0033,-56.0889,126.0
1956005,-19.8708,-56.9836,133.0
1956006,-19.95,-56.8833,126.0
1956008,-19.3592,-56.4092,105.0
1957001,-19.0,-57.6667,239.0
1957002,-19.0058,-57.6019,239.0
1957003,-19.2583,-57.2353,86.0
1957004,-19.9186,-57.7894,83.0
1957005,-19.3053,-57.5933,97.0
1957006,-19.6008,-57.4381,83.0
1957007,-19.5667,-57.4,86.0
1957008,-19.6,-57.1,91.0
1957010,-19.0017,-57.5942,
2040000,-20.3639,-40.6617,590.0
2040001,-20.415,-40.4853,80.0
2040002,-20.6333,-40.75,109.0
2040003,-20.1903,-40.3189,70.0
2040004,-20.6522,-40.5086,6.0
2040005,-20.7836,-40.8258,25.0
2040006,-20.9528,-40.9533,40.0
2040007,-20.0281,-40.7442,710.0
2040008,-20.1433,-40.9753,940.0
2040009,-20.8036,-40.6556,6.0
2040010,-20.1003,-40.5278,160.0
2040011,-20.5567,-40.8114,515.0
2040012,-20.4119,-40.6822,544.0
2040013,-20.8811,-40.9433,167.0
2040014,-20.2614,-40.4792,200.0
2040015,-20.2836,-40.7831,730.0
2040016,-20.3333,-40.2833,0.0
2040017,-20.7281,-40.8825,
2040018,-20.0794,-40.6067,
2040019,-20.3833,-40.7167,779.0
2040020,-20.5875,-40.9492,980.0
2040021,-20.3,-40.3333,11.0
2040022,-20.5156,-40.3636,3.0
2040023,-20.2964,-40.9339,818.0
2040024,-20.2833,-40.2333,11.0
2040026,-20.2833,-40.3,11.0
2040030,-20.3,-40.3,0.0
2040031,-20.3333,-40.7167,779.0
2040038,-20.3,-40.6667,590.0
2040039,-20.3764,-40.4461,70.0
2040040,-20.0,-40.0,0.0
2040045,-20.3175,-40.6528,
2040046,-20.3939,-40.5569,51.0
2040047,-20.0489,-40.7478,783.0
2040048,-20.0606,-40.6433,676.0
2040049,-20.1019,-40.5153,493.0
2040055,-20.0572,-40.6175,676.0
2040056,-20.3572,-40.6275,229.0
2040057,-20.3628,-40.64,275.0
2040061,-20.3172,-40.6531,455.0
2040062,-20.6097,-40.7861,146.0
2040204,-20.1852,-44.8937,704.0
2040205,-20.7094,-40.6706,1.0
2040210,-20.7669,-40.9789,363.0
2041000,-20.9128,-41.195,76.0
2041001,-20.7736,-41.6817,576.0
2041002,-20.6056,-41.1997,107.0
2041003,-20.7469,-41.4661,127.0
2041005,-20.6939,-41.9219,747.0
2041008,-20.1081,-41.7283,458.0
2041009,-20.1167,-41.9167,628.0
2041010,-20.7019,-41.0164,580.0
2041011,-20.3522,-41.2394,600.0
2041012,-20.45,-41.4,767.0
2041013,-20.3458,-41.5375,615.0
2041014,-20.6858,-41.8461,772.0
2041015,-20.9447,-41.4008,450.0
2041016,-20.5406,-41.6656,794.0
2041017,-20.3228,-41.7042,920.0
2041018,-20.3714,-41.4089,580.0
2041019,-20.5283,-41.5114,380.0
2041020,-20.3667,-41.0611,1075.0
2041021,-20.6806,-41.3483,180.0
2041022,-20.3333,-41.1167,920.0
2041023,-20.0786,-41.1214,300.0
2041024,-20.4333,-41.4833,638.0
2041030,-20.3667,-41.5333,725.0
2041031,-20.9667,-41.35,425.0
2041032,-20.7833,-41.25,122.0
2041036,-20.3,-41.1,1050.0
2041046,-20.9308,-41.8675,688.0
2041047,-20.85,-41.1167,137.0
2041048,-20.1706,-41.9611,
2041052,-20.8744,-41.7167,560.0
2041055,-20.5728,-41.2356,402.0
2041056,-20.4083,-41.2689,426.0
2041057,-20.7647,-41.5233,190.0
2041058,-20.7017,-41.0894,100.0
2041078,-20.5861,-41.4969,302.0
2041079,-20.6464,-41.4764,201.0
2041080,-20.4578,-41.6753,780.0
2041081,-20.6739,-41.5208,220.0
2041082,-20.715,-41.5056,123.0
2041083,-20.495,-41.4858,360.0
2041085,-20.0414,-41.7503,340.0
2041086,-20.0536,-41.7328,407.0
2041087,-20.8019,-41.7694,
2041088,-20.7725,-41.6808,
2041089,-20.2564,-41.9644,550.0
2041090,-20.4344,-41.5008,604.0
2041091,-20.4672,-41.4719,375.0
2041093,-20.3294,-41.7419,465.0
2041094,-20.7833,-41.1356,43.0
2041095,-20.8367,-41.1203,37.0
2041096,-20.8744,-41.0975,18.0
2041097,-20.7528,-41.8772,660.0
2041098,-20.2708,-41.0469,636.0
2041141,-20.8589,-41.7419,578.0
2041142,-20.4567,-41.4789,596.0
2041143,-20.1144,-41.7856,525.0
2041144,-20.0089,-41.9994,662.0
2041145,-20.7589,-41.8914,682.0
2041146,-20.08,-41.7372,462.0
2041147,-20.0936,-41.7544,478.0
2041150,-20.5406,-41.6656,710.0
2041151,-20.3708,-41.4083,491.0
2041152,-20.0975,-41.12,381.0
2042000,-20.74,-42.0239,399.0
2042001,-20.45,-42.65,489.0
2042002,-20.2694,-42.0669,755.0
2042005,-20.4167,-42.9167,540.0
2042008,-20.1036,-42.44,305.0
2042009,-20.4,-42.9,550.0
2042010,-20.2989,-42.4781,532.0
2042011,-20.2147,-42.6522,330.0
2042012,-20.4,-42.9,550.0
2042013,-20.2,-42.1833,874.0
2042014,-20.7694,-42.3011,630.0
2042015,-20.7261,-42.9172,730.0
2042016,-20.6825,-42.8067,583.0
2042017,-20.2772,-42.3256,595.0
2042018,-20.3847,-42.9028,350.0
2042027,-20.9692,-42.0517,188.0
2042031,-20.0114,-42.6742,
2042033,-20.0167,-42.5667,324.0
2042035,-20.5728,-43.0044,509.0
2042036,-20.9144,-42.0353,193.0
2042040,-20.7139,-42.9997,345.0
2042041,-20.6222,-42.1428,636.0
2042043,-20.7025,-42.0381,398.0
2042045,-20.8953,-42.0056,277.0
2042051,-20.9789,-42.5094,704.0
2042052,-20.2836,-42.3392,626.0
2042053,-20.1886,-42.3486,537.0
2042054,-20.1733,-42.3769,450.0
2042055,-20.545,-42.9622,
2042056,-20.2975,-42.8922,367.0
2042057,-20.2561,-42.9917,360.0
2042058,-20.2594,-42.895,338.0
2042059,-20.1975,-42.8511,294.0
2042074,-20.2358,-42.0108,
2042075,-20.9011,-42.6547,761.0
2042076,-20.3233,-42.6717,
2042077,-20.4925,-42.6678,439.0
2042435,-20.9069,-42.6614,
2042436,-20.2769,-42.6517,350.0
2042437,-20.455,-42.9992,475.0
2042438,-20.8558,-42.3797,629.0
2042439,-20.7897,-42.3103,594.0
2042440,-20.8039,-42.3239,509.0
2042441,-20.8522,-42.3222,393.0
2042442,-20.8197,-42.3211,478.0
2042443,-20.8694,-42.3544,487.0
2042444,-20.9489,-42.3456,343.0
2043002,-20.1792,-43.9428,1350.0
2043003,-20.3833,-43.4333,946.0
2043004,-20.1378,-43.8925,1097.0
2043005,-20.625,-43.7536,996.0
2043007,-20.3333,-43.55,1229.0
2043008,-20.35,-43.2833,668.0
2043009,-20.3625,-43.1439,423.0
2043010,-20.6906,-43.2994,620.0
2043011,-20.39,-43.1803,477.0
2043013,-20.5219,-43.83,871.0
2043014,-20.6703,-43.0881,598.0
2043016,-20.0919,-43.7919,730.0
2043017,-20.7667,-43.5667,737.0
2043018,-20.9558,-43.8008,1057.0
2043022,-20.2167,-43.5667,1282.0
2043023,-20.0667,-43.5833,1027.0
2043025,-20.5167,-43.0167,529.0
2043026,-20.8475,-43.2419,632.0
2043027,-20.2856,-43.0989,462.0
2043028,-20.35,-43.2333,668.0
2043031,-20.0,-43.0,770.0
2043032,-20.7167,-43.3833,817.0
2043035,-20.7667,-43.1833,693.0
2043042,-20.1647,-43.8919,1200.0
2043043,-20.1261,-43.9503,1152.0
2043044,-20.3667,-43.4833,946.0
2043056,-20.3031,-43.6158,955.0
2043057,-20.1656,-43.8928,1025.0
2043058,-20.1667,-43.9,1025.0
2043059,-20.0969,-43.4881,1300.0
2043060,-20.2878,-43.8,850.0
2043063,-20.0253,-43.5392,
2043065,-20.2139,-43.7317,
2043067,-20.6864,-43.3103,
2043068,-20.6697,-43.0872,580.0
2043069,-20.5728,-43.0044,560.0
2043075,-20.5075,-43.9864,
2043076,-20.2406,-43.6825,
2043077,-20.2242,-43.8039,
2043078,-20.2628,-43.6975,
2043079,-20.1247,-43.865,781.0
2043081,-20.4764,-43.4467,
2043082,-20.4942,-43.4489,
2043083,-20.3622,-43.2122,
2043084,-20.3586,-43.2067,
2043085,-20.4522,-43.2728,
2043086,-20.4494,-43.2544,
2043089,-20.5414,-43.9714,852.0
2043090,-20.56,-43.9903,841.0
2043129,-20.4944,-43.5217,922.0
2043130,-20.4678,-43.4703,
2044000,-20.9167,-44.45,996.0
2044002,-20.0714,-44.5703,859.0
2044003,-20.1922,-44.7936,746.0
2044005,-20.5578,-44.8675,854.0
2044006,-20.1369,-44.8919,672.0
2044007,-20.6611,-44.0722,840.0
2044008,-20.1978,-44.1208,761.0
2044009,-20.6253,-44.4333,915.0
2044012,-20.0428,-44.0433,1073.0
2044014,-20.05,-44.8833,733.0
2044016,-20.1692,-44.515,944.0
2044017,-20.0183,-44.5042,901.0
2044018,-20.0356,-44.3867,817.0
2044019,-20.0514,-44.4517,913.0
2044020,-20.0683,-44.4922,943.0
2044021,-20.1056,-44.4011,905.0
2044023,-20.0667,-44.3406,817.0
2044024,-20.0075,-44.3311,786.0
2044025,-20.1,-44.2833,848.0
2044026,-20.1297,-44.4744,974.7
2044027,-20.7408,-44.7833,882.0
2044036,-20.4,-44.4667,962.0
2044037,-20.9442,-44.9075,1000.0
2044038,-20.9236,-44.2383,
2044040,-20.6353,-44.0489,913.0
2044041,-20.1022,-44.4847,894.7
2044042,-20.5625,-44.8675,749.0
2044043,-20.0003,-44.4617,806.8
2044044,-20.115,-44.4464,993.0
2044045,-20.0006,-44.3786,817.0
2044046,-20.3333,-44.25,950.0
2044047,-20.0239,-44.4681,895.0
2044049,-20.0306,-44.4128,895.0
2044050,-20.8972,-44.5003,1020.0
2044052,-20.045,-44.4078,806.0
2044053,-20.0686,-44.345,812.0
2044054,-20.0867,-44.4272,817.0
2044056,-20.4039,-44.6294,
2044059,-20.2394,-44.7539,
2044060,-20.1036,-44.8436,757.0
2044061,-20.8178,-45.0603,
2044063,-20.6261,-44.4378,
2044065,-20.3881,-44.1872,
2044075,-20.5944,-44.5158,853.0
2044076,-20.5717,-44.5358,830.0
2044077,-20.5467,-44.5458,803.0
2044078,-20.5397,-44.5603,789.0
2044079,-20.9117,-44.0667,1045.0
2044080,-20.3744,-44.1858,800.0
2044081,-20.4036,-44.3386,896.0
2044082,-20.0611,-44.6069,744.0
2044084,-20.7747,-44.6956,971.0
2044102,-20.1569,-44.1667,725.0
2044103,-20.3628,-44.1972,853.0
2044104,-20.7494,-44.9819,
2044105,-20.5072,-44.5422,
2044106,-20.1811,-44.7939,
2044107,-20.1003,-44.5525,829.0
2045001,-20.0211,-45.9661,654.0
2045002,-20.1789,-45.7003,606.0
2045004,-20.905,-45.125,833.0
2045005,-20.4722,-45.0361,738.0
2045010,-20.2947,-45.5428,791.0
2045011,-20.0367,-45.5353,658.0
2045012,-20.4619,-45.945,806.0
2045013,-20.0844,-45.2967,950.0
2045015,-20.4333,-45.8333,833.0
2045020,-20.76,-45.2742,950.0
2045021,-20.4572,-45.4192,873.0
2045026,-20.9453,-45.8236,880.0
2045027,-20.2,-45.25,928.0
2045028,-20.7653,-45.9258,780.0
2045034,-20.1725,-45.7128,
2045035,-20.9517,-45.1531,833.0
2045036,-20.8242,-45.0639,
2046000,-20.7167,-46.6167,811.0
2046001,-20.7392,-46.7353,781.0
2046002,-20.75,-46.8667,728.0
2046004,-20.7167,-46.15,785.0
2046005,-20.9667,-46.1167,815.0
2046007,-20.1017,-46.055,705.0
2046009,-20.3478,-46.8458,
2046011,-20.8111,-46.8081,880.0
2046012,-20.25,-46.35,840.0
2046013,-20.33,-46.3661,743.0
2046015,-20.34,-46.37,816.0
2046018,-20.0,-46.0,735.0
2046025,-20.1475,-46.2847,734.0
2046026,-20.25,-46.3667,840.0
2046027,-20.6758,-46.3231,770.0
2046028,-20.965,-46.1522,815.0
2046030,-20.6539,-46.2164,872.0
2046031,-20.7489,-46.7436,781.0
2046035,-20.8097,-46.8067,844.0
2046036,-20.7706,-46.7197,781.0
2046041,-20.7103,-46.6081,
2046042,-20.8533,-46.7031,975.0
2046043,-20.8389,-46.7044,975.0
2046044,-20.8017,-46.7053,975.0
2046045,-20.6689,-46.8014,694.0
2046047,-20.8008,-46.8044,706.0
2047006,-20.0833,-47.4167,627.0
2047007,-20.1786,-47.8867,489.0
2047016,-20.5442,-47.4233,995.0
2047019,-20.585,-47.8908,640.0
2047022,-20.6436,-47.6753,586.0
2047024,-20.7333,-47.55,703.0
2047031,-20.9958,-47.2633,776.0
2047032,-20.9967,-47.6606,848.0
2047037,-20.0136,-47.0192,960.0
2047045,-20.2872,-47.0642,724.0
2047047,-20.5833,-47.85,604.0
2047048,-20.9833,-47.65,845.0
2047091,-20.0167,-47.85,539.0
2047097,-20.7,-47.6,703.0
2047101,-20.5144,-47.2456,1080.0
2047102,-20.7706,-47.2406,790.0
2047104,-20.6919,-47.5528,755.0
2047115,-20.1583,-47.2781,691.0
2047116,-19.99,-47.795,
2047118,-20.0211,-47.4358,
2047120,-20.2142,-47.7064,800.0
2047121,-20.8414,-47.3139,683.0
2047124,-20.7083,-47.5853,640.0
2047125,-20.625,-47.7033,595.0
2047126,-20.6042,-47.7392,590.0
2047127,-20.55,-47.8153,546.0
2047128,-20.4375,-47.8906,519.0
2047129,-20.7694,-47.4667,658.0
2047130,-20.8533,-47.2669,744.0
2047131,-20.8411,-47.2942,737.0
2047132,-20.4944,-47.8589,542.22
2047133,-20.1631,-47.9236,498.0
2048002,-20.1814,-48.6842,450.0
2048003,-20.1667,-48.0167,503.0
2048004,-20.2089,-48.2917,520.0
2048011,-20.4536,-48.4508,478.0
2048013,-20.4967,-48.9403,472.0
2048020,-20.7906,-48.3292,470.0
2048033,-20.9992,-48.0244,511.0
2048042,-20.0339,-48.2222,501.0
2048044,-20.15,-48.6833,467.0
2048051,-20.0333,-48.9333,517.0
2048053,-20.0,-48.0,510.0
2048063,-20.0,-48.0,510.0
2048090,-20.615,-48.4664,500.0
2048091,-20.3269,-48.5908,490.0
2048092,-20.4431,-48.7403,524.0
2048093,-20.7611,-48.6636,571.0
2048094,-20.4547,-48.1419,579.0
2048096,-20.1192,-48.5731,475.0
2048101,-20.94,-48.0775,515.0
2048102,-20.02,-48.9431,
2048103,-20.2497,-48.1561,523.0
2048106,-20.4872,-48.4242,
2048111,-20.8561,-48.9725,500.0
2048112,-20.9917,-48.7075,
2048113,-20.0421,-48.7333,458.0
2049070,-20.2925,-49.1967,465.0
2049071,-20.2925,-49.1969,465.0
2049072,-20.2842,-49.2011,
2049073,-20.3911,-49.44,513.0
2049080,-20.1664,-49.6533,439.0
2050022,-20.4839,-50.4219,384.0
2050050,-20.5233,-50.5922,
2050051,-20.1772,-50.0275,424.0
2050055,-20.9033,-50.2569,343.0
2051006,-20.6833,-51.1,351.0
2051009,-20.8553,-51.635,270.0
2051020,-20.7833,-51.7167,355.0
2051045,-20.3636,-51.4239,348.0
2051046,-20.0683,-51.1036,375.0
2051054,-20.6711,-51.2986,329.0
2051055,-20.6264,-51.08,336.0
2051056,-20.5664,-51.0675,325.0
2051057,-20.38,-51.3717,300.0
2052000,-20.0167,-52.15,351.0
2052002,-20.4453,-52.9019,292.0
2052003,-20.1019,-52.9258,376.0
2052004,-20.6028,-52.2183,391.0
2052006,-20.0939,-52.1603,317.0
2052007,-20.205,-52.0878,
2052008,-20.8886,-52.1886,355.0
2053000,-20.4447,-53.7581,373.0
2053001,-20.6769,-53.5714,345.0
2053003,-20.0678,-53.1778,395.0
2053004,-20.9611,-53.2881,298.0
2053005,-20.4364,-53.7547,357.0
2053006,-20.6744,-53.5667,287.0
2053007,-20.0486,-53.2972,352.0
2053008,-20.0594,-53.18,350.0
2053009,-20.0667,-53.1769,317.0
2053010,-20.6808,-53.5564,260.0
2053011,-20.4408,-53.7175,356.0
2054001,-20.4667,-54.6667,562.0
2054002,-20.9333,-54.9667,473.0
2054003,-20.15,-54.4,613.0
2054005,-20.4931,-54.8114,518.0
2054009,-20.4906,-54.8669,411.0
2054010,-20.45,-54.6333,562.0
2054011,-20.45,-54.6333,562.0
2054012,-20.45,-54.6333,562.0
2054013,-20.45,-54.6333,562.0
2054014,-20.4517,-54.6275,562.0
2054015,-20.45,-54.6333,562.0
2054016,-20.45,-54.6333,562.0
2054017,-20.45,-54.6333,562.0
2054018,-20.45,-54.6333,562.0
2054019,-20.1022,-54.4347,577.0
2054020,-20.4708,-54.0967,515.0
2054021,-20.9514,-54.9717,469.0
2055001,-20.1278,-55.3933,171.0
2055002,-20.4489,-55.4308,175.0
2055003,-20.2922,-55.4453,204.0
2055004,-20.0703,-55.6453,146.0
2056001,-20.2408,-56.3958,141.0
2056003,-20.7644,-56.0931,139.0
2056004,-20.35,-56.7,124.0
2056005,-20.1019,-56.7953,140.0
2056006,-20.2333,-56.3833,146.0
2056007,-21.0319,-56.9881,192.0
2057000,-20.2908,-57.6478,81.0
2057001,-20.0497,-57.3214,108.0
2058001,-20.2294,-58.1667,83.0
2058002,-20.2167,-58.1667,83.0
2140000,-21.0075,-40.8353,4.0
2141001,-21.4828,-41.1033,15.0
2141002,-21.7533,-41.3003,14.0
2141003,-21.4872,-41.6136,29.0
2141004,-21.2064,-41.8911,110.0
2141005,-21.6453,-41.7522,10.0
2141006,-21.6433,-41.8586,50.0
2141007,-21.6253,-41.9853,42.0
2141008,-21.4167,-41.7,86.0
2141012,-21.7167,-41.1833,3.0
2141014,-21.2061,-41.4628,59.0
2141015,-21.0647,-41.3625,67.0
2141016,-21.0169,-41.6628,150.0
2141017,-21.0731,-41.2383,120.0
2141020,-21.8167,-41.15,3.0
2141021,-21.95,-41.0833,2.0
2141022,-21.75,-41.3333,9.0
2141023,-21.9,-41.2833,3.0
2141024,-21.9,-41.8,49.0
2141026,-21.6167,-41.3,10.0
2141028,-21.95,-41.5833,21.0
2141029,-21.6833,-41.5833,65.0
2141032,-21.9,-41.4667,3.0
2141033,-21.3833,-41.35,107.0
2141047,-21.7667,-41.4833,15.0
2141048,-21.7667,-41.5167,32.0
2141049,-21.8,-41.5667,31.0
2141050,-21.7833,-41.5167,32.0
2141051,-21.8333,-41.7333,209.0
2141052,-21.9333,-41.7667,49.0
2141076,-21.9333,-41.7167,49.0
2141077,-21.0722,-41.7219,
2141079,-21.0161,-41.7156,303.0
2141086,-21.125,-41.7119,299.0
2141087,-21.0936,-41.71,428.0
2141088,-21.1697,-41.5756,161.0
2141089,-21.2067,-41.3467,60.0
2141097,-21.9119,-41.9581,317.0
2141098,-21.1222,-41.6736,110.0
2141100,-21.7328,-41.9878,61.0
2142000,-21.3069,-42.8606,231.0
2142001,-21.3894,-42.6964,182.0
2142002,-21.15,-42.2011,177.0
2142003,-21.0,-42.4833,433.0
2142004,-21.0503,-42.5156,490.0
2142005,-21.1333,-42.35,248.0
2142006,-21.4714,-42.8131,214.0
2142007,-21.6581,-42.3428,152.0
2142008,-21.7692,-42.5397,214.0
2142009,-20.9114,-42.3481,419.0
2142014,-21.8708,-42.6403,143.0
2142015,-21.7428,-42.9883,612.0
2142016,-21.95,-42.0167,537.0
2142019,-21.85,-42.6833,235.0
2142022,-21.9514,-42.3561,376.0
2142047,-21.9142,-42.2578,292.0
2142058,-21.5419,-42.1825,70.0
2142059,-21.8433,-42.5783,302.0
2142060,-21.9233,-42.7764,401.0
2142064,-21.9875,-42.9044,394.0
2142065,-21.8525,-42.6064,235.0
2142067,-21.5419,-42.1825,
2142069,-20.1203,-42.4008,348.0
2142077,-21.4081,-42.6161,173.0
2142078,-21.98,-42.3608,461.0
2142080,-21.3328,-42.9642,658.0
2142085,-21.9353,-42.0911,159.0
2142087,-21.8978,-42.0469,129.0
2142088,-21.0989,-42.3381,
2142089,-21.9344,-42.3242,461.0
2142090,-21.0444,-42.3375,286.0
2142091,-21.4758,-42.8453,292.0
2142092,-21.3414,-42.97,322.0
2142093,-21.1981,-42.5831,262.0
2142094,-21.0025,-42.4756,648.0
2142095,-21.3003,-42.9103,
2142096,-21.0725,-42.6369,704.0
2142097,-21.1947,-42.6158,355.0
2142098,-21.1208,-42.1969,196.0
2142100,-21.3636,-42.4772,
2142101,-21.4475,-42.4056,
2142102,-21.4453,-42.3919,
2142103,-21.1894,-42.0936,167.0
2142156,-21.2725,-42.9383,
2142157,-21.9225,-42.6169,214.0
2142158,-21.6658,-42.0811,65.0
2142160,-21.0314,-42.1964,260.0
2142161,-21.6211,-42.1,
2142163,-21.4503,-42.7992,
2142164,-21.2983,-42.8194,
2142165,-21.9525,-42.3561,358.0
2142166,-21.8583,-42.4433,241.0
2142167,-21.06,-42.4575,311.0
2142168,-21.9961,-42.1167,250.0
2142169,-21.0089,-42.4564,544.0
2142170,-21.0231,-42.4328,294.0
2142171,-21.4892,-42.8358,
2142172,-21.8464,-42.6611,160.0
2142173,-21.4308,-42.5922,162.0
2143000,-21.3094,-43.2022,512.0
2143001,-21.3556,-43.0503,398.0
2143003,-21.1492,-43.52,780.0
2143005,-21.2789,-43.82,997.0
2143006,-21.1872,-43.98,881.0
2143007,-21.1928,-43.6139,1120.0
2143008,-21.4272,-43.9594,980.0
2143009,-21.2747,-43.8786,1030.0
2143010,-21.2167,-43.7667,1115.0
2143011,-21.7167,-43.9283,970.0
2143012,-21.75,-43.3333,783.0
2143013,-21.8964,-43.0414,452.0
2143015,-21.9167,-43.3667,520.0
2143016,-21.8692,-43.5556,442.0
2143017,-21.355,-43.2469,502.0
2143018,-21.4725,-43.1211,397.0
2143019,-21.8556,-43.8864,710.0
2143020,-21.5933,-43.5033,720.0
2143021,-21.9664,-43.3725,451.0
2143022,-21.4989,-43.3169,472.0
2143023,-21.8728,-43.3236,601.0
2143026,-21.0167,-43.4167,758.0
2143031,-21.35,-43.2,481.0
2143039,-21.4833,-43.3833,618.0
2143046,-21.0,-43.0,423.0
2143047,-21.0,-43.0,423.0
2143048,-21.0,-43.0,423.0
2143049,-21.0,-43.0,423.0
2143050,-21.7333,-43.4,783.0
2143051,-21.9,-43.3667,520.0
2143062,-21.4311,-43.5531,860.0
2143064,-21.7114,-43.4031,
2143065,-21.4947,-43.4189,657.0
2143066,-21.8444,-43.3394,
2143068,-21.7964,-43.2972,723.0
2143069,-21.9106,-43.5361,746.0
2143070,-21.7783,-43.3253,700.0
2143075,-21.7778,-43.3256,
2143078,-21.7767,-43.6044,741.0
2143079,-21.9831,-43.3489,520.0
2143081,-21.8542,-43.885,714.0
2143085,-21.3039,-43.1992,446.0
2143086,-21.8769,-43.3269,601.0
2143087,-21.9244,-43.3492,520.0
2143088,-21.7497,-43.6803,741.0
2143092,-21.4383,-43.5147,821.0
2143093,-21.4864,-43.4589,615.0
2143094,-21.4914,-43.4747,788.0
2143156,-21.3258,-43.0844,404.0
2143157,-21.3594,-43.0494,419.0
2143158,-21.8578,-43.3339,
2143159,-21.5067,-43.3669,667.0
2143160,-21.7869,-43.3103,
2143161,-21.7189,-43.3947,680.0
2143162,-21.5853,-43.5272,746.0
2143163,-21.9633,-43.1556,364.0
2143164,-21.4278,-43.3617,480.0
2143165,-21.9153,-43.5589,571.0
2143166,-21.9261,-43.3567,464.0
2143167,-21.2486,-43.8986,963.0
2143168,-21.2142,-43.9364,928.0
2143169,-21.1442,-43.9589,928.0
2143170,-21.5094,-43.3322,
2144000,-21.0339,-44.7719,836.0
2144001,-21.9472,-44.1939,1075.0
2144002,-21.1225,-44.2325,956.0
2144003,-21.9897,-44.9386,912.0
2144004,-21.9511,-44.8761,880.0
2144005,-21.3208,-44.8728,807.0
2144006,-21.5069,-44.9156,865.0
2144007,-21.4922,-44.3261,875.0
2144009,-21.165,-44.1356,880.0
2144010,-21.6992,-44.4389,970.0
2144011,-21.9167,-44.8167,961.0
2144013,-21.3,-44.65,961.0
2144015,-21.6,-44.1,1089.0
2144016,-21.9872,-44.0322,945.0
2144018,-21.9772,-44.6033,966.0
2144019,-21.7347,-44.3122,897.0
2144020,-21.0556,-44.2089,842.0
2144021,-21.6747,-44.3406,905.0
2144022,-21.7458,-44.3547,940.0
2144023,-21.1431,-44.7378,799.0
2144024,-21.1894,-44.3289,870.0
2144025,-21.9981,-44.4636,1087.0
2144026,-21.145,-44.9136,871.0
2144037,-21.8353,-44.8008,
2144038,-21.4842,-44.6433,959.0
2144039,-21.2978,-44.6294,907.0
2144043,-21.3244,-44.4494,917.0
2144044,-21.9478,-44.1953,
2144045,-21.1211,-44.2333,
2144046,-21.9794,-44.6022,
2144047,-21.1444,-44.7408,
2144048,-21.4925,-44.3267,
2144050,-21.3203,-44.87,
2144063,-21.6708,-44.3539,
2144067,-21.2842,-44.6336,
2144068,-21.0208,-44.1483,972.0
2144069,-21.055,-44.21,912.0
2144070,-21.08,-44.2339,890.0
2144072,-21.3375,-44.8725,859.0
2144073,-21.0939,-44.5839,865.0
2144083,-21.9994,-44.4047,1068.0
2145000,-21.9,-45.5833,1014.0
2145001,-21.8872,-45.0792,850.0
2145002,-21.7,-45.9,887.0
2145003,-21.7208,-45.2644,841.0
2145004,-21.8333,-45.4,936.0
2145005,-21.1833,-45.05,842.0
2145007,-21.3436,-45.1703,813.0
2145008,-21.8742,-45.2583,875.0
2145009,-21.9192,-45.4789,892.0
2145013,-21.9667,-45.3667,1046.0
2145017,-21.7603,-45.5378,810.0
2145018,-21.6167,-45.4,887.0
2145020,-21.6783,-45.2597,832.0
2145021,-21.2575,-45.1736,876.0
2145022,-21.5853,-45.6739,855.0
2145023,-21.6106,-45.4894,874.0
2145024,-21.7864,-45.4403,424.0
2145030,-21.0881,-45.5689,799.0
2145032,-21.1928,-45.4486,860.0
2145041,-21.2406,-45.7572,870.0
2145042,-21.4525,-45.9442,
2145043,-21.3614,-45.5011,860.0
2145044,-21.4611,-45.2214,
2145046,-21.6108,-45.49,874.0
2145047,-21.4047,-45.8303,806.0
2145048,-21.0878,-45.5686,799.0
2145050,-21.2331,-45.1736,876.0
2145051,-21.1903,-45.0569,
2145055,-21.7383,-45.9583,878.0
2145057,-21.5861,-45.6631,855.0
2145058,-21.7031,-45.2481,847.0
2145059,-21.6667,-45.3089,834.0
2145060,-21.6414,-45.4,834.0
2145061,-21.5931,-45.4272,825.0
2145062,-21.6781,-45.2592,825.0
2145063,-21.6858,-45.905,776.0
2145064,-21.7036,-45.2478,859.0
2145065,-21.1719,-45.1717,784.0
2146001,-21.4203,-46.9628,524.0
2146013,-21.985,-46.7953,766.0
2146018,-21.6,-46.9,887.0
2146024,-21.9333,-46.3833,1200.0
2146026,-21.2936,-46.7039,828.0
2146027,-21.2789,-46.3608,868.0
2146028,-21.6842,-46.4375,875.0
2146029,-21.7908,-46.1242,820.0
2146030,-21.3806,-46.5189,1040.0
2146039,-21.6,-46.9,887.0
2146042,-21.65,-46.4,1049.0
2146074,-21.7286,-46.6031,1291.0
2146075,-21.7217,-46.4556,1022.0
2146078,-21.0194,-46.5214,
2146080,-21.2928,-46.7975,891.0
2146081,-21.3136,-46.8722,700.0
2146082,-21.7975,-46.6092,1291.0
2146084,-21.8064,-46.1353,1263.0
2146094,-21.5742,-46.8794,776.0
2146109,-21.5811,-46.7469,715.0
2146110,-21.7217,-46.5819,908.0
2146111,-21.7678,-46.6075,1173.0
2146112,-21.8528,-46.6094,1268.0
2146113,-21.6264,-46.79,872.0
2146114,-21.8744,-46.8922,802.0
2146115,-21.9389,-46.8161,738.0
2146116,-21.9297,-46.8164,738.0
2146117,-21.5675,-46.6236,862.0
2146118,-21.6014,-46.9494,746.0
2146119,-21.5308,-46.6178,862.0
2146120,-21.8344,-46.0922,1180.0
2146121,-21.9083,-46.2858,1005.0
2147011,-21.3183,-47.4767,587.0
2147012,-21.3333,-47.7833,720.0
2147013,-21.3,-47.9333,590.0
2147014,-21.3667,-47.7167,700.0
2147022,-21.5217,-47.3644,740.0
2147034,-21.8461,-47.4742,576.0
2147035,-21.8342,-47.2939,661.0
2147054,-21.1331,-47.0219,873.0
2147063,-21.0833,-47.0333,1016.0
2147064,-21.4667,-47.3667,628.0
2147158,-21.0,-47.0,1076.0
2147165,-21.6444,-47.0928,600.0
2147166,-21.1447,-47.2797,804.0
2147167,-21.6253,-47.0094,603.0
2147168,-21.9108,-47.3989,
2147169,-21.9603,-47.3253,594.0
2147170,-21.8092,-47.8097,575.0
2147171,-21.0856,-47.1494,794.0
2147174,-21.2672,-47.8189,
2147176,-21.1017,-47.7586,560.0
2147187,-21.4239,-47.325,675.0
2147188,-21.4569,-47.2711,675.0
2147189,-21.4142,-47.3353,670.0
2147190,-21.1036,-47.7572,495.0
2147191,-21.7436,-47.4203,624.0
2147192,-21.4525,-47.5892,
2148028,-21.5,-48.0333,500.0
2148050,-21.0511,-48.1592,472.0
2148051,-21.0111,-48.2183,542.0
2148052,-21.35,-48.0667,575.0
2148053,-21.5,-48.0333,534.0
2148060,-21.8558,-48.3869,487.0
2148067,-21.9167,-48.2667,564.0
2148068,-21.35,-48.0667,575.0
2148164,-21.9542,-48.0061,765.0
2148165,-21.95,-48.4333,496.0
2148166,-21.6575,-48.3542,606.0
2148167,-21.8367,-48.4953,
2148168,-21.9614,-48.2489,
2148169,-21.7794,-48.5672,541.0
2148171,-21.7719,-48.2547,654.0
2148173,-21.3897,-48.3997,612.0
2148174,-21.0189,-48.1814,515.0
2148180,-21.8869,-48.1419,600.0
2148181,-21.9247,-48.23,497.0
2148182,-21.8503,-48.4892,440.0
2148185,-21.7575,-48.9914,457.0
2148186,-21.8494,-48.4917,527.0
2148190,-21.8192,-48.8281,409.0
2148191,-21.9694,-48.3928,
2149031,-21.8833,-49.2167,441.0
2149097,-21.7139,-49.7203,477.0
2149098,-21.0739,-49.6661,454.0
2149099,-21.2039,-49.8792,377.0
2149100,-21.2967,-49.7839,406.0
2149101,-21.7211,-49.5606,433.0
2149103,-21.3572,-49.8444,367.0
2149104,-21.9531,-49.0269,419.0
2149105,-21.6997,-49.0106,390.0
2149106,-21.8083,-49.1936,387.0
2149107,-21.0697,-49.8997,377.0
2150043,-21.4525,-50.9194,344.0
2150045,-21.4592,-50.9211,290.0
2150085,-21.1167,-50.2,361.0
2150091,-21.4042,-50.2658,426.0
2150092,-21.9522,-50.9286,327.0
2150093,-21.2878,-50.3331,
2150098,-21.1822,-50.2419,353.0
2150100,-21.2739,-50.2917,370.0
2151012,-21.7244,-51.2767,287.0
2151056,-21.7333,-51.45,329.0
2151064,-21.1494,-51.9933,267.0
2152000,-20.8006,-52.3883,316.0
2152001,-21.7258,-52.3342,293.0
2152005,-21.2953,-52.8106,393.0
2152014,-21.2494,-52.2881,336.0
2152015,-21.5333,-52.2167,333.0
2152016,-21.0697,-52.9936,352.0
2152019,-21.6633,-52.8672,
2152023,-21.6633,-52.8675,259.0
2153000,-21.6153,-53.0522,271.0
2153002,-21.4094,-53.6133,335.0
2153003,-21.9822,-53.4389,374.0
2153004,-21.0228,-53.5369,383.0
2153005,-21.2114,-53.9569,343.0
2154000,-21.6472,-54.4253,287.0
2154001,-21.8061,-54.6031,321.0
2154002,-20.9939,-54.5081,392.0
2154005,-21.0,-54.0,446.0
2154006,-21.8717,-54.0808,284.0
2154007,-21.1828,-54.7461,368.0
2154008,-21.3019,-54.1994,349.0
2155000,-21.6186,-55.1369,356.0
2155001,-21.1492,-55.825,210.0
2155004,-21.16,-55.8194,
2156000,-21.1183,-56.48,310.0
2156001,-21.4406,-56.0908,281.0
2156002,-21.5119,-56.7017,483.0
2157002,-20.7833,-57.0333,198.0
2157003,-21.1919,-57.0392,208.0
2157004,-21.7014,-57.8917,83.0
2157005,-21.6889,-57.3597,213.0
2157006,-21.0989,-57.8447,80.0
2241001,-22.0425,-41.0556,2.0
2241002,-22.1061,-41.4711,15.0
2241003,-22.0861,-41.7397,19.0
2241004,-22.2592,-41.9842,50.0
2241005,-22.1,-41.1333,0.0
2241008,-22.0667,-41.7333,58.0
2241010,-22.1,-41.4667,6.0
2241011,-22.0667,-41.6,12.0
2241013,-22.2833,-41.9,33.0
2241014,-22.35,-41.9833,55.0
2241015,-22.1833,-41.65,31.0
2241016,-22.3667,-41.7833,3.0
2241023,-22.5833,-41.9833,3.0
2242001,-22.0428,-42.0442,425.0
2242002,-22.1864,-42.1636,800.0
2242003,-22.4047,-42.3392,670.0
2242004,-22.3631,-42.3808,740.0
2242005,-22.3903,-42.4947,960.0
2242006,-22.4722,-42.0844,12.0
2242007,-22.4672,-42.3072,64.0
2242008,-22.5489,-42.5461,33.0
2242009,-22.3494,-42.6242,1130.0
2242010,-22.9061,-42.7319,
2242011,-22.6856,-42.9497,12.0
2242012,-22.4958,-42.9086,44.0
2242013,-22.4397,-42.7636,51.0
2242014,-22.5564,-42.69,27.0
2242015,-22.4667,-42.65,329.0
2242016,-22.4411,-42.6219,275.0
2242017,-22.0678,-42.16,334.0
2242018,-22.2356,-42.2858,650.0
2242019,-22.2994,-42.4011,1100.0
2242020,-22.2761,-42.5039,680.0
2242021,-22.1569,-42.4164,530.0
2242022,-22.2858,-42.66,1010.0
2242023,-22.2167,-42.5167,1018.0
2242024,-22.3772,-42.5517,1105.0
2242025,-22.3425,-42.5572,1210.0
2242026,-22.2714,-42.7947,870.0
2242027,-22.2011,-42.9,650.0
2242028,-22.0353,-42.9908,230.0
2242029,-22.0503,-42.6783,346.0
2242030,-22.4578,-42.7678,122.0
2242031,-22.0333,-42.35,543.0
2242033,-22.135,-42.3597,575.0
2242043,-22.5667,-42.6833,283.0
2242044,-22.7167,-42.6167,110.0
2242045,-22.85,-42.4667,61.0
2242051,-22.7333,-42.85,32.0
2242058,-22.4667,-42.0667,60.0
2242059,-22.5,-42.1167,12.0
2242060,-22.2333,-42.05,315.0
2242061,-22.7333,-42.2167,43.0
2242062,-22.8667,-42.3333,20.0
2242063,-22.4333,-42.0167,60.0
2242064,-22.5,-42.25,19.0
2242077,-22.0342,-42.9933,553.0
2242078,-22.6333,-42.4667,56.0
2242079,-22.7167,-42.4667,44.0
2242080,-22.3833,-42.0833,139.0
2242081,-22.7833,-42.5333,72.0
2242083,-22.5667,-42.3667,46.0
2242084,-22.6,-42.2,24.0
2242085,-22.0333,-42.35,543.0
2242086,-22.5333,-42.15,12.0
2242087,-22.7167,-42.2667,43.0
2242090,-22.5614,-42.6936,283.0
2242091,-22.7081,-42.7042,61.0
2242092,-22.3767,-42.575,1204.0
2242093,-22.5203,-42.8306,35.0
2242094,-22.5842,-42.9408,54.0
2242095,-22.4794,-42.6578,329.0
2242096,-22.4108,-42.7236,122.0
2242097,-22.6394,-42.8006,13.0
2242098,-22.4822,-42.9961,802.0
2242099,-22.4167,-42.1667,165.0
2242100,-22.4283,-42.8008,449.0
2242101,-22.8531,-42.5519,56.0
2242102,-22.9108,-42.8219,5.0
2242103,-22.9033,-42.7072,11.0
2242104,-22.9306,-42.5028,0.0
2242114,-22.1789,-42.1081,672.0
2242133,-22.1656,-42.3689,553.0
2242134,-22.1669,-42.3481,544.0
2242135,-22.1369,-42.3522,517.0
2242334,-22.0397,-42.78,597.0
2242335,-22.0944,-42.2783,465.0
2242437,-22.0242,-42.1344,249.0
2242438,-22.1892,-42.8914,
2242439,-22.2381,-42.0631,120.0
2242440,-22.0183,-42.1297,255.0
2243001,-22.5333,-43.05,252.0
2243002,-22.4506,-43.7978,350.0
2243003,-22.1483,-43.2911,300.0
2243004,-22.2875,-43.9294,550.0
2243005,-22.2189,-43.7036,549.0
2243006,-22.1569,-43.7525,497.0
2243007,-22.2086,-43.6233,444.0
2243008,-22.0858,-43.5567,396.0
2243009,-22.5117,-43.1708,721.0
2243010,-22.4853,-43.1492,1085.0
2243011,-22.4381,-43.1703,704.0
2243012,-22.3325,-43.1361,645.0
2243013,-22.2439,-43.0972,450.0
2243014,-22.2997,-43.1781,460.0
2243015,-22.1403,-43.1542,278.0
2243016,-22.1931,-43.0083,600.0
2243017,-22.0167,-43.3667,575.0
2243018,-22.5333,-43.8167,429.0
2243019,-22.0833,-43.8333,737.0
2243020,-22.8167,-43.6333,12.0
2243025,-22.9333,-43.1,48.0
2243030,-22.7833,-43.2833,3.0
2243037,-22.8,-43.3,12.0
2243047,-22.65,-43.0167,22.0
2243053,-22.4833,-43.4833,690.0
2243057,-22.75,-43.25,3.0
2243058,-22.7333,-43.25,3.0
2243073,-22.8267,-43.2731,12.0
2243075,-22.9792,-43.2117,256.0
2243076,-22.9361,-43.2344,256.0
2243077,-22.9672,-43.2372,256.0
2243078,-22.9333,-43.2667,256.0
2243079,-22.96,-43.2217,256.0
2243080,-22.95,-43.25,256.0
2243081,-22.9778,-43.2397,256.0
2243082,-22.9242,-43.2681,256.0
2243083,-22.9217,-43.42,289.0
2243084,-22.9014,-43.3536,69.0
2243085,-22.9081,-43.3803,69.0
2243086,-22.8306,-43.3294,34.0
2243087,-22.8144,-43.2908,12.0
2243088,-22.8658,-43.4258,48.0
2243089,-22.9178,-43.5447,124.0
2243090,-22.9667,-43.4,69.0
2243091,-22.9197,-43.6883,31.0
2243092,-22.8881,-43.2489,12.0
2243093,-22.8928,-43.3242,34.0
2243094,-22.8192,-43.3442,34.0
2243095,-22.8833,-43.4,34.0
2243096,-22.8172,-43.225,12.0
2243097,-22.8625,-43.5433,117.0
2243098,-22.85,-43.2167,12.0
2243099,-22.9417,-43.3511,69.0
2243100,-22.9608,-43.4417,289.0
2243101,-22.9647,-43.4906,289.0
2243102,-22.9308,-43.5083,124.0
2243103,-22.76,-43.1106,1.0
2243104,-22.9308,-43.2392,256.0
2243110,-22.9,-43.1667,7.0
2243113,-22.9833,-43.2,7.0
2243131,-22.7428,-43.3114,25.0
2243159,-22.4958,-43.93,
2243202,-22.0117,-43.875,798.0
2243204,-22.0,-43.0,553.0
2243205,-22.4819,-43.8392,444.0
2243206,-22.1417,-43.2156,389.0
2243207,-22.6958,-43.8719,395.0
2243208,-22.0211,-43.3,424.0
2243209,-22.6872,-43.8728,395.0
2243210,-22.9144,-43.1975,7.0
2243211,-22.7008,-43.8783,314.0
2243212,-22.3425,-43.8086,711.0
2243213,-22.5014,-43.9308,468.0
2243214,-22.2089,-43.6189,626.0
2243215,-22.4836,-43.8333,444.0
2243216,-22.63,-43.895,395.0
2243217,-22.65,-43.915,469.0
2243218,-22.6861,-43.8225,395.0
2243219,-22.7022,-43.8808,314.0
2243227,-22.5319,-43.8181,429.0
2243231,-22.95,-43.1833,7.0
2243232,-22.9831,-43.1931,7.0
2243233,-22.9989,-43.415,289.0
2243235,-22.5433,-43.0603,252.0
2243236,-22.8828,-43.1075,2.0
2243237,-22.7056,-43.4622,81.0
2243238,-22.5508,-43.3042,438.0
2243239,-22.9578,-43.2778,256.0
2243241,-22.9486,-43.0661,48.0
2243250,-22.9044,-43.8678,40.0
2243252,-22.9681,-43.2172,256.0
2243254,-22.8667,-43.2167,12.0
2243258,-22.2244,-43.0914,838.0
2243259,-22.2183,-43.1653,
2243260,-22.2094,-43.1386,613.0
2243262,-22.45,-43.7972,481.0
2243263,-22.5314,-43.8186,429.0
2243264,-22.5389,-43.7775,487.0
2243265,-22.6625,-43.9567,469.0
2243266,-22.6828,-43.8731,395.0
2243267,-22.6861,-43.8222,395.0
2243268,-22.3047,-43.2247,
2243270,-22.0864,-43.8333,737.0
2243286,-22.4053,-43.1333,700.0
2243287,-22.5108,-43.2103,819.0
2243288,-22.5167,-43.1689,818.0
2243289,-22.4872,-43.1772,815.0
2243291,-22.4686,-43.1025,
2243301,-22.4614,-43.095,1004.0
2243302,-22.4775,-43.2581,972.0
2243303,-22.0847,-43.56,387.0
2243304,-22.005,-43.3211,336.0
2243305,-22.0142,-43.2831,316.0
2243307,-22.0808,-43.1517,259.0
2243308,-22.0858,-43.8183,423.0
2243336,-22.0075,-43.2625,403.0
2243506,-22.6717,-43.755,51.0
2243507,-22.3608,-43.6978,
2243508,-22.0389,-43.0006,414.0
2243509,-22.0914,-43.1453,268.0
2243510,-22.2997,-43.1789,509.0
2243514,-22.0217,-43.7497,567.0
2243516,-22.0861,-43.82,426.0
2243517,-22.5011,-43.4964,190.0
2244001,-22.5406,-44.7736,500.0
2244003,-22.5892,-44.9558,582.0
2244004,-22.5814,-44.965,582.0
2244010,-22.6919,-44.975,550.0
2244028,-22.9583,-44.5611,373.0
2244029,-22.7167,-44.6167,1629.0
2244030,-22.5033,-44.6156,440.0
2244031,-22.5003,-44.5542,513.0
2244032,-22.4661,-44.4447,426.0
2244033,-22.2311,-44.0647,544.0
2244034,-22.3036,-44.1869,620.0
2244035,-22.1506,-44.09,530.0
2244036,-22.2431,-44.2636,550.0
2244037,-22.2975,-44.3106,720.0
2244038,-22.2706,-44.3917,950.0
2244039,-22.3378,-44.5903,1245.0
2244040,-22.8322,-44.1989,969.0
2244041,-22.5011,-44.0919,360.0
2244042,-22.5375,-44.1758,445.0
2244043,-22.5814,-44.2681,
2244044,-22.4742,-44.2289,390.0
2244045,-22.3856,-44.1075,400.0
2244046,-22.3333,-44.4,541.0
2244047,-22.33,-44.5383,1030.0
2244048,-22.9211,-44.8222,750.0
2244049,-22.3881,-44.1683,373.0
2244054,-22.1211,-44.8425,1150.0
2244056,-22.0,-44.35,1172.0
2244057,-22.1269,-44.4083,1153.0
2244058,-22.2539,-44.495,978.0
2244062,-22.3833,-44.9667,1021.0
2244063,-22.1833,-44.9667,1042.0
2244064,-22.0261,-44.1736,1230.0
2244065,-22.17,-44.6369,1036.0
2244066,-22.05,-44.0833,957.0
2244068,-22.2944,-44.9392,886.0
2244071,-22.1992,-44.9733,876.0
2244075,-22.2,-44.4,984.0
2244078,-22.85,-44.2,969.0
2244079,-22.3167,-44.4333,578.0
2244096,-22.9203,-44.8203,1031.0
2244097,-22.7722,-44.0911,575.0
2244098,-22.8522,-43.9953,690.0
2244099,-22.8356,-44.1936,969.0
2244100,-22.6442,-44.5811,728.0
2244101,-22.5128,-44.0942,454.0
2244102,-22.5425,-44.7753,597.0
2244103,-22.7489,-44.1247,605.0
2244104,-22.4467,-44.3042,441.0
2244105,-22.4969,-44.5583,561.0
2244106,-22.5414,-44.1781,445.0
2244107,-22.6925,-44.0069,507.0
2244108,-22.5711,-44.0206,454.0
2244109,-22.4114,-44.2725,460.0
2244111,-22.6556,-44.9289,631.0
2244115,-22.5167,-44.75,597.0
2244117,-22.4564,-44.4158,426.0
2244118,-22.3806,-44.1142,624.0
2244120,-22.5294,-44.5175,513.0
2244121,-22.515,-44.0011,454.0
2244122,-22.95,-44.55,373.0
2244124,-22.7297,-44.915,764.0
2244133,-22.6833,-44.3167,507.0
2244135,-22.7361,-44.6269,1485.0
2244144,-22.45,-44.6,561.0
2244145,-22.5317,-44.5728,513.0
2244146,-22.5,-44.6167,532.0
2244148,-22.9614,-44.0306,50.0
2244149,-22.9361,-44.3917,26.0
2244152,-22.6428,-44.5133,728.0
2244153,-22.6733,-44.1986,539.0
2244154,-22.3278,-44.3919,541.0
2244155,-22.4936,-44.8667,1692.0
2244157,-22.1806,-44.2778,1018.0
2244160,-22.5008,-44.0908,454.0
2244161,-22.4756,-44.4736,426.0
2244162,-22.5097,-44.8972,589.0
2244163,-22.5403,-44.7739,597.0
2244164,-22.1569,-44.0853,474.0
2244165,-22.7792,-44.2269,633.0
2244170,-22.545,-44.7919,479.0
2244171,-22.1156,-44.8397,1156.0
2244194,-22.5681,-44.8636,492.0
2244195,-22.5833,-44.9556,516.0
2244196,-22.7847,-44.1878,517.0
2244197,-22.2317,-44.6675,1223.0
2244198,-22.2022,-44.6458,1125.0
2245000,-22.2508,-45.7089,827.0
2245007,-22.6617,-45.0122,549.0
2245010,-22.6889,-45.4814,1501.0
2245011,-22.6897,-45.73,895.0
2245032,-22.8089,-45.2008,593.0
2245048,-22.9111,-45.4694,524.0
2245055,-22.9958,-45.0442,790.0
2245058,-22.95,-45.5333,548.0
2245064,-22.5097,-45.2867,1350.0
2245065,-22.2103,-45.2658,990.0
2245066,-22.4142,-45.7908,850.0
2245067,-22.5167,-45.3667,1362.0
2245068,-22.15,-45.45,1150.0
2245069,-22.3,-45.3833,1164.0
2245070,-22.4714,-45.6219,880.0
2245071,-22.5119,-45.3914,1362.0
2245073,-22.4458,-45.4242,994.0
2245074,-22.0533,-45.6992,770.0
2245075,-22.0333,-45.8333,919.0
2245077,-22.2447,-45.9597,831.0
2245080,-22.3381,-45.0906,930.0
2245081,-22.1167,-45.05,940.0
2245082,-22.6333,-45.8333,1291.0
2245083,-22.3756,-45.4469,845.0
2245084,-22.5656,-45.8833,880.0
2245085,-22.1322,-45.9178,815.0
2245086,-22.3542,-45.8539,834.0
2245087,-22.4069,-45.215,1083.0
2245088,-22.3147,-45.3731,1200.0
2245089,-22.0342,-45.8353,900.0
2245090,-22.1622,-45.4581,536.0
2245094,-22.5333,-45.7833,934.0
2245104,-22.7453,-45.7447,
2245122,-22.6639,-45.3092,1593.0
2245123,-22.8681,-45.2533,593.0
2245124,-22.9172,-45.3606,674.0
2245125,-22.8089,-45.1875,637.0
2245126,-22.6575,-45.3247,1593.0
2245127,-22.9581,-45.8394,762.0
2245128,-22.7481,-45.1022,538.0
2245129,-22.7533,-45.4467,1145.0
2245131,-22.73,-45.4553,1145.0
2245132,-22.7258,-45.0233,596.0
2245134,-22.8119,-45.1789,637.0
2245135,-22.9225,-45.4558,570.0
2245136,-22.8272,-45.4256,570.0
2245139,-22.6683,-45.0,631.0
2245152,-22.9808,-45.2781,797.0
2245191,-22.6333,-45.0333,549.0
2245194,-21.9242,-45.4708,1190.0
2245195,-22.9597,-45.5539,548.0
2245196,-22.1667,-45.0833,
2245197,-22.6011,-45.5483,1485.0
2245208,-22.2136,-45.9236,
2245209,-22.4853,-45.3483,954.0
2245210,-22.4992,-45.3139,1200.0
2245211,-22.1597,-45.2828,1114.0
2245212,-22.9475,-45.9194,
2245213,-22.5356,-45.3617,974.13
2245245,-22.7072,-45.1278,532.0
2245246,-22.7469,-45.1883,537.0
2245247,-22.3717,-45.3472,894.0
2245248,-22.8119,-45.1825,520.0
2245249,-22.0564,-45.7,
2245250,-22.3369,-45.4167,862.0
2245251,-22.4667,-45.3608,865.0
2245252,-22.3544,-45.3783,875.0
2246003,-22.0378,-46.965,
2246006,-22.2667,-46.75,830.0
2246009,-22.3678,-46.9306,620.0
2246014,-22.5167,-46.6667,810.0
2246018,-22.6,-46.55,903.0
2246023,-22.71,-46.7747,670.0
2246026,-22.7833,-46.9997,678.0
2246030,-22.8167,-46.9,856.0
2246033,-22.8842,-46.6286,760.0
2246037,-22.93,-46.8989,764.0
2246038,-22.9847,-46.83,690.0
2246047,-22.0233,-46.3039,1140.0
2246049,-22.2833,-46.1667,926.0
2246050,-22.6078,-46.0394,900.0
2246051,-22.0667,-46.5667,1105.0
2246052,-22.2886,-46.6192,820.0
2246054,-22.4667,-46.15,1364.0
2246055,-22.4333,-46.5667,893.0
2246056,-22.3211,-46.3294,875.0
2246057,-22.76,-46.1469,1040.0
2246065,-22.0,-46.0,1045.0
2246074,-22.0,-46.0,1045.0
2246075,-22.0,-46.0,1045.0
2246076,-22.0,-46.0,1045.0
2246077,-22.0667,-46.9833,676.0
2246082,-22.6,-46.5333,903.0
2246083,-22.3667,-46.95,634.0
2246084,-22.7667,-46.6,999.0
2246127,-22.2772,-46.1639,
2246131,-22.1153,-46.8903,718.0
2246163,-22.6056,-46.5064,772.0
2246164,-22.2758,-46.7453,688.0
2246165,-22.8186,-46.8844,665.0
2246167,-22.8878,-46.2408,
2246168,-22.8694,-46.2472,
2246169,-22.86,-46.2411,
2246170,-22.8497,-46.2417,
2246171,-22.8369,-46.2297,
2246172,-22.27,-46.6042,
2246174,-22.9347,-46.2117,866.0
2246175,-22.8328,-46.2314,985.0
2246176,-22.8714,-46.3619,
2246181,-22.2661,-46.6922,780.0
2246182,-22.2797,-46.7594,665.0
2246183,-22.9064,-46.5169,794.0
2246184,-22.8506,-46.7797,741.0
2246187,-22.7756,-46.9931,595.0
2246188,-22.7878,-46.9008,678.0
2246189,-22.0981,-46.5672,1105.0
2246190,-22.3794,-46.9003,634.0
2246191,-22.3161,-46.8106,647.0
2246192,-22.3858,-46.7947,724.0
2246238,-22.2592,-46.675,
2246239,-22.2656,-46.6922,
2246240,-22.3183,-46.3219,
2246241,-22.9222,-46.4222,844.0
2246242,-22.9481,-46.44,847.0
2246243,-22.9722,-46.33,850.0
2246244,-22.8667,-46.3589,850.0
2246245,-22.5667,-46.395,1117.0
2246246,-22.5794,-46.4167,973.0
2246247,-22.355,-46.1992,1058.0
2246248,-22.7631,-46.1519,928.0
2247054,-22.3008,-47.1336,570.0
2247055,-22.7086,-46.9869,570.0
2247056,-22.7,-47.65,552.0
2247057,-22.9,-47.0667,708.0
2247058,-22.9597,-47.2964,560.0
2247059,-23.0161,-47.5092,500.0
2247075,-22.6967,-47.2878,562.0
2247092,-22.4833,-47.5833,612.0
2247093,-22.1,-47.75,808.0
2247180,-22.2492,-47.8267,756.0
2247181,-22.3333,-47.8333,760.0
2247182,-22.1522,-47.8864,676.0
2247183,-22.2667,-47.9,756.0
2247184,-22.3422,-47.9178,894.0
2247185,-22.1483,-48.0006,705.0
2247194,-22.0667,-47.7167,887.0
2247195,-22.0,-47.8833,853.0
2247196,-22.17,-47.8989,732.0
2247197,-22.2364,-47.9586,747.0
2247198,-22.18,-47.7847,780.0
2247199,-22.0,-47.8833,853.0
2247201,-22.315,-47.9172,840.0
2247211,-22.1833,-47.8833,769.0
2247213,-22.1667,-47.9333,728.0
2247217,-22.025,-47.2872,566.0
2247218,-22.1678,-47.9036,712.0
2247219,-22.1114,-47.9964,610.0
2247220,-22.3586,-47.5503,614.0
2247231,-22.7447,-47.1492,555.0
2247233,-22.7253,-47.6594,552.0
2247234,-22.1244,-47.9319,621.0
2247235,-22.6239,-47.275,536.0
2247270,-22.0969,-47.2556,
2247271,-22.7003,-47.7108,513.0
2247272,-22.9575,-47.8208,495.0
2247273,-22.6983,-47.6211,501.0
2247274,-22.4803,-47.5919,521.0
2247275,-22.4842,-47.5922,501.0
2248045,-22.3833,-48.1667,714.0
2248110,-22.0778,-48.1803,610.0
2248111,-22.1167,-48.2,660.0
2248117,-22.1536,-48.7542,461.0
2248119,-22.5194,-48.5344,520.0
2248121,-22.205,-48.6525,524.0
2248123,-22.9589,-48.9794,692.0
2248125,-22.5136,-48.6444,441.0
2248126,-22.5953,-48.6997,501.0
2248129,-22.0736,-48.0628,565.0
2248130,-22.0756,-48.4836,491.0
2248135,-22.9542,-48.7392,701.0
2248136,-22.2619,-48.81,499.0
2248137,-22.5758,-48.6789,491.0
2248138,-22.4344,-48.015,821.0
2249031,-22.9,-49.6167,484.0
2249103,-22.7956,-49.1267,620.0
2249109,-22.7719,-49.7397,416.0
2249110,-22.9069,-49.625,451.5
2249112,-21.4225,-49.0875,480.0
2249113,-22.7619,-49.2431,643.0
2249125,-22.8397,-49.1511,560.0
2249126,-22.8886,-49.2011,564.0
2249127,-22.8778,-49.215,545.0
2250001,-22.0633,-50.6094,412.0
2250005,-22.0833,-50.55,420.0
2250024,-22.8983,-50.0108,380.0
2250028,-22.8509,-50.8737,365.0
2250029,-22.969444,-50.954723,341.0
2250030,-22.9729,-50.7743,344.0
2250031,-22.95,-50.633057,904.0
2250032,-22.9722,-50.4791,402.0
2250033,-22.9652,-50.2661,423.0
2250034,-22.966667,-50.166668,399.0
2250035,-22.983055,-50.0,528.0
2250085,-22.3861,-50.8453,470.0
2250089,-22.9044,-50.0017,393.0
2250090,-22.9439,-50.5169,374.0
2250091,-22.9378,-50.2492,393.0
2250092,-22.8831,-50.3292,374.0
2250097,-22.7533,-50.4694,481.0
2250098,-22.6081,-50.1808,530.0
2250099,-22.8664,-50.0936,447.0
2250100,-22.7222,-50.1358,504.0
2251021,-22.65,-51.3667,348.0
2251022,-22.733055,-51.916668,379.0
2251023,-22.7545,-51.3866,425.0
2251025,-22.8667,-51.0667,374.0
2251026,-22.983055,-51.8,469.0
2251027,-22.95,-51.2,600.0
2251028,-22.7833,-51.25,381.0
2251031,-22.6,-51.966667,354.0
2251032,-22.916666,-51.716667,469.0
2251033,-22.898,-51.888,487.0
2251034,-22.933056,-51.133057,534.0
2251035,-22.966667,-51.483055,525.0
2251036,-22.983055,-51.383057,393.0
2251037,-22.7877,-51.7113,377.0
2251038,-22.7847,-51.2305,373.0
2251039,-22.8483,-51.0271,370.0
2251040,-22.633055,-51.9,323.0
2251041,-22.6963,-51.7898,373.0
2251042,-22.6997,-51.6422,377.0
2251043,-22.716667,-51.25,381.0
2251069,-22.8227,-51.5955,500.0
2251070,-22.6628,-51.3594,348.0
2251075,-22.8667,-51.4,394.0
2251080,-22.2997,-51.4303,451.0
2251081,-22.8317,-51.6028,514.0
2251085,-22.9864,-51.8222,371.0
2252000,-22.1864,-52.7133,284.0
2252010,-22.8569,-52.0781,250.0
2252011,-22.7,-52.05,338.0
2252013,-22.5508,-52.0363,318.0
2252014,-22.633055,-52.983055,336.0
2252015,-22.6541,-52.8605,329.0
2252016,-22.583055,-52.6,302.0
2252017,-22.6527,-52.518,333.0
2252018,-22.666666,-52.366665,298.0
2252019,-22.6608,-52.133,299.0
2252020,-22.7666,-52.983,414.0
2252021,-22.783056,-52.766666,385.0
2252022,-22.7336,-52.6168,437.0
2252023,-22.7311,-52.4463,400.0
2252024,-22.7346,-52.3438,420.0
2252025,-22.95,-52.8,460.0
2252026,-22.916666,-52.683056,455.0
2252027,-22.818,-52.5166,410.0
2252028,-22.933056,-52.15,416.0
2252029,-22.881666,-52.035,352.0
2252041,-22.5667,-52.5167,302.0
2252049,-22.5406,-52.0003,288.0
2252050,-22.6106,-52.0017,260.0
2252051,-22.6042,-52.8753,263.0
2252053,-22.525,-52.0289,272.0
2252054,-22.7889,-52.7617,331.0
2252055,-22.8647,-52.0786,307.0
2252056,-22.7908,-52.0767,295.0
2252057,-22.6842,-52.0458,280.0
2253000,-22.3828,-53.5322,264.0
2253001,-22.8831,-53.5,271.0
2253002,-22.7711,-53.2714,240.0
2253006,-22.75,-53.133057,327.0
2253007,-22.833055,-53.416668,271.0
2253008,-22.795,-53.1591,419.0
2253009,-22.909166,-53.36111,362.0
2253010,-22.9747,-53.3963,399.0
2253011,-22.9565,-53.2931,482.0
2253012,-22.933056,-53.133057,413.0
2253013,-22.9383,-53.0508,488.0
2253014,-22.2986,-53.2803,338.0
2253015,-22.545,-54.0278,275.0
2253016,-22.7181,-53.1767,240.0
2253017,-22.9167,-53.1331,413.0
2253018,-22.7183,-53.1767,235.0
2253019,-22.5072,-53.0133,234.0
2254000,-22.6244,-54.8247,454.0
2254001,-22.3981,-54.7917,293.0
2254003,-22.4058,-54.2353,422.0
2254004,-22.0753,-54.1892,303.0
2254005,-22.0747,-54.7839,342.0
2254011,-22.3986,-54.7933,
2255001,-22.5333,-55.7,610.0
2255002,-22.1881,-55.9436,691.0
2255003,-22.7319,-55.2422,357.0
2255004,-22.0861,-55.3531,493.0
2256001,-22.11,-56.5275,185.0
2257000,-22.0142,-57.0322,232.0
2257001,-22.2228,-57.3047,119.0
2343005,-23.0,-43.2275,0.0
2343007,-23.0,-43.3664,0.0
2343008,-23.0542,-43.5769,46.0
2344006,-23.3172,-44.7217,90.0
2344007,-23.2242,-44.7642,30.0
2344008,-23.0722,-44.6981,
2344009,-23.1517,-44.8508,1239.0
2344015,-23.0792,-44.9589,912.0
2344016,-23.0258,-44.5181,
2344019,-23.0047,-44.5364,30.0
2345062,-23.0394,-45.5597,586.0
2345063,-23.0778,-45.7114,545.0
2345064,-23.1167,-45.9167,608.0
2345065,-23.2392,-45.3056,760.0
2345066,-23.3167,-45.9667,636.0
2345067,-23.3292,-45.1403,888.0
2345068,-23.3333,-45.4667,843.0
2345070,-23.3833,-45.4333,843.0
2345071,-23.3692,-45.9003,573.0
2345073,-23.4667,-45.35,794.0
2345074,-23.5167,-45.85,882.0
2345075,-23.55,-45.8333,882.0
2345076,-23.6344,-45.9608,820.0
2345102,-23.3933,-45.6608,726.0
2345103,-23.0203,-45.56,620.0
2345104,-23.2372,-45.3056,842.0
2345105,-23.2542,-45.6911,806.0
2345106,-23.3731,-45.8694,665.0
2345107,-23.6167,-45.9833,855.0
2345108,-23.6167,-45.4,2.0
2345109,-23.8,-45.4,559.0
2345110,-23.2978,-45.9517,585.0
2345111,-23.1997,-45.8878,568.0
2345112,-23.5667,-45.8333,882.0
2345113,-23.2794,-45.5347,865.0
2345114,-23.0186,-45.5647,620.0
2345115,-23.1017,-45.7067,591.0
2345116,-23.5461,-45.4503,713.0
2345117,-23.005,-45.1919,878.0
2345118,-23.3256,-45.1447,875.0
2345120,-23.3333,-45.5667,809.0
2345121,-23.4272,-45.9769,720.0
2345122,-23.5656,-45.5433,763.0
2345126,-23.0042,-45.5058,620.0
2345127,-23.4206,-45.5781,749.0
2345130,-23.1078,-45.6953,695.0
2345133,-23.1044,-45.71,591.0
2345137,-23.0,-45.0461,872.0
2345138,-23.5167,-45.9167,791.0
2345191,-23.5583,-45.2769,29.0
2345202,-23.4178,-45.5858,749.0
2345203,-23.3106,-45.9711,636.0
2345204,-23.3103,-45.9681,
2345210,-23.0781,-45.7111,587.0
2345211,-23.2375,-45.3064,
2345212,-23.4211,-45.2889,
2345213,-23.4144,-45.6081,
2346011,-23.2,-46.1167,688.0
2346094,-23.0522,-46.3653,790.0
2346095,-23.1033,-46.5581,730.0
2346096,-23.1667,-46.3833,876.0
2346097,-23.1953,-46.8967,700.0
2346098,-23.3331,-46.7328,787.0
2346099,-23.4192,-46.0244,685.0
2346100,-23.4808,-46.4711,759.0
2346101,-23.5769,-46.0378,760.0
2346102,-23.5833,-46.2167,754.0
2346103,-23.5864,-46.2558,760.0
2346104,-23.6167,-46.0833,827.0
2346105,-23.7333,-46.1667,684.0
2346106,-23.6575,-46.0025,730.0
2346107,-23.75,-46.1667,684.0
2346110,-23.5333,-46.6333,762.0
2346130,-23.9167,-46.2833,25.0
2346147,-23.1958,-46.0208,570.0
2346152,-23.6667,-46.7167,770.0
2346153,-23.6,-46.4667,819.0
2346154,-23.5,-46.7167,752.0
2346155,-23.5,-46.7167,752.0
2346156,-23.2,-46.8833,817.0
2346157,-23.7667,-46.65,767.0
2346158,-23.8667,-46.65,774.0
2346159,-23.8972,-46.5519,764.0
2346160,-23.8667,-46.45,436.0
2346161,-23.6167,-46.6167,788.0
2346162,-23.7,-46.0667,190.0
2346164,-23.4833,-46.4667,759.0
2346165,-23.6333,-46.45,819.0
2346166,-23.2042,-46.1569,688.0
2346167,-23.6667,-46.4167,819.0
2346168,-23.9,-46.5,21.0
2346169,-23.9167,-46.8667,775.0
2346170,-23.5667,-46.0333,782.0
2346171,-23.7333,-46.5667,794.0
2346172,-23.6667,-46.4833,819.0
2346173,-23.7167,-46.6,794.0
2346174,-23.8667,-46.4333,436.0
2346175,-23.8178,-46.5244,764.0
2346176,-23.8,-46.4667,436.0
2346177,-23.5167,-46.7833,752.0
2346178,-23.65,-46.5667,773.0
2346179,-23.9333,-46.65,685.0
2346181,-23.7,-46.6667,767.0
2346182,-23.45,-46.9,798.0
2346183,-23.7833,-46.7167,764.0
2346184,-23.8,-46.8167,785.0
2346185,-23.6167,-46.9333,877.0
2346186,-23.6,-46.5333,773.0
2346187,-23.6167,-46.5833,773.0
2346188,-23.7,-46.45,779.0
2346189,-23.9667,-46.3667,17.0
2346190,-23.7,-46.5,779.0
2346191,-23.8833,-46.7333,800.0
2346192,-23.5333,-46.75,752.0
2346193,-23.6333,-46.3167,816.0
2346194,-23.5,-46.3667,779.0
2346195,-23.4192,-46.05,685.0
2346196,-23.6667,-46.85,816.0
2346197,-23.5833,-46.7167,752.0
2346198,-23.455,-46.9108,824.0
2346199,-23.5667,-46.5833,764.0
2346202,-23.5333,-46.1833,781.0
2346203,-23.55,-46.6333,762.0
2346207,-23.5333,-46.6333,762.0
2346208,-23.7167,-46.4667,779.0
2346212,-23.8667,-46.5667,764.0
2346213,-23.8333,-46.9167,771.0
2346216,-23.35,-46.8833,795.0
2346217,-23.5833,-46.4667,793.0
2346223,-23.7,-46.0167,190.0
2346231,-23.0,-46.0,728.0
2346234,-23.7667,-46.3,919.0
2346240,-23.8333,-46.5,436.0
2346241,-23.8,-46.5167,764.0
2346244,-23.4867,-46.0789,685.0
2346245,-23.4,-46.9167,824.0
2346247,-23.4833,-46.8333,798.0
2346250,-23.4167,-46.9997,824.0
2346251,-23.8667,-46.5,436.0
2346254,-23.75,-46.4333,779.0
2346259,-23.4128,-46.03,685.0
2346261,-23.9303,-46.3578,17.0
2346262,-23.6667,-46.5167,773.0
2346266,-23.0333,-46.9997,765.0
2346267,-23.7667,-46.55,794.0
2346272,-23.1078,-46.5064,907.0
2346273,-23.0,-46.0,728.0
2346275,-23.6833,-46.5333,773.0
2346278,-23.6833,-46.25,786.0
2346279,-23.95,-46.3167,17.0
2346383,-23.8167,-46.6667,774.0
2346388,-23.5667,-46.65,762.0
2346389,-23.6833,-46.8833,816.0
2346390,-23.8833,-46.8,800.0
2346397,-23.55,-46.5167,764.0
2346398,-23.65,-46.7833,770.0
2346405,-23.6833,-46.0833,827.0
2346412,-23.5833,-46.7167,752.0
2346413,-23.6167,-46.6167,788.0
2346414,-23.8333,-46.5,436.0
2346442,-23.4153,-46.0244,685.0
2346443,-23.0039,-46.7653,740.0
2346445,-23.5319,-46.7725,
2346446,-23.2103,-46.3553,
2346447,-23.095,-46.2647,
2346448,-23.0064,-46.2397,
2346451,-23.3303,-46.2811,
2346452,-23.1992,-46.0183,
2346454,-23.1058,-46.5958,747.0
2346455,-23.3164,-46.6039,
2346467,-23.7031,-46.6739,754.0
2346468,-23.8789,-46.4478,16.0
2346469,-23.1525,-46.99,732.55
2346786,-23.3678,-46.7547,727.35
2346787,-23.5264,-46.1597,735.0
2346788,-23.745,-46.1278,704.0
2346789,-23.2647,-46.4808,
2346790,-23.3292,-46.6783,
2346791,-23.395,-46.6586,
2346792,-23.3981,-46.6583,860.0
2346793,-23.1739,-46.39,792.0
2346794,-23.0508,-46.3192,828.0
2346795,-23.3289,-46.6783,750.0
2346796,-23.3697,-46.6689,750.0
2346798,-23.1083,-46.2872,790.0
2346799,-23.2392,-46.1747,625.0
2346800,-23.3189,-46.5914,750.0
2346801,-23.3336,-46.7278,740.0
2346802,-23.3097,-46.5767,750.0
2346803,-23.3336,-46.7278,740.0
2347054,-23.0253,-47.8181,460.0
2347055,-23.1081,-47.1806,570.0
2347056,-23.0897,-47.7267,470.0
2347057,-23.1503,-47.0564,659.0
2347058,-23.3278,-47.7642,540.0
2347059,-23.4203,-47.4044,590.0
2347060,-23.6383,-47.5733,590.0
2347061,-23.4953,-47.8125,550.0
2347062,-23.9328,-47.0728,670.0
2347063,-23.9325,-47.0725,723.0
2347080,-23.3828,-47.0286,796.0
2347081,-23.7667,-47.0333,951.0
2347082,-23.65,-47.2167,888.0
2347083,-23.5333,-47.2,880.0
2347084,-23.2167,-47.3,636.0
2347085,-23.5,-47.45,636.0
2347086,-23.5,-47.6,626.0
2347087,-23.5,-47.1,926.0
2347088,-23.2833,-47.6667,580.0
2347089,-23.3917,-46.9947,787.0
2347090,-23.6333,-47.4,878.0
2347091,-23.1333,-47.0833,719.0
2347092,-23.5833,-47.4167,636.0
2347093,-23.2667,-47.2833,636.0
2347100,-23.2333,-47.4167,555.0
2347101,-23.1,-47.2667,583.0
2347105,-23.6667,-47.15,889.0
2347106,-23.1,-47.2167,583.0
2347107,-23.2,-47.55,557.0
2347109,-23.0,-47.0,765.0
2347113,-23.3333,-47.7667,551.0
2347114,-23.1,-47.3333,545.0
2347190,-23.65,-47.2,889.0
2347192,-23.7856,-47.6356,694.0
2347197,-23.9486,-47.1975,620.0
2347200,-23.5903,-47.4161,636.0
2347204,-23.8122,-47.67,789.0
2347205,-23.9364,-47.1033,673.0
2347206,-23.8864,-47.1369,660.0
2347207,-24.0625,-47.4158,430.0
2347208,-23.9722,-47.3872,728.0
2347209,-23.5747,-47.4389,636.0
2347210,-23.5414,-47.4444,636.0
2347211,-23.7197,-47.1872,922.0
2347212,-23.6411,-47.1633,889.0
2347213,-23.355,-47.0828,796.0
2347214,-23.2033,-47.3017,501.95
2347215,-23.1083,-47.1806,563.27
2347252,-23.1461,-47.7956,553.0
2347253,-23.2806,-47.2417,550.0
2348033,-23.5639,-48.3897,580.0
2348034,-23.5928,-48.4914,642.0
2348035,-23.8,-48.5831,639.0
2348036,-23.95,-48.9331,665.0
2348037,-23.9697,-48.2783,610.0
2348083,-23.1667,-48.9167,673.0
2348086,-23.7986,-48.5867,649.0
2348088,-23.8889,-48.7708,680.0
2348090,-23.7122,-48.7042,667.0
2348092,-23.4283,-48.44,642.0
2348107,-23.0792,-48.2533,
2349005,-23.0822,-49.7364,440.0
2349007,-23.1858,-49.3903,500.0
2349020,-23.7078,-49.4764,554.0
2349023,-23.7233,-49.5558,472.0
2349028,-23.166666,-49.966667,490.0
2349030,-23.5,-49.866665,512.0
2349031,-23.6,-49.6167,536.0
2349032,-23.6833,-49.85,700.0
2349033,-23.7667,-49.95,483.0
2349034,-23.8667,-49.8,696.0
2349036,-23.2011,-49.7557,782.0
2349037,-23.266666,-49.916668,550.0
2349038,-23.116667,-49.833057,563.0
2349040,-23.15,-49.9667,490.0
2349041,-23.2047,-49.2333,598.0
2349042,-23.1281,-49.7317,480.6
2349057,-23.366667,-49.733055,486.0
2349058,-23.383055,-49.833057,575.0
2349059,-23.4138,-49.9808,603.0
2349060,-23.5458,-49.747,563.0
2349061,-23.7545,-49.6228,543.0
2349062,-23.8,-49.85,680.0
2349063,-23.9767,-49.5958,557.0
2349064,-23.9142,-49.6503,550.0
2349065,-23.4667,-49.3,621.0
2349066,-23.0167,-49.9,449.0
2349068,-23.7331,-49.4303,493.5
2349074,-23.7858,-49.0558,639.0
2349076,-23.8517,-49.395,659.8
2349077,-23.1792,-49.3922,497.0
2349078,-23.1603,-49.3786,557.0
2349081,-23.0714,-49.8464,449.0
2349082,-23.1789,-49.3922,487.0
2349083,-23.1136,-49.9467,
2349084,-23.1156,-49.9169,406.0
2350000,-23.2583,-50.9844,396.0
2350001,-23.1286,-50.4597,419.0
2350002,-23.0853,-50.2856,375.0
2350005,-23.516666,-50.783054,699.0
2350006,-23.4936,-50.6467,670.0
2350008,-23.433056,-50.55,662.0
2350010,-23.7,-50.816666,800.0
2350011,-23.041945,-50.07,422.0
2350012,-23.3,-50.066666,520.0
2350015,-23.7458,-50.9403,652.0
2350016,-23.7458,-50.9403,
2350017,-23.0,-50.033054,450.0
2350018,-23.1,-50.35,440.0
2350019,-23.55,-50.55,760.0
2350020,-23.366667,-50.85,559.0
2350021,-23.3437,-50.5918,570.0
2350022,-23.366667,-50.5,502.0
2350023,-23.1983,-50.7902,458.0
2350024,-23.183056,-50.65,554.0
2350025,-23.066668,-50.916668,369.0
2350026,-23.08,-50.754444,445.0
2350027,-23.138056,-50.674446,554.0
2350028,-23.116667,-50.166668,455.0
2350029,-23.2663,-50.4319,471.0
2350030,-23.2,-50.333057,558.0
2350031,-23.25,-50.133057,554.0
2350032,-23.3945,-50.924,533.0
2350033,-23.4096,-50.3586,620.0
2350034,-23.333055,-50.15,474.0
2350035,-23.477777,-50.936943,433.0
2350036,-23.616667,-50.916668,578.0
2350037,-23.7816,-50.8143,989.0
2350038,-23.9,-50.95,756.0
2350039,-23.95,-50.816666,619.0
2350040,-23.916666,-50.466667,720.0
2350041,-23.8976,-50.2503,600.0
2350042,-23.8889,-50.182,730.0
2350043,-23.9518,-50.0323,750.0
2350044,-23.8,-50.65,870.0
2350045,-23.816668,-50.366665,591.0
2350046,-23.8114,-50.1364,600.0
2350047,-23.7,-50.616665,1020.0
2350048,-23.6339,-50.4746,531.0
2350049,-23.6313,-50.3098,518.0
2350050,-23.616667,-50.166668,529.0
2350051,-23.638056,-50.03639,504.0
2350052,-23.5379,-50.381,800.0
2350053,-23.4349,-50.2455,500.0
2350054,-23.5139,-50.0408,600.0
2350055,-23.766666,-50.366665,552.0
2350057,-23.166666,-50.783054,370.0
2350061,-23.9038,-50.5708,764.0
2350062,-23.8503,-50.3911,526.0
2350063,-23.8137,-50.3251,636.0
2350064,-23.05,-50.2167,453.0
2350065,-23.1889,-50.6436,554.0
2350066,-23.6372,-50.9233,400.0
2350067,-23.3125,-50.9958,350.0
2350069,-23.266666,-50.983055,345.0
2350071,-23.7918,-50.9943,645.0
2350072,-23.439167,-50.824165,504.0
2350075,-23.3433,-50.1628,474.0
2350080,-23.5583,-50.8647,498.0
2351000,-23.3,-51.8333,477.0
2351001,-23.0167,-51.2167,455.0
2351002,-23.0667,-51.0667,384.0
2351003,-23.3,-51.15,585.0
2351004,-23.7095,-51.7621,560.0
2351005,-23.9,-51.983055,340.0
2351006,-23.3167,-51.1333,532.0
2351007,-23.55,-51.45,786.0
2351008,-23.5,-51.5333,755.0
2351010,-23.3167,-51.15,566.0
2351011,-23.266666,-51.016666,484.0
2351012,-23.4,-51.4333,746.0
2351013,-23.4167,-51.95,542.0
2351017,-23.516666,-51.65,701.0
2351018,-23.933056,-51.85,373.0
2351019,-23.883055,-51.733055,447.0
2351020,-23.940834,-51.587776,600.0
2351021,-23.916666,-51.4,832.0
2351022,-23.938055,-51.233612,970.0
2351023,-23.8641,-51.8583,404.0
2351024,-23.8256,-51.6691,500.0
2351025,-23.76389,-51.506943,606.0
2351026,-23.7604,-51.4114,648.0
2351027,-23.8269,-51.2669,860.0
2351028,-23.6497,-51.983,420.0
2351029,-23.6104,-51.8605,372.0
2351030,-23.033056,-51.416668,571.0
2351031,-23.0661,-51.2611,438.0
2351032,-23.05,-51.033054,380.0
2351033,-23.283056,-51.283054,661.0
2351034,-23.366667,-51.2,532.0
2351035,-23.5118,-51.2365,740.0
2351036,-23.516666,-51.066666,509.0
2351037,-23.6647,-51.3611,790.0
2351038,-23.65,-51.266666,606.0
2351039,-23.683056,-51.083057,666.0
2351040,-23.75,-51.02667,673.0
2351041,-24.0271,-51.0984,1011.0
2351043,-23.6708,-51.5968,601.0
2351044,-23.4843,-51.9056,504.0
2351045,-23.4,-51.8738,584.0
2351046,-23.416666,-51.733055,573.0
2351047,-23.383055,-51.583057,673.0
2351048,-23.4051,-51.4191,793.0
2351049,-23.283056,-51.983055,400.0
2351050,-23.183,-51.833,581.0
2351051,-23.2377,-51.6613,572.0
2351052,-23.216667,-51.566666,602.0
2351053,-23.1963,-51.4401,653.0
2351054,-23.1,-51.866665,544.0
2351055,-23.116667,-51.716667,547.0
2351056,-23.1,-51.516666,511.0
2351062,-23.355,-51.019165,438.0
2351063,-23.9,-51.2167,970.0
2351064,-23.433056,-51.316666,681.0
2351065,-23.0361,-51.8035,485.0
2351066,-23.9006,-51.9525,350.0
2351067,-23.45,-51.9833,515.0
2351068,-23.5347,-51.4467,786.0
2351069,-23.266666,-51.233055,630.0
2351070,-23.4028,-51.0067,500.0
2351073,-23.583,-51.083,390.0
2351079,-23.7306,-51.0378,
2351080,-23.5175,-51.5303,
2351082,-23.0981,-51.6378,420.0
2351083,-23.1239,-51.5917,428.0
2351084,-23.5647,-51.0119,440.0
2351085,-23.3997,-51.0056,370.0
2352000,-23.3242,-52.6669,250.0
2352002,-23.816668,-52.183056,315.0
2352010,-23.6747,-52.1172,520.0
2352011,-23.716667,-52.866665,489.0
2352012,-23.866667,-52.883057,486.0
2352013,-23.116667,-52.0,430.0
2352014,-23.848,-52.0283,420.0
2352016,-23.440556,-52.2925,384.0
2352017,-23.083055,-52.433056,480.0
2352018,-23.65,-52.65,495.0
2352019,-23.6667,-52.5833,459.0
2352026,-23.9066,-52.9547,459.0
2352027,-23.952223,-52.614445,567.0
2352028,-23.9,-52.483055,553.0
2352029,-23.9108,-52.3361,527.0
2352030,-24.0047,-52.2369,425.0
2352031,-23.7927,-52.6413,600.0
2352032,-23.833055,-52.5,600.0
2352033,-23.8,-52.333057,550.0
2352034,-23.783,-52.2499,520.0
2352035,-23.673,-52.3805,474.0
2352036,-23.363611,-52.523888,293.0
2352037,-23.3238,-52.2994,521.0
2352038,-23.4041,-52.1961,561.0
2352039,-23.2219,-52.3497,497.0
2352040,-23.083055,-52.15,476.0
2352042,-23.668,-52.9761,447.0
2352043,-23.566668,-52.85,500.0
2352044,-23.482779,-52.70139,501.0
2352045,-23.4666,-52.5497,500.0
2352046,-23.3825,-52.9441,400.0
2352047,-23.333055,-52.766666,400.0
2352048,-23.1491,-52.9452,354.0
2352049,-23.183056,-52.833057,345.0
2352050,-23.0227,-52.9216,433.0
2352051,-23.0852,-52.7847,396.0
2352052,-23.1136,-52.7124,450.0
2352053,-23.5308,-52.3808,358.0
2352054,-23.55,-52.216667,336.0
2352055,-23.5263,-52.0536,424.0
2352059,-23.433056,-52.75,374.0
2352060,-23.0772,-52.9591,362.0
2352061,-23.6169,-52.1963,339.0
2352062,-23.183,-52.183,582.0
2352063,-23.4347,-52.2903,350.0
2352064,-23.1,-52.4831,449.0
2352065,-23.6831,-52.6167,495.0
2352069,-23.9947,-52.2317,382.0
2352074,-23.8181,-52.2039,311.0
2353000,-23.2,-53.2,267.0
2353001,-23.0067,-53.1889,400.0
2353002,-23.9167,-53.1331,320.0
2353003,-23.8719,-53.8888,330.0
2353004,-23.7777,-53.0822,480.0
2353005,-23.7349,-53.4881,412.0
2353006,-23.983,-53.1666,345.0
2353007,-23.8,-53.3333,417.0
2353008,-23.733055,-53.283054,480.0
2353009,-23.033056,-53.616665,234.0
2353010,-23.0781,-53.4803,349.0
2353011,-23.75,-53.283054,414.0
2353013,-23.933056,-53.433056,374.0
2353014,-23.933056,-53.3275,380.0
2353015,-23.816668,-53.8,328.0
2353016,-23.7969,-53.6755,438.0
2353017,-23.4386,-53.0161,380.0
2353018,-23.75,-53.866665,327.0
2353019,-23.693,-53.9088,365.0
2353020,-23.7166,-53.713,405.0
2353021,-23.566668,-53.633057,374.0
2353022,-23.6185,-53.3837,500.0
2353023,-23.6077,-53.2041,370.0
2353024,-23.5,-53.933056,229.0
2353025,-23.4794,-53.7269,365.0
2353026,-23.483055,-53.566666,360.0
2353027,-23.5264,-53.4652,441.0
2353028,-23.5488,-53.3212,445.0
2353029,-23.4858,-53.0838,453.0
2353030,-23.366667,-53.75,250.0
2353031,-23.383,-53.6166,450.0
2353032,-23.333055,-53.416668,500.0
2353033,-23.3666,-53.283,450.0
2353034,-23.3161,-53.0764,401.0
2353035,-23.25,-53.4,264.0
2353036,-23.233055,-53.3,278.0
2353037,-23.166666,-53.533054,242.0
2353038,-23.1342,-53.2775,339.0
2353039,-23.866667,-53.766666,328.0
2353040,-23.166666,-53.2,330.0
2353041,-23.183,-53.0666,300.0
2353042,-23.386389,-53.23111,312.0
2353043,-23.65,-53.233055,366.0
2353044,-23.1869,-53.2014,470.0
2353045,-23.25,-53.433056,283.0
2353046,-23.601389,-53.309723,427.0
2353047,-23.9413,-53.5863,400.0
2353048,-23.0728,-53.8206,303.0
2353049,-23.7667,-53.2667,414.0
2353054,-23.2667,-53.7,240.0
2353059,-23.1806,-53.3319,248.0
2354000,-23.0578,-54.1939,366.0
2354001,-23.6819,-54.5617,333.0
2354002,-22.9703,-54.5633,301.0
2354003,-23.916666,-54.016666,240.0
2354004,-23.4497,-54.3936,343.0
2355000,-23.0978,-55.2436,460.0
2355001,-23.2661,-55.5244,510.0
2355002,-23.6503,-55.3919,319.0
2355003,-23.6403,-55.0192,371.0
239001,-2.9167,-39.9167,20.0
240000,-2.9,-40.8333,17.0
240002,-2.9167,-40.8333,5.0
240004,-2.85,-40.5833,5.0
240006,-2.8167,-40.4167,16.0
240007,-2.8833,-40.1167,7.0
240008,-2.8333,-40.22,17.0
240009,-2.8167,-40.2167,
240010,-2.9333,-40.2667,
240011,-2.9667,-40.9333,
240012,-2.9333,-40.1833,18.0
240013,-2.9167,-40.4833,5.0
240014,-2.7833,-40.5167,
240015,-2.9967,-40.5703,
241000,-2.8833,-41.6667,1.0
241002,-2.9167,-41.7833,23.0
241003,-2.9833,-41.0833,15.0
241011,-2.9372,-41.3475,13.0
242000,-2.75,-42.8333,9.0
242001,-2.7667,-42.2833,0.0
242002,-2.9022,-42.3131,56.0
242003,-2.97,-42.9467,16.0
244000,-2.45,-44.8,21.0
244001,-2.1333,-44.6167,23.0
244002,-2.55,-44.0667,8.0
244003,-2.95,-44.25,15.0
244007,-2.5333,-44.3,27.0
244010,-2.7167,-44.8333,7.0
244011,-2.1294,-44.6069,
244012,-2.7011,-44.8233,32.0
2447041,-24.1667,-47.65,135.0
2447042,-24.2064,-47.6133,10.0
2447043,-24.2483,-47.3733,18.0
2447044,-24.2711,-47.4642,30.0
2447045,-24.2886,-47.1781,42.0
2447046,-24.3211,-47.6247,15.0
2447074,-24.7917,-47.8906,30.0
2447075,-24.2,-47.4886,10.0
2447089,-24.695,-47.5694,
2447090,-24.0103,-47.2936,576.0
2447091,-24.0814,-47.4767,430.0
2447092,-24.1511,-47.5547,290.0
2447093,-24.0283,-47.3567,566.0
2447094,-24.1094,-47.6861,61.0
2447119,-24.2886,-47.6172,
2447120,-24.2461,-47.2608,
2448017,-24.5856,-48.5947,61.0
2448023,-24.6833,-48.0,50.0
2448031,-24.6831,-48.9831,400.0
2448034,-24.966667,-48.916668,886.0
2448035,-24.7166,-48.7499,230.0
2448036,-24.75,-48.4831,160.0
2448037,-24.7563,-48.968,227.0
2448038,-24.966667,-48.3,748.0
2448039,-24.85,-48.6,380.0
2448040,-24.95,-48.833057,882.0
2448071,-24.4831,-48.7769,913.0
2448072,-24.0936,-48.6389,772.0
2448073,-24.0714,-48.1825,692.0
2448075,-24.7558,-48.0847,
2448076,-24.0178,-48.7242,598.0
2448077,-24.5864,-48.2697,
2448078,-24.1336,-48.9664,667.0
2448079,-24.2133,-48.7061,795.0
2448080,-24.1886,-48.7297,796.0
2448081,-24.1683,-48.7142,732.0
2448082,-24.0625,-48.7244,580.0
2449000,-24.6556,-48.9997,180.0
2449003,-24.616667,-49.366665,688.0
2449004,-24.633055,-49.483055,810.0
2449005,-24.1,-49.3333,819.0
2449006,-24.8,-49.2833,270.0
2449007,-24.75,-49.3333,400.0
2449008,-24.8433,-49.2733,320.0
2449010,-24.966667,-49.483055,493.0
2449011,-24.5293,-49.9292,1068.0
2449012,-24.966667,-49.0,886.0
2449013,-24.816668,-49.25,532.0
2449019,-24.2333,-49.7,923.0
2449020,-24.95,-49.3,480.0
2449021,-24.567,-49.4197,818.0
2449022,-24.85,-49.016666,737.0
2449023,-24.8556,-49.4665,480.0
2449024,-24.9772,-49.0862,880.0
2449025,-24.85,-49.183056,763.0
2449026,-24.9373,-49.8244,1007.0
2449027,-24.8,-49.866665,1017.0
2449028,-24.7744,-49.7,1051.0
2449029,-24.65,-49.9,1001.0
2449030,-24.6465,-49.7298,1100.0
2449031,-24.483055,-49.85,1063.0
2449032,-24.5003,-49.7262,1026.0
2449033,-24.516666,-49.516666,1063.0
2449034,-24.35,-49.85,1150.0
2449035,-24.366667,-49.633057,1048.0
2449036,-24.383,-49.583,1000.0
2449037,-24.42,-49.38889,954.0
2449038,-24.366667,-49.266666,929.0
2449039,-24.233612,-49.780556,942.0
2449040,-24.246,-49.7167,890.0
2449041,-24.233055,-49.516666,1033.0
2449042,-24.233055,-49.383057,986.0
2449043,-24.15,-49.833057,849.0
2449044,-24.1,-49.4667,650.0
2449045,-24.0524,-49.6556,850.0
2449060,-24.516666,-49.45,975.0
2449061,-24.25,-49.533054,1033.0
2449063,-24.9667,-49.4667,150.0
2449064,-24.2331,-49.6831,959.0
2449065,-24.216667,-49.7,959.0
2449067,-24.0903,-49.3292,725.0
2449068,-24.6114,-49.1267,496.0
2449069,-24.9028,-49.4417,345.0
2449070,-24.1092,-49.4697,581.0
2449071,-24.0919,-49.4228,574.0
2449072,-24.0272,-49.4617,258.0
2449073,-24.1503,-49.4853,664.0
2449074,-24.2236,-49.6886,787.0
2449075,-24.1364,-49.6511,716.0
2449076,-24.1189,-49.6261,638.0
2449077,-24.8939,-49.5858,630.0
2449078,-24.4822,-49.0664,783.0
2449079,-24.4839,-49.1136,791.0
2449082,-24.2575,-49.6942,829.0
2449083,-24.2411,-49.485,760.0
2449084,-24.2228,-49.4858,777.0
2449085,-24.1822,-49.4908,729.0
2449093,-24.0717,-49.6244,548.0
245000,-2.9167,-45.65,33.0
2450000,-24.7833,-50.0,991.0
2450002,-24.5108,-50.4111,720.0
2450003,-24.031944,-50.6925,1000.0
2450005,-24.2831,-50.6331,750.0
2450006,-24.045,-50.7128,679.0
2450008,-24.2094,-50.9244,750.0
2450009,-24.7,-50.483055,875.0
245001,-2.9539,-45.6647,
2450010,-24.783056,-50.0,991.0
2450011,-24.333055,-50.616665,768.0
2450012,-24.482779,-50.3725,784.0
2450013,-24.7667,-50.0667,975.0
2450014,-24.2,-50.55,830.0
2450015,-24.1167,-50.5167,784.0
245002,-2.6167,-45.4667,19.0
2450020,-24.2167,-50.85,807.0
2450021,-24.9847,-50.2623,950.0
2450022,-24.966667,-50.116665,965.0
2450023,-24.75,-50.133057,1079.0
2450024,-24.9682,-49.981,1000.0
2450025,-24.6804,-50.2459,1200.0
2450026,-24.6662,-50.1342,1050.0
2450027,-24.683056,-50.016666,1057.0
2450028,-24.583055,-50.1,1033.0
2450029,-24.333055,-50.45,830.0
245003,-2.0522,-45.9583,14.0
2450030,-24.383055,-50.316666,908.0
2450031,-24.3802,-50.1088,962.0
2450032,-24.416666,-50.033054,1114.0
2450033,-24.233055,-50.6,830.0
2450034,-24.2577,-50.2403,1050.0
2450035,-24.266666,-50.133057,915.0
2450036,-24.2593,-50.0838,957.0
2450037,-24.133055,-50.016666,747.0
2450038,-24.8,-50.35,806.0
2450039,-24.616667,-50.6,881.0
245004,-2.8,-45.3167,38.0
2450040,-24.4926,-50.8195,919.0
2450041,-24.533056,-50.65,844.0
2450042,-24.4,-50.8,824.0
2450043,-24.166666,-50.766666,678.0
2450044,-24.116667,-50.966667,764.0
2450045,-24.966667,-50.616665,851.0
2450046,-24.033056,-50.45,776.0
2450047,-24.083055,-50.316666,801.0
2450048,-24.0074,-50.1351,900.0
2450049,-24.9575,-50.8919,743.0
245005,-2.5167,-45.0833,9.0
2450050,-24.668888,-50.935,1116.0
2450051,-24.583055,-50.933056,773.0
2450052,-24.4185,-50.9776,650.0
2450053,-24.75,-50.816666,908.0
2450054,-24.861666,-50.648613,905.0
2450055,-24.75,-50.466667,875.0
2450056,-24.965,-50.393612,780.0
2450057,-24.95,-50.4,824.0
2450058,-24.6502,-50.859,850.0
2450059,-24.066668,-50.133057,721.0
245006,-2.2333,-45.3,19.0
2450061,-24.3603,-50.5939,788.0
2450062,-24.0284,-50.6699,
2450063,-24.7831,-50.0,991.0
2450069,-24.070278,-50.635277,604.0
245007,-2.5047,-45.7842,
2450070,-24.3125,-50.72222,655.0
2450071,-24.170555,-50.84861,715.0
2450072,-24.5122,-50.4111,720.0
2450073,-24.4875,-50.36222,709.0
2450075,-24.0633,-50.7014,
2450077,-24.5275,-50.4072,791.0
2450078,-24.69,-50.4922,775.0
2450079,-24.7506,-50.0881,1011.0
245008,-2.9708,-45.355,
2450080,-24.7822,-50.0175,1011.0
2450081,-24.7456,-50.1189,1079.0
2450082,-24.5344,-50.4089,722.0
2450083,-24.7211,-50.1347,970.0
245009,-2.5903,-45.3653,
245010,-2.5153,-45.0856,
245011,-2.2739,-45.2711,
2451002,-24.05,-51.6167,380.0
2451003,-24.8333,-51.15,550.0
2451004,-24.5333,-51.6333,853.0
2451005,-24.1,-51.483055,527.0
2451006,-24.1058,-51.4822,625.0
2451007,-24.116667,-51.133057,664.0
2451009,-24.15,-51.283054,524.0
2451010,-24.9328,-51.8834,900.0
2451011,-24.05,-51.983055,364.0
2451012,-24.066944,-51.944168,364.0
2451013,-24.7571,-51.7714,860.0
2451014,-24.25,-51.65,360.0
2451015,-24.5167,-51.6667,972.0
2451016,-24.633055,-51.616665,826.0
2451017,-24.3444,-51.4239,600.0
2451018,-24.516666,-51.45,528.0
2451020,-24.0167,-51.95,320.0
2451021,-24.7791,-51.9544,929.0
2451022,-24.2492,-51.5641,720.0
2451023,-24.184444,-51.425,726.0
2451024,-24.233055,-51.083057,640.0
2451025,-24.183056,-51.2,664.0
2451026,-24.6166,-51.833,1050.0
2451027,-24.9058,-51.6707,906.0
2451028,-24.8836,-51.5436,950.0
2451029,-24.9592,-51.3583,590.0
2451030,-24.916666,-51.266666,752.0
2451031,-24.983055,-51.083057,573.0
2451032,-24.7591,-51.6219,893.0
2451033,-24.8,-51.416668,850.0
2451034,-24.8407,-51.2968,500.0
2451035,-24.8565,-50.9889,934.0
2451036,-24.6411,-51.758,911.0
2451037,-24.616667,-51.35,852.0
2451038,-24.6268,-51.249,900.0
2451039,-24.683332,-51.059723,1200.0
2451040,-24.333055,-51.833057,593.0
2451041,-24.516666,-51.95,702.0
2451042,-24.533056,-51.383057,548.0
2451043,-24.5694,-51.153,866.0
2451044,-24.4166,-51.933,700.0
2451045,-24.353,-51.6913,811.0
2451046,-24.3845,-51.5897,900.0
2451047,-24.3222,-51.3114,675.0
2451048,-24.433056,-51.133057,807.0
2451049,-24.1144,-51.7341,618.0
2451051,-24.565,-51.33139,528.0
2451052,-24.7667,-51.7331,916.0
2451053,-24.2525,-51.6606,638.0
2451054,-24.0536,-51.9819,364.0
2451056,-24.41,-51.031666,490.0
2451061,-24.7769,-51.4289,542.0
2451062,-24.6894,-51.5181,
2451063,-24.9439,-51.4225,830.0
2451064,-24.8553,-51.3997,611.0
2451066,-24.8861,-51.3931,
2451067,-24.9406,-51.5072,879.0
2451068,-24.9136,-51.4994,836.0
2451069,-24.5633,-51.5544,554.0
2451070,-24.9522,-51.3867,855.0
2451071,-24.365,-51.9883,
2451072,-24.7703,-51.5369,638.0
2451073,-24.785,-51.5578,696.0
2452000,-24.7489,-52.7019,360.0
2452001,-24.5544,-52.9014,320.0
2452002,-24.8667,-52.75,451.0
2452004,-24.033056,-52.266666,617.0
2452005,-24.1,-52.3333,628.0
2452006,-24.083055,-52.316666,586.0
2452007,-24.0472,-52.3674,591.0
2452008,-24.4183,-52.1058,584.0
2452009,-24.5338,-52.9908,509.0
2452010,-24.133,-52.7666,350.0
2452011,-24.5997,-52.8041,618.0
2452012,-24.7997,-52.6999,650.0
2452013,-24.666666,-52.566666,563.0
2452014,-24.283,-52.5166,702.0
2452015,-24.5955,-52.2739,730.0
2452016,-24.8844,-52.2027,890.0
2452017,-24.7,-52.033054,816.0
2452018,-24.05,-52.366665,586.0
2452019,-24.8858,-52.4738,741.0
2452020,-24.95,-52.366665,677.0
2452021,-24.9,-52.033054,831.0
2452022,-24.783056,-52.5,495.0
2452023,-24.75,-52.383057,550.0
2452024,-24.779722,-52.21472,614.0
2452025,-24.65,-52.366665,627.0
2452026,-24.7,-52.733055,433.0
2452027,-24.55,-52.566666,593.0
2452028,-24.783056,-52.016666,816.0
2452029,-24.0905,-52.6213,582.0
2452030,-24.533056,-52.733055,567.0
2452031,-24.933056,-52.683056,466.0
2452032,-24.916666,-52.8,545.0
2452033,-24.3464,-52.9331,515.0
2452034,-24.416666,-52.833057,494.0
2452035,-24.433,-52.5497,650.0
2452036,-24.233055,-52.783054,597.0
2452037,-24.183056,-52.65,578.0
2452038,-24.083055,-52.5,598.0
2452039,-24.483055,-52.766666,501.0
2452040,-24.3166,-52.6499,638.0
2452041,-24.5011,-52.2445,819.0
2452042,-24.5,-52.0497,950.0
2452043,-24.366667,-52.4,732.0
2452044,-24.4287,-52.1816,700.0
2452045,-24.2347,-52.4025,668.0
2452046,-24.283,-52.2666,800.0
2452047,-24.2927,-52.0769,420.0
2452049,-24.533056,-52.35,716.0
2452050,-24.666666,-52.566666,540.0
2452051,-24.9472,-52.5978,380.0
2452052,-24.5331,-52.9831,452.0
2452054,-24.2956,-52.5236,684.0
2452055,-24.851389,-52.753056,500.0
2452059,-24.1047,-52.3283,612.0
2452064,-24.0561,-52.2903,432.0
2452065,-24.7436,-52.4753,495.0
2452066,-24.7247,-52.3931,550.0
2452067,-24.7644,-52.4308,495.0
2452069,-24.0317,-52.2656,425.0
2453000,-24.1667,-53.7333,270.0
2453001,-24.5583,-53.1289,310.0
2453002,-24.4,-53.15,355.0
2453003,-24.3,-53.916668,310.0
2453004,-24.416666,-53.516666,391.0
2453005,-24.0,-53.633057,306.0
2453006,-24.283056,-53.833057,302.0
2453007,-24.95,-53.466667,730.0
2453008,-24.03,-53.438,427.0
2453009,-24.2,-53.3333,290.0
2453010,-24.283,-53.3166,370.0
2453011,-24.541945,-53.20889,470.0
2453012,-24.7986,-53.2913,682.0
2453013,-24.6333,-53.1,730.0
2453014,-24.8969,-53.0776,700.0
2453015,-24.033056,-53.0,458.0
2453016,-24.193333,-53.031944,497.0
2453017,-24.7255,-53.8449,500.0
2453018,-24.914722,-53.806946,532.0
2453023,-24.933056,-53.433056,760.0
2453025,-24.95,-53.65,623.0
2453026,-24.7755,-53.9016,554.0
2453027,-24.7727,-53.6427,635.0
2453028,-24.6202,-53.9261,539.0
2453029,-24.466667,-53.933056,360.0
2453030,-24.6111,-53.6141,517.0
2453031,-24.633055,-53.466667,547.0
2453032,-24.616667,-53.316666,565.0
2453033,-24.566668,-53.8,460.0
2453034,-24.533056,-53.25,440.0
2453035,-24.516666,-53.566666,461.0
2453037,-24.573,-53.3799,544.0
2453038,-24.916666,-53.2,708.0
2453039,-24.75,-53.416668,599.0
2453040,-24.783056,-53.116665,498.0
2453041,-24.833055,-53.0,507.0
2453042,-24.416666,-53.65,386.0
2453043,-24.3781,-53.1619,285.0
2453044,-24.283056,-53.066666,464.0
2453045,-24.116667,-53.266666,339.0
2453046,-24.116667,-53.133057,409.0
2453047,-24.423,-53.8277,400.0
2453048,-24.39,-53.9558,392.0
2453049,-24.2,-53.916668,308.0
2453050,-24.1983,-53.5255,396.0
2453051,-24.2,-53.4,332.0
2453052,-24.0964,-53.9655,350.0
2453053,-24.066668,-53.816666,303.0
2453055,-24.95,-53.466667,730.0
2453056,-24.9619,-53.2433,697.0
2453058,-24.733055,-53.75,514.0
2453059,-24.677,-53.7104,547.0
2453061,-24.7331,-53.9167,429.0
2453062,-24.9833,-53.45,730.0
2453063,-24.3833,-53.8833,354.0
2453067,-24.2,-53.3333,332.0
2453068,-24.1906,-53.7436,
2453069,-24.755833,-53.774445,514.0
2453070,-24.737223,-53.68833,577.0
2453075,-24.7328,-53.8928,395.6
2453076,-24.7175,-53.9436,395.6
2453077,-24.7428,-53.855,395.6
2453078,-24.7792,-53.7608,395.6
2453079,-24.4717,-53.9986,314.0
2453082,-24.6367,-53.1025,346.0
2453087,-24.8536,-53.1864,535.0
2453091,-24.1544,-53.0725,384.0
2453098,-24.3064,-53.9044,284.0
2454000,-24.4922,-54.3161,246.0
2454001,-24.066668,-54.25,225.0
2454002,-24.55,-54.066666,389.0
2454003,-24.6919,-54.2327,245.0
2454004,-24.6481,-54.2983,337.0
2454006,-24.1674,-54.0995,400.0
2454007,-24.883055,-54.35,233.0
2454008,-24.783056,-54.366665,225.0
2454009,-24.083055,-54.25,225.0
2454010,-24.95,-54.116665,333.0
2454011,-24.9769,-53.9838,570.0
2454012,-24.7786,-54.2397,281.0
2454013,-24.716667,-54.066666,336.0
2454014,-24.483055,-54.25,273.0
2454015,-24.4541,-54.1622,364.0
2454016,-24.3058,-54.1547,249.0
2454017,-24.25,-54.266666,281.0
2454018,-24.9066,-54.2019,243.0
2454019,-24.366667,-54.016666,359.0
2454020,-24.066668,-54.116665,244.0
2454024,-24.866667,-54.333057,233.0
2454026,-24.1,-54.266666,280.0
2454027,-24.55,-54.05,389.0
2454028,-24.5527,-54.2163,270.0
2454031,-24.96,-54.175,230.0
2454046,-24.0694,-54.1958,244.0
2454048,-24.4192,-54.0286,290.0
246001,-2.5667,-46.5167,75.0
246002,-2.2353,-46.4356,
247,-12.167993,-39.251076,
247000,-2.5128,-47.7681,
247001,-2.4333,-47.25,96.0
247003,-2.0356,-47.7506,
247004,-2.4261,-47.5161,
247005,-2.7717,-46.8025,
247006,-2.9483,-47.8144,
247007,-2.9833,-47.4667,114.0
247008,-2.3433,-47.8469,
248,-12.551332,-39.551083,
248001,-2.4478,-48.5786,
248002,-2.1333,-48.3833,47.0
248003,-2.4208,-48.1489,
248004,-2.6333,-48.2167,51.0
248005,-2.5167,-48.3667,46.0
248006,-2.7822,-48.3522,
249,-12.301329,-39.301075,
249000,-2.25,-49.5,5.0
249002,-2.8044,-49.3778,
249003,-2.785,-49.6694,
249004,-2.4497,-49.4383,
249108,-2.2467,-49.4961,
249109,-2.5775,-49.51,
249110,-2.4497,-49.4417,
250,-12.601335,-39.00107,
250000,-2.785,-50.4536,
250001,-1.9917,-50.3686,
250002,-2.4533,-50.9228,
250003,-2.245,-50.6297,
251,-12.898132,-38.38307,
251000,-2.245,-51.1794,
251001,-2.5867,-51.9481,
251002,-2.6219,-51.9544,
252000,-2.2167,-52.8,64.0
252001,-2.3364,-52.9186,
252002,-2.8819,-52.0114,
253000,-1.1789,-53.5994,
254000,-2.4433,-54.7025,
254004,-2.4167,-54.7833,45.0
254005,-2.815,-54.2978,113.0
254006,-2.7333,-54.7667,105.0
254007,-2.8167,-54.3,113.0
254009,-2.8094,-54.2994,
254010,-2.2628,-54.5244,
254011,-2.65,-54.8189,
254012,-2.8156,-54.2997,
254013,-2.8839,-54.755,
2548000,-25.4667,-48.8333,8.0
2548001,-25.1697,-48.8794,791.0
2548002,-25.4283,-48.9442,933.0
2548003,-25.2333,-48.75,80.0
2548004,-25.8167,-48.5333,24.0
2548005,-25.5167,-48.5167,11.0
2548006,-25.3,-48.3333,1.0
2548007,-25.3,-48.7167,19.0
2548008,-25.8833,-48.5667,24.0
2548009,-25.7,-48.4833,0.0
2548010,-25.5167,-48.5167,11.0
2548012,-25.566668,-48.716667,155.0
2548013,-25.8,-48.9833,727.0
2548014,-25.233055,-48.9,1194.0
2548016,-25.5667,-48.6333,85.0
2548017,-25.5167,-48.7167,155.0
2548018,-25.233055,-48.733055,173.0
2548019,-25.316668,-48.616665,40.0
2548020,-25.916666,-48.883057,150.0
2548021,-25.516666,-48.516666,11.0
2548022,-25.433056,-48.716667,31.0
2548023,-25.2666,-48.2997,10.0
2548027,-25.505833,-48.87417,214.0
2548028,-25.5667,-48.8,155.0
2548030,-25.2,-48.9667,851.0
2548031,-25.5667,-48.5333,11.0
2548032,-25.133055,-48.866665,985.0
2548033,-25.2167,-48.7833,173.0
2548035,-25.95,-48.7,13.0
2548036,-25.0562,-48.5639,702.0
2548037,-25.666666,-48.45,2.0
2548038,-25.5,-48.816666,59.0
2548039,-25.3,-48.333057,40.0
2548040,-25.083055,-48.666668,670.0
2548041,-25.4925,-48.9938,1048.0
2548042,-25.083,-48.2166,9.0
2548043,-25.182222,-48.40333,16.0
2548044,-25.2,-48.466667,73.0
2548045,-25.366667,-48.433056,10.0
2548046,-25.333055,-48.6,142.0
2548047,-25.3888,-48.8588,159.0
2548049,-25.5966,-48.6247,32.0
2548050,-25.6,-48.95,881.0
2548051,-25.816668,-48.75,13.0
2548052,-25.8127,-48.9236,237.0
2548053,-25.8777,-48.618,20.0
2548059,-25.45,-48.7,19.0
2548065,-25.666666,-48.5,7.0
2548067,-25.183056,-48.583057,403.0
2548068,-25.4307,-48.72,74.0
2548070,-25.2167,-48.8,173.0
2548071,-25.35,-48.416668,10.0
2548073,-25.05,-48.383057,643.0
2548074,-25.8,-48.9833,727.0
2548075,-25.466667,-48.816666,49.0
2548076,-25.8181,-48.8072,10.0
2548079,-25.8453,-48.5803,0.0
2548080,-25.1383,-48.8744,985.0
2548081,-25.8069,-48.9944,726.0
2548082,-25.2169,-48.9464,851.0
2548083,-25.0881,-48.8258,861.0
2548087,-25.8954,-48.5812,5.0
2548088,-25.544445,-48.301945,5.0
2548089,-25.7763,-48.5152,2.0
2548090,-25.4314,-48.9475,692.0
2548091,-25.2427,-48.7475,10.0
2548092,-25.319445,-48.708057,20.0
2548093,-25.5567,-48.6971,50.0
2548094,-25.433332,-48.872776,10.0
2548095,-25.5258,-48.7503,14.0
2548097,-25.0,-48.6217,321.0
2548098,-25.2433,-48.7522,
2548099,-25.2128,-48.4886,61.0
2548110,-25.4546,-48.8071,15.0
2549000,-25.933056,-49.783054,750.0
2549001,-25.55,-49.8833,793.0
2549002,-25.4167,-49.3,905.0
2549003,-25.95,-49.3931,810.0
2549004,-25.45,-49.0667,900.0
2549006,-25.4333,-49.2667,924.0
2549007,-25.733055,-49.0,654.0
2549008,-25.816668,-49.083057,881.0
2549010,-25.4722,-49.015,936.0
2549012,-25.1333,-49.2833,888.0
2549013,-25.6331,-49.75,897.0
2549014,-25.166666,-49.5,814.0
2549015,-25.5,-49.5,909.0
2549016,-25.6,-49.166668,908.0
2549017,-25.5192,-49.1467,910.0
2549018,-25.44,-49.2572,890.0
2549019,-25.4595,-49.5848,901.0
2549022,-25.05,-49.633057,704.0
2549023,-25.983055,-49.683056,828.0
2549024,-25.598055,-49.418888,909.0
2549025,-25.783056,-49.716667,900.0
2549027,-25.916666,-49.266666,942.0
2549029,-25.5167,-49.1667,907.0
2549030,-25.533056,-49.383057,904.0
2549033,-25.32,-49.1592,930.0
2549038,-25.883055,-49.1,881.0
2549039,-25.7,-49.35,916.0
2549040,-25.68,-49.53639,882.0
2549041,-25.4167,-49.1333,887.0
2549042,-25.366945,-49.073612,936.0
2549043,-25.716667,-49.816666,909.0
2549044,-25.416666,-49.616665,981.0
2549045,-25.3551,-49.5076,890.0
2549046,-25.166666,-49.833057,832.0
2549047,-25.22,-49.6476,800.0
2549048,-25.2914,-49.5352,781.0
2549049,-25.183056,-49.316666,922.0
2549050,-25.3,-49.233055,956.0
2549051,-25.2072,-49.1113,980.0
2549052,-25.1496,-49.9021,1012.0
2549053,-25.133,-49.5166,750.0
2549054,-25.0652,-49.1236,938.0
2549055,-25.066668,-49.033054,1055.0
2549056,-25.0137,-49.6414,520.0
2549057,-25.933056,-49.483055,855.0
2549058,-25.766666,-49.916668,846.0
2549059,-25.7996,-49.8831,903.0
2549061,-25.855,-49.5258,820.0
2549062,-25.777,-49.3247,920.0
2549063,-25.7852,-49.1392,913.0
2549064,-25.483055,-49.983055,899.0
2549065,-25.433,-49.8166,950.0
2549066,-25.15,-49.983055,1001.0
2549074,-25.483055,-49.3,905.0
2549075,-25.45,-49.24889,884.0
2549076,-25.9833,-49.6833,780.0
2549077,-25.3519,-49.3447,940.0
2549078,-25.3906,-49.3622,987.0
2549079,-25.378334,-49.396667,987.0
2549080,-25.4181,-49.3869,895.0
2549081,-25.5378,-49.3892,902.0
2549082,-25.5783,-49.4278,862.0
2549087,-25.440834,-49.118332,878.0
2549088,-25.567778,-48.310833,4.0
2549090,-25.2877,-49.2314,977.0
2549091,-25.783056,-49.766666,910.0
2549092,-25.5928,-49.3169,904.0
2549093,-25.5992,-49.51,878.0
2549094,-25.4306,-49.3678,930.0
2549096,-25.1881,-49.3214,922.0
2549098,-25.587778,-49.407223,909.0
2549099,-25.4333,-49.2,887.0
2549100,-25.3077,-49.2934,1050.0
2549102,-25.8217,-49.0656,817.0
2549103,-25.7122,-48.9706,654.0
2549105,-25.9439,-49.7961,809.0
2549106,-25.5481,-49.8894,780.0
2549107,-25.2453,-49.2835,1100.0
2549108,-25.2515,-49.1561,900.0
2549109,-25.266666,-49.2,946.0
2549113,-25.4891,-49.0405,900.0
2549116,-25.600277,-49.397778,888.0
2549118,-25.446667,-49.197777,882.0
2549119,-25.453888,-49.17139,878.0
2549124,-25.5995,-49.2616,879.0
2549126,-25.449444,-49.356388,930.0
2549127,-25.463055,-49.319443,889.092
2549128,-25.3224,-49.1622,903.0
2549132,-25.470556,-49.246666,875.0
2549133,-25.5902,-49.2286,878.0
2549135,-25.15,-49.4222,814.0
2549186,-25.426945,-49.388054,892.39
2549188,-25.463,-49.2508,878.0
2549190,-25.5436,-49.8747,790.0
2549191,-25.5711,-49.7908,835.0
2549192,-25.6014,-49.6314,862.0
2549193,-25.4984,-49.2099,900.0
2549194,-25.3215,-49.6858,670.0
255000,-2.2683,-55.4806,
2550000,-25.2372,-50.9608,690.0
2550001,-25.875555,-50.389446,760.0
2550002,-25.0333,-50.0833,998.0
2550003,-25.1333,-50.15,790.0
2550005,-25.9522,-50.6792,750.0
2550006,-25.0167,-50.85,808.0
2550007,-25.4667,-50.6333,837.0
255001,-2.6508,-55.7206,
2550010,-25.983055,-50.2,849.0
2550011,-25.0333,-50.1167,900.0
2550013,-25.4667,-50.6167,882.0
2550014,-25.883055,-50.833057,867.0
2550015,-25.3464,-49.9196,870.0
2550016,-25.075556,-50.38889,975.0
2550017,-25.9109,-50.5244,770.0
2550018,-25.466667,-50.666668,882.0
2550019,-25.733055,-50.783054,865.0
255002,-2.5644,-55.3742,
2550020,-25.95,-50.0,823.0
2550021,-25.933056,-50.933056,1035.0
2550022,-25.95,-50.5,780.0
2550024,-25.2167,-50.0167,824.0
2550025,-25.45,-50.583057,833.0
2550027,-25.833055,-50.983055,995.0
2550028,-25.6973,-50.0134,929.0
2550029,-25.4464,-50.786,797.0
2550030,-25.783056,-50.783054,865.0
2550031,-25.8,-50.633057,795.0
2550032,-25.820278,-50.133335,836.0
2550033,-25.683056,-50.866665,881.0
2550034,-25.716667,-50.783054,865.0
2550035,-25.7359,-50.4948,790.0
2550036,-25.683056,-50.3,881.0
2550037,-25.6223,-50.2004,856.0
2550038,-25.6299,-50.6883,825.0
2550039,-25.283056,-50.233055,832.0
2550040,-25.516666,-50.45,869.0
2550041,-25.4917,-50.2982,892.0
2550042,-25.4952,-50.0763,950.0
2550043,-25.3415,-50.7864,900.0
2550044,-25.416666,-50.55,833.0
2550045,-25.3771,-50.4619,950.0
2550046,-25.35,-50.366665,862.0
2550047,-25.4,-50.133057,861.0
2550048,-25.2375,-50.6005,869.0
2550049,-25.3,-50.5,844.0
2550050,-25.15,-50.233055,818.0
2550051,-25.033056,-50.566666,849.0
2550052,-25.0294,-50.8,900.0
2550053,-25.4772,-51.0369,900.0
2550054,-25.383055,-50.966667,778.0
2550055,-25.1222,-50.9863,750.0
2550056,-25.0066,-50.8509,850.0
2550057,-25.1915,-50.813,850.0
2550059,-25.3,-50.033054,855.0
2550061,-25.4667,-50.65,882.0
2550062,-25.2167,-50.1,824.0
2550063,-25.7333,-50.8,865.0
2550065,-25.9111,-50.5256,781.0
2550066,-25.033056,-50.133057,900.0
2550068,-25.866667,-50.383057,784.0
2550069,-25.8756,-50.3894,760.0
2550070,-25.9111,-50.5256,781.0
2550072,-25.0222,-50.0569,719.0
2550074,-25.1761,-50.9408,719.0
2550080,-25.0356,-50.1033,850.0
2550081,-25.345,-50.9689,754.0
2550082,-25.1761,-50.9408,706.0
2550083,-25.1567,-50.9494,638.0
2550084,-25.1658,-50.9406,
2550085,-25.9892,-50.7625,791.0
2551000,-25.45,-51.45,950.0
2551001,-25.6942,-51.2025,960.0
2551002,-25.033056,-51.85,959.0
2551003,-25.2,-51.6667,1018.0
2551004,-25.6372,-51.9656,836.0
2551005,-25.9333,-51.4,920.0
2551007,-25.516666,-51.783054,940.0
2551008,-25.5497,-51.483,1160.0
2551009,-25.109167,-51.80639,1056.0
2551010,-25.35,-51.5,1058.0
2551011,-25.6297,-51.0877,1150.0
2551012,-25.733055,-51.466667,1188.0
2551013,-25.4833,-51.6667,951.0
2551014,-25.573,-51.0715,1268.0
2551015,-25.3656,-51.4956,1087.0
2551016,-25.95,-51.7,949.0
2551017,-25.944,-51.2626,880.0
2551018,-25.903,-51.1044,1114.0
2551019,-25.85,-51.766666,1245.0
2551020,-25.8,-51.516666,1146.0
2551021,-25.816668,-51.4,918.0
2551022,-25.8075,-51.288612,872.0
2551023,-25.82,-51.1161,1065.0
2551024,-25.65,-51.6667,1050.0
2551025,-25.7357,-51.5211,1446.0
2551026,-25.6331,-51.165,1108.0
2551027,-25.5614,-51.5548,1000.0
2551028,-25.416666,-51.916668,902.0
2551029,-25.316668,-51.55,1002.0
2551030,-25.366667,-51.283054,1180.0
2551031,-25.266666,-51.883057,941.0
2551032,-25.283056,-51.766666,1041.0
2551033,-25.25,-51.55,1050.0
2551034,-25.3105,-51.4299,1050.0
2551035,-25.2731,-51.273,1202.0
2551036,-25.516666,-51.933056,895.0
2551037,-25.7997,-51.8497,1000.0
2551038,-25.3798,-51.0828,792.0
2551039,-25.3105,-51.1701,850.0
2551040,-25.0405,-51.5445,1146.0
2551041,-25.15,-51.333057,1132.0
2551042,-25.116667,-51.283054,1117.0
2551043,-25.1464,-51.0727,750.0
2551044,-25.966667,-51.833057,987.0
2551045,-25.368055,-51.683056,986.0
2551046,-25.8,-51.283054,1009.0
2551047,-25.5333,-51.8167,
2551048,-25.5667,-51.55,1064.0
2551053,-25.6375,-51.9653,836.0
2551054,-25.8075,-51.2886,1009.0
2551056,-25.597221,-51.675556,866.0
2551057,-25.5964,-51.6758,1016.0
2551059,-25.6436,-51.9553,812.0
2551060,-25.7042,-52.0031,713.0
2551061,-25.876667,-51.485,800.0
2551062,-25.930277,-51.365833,780.0
2551063,-25.2406,-51.9275,861.0
2551069,-25.6617,-51.6622,1012.0
2551070,-25.3847,-51.4939,
2551071,-25.6492,-51.9625,
2551072,-25.5458,-51.4883,
2551073,-25.4878,-51.7378,
2551074,-25.6119,-51.6531,
2551075,-25.5353,-51.8158,
2551077,-25.5044,-51.7864,887.0
2551078,-25.4433,-51.4583,943.0
2551079,-25.4469,-51.4678,928.0
2551080,-25.4672,-51.6125,923.0
2551081,-25.4633,-51.6628,917.0
2551082,-25.4786,-51.6717,901.0
2551083,-25.66,-51.4381,1175.0
2551084,-25.6406,-51.8603,815.0
2551085,-25.0239,-51.5289,970.0
2551086,-25.6386,-51.9669,752.0
2551087,-25.0392,-51.8756,831.0
2552000,-25.4483,-52.9044,550.0
2552001,-25.7739,-52.9328,390.0
2552002,-25.915,-52.849445,450.0
2552003,-25.7333,-52.2667,584.0
2552004,-25.033056,-52.0,886.0
2552005,-25.483889,-52.216667,850.0
2552006,-25.083,-52.883,920.0
2552007,-25.405556,-52.404167,850.0
2552008,-25.1122,-52.2583,872.0
2552009,-25.3978,-52.435,850.0
2552010,-25.3069,-52.5427,728.0
2552012,-25.783056,-52.166668,635.0
2552014,-25.233055,-52.233055,915.0
2552015,-25.05,-52.55,541.0
2552016,-25.05,-52.35,607.0
2552017,-25.936388,-52.177223,620.0
2552018,-25.216667,-52.466667,879.0
2552019,-25.2225,-52.4311,785.0
2552020,-25.116667,-52.733055,842.0
2552022,-25.7997,-52.0166,1000.0
2552023,-25.6977,-52.1966,716.0
2552024,-25.616667,-52.066666,865.0
2552025,-25.5511,-52.1069,782.0
2552026,-25.1997,-51.9908,858.0
2552027,-25.95,-52.333057,862.0
2552028,-25.9167,-52.1,801.0
2552029,-25.8256,-52.7306,680.0
2552030,-25.86,-52.5269,738.0
2552031,-25.8166,-52.4158,650.0
2552032,-25.716667,-52.716667,580.0
2552033,-25.7275,-52.5027,655.0
2552034,-25.7469,-52.3908,670.0
2552035,-25.466667,-52.616665,672.0
2552036,-25.491,-52.5269,704.0
2552037,-25.516666,-52.4,750.0
2552038,-25.4222,-52.8366,632.0
2552039,-25.3863,-52.7703,621.0
2552040,-25.3812,-52.2013,758.0
2552041,-25.366667,-52.116665,800.0
2552042,-25.9405,-52.8249,587.0
2552043,-25.9343,-52.712,522.0
2552044,-25.983,-52.5666,700.0
2552045,-25.7166,-52.9166,550.0
2552046,-25.3927,-52.9644,666.0
2552047,-25.2099,-52.652,917.0
2552048,-25.766666,-52.083057,773.0
2552049,-25.816668,-52.166668,692.0
2552050,-25.7667,-52.1167,635.0
2552051,-25.916666,-52.983055,538.0
2552052,-25.2,-52.766666,744.0
2552053,-25.45,-52.916668,571.0
2552055,-25.7747,-52.1139,635.0
2552056,-25.7739,-52.9244,390.0
2552057,-25.7883,-52.1147,607.0
2552058,-25.7675,-52.0906,554.0
2552059,-25.115278,-52.406666,497.0
2552060,-25.983055,-52.748055,420.0
2552061,-25.493889,-52.226665,514.0
2552062,-25.38,-52.025,632.0
2552063,-25.9972,-52.785,518.0
2552064,-25.9922,-52.8192,492.0
2552069,-25.4103,-52.74,540.0
2552070,-25.6283,-52.6158,507.0
2552071,-25.7542,-52.0872,616.0
2552072,-25.8831,-52.8631,
2552073,-25.4878,-52.2156,567.0
2552074,-25.9736,-52.1683,810.0
2552075,-25.9797,-52.1614,661.0
2552076,-25.8058,-52.9067,421.0
2552077,-25.8181,-52.9014,438.0
2552078,-25.4936,-52.2128,544.0
2552079,-25.4256,-52.0872,604.0
2552080,-25.7806,-52.4919,540.0
2552081,-25.9853,-52.7472,463.0
2552082,-25.9783,-52.7364,
2552083,-25.4825,-52.2036,574.0
2552084,-25.4847,-52.2733,579.0
2552085,-25.1408,-52.2897,622.0
2552086,-25.1183,-52.3875,559.0
2553000,-25.5333,-53.0333,413.0
2553001,-25.55,-53.7667,281.0
2553002,-25.6,-53.133057,497.0
2553003,-25.566668,-53.116665,397.0
2553004,-25.5805,-53.1175,450.0
2553005,-25.833055,-53.75,400.0
2553006,-25.7,-53.8,397.0
2553007,-25.7766,-53.3108,444.0
2553008,-25.666666,-53.816666,294.0
2553009,-25.1558,-53.85,610.0
2553010,-25.812222,-53.473057,400.0
2553011,-25.766666,-53.533054,413.0
2553012,-25.9133,-53.473,330.0
2553013,-25.85,-53.7,452.0
2553014,-25.5917,-53.975,350.0
2553015,-25.7,-53.766666,400.0
2553016,-25.18361,-53.480278,611.049
2553017,-25.083055,-53.183056,780.0
2553018,-25.516666,-53.016666,413.0
2553019,-25.1216,-53.0063,750.0
2553020,-25.3063,-53.8727,481.0
2553022,-25.0644,-53.8782,676.0
2553023,-25.1,-53.733055,581.0
2553024,-25.4833,-53.6167,264.0
2553025,-25.466667,-53.483055,409.0
2553026,-25.3944,-53.3847,478.0
2553027,-25.466667,-53.2,431.0
2553028,-25.4119,-53.5683,380.0
2553029,-25.35,-53.5497,344.0
2553030,-25.4206,-53.1788,534.0
2553031,-25.283056,-53.316666,608.0
2553032,-25.2,-53.266666,657.0
2553033,-25.174166,-53.602222,730.833
2553034,-25.033056,-53.6,715.0
2553035,-25.137,-53.3316,606.0
2553036,-25.95,-53.833,400.0
2553037,-25.9545,-53.6353,450.0
2553038,-25.7701,-53.6649,400.0
2553039,-25.6871,-53.6884,380.0
2553040,-25.2,-53.133057,650.0
2553041,-25.2183,-53.1615,600.0
2553043,-25.933056,-53.366665,618.0
2553044,-25.933,-53.1697,585.0
2553046,-25.8875,-53.0824,560.0
2553047,-25.683,-53.4666,400.0
2553048,-25.616667,-53.366665,446.0
2553049,-25.6,-53.016666,444.0
2553051,-25.566668,-53.516666,350.0
2553052,-25.682222,-52.983334,550.0
2553053,-25.583055,-53.866665,180.0
2553054,-25.5333,-53.0333,413.0
2553055,-25.7833,-53.5167,413.0
2553056,-25.395277,-53.104168,430.0
2553057,-25.4333,-53.5167,
2553058,-25.769722,-53.61139,415.0
2553059,-25.5667,-53.9331,240.0
2553060,-25.55,-53.5,354.0
2553061,-25.5436,-53.4994,354.0
2553062,-25.3939,-53.1039,550.0
2553064,-25.7678,-53.6125,
2553065,-25.5711,-53.1133,397.0
2553068,-25.5419,-53.4844,328.0
2553070,-25.5667,-53.9333,180.0
2553071,-25.4217,-53.5003,329.0
2553072,-25.7692,-53.6111,329.0
2553073,-25.5853,-53.7278,231.0
2553079,-25.5386,-53.0097,413.0
2553081,-25.9578,-53.5492,338.0
2553082,-25.6169,-53.0639,362.0
2553083,-25.5942,-53.0747,354.0
2554000,-25.55,-54.5833,204.0
2554001,-25.616667,-54.483055,205.0
2554002,-25.683056,-54.433056,152.0
2554005,-25.2402,-53.9752,581.0
2554006,-25.3463,-54.2447,309.0
2554007,-25.3,-54.1,357.0
2554009,-25.5833,-54.4833,244.0
2554010,-25.533056,-54.583057,204.0
2554011,-25.583055,-54.583057,204.0
2554012,-25.4355,-54.3954,285.0
2554013,-25.5041,-54.3275,250.0
2554014,-25.466667,-54.15,249.0
2554015,-25.45,-54.016666,275.0
2554016,-25.366667,-54.533054,221.0
2554017,-25.35,-54.5,231.0
2554018,-25.4137,-54.0377,291.0
2554019,-25.216667,-54.466667,225.0
2554020,-25.0819,-54.2544,321.0
2554021,-25.166666,-54.1,479.0
2554022,-25.083055,-54.25,273.0
2554023,-25.1189,-54.0261,450.0
2554025,-25.1094,-54.3994,261.0
2554026,-25.183056,-54.133057,330.0
2554027,-25.5,-54.6,204.0
2554028,-25.3,-54.1,357.0
2554029,-25.5,-54.583057,204.0
2554030,-25.3061,-54.4127,258.0
2554035,-25.6831,-54.4331,205.0
2554037,-25.115555,-54.313057,288.6
2554042,-25.2667,-54.4333,
256,-12.284663,-39.00107,
256001,-2.1522,-56.0875,
256002,-2.1897,-56.7106,
257,-12.484665,-39.401077,
257000,-2.5378,-57.7581,
257001,-2.7922,-57.0644,
257002,-2.9703,-57.59,
257003,-2.4556,-57.2825,
258,-11.667981,-39.851086,
258001,-2.2911,-58.5058,
259,-11.467977,-39.76775,
259000,-2.1039,-59.3442,
259001,-2.8,-59.4667,78.0
259004,-2.7003,-59.6997,
259005,-2.66,-59.3608,
260,-12.634662,-40.934452,
260001,-2.6333,-60.0833,86.0
260002,-2.5667,-60.1167,88.0
260003,-2.6,-60.1,86.0
260004,-2.5667,-60.1,109.0
260005,-2.9083,-60.6725,36.0
260006,-2.62,-60.9478,
260007,-2.0417,-60.0258,
260008,-2.8964,-60.6883,
260009,-2.6656,-60.3275,
260010,2.8642,-60.7517,
261,-12.768002,-40.2011,
261000,-2.0247,-61.5414,
261001,-2.9897,-61.7292,
262,-12.134654,-40.3511,
263,-11.701314,-40.151096,
264,-12.351323,-40.851116,
2648000,-26.9167,-48.95,48.0
2648001,-26.9217,-48.8392,44.0
2648002,-26.7242,-48.9317,90.0
2648003,-26.3667,-48.9833,35.0
2648004,-26.4667,-48.95,44.0
2648005,-26.3,-48.85,24.0
2648006,-26.5667,-48.7167,13.0
2648007,-26.5,-48.8833,22.0
2648008,-26.9147,-48.6333,49.0
2648009,-26.4667,-48.7667,15.0
2648014,-26.3217,-48.8464,6.0
2648019,-26.755,-48.6994,10.0
2648020,-26.5617,-48.7192,3.0
2648021,-26.25,-48.9667,163.0
2648024,-26.9503,-48.7614,32.0
2648026,-26.9044,-48.6561,49.0
2648027,-26.0356,-48.85,80.0
2648028,-26.4483,-48.8303,8.0
2648029,-26.5,-48.9833,45.0
2648030,-26.5833,-48.75,13.0
2648031,-26.5833,-48.9167,45.0
2648033,-26.18,-48.9394,
2648034,-26.2489,-48.9775,
2648035,-26.25,-48.85,23.0
2648038,-26.9264,-48.9642,12.0
2648100,-26.5336,-48.8531,15.0
2649000,-26.8833,-49.15,85.0
2649001,-26.9436,-49.2894,76.0
2649002,-26.7367,-49.1703,63.0
2649003,-26.7811,-49.365,90.0
2649004,-26.8297,-49.2719,70.0
2649005,-26.9136,-49.2675,213.0
2649006,-26.1,-49.8,770.0
2649007,-26.9181,-49.0653,12.0
2649008,-26.7408,-49.2706,80.0
2649009,-26.9683,-49.0742,40.0
2649010,-26.7967,-49.0836,249.0
2649011,-26.0667,-49.2667,843.0
2649012,-26.4944,-49.0875,116.0
2649013,-26.4239,-49.2925,200.0
2649014,-26.2667,-49.1167,799.0
2649016,-26.216667,-49.6,780.0
2649017,-26.7172,-49.4831,250.0
2649018,-26.15,-49.383057,790.0
2649019,-26.6167,-49.0167,153.0
2649021,-26.1,-49.8,824.0
2649025,-26.8833,-49.1333,85.0
2649026,-26.8333,-49.2667,97.0
2649027,-26.8333,-49.1667,85.0
2649030,-26.65,-49.3167,642.0
2649031,-26.6,-49.4667,778.0
2649032,-26.5833,-49.4,810.0
2649033,-26.3333,-49.3,563.0
2649036,-26.1167,-49.0,193.0
2649037,-26.4642,-49.0867,116.0
2649042,-26.1833,-49.0833,681.0
2649045,-26.116667,-49.666668,849.0
2649046,-26.1,-49.433056,831.0
2649047,-26.1,-49.3,912.0
2649048,-26.216667,-49.5,855.0
2649052,-26.9167,-49.05,116.0
2649053,-26.9261,-49.8025,410.0
2649054,-26.5306,-49.8436,950.0
2649055,-26.4194,-49.5731,750.0
2649056,-26.3328,-49.9272,990.0
2649057,-26.1864,-49.2733,870.0
2649058,-26.6975,-49.8281,450.0
2649060,-26.2158,-49.0806,790.0
2649061,-26.895,-49.6722,245.0
2649063,-26.3333,-49.9167,910.0
2649064,-26.4097,-49.3311,
2649065,-26.5461,-49.48,875.0
2649066,-26.6,-49.0333,153.0
2649068,-26.4392,-49.0628,116.0
2649073,-26.1547,-49.3806,840.0
2649074,-26.1097,-49.8011,766.0
2649075,-26.6072,-49.3392,590.0
2649076,-26.615,-49.4056,652.0
2649083,-26.8992,-49.6628,625.0
2649088,-27.0322,-49.5869,253.0
2649090,-26.7567,-49.4567,522.0
2649091,-26.7631,-49.4411,461.0
2649092,-26.3169,-49.3208,712.0
2649093,-26.7781,-49.4117,283.0
2649094,-26.7592,-49.4067,325.0
2649095,-26.7839,-49.4181,340.0
2649096,-26.9689,-49.6878,363.0
2649097,-26.9989,-49.6539,264.0
2649176,-26.9075,-49.1942,72.0
2649177,-26.2947,-49.0614,700.0
2649178,-26.7758,-49.3719,432.0
2649179,-26.2944,-49.1567,653.0
2649180,-26.4669,-49.5967,868.0
2649181,-26.3714,-49.2919,183.0
2649182,-26.3803,-49.2003,234.0
2649183,-26.3481,-49.3314,423.0
2649199,-26.8047,-49.3567,146.0
265,-11.551308,-40.58444,
265000,-2.35,-65.1167,52.0
2650000,-26.3706,-50.2908,765.0
2650003,-26.1,-50.3833,776.0
2650005,-26.091389,-50.33389,770.0
2650006,-26.0192,-50.5925,770.0
2650008,-26.3839,-50.8783,746.0
2650009,-26.216667,-50.933056,770.0
2650010,-26.216667,-50.8,771.0
2650011,-26.116667,-50.866665,787.0
2650012,-26.083055,-50.766666,804.0
2650013,-26.05,-50.183056,799.0
2650014,-26.945,-50.1433,630.0
2650015,-26.7103,-50.2908,790.0
2650016,-26.5558,-50.6011,900.0
2650017,-26.65,-50.9833,1179.0
2650018,-26.3514,-50.6456,780.0
2650019,-26.9017,-50.6592,1000.0
2650020,-26.0,-50.316666,788.0
2650021,-26.3667,-50.2833,801.0
2650022,-26.4586,-50.0031,1000.0
2650023,-26.6931,-50.1478,800.0
2650024,-26.5875,-50.7283,895.0
2650025,-26.3656,-50.3372,793.0
2650026,-26.0914,-50.3333,788.0
2650027,-26.0192,-50.5925,772.0
2650028,-26.5875,-50.7283,944.0
2650029,-26.2833,-50.8833,770.0
2650030,-26.3839,-50.8783,770.0
2650032,-26.9675,-50.4217,1000.0
2650033,-26.2831,-50.8831,770.0
2650035,-26.8192,-50.9856,1001.0
2650037,-26.4631,-50.8883,871.0
2650038,-26.4406,-50.8344,792.0
2650039,-26.6144,-50.6761,950.0
2650040,-26.5936,-50.7283,933.0
2650041,-26.4597,-50.8122,767.0
2650042,-26.4472,-50.9861,911.0
2650055,-26.9914,-50.1711,630.0
2650056,-26.9642,-50.5067,951.0
2650057,-26.6017,-50.5558,872.0
2651000,-26.227777,-51.080276,746.0
2651001,-26.8733,-51.7964,1000.0
2651002,-26.7667,-51.0,1022.0
2651003,-26.3867,-51.2719,800.0
2651004,-26.1667,-51.2167,790.0
2651005,-26.030277,-51.141666,840.0
2651006,-26.483055,-51.983055,1065.0
2651007,-26.216667,-51.066666,771.0
2651010,-26.6175,-51.28,950.0
2651011,-26.4833,-51.1667,1168.0
2651013,-26.1905,-51.2977,802.0
2651014,-26.1,-51.233055,837.0
2651015,-26.166666,-51.55,934.0
2651016,-26.043,-51.207,800.0
2651017,-26.233055,-51.35,995.0
2651018,-26.0,-51.633057,954.0
2651019,-26.033056,-51.916668,880.0
2651020,-26.1587,-51.4082,950.0
2651022,-26.6086,-51.8817,1250.0
2651023,-26.1166,-51.5666,1030.0
2651024,-26.633055,-51.416668,1249.0
2651025,-26.5,-51.55,1273.0
2651026,-26.4797,-51.428,1161.0
2651027,-26.55,-51.316666,1044.0
2651028,-26.3,-51.666668,1140.0
2651029,-26.4249,-51.5621,1150.0
2651030,-26.4,-51.4,1049.0
2651031,-26.2667,-51.9,1180.0
2651032,-26.25,-51.8,954.0
2651033,-26.583055,-51.833057,1179.0
2651034,-26.55,-51.766666,1247.0
2651035,-26.366667,-51.866665,1180.0
2651036,-26.7758,-51.2628,1133.0
2651040,-26.9056,-51.9717,1000.0
2651041,-26.133055,-51.75,1095.0
2651043,-26.483055,-51.983055,1100.0
2651044,-26.5989,-51.1167,1200.0
2651045,-26.25,-51.266666,894.0
2651046,-26.083055,-51.65,600.0
2651047,-26.016666,-51.883057,874.0
2651049,-26.166666,-51.233055,745.0
2651050,-26.0833,-51.65,954.0
2651051,-26.06611,-51.913612,720.0
2651052,-26.9067,-51.4097,1000.0
2651054,-26.0931,-51.8797,720.0
2651055,-26.0094,-51.6647,954.0
2651056,-26.0306,-51.1419,944.0
2651057,-26.3867,-51.2719,964.0
2651058,-26.1653,-51.2281,837.0
2651059,-26.2281,-51.0803,771.0
2651062,-26.6736,-51.7561,1127.0
2651063,-26.10111,-51.520832,765.0
2651064,-26.084444,-51.62472,760.0
2651065,-26.040833,-51.375,770.0
2651066,-26.129168,-51.36111,720.0
2651067,-26.6767,-51.7575,
2651068,-26.6828,-51.5619,1188.0
2651069,-26.7019,-51.605,1195.0
2651070,-26.6992,-51.8247,1073.0
2651071,-26.8489,-51.8753,972.0
2651072,-26.9406,-51.9528,972.0
2651073,-26.9361,-51.8958,1013.0
2651074,-26.9828,-51.1667,704.0
2651075,-26.7094,-51.8911,1089.0
2651080,-26.6803,-51.7808,1100.0
2651081,-26.8958,-51.0756,773.0
2651082,-26.1239,-51.8739,230.0
2651083,-26.7442,-51.0203,915.0
2651084,-26.1981,-51.0947,
2652000,-26.5561,-52.3308,760.0
2652001,-26.9508,-52.1817,600.0
2652002,-26.5836,-52.6403,550.0
2652003,-26.416666,-52.35,930.0
2652004,-26.9333,-52.9,400.0
2652005,-26.75,-52.65,439.0
2652007,-26.029167,-52.628334,450.0
2652009,-26.0506,-52.8008,550.0
2652010,-26.4777,-51.9769,1060.0
2652011,-26.3666,-52.5666,850.0
2652012,-26.26389,-52.776943,723.0
2652013,-26.233,-52.683,800.0
2652015,-26.2781,-52.2961,800.0
2652017,-26.05,-52.933056,583.0
2652021,-26.7369,-52.9017,360.0
2652022,-26.1475,-52.383,850.0
2652023,-26.3639,-52.0039,1000.0
2652024,-26.383055,-52.233055,937.0
2652025,-26.2891,-52.6977,815.0
2652026,-26.071667,-52.0925,873.0
2652027,-26.1272,-52.1838,1009.0
2652028,-26.233055,-52.033054,1083.0
2652029,-26.233055,-52.233055,927.0
2652031,-26.4003,-52.8956,720.0
2652032,-26.0722,-52.4972,700.0
2652033,-26.2311,-52.5966,700.0
2652034,-26.8192,-52.7353,360.0
2652035,-26.116667,-52.683056,700.0
2652036,-26.2167,-52.6833,819.0
2652045,-26.7553,-52.3272,680.0
2652048,-26.0289,-52.6281,588.0
2652049,-26.9408,-52.2611,567.0
2652050,-26.5778,-52.495,647.0
2652051,-26.7528,-52.3842,640.0
2652052,-26.7947,-52.1378,760.0
2652053,-26.6561,-52.5433,553.0
2652054,-26.6808,-52.0442,876.0
2652056,-26.7611,-52.3378,658.0
2652060,-26.94,-52.4411,580.0
2652062,-26.7983,-52.5911,372.0
2652063,-26.01,-52.7939,522.0
2652064,-26.9519,-52.4547,567.0
2652080,-26.7711,-52.1917,745.0
2652081,-26.9794,-52.3803,453.0
2652082,-26.0411,-52.175,828.0
2652083,-26.0389,-52.9331,583.0
2652084,-26.6556,-52.9108,426.0
2652085,-26.7169,-52.8914,383.0
2652086,-26.6258,-52.2264,791.0
2652089,-26.5492,-52.5311,
2652091,-26.7758,-52.0422,805.0
2652092,-26.9547,-52.3008,540.0
2652093,-26.0617,-52.9222,536.0
2652094,-26.8544,-52.9006,320.0
2652095,-26.7717,-52.0342,
2652096,-26.0956,-52.9481,560.0
2652097,-26.2489,-52.4269,754.0
2652098,-26.9883,-52.4519,455.0
2652099,-26.5661,-52.4344,676.0
2652100,-26.7725,-52.1756,754.0
2652101,-26.3669,-52.0086,995.0
2652102,-26.5861,-52.1839,929.0
2652103,-26.7586,-52.4175,
2652104,-26.2422,-52.4442,695.0
2652105,-26.7069,-52.8878,398.0
2652106,-26.7772,-52.9325,340.0
2652107,-26.0053,-52.1833,680.0
2652108,-26.5833,-52.6983,470.0
2652110,-26.0383,-52.175,
2652111,-26.0533,-52.8072,538.0
2652112,-26.9739,-52.4564,475.0
2653001,-26.4578,-53.0794,920.0
2653002,-26.2692,-53.6275,800.0
2653003,-26.7753,-53.0464,530.0
2653004,-26.6828,-53.2867,320.0
2653005,-26.465,-53.4536,720.0
2653006,-26.7333,-53.5167,595.0
2653007,-26.9283,-53.0075,280.0
2653008,-26.25,-53.633057,740.0
2653009,-26.0667,-53.73,520.0
2653010,-26.083055,-53.066666,600.0
2653012,-26.083055,-53.05,650.0
2653013,-26.3456,-53.2717,850.0
2653014,-26.1086,-53.6466,447.0
2653015,-26.083334,-53.178055,757.0
2653016,-26.0663,-53.3528,557.0
2653017,-26.1122,-53.4633,500.0
2653018,-26.216667,-53.05,716.0
2653019,-26.2416,-53.1963,700.0
2653020,-26.183056,-53.383057,500.0
2653021,-26.2343,-53.4524,550.0
2653022,-26.378056,-53.044724,933.0
2653023,-26.3185,-53.1829,750.0
2653024,-26.1525,-53.0183,640.0
2653025,-26.083055,-53.083057,577.0
2653029,-26.6208,-53.6817,520.0
2653030,-26.935,-53.7064,300.0
2653033,-26.6678,-53.6508,503.0
2653034,-26.9044,-53.0303,300.0
2653055,-26.7219,-53.3756,280.0
2653056,-26.7139,-53.3175,275.0
2653057,-26.7931,-53.3969,260.0
2653066,-26.6381,-53.4156,314.0
2653068,-26.8347,-53.6658,259.0
2653069,-26.0817,-53.0739,450.0
2653070,-26.5406,-53.4375,362.0
2653071,-26.5869,-53.4281,332.0
2653072,-26.4628,-53.3164,577.0
2653073,-26.7511,-53.3522,284.0
2653074,-26.5881,-53.4536,318.0
2653076,-26.7639,-53.6656,318.0
2653077,-26.8003,-53.6672,296.0
2653081,-26.7014,-53.2872,325.0
2653082,-26.6589,-53.2497,357.0
2653083,-26.4561,-53.4067,433.0
266001,-2.75,-66.95,52.0
266002,-2.1,-66.45,53.0
266003,-2.1164,-66.4628,53.0
266004,-2.8903,-66.9492,58.0
266005,-2.4908,-66.0597,50.0
267,-12.151323,-39.73442,
267001,-2.75,-67.5667,100.0
268,-12.984669,-40.96779,
268000,-2.8806,-68.7986,84.0
269,-11.534639,-41.134453,
269000,-2.9833,-69.5833,85.0
269001,-2.9297,-69.6931,101.0
270,-12.984671,-40.534443,
271,-11.801317,-39.36774,
272,-12.801332,-41.32113,
273,-12.531329,-40.3011,
274,-13.001335,-41.37113,
2748000,-27.1008,-48.9181,27.0
2748001,-27.4158,-48.9511,45.0
2748002,-27.2864,-48.9331,28.0
2748003,-27.4858,-48.9869,205.0
2748004,-27.6925,-48.7108,10.0
2748005,-27.7047,-48.8036,61.0
2748013,-27.6667,-48.55,20.0
2748016,-27.5169,-48.7694,34.0
2748017,-27.9622,-48.6692,10.0
2748018,-27.9008,-48.9278,425.0
2748019,-27.3194,-48.5636,92.0
2748022,-27.5833,-48.5167,10.0
2748023,-27.7283,-48.5106,92.0
2748029,-27.4783,-48.9761,191.0
2748030,-27.4167,-48.9544,39.0
2748031,-27.2967,-48.9703,35.0
2748096,-27.0572,-48.7044,
2748097,-27.0892,-48.6931,
2748099,-27.4886,-48.9897,200.0
2748100,-27.5808,-48.73,80.0
2748101,-27.4789,-48.8286,106.0
2748113,-27.3239,-48.885,30.0
2749000,-27.0381,-49.395,93.0
2749001,-27.0539,-49.5167,151.0
2749002,-27.3986,-49.6058,370.0
2749003,-27.1131,-49.9944,360.0
2749004,-27.6,-49.45,631.0
2749005,-27.0342,-49.5897,252.0
2749006,-27.2572,-49.9408,353.0
2749007,-27.7306,-49.3828,550.0
2749008,-27.2167,-49.6167,474.0
2749009,-27.7039,-49.8472,900.0
2749010,-27.9333,-49.1167,537.0
2749011,-27.05,-49.6167,396.0
2749012,-27.9956,-49.1156,320.0
2749013,-27.2903,-49.7689,350.0
2749014,-27.7,-49.2833,789.0
2749015,-27.3978,-48.9803,90.0
2749016,-27.0403,-49.3814,200.0
2749017,-27.5019,-49.5531,370.0
2749019,-27.5,-49.0,663.0
2749020,-27.6719,-49.0117,805.0
2749022,-27.0533,-49.5164,282.0
2749023,-27.05,-49.6167,396.0
2749024,-27.2,-49.6167,474.0
2749025,-27.0333,-49.3833,273.0
2749027,-27.9097,-49.1297,419.0
2749031,-27.8042,-49.78,900.0
2749032,-27.7667,-49.5167,1033.0
2749033,-27.3925,-49.3656,550.0
2749034,-27.5075,-49.2875,700.0
2749035,-27.7536,-49.9639,900.0
2749037,-27.6833,-49.3653,454.0
2749038,-27.1833,-49.0667,250.0
2749039,-27.2056,-49.6317,350.0
2749041,-27.4114,-49.8314,850.0
2749042,-27.4,-49.8167,588.0
2749043,-27.4186,-49.6461,454.0
2749044,-27.55,-49.0,663.0
2749045,-27.1967,-49.0872,
2749046,-27.3319,-49.3283,
2749051,-27.1986,-49.7864,532.0
2749052,-27.2936,-49.6506,474.0
2749053,-27.0969,-49.4658,290.0
2749056,-27.9867,-49.1064,339.0
2749057,-27.0344,-49.5681,282.0
2749058,-27.4983,-49.0478,642.0
2749059,-27.6556,-49.9522,837.0
2749060,-27.3997,-49.0325,408.0
2749061,-27.3194,-49.1008,486.0
2749099,-27.5489,-49.0064,422.0
2749101,-27.5297,-49.125,475.0
2749103,-27.345,-49.185,262.0
2749104,-27.5278,-49.0986,424.0
2749105,-27.5161,-49.0731,1106.0
2749125,-27.5953,-49.7394,
275,-12.351326,-40.031094,
2750001,-27.8989,-50.7536,980.0
2750003,-27.5078,-50.1128,865.0
2750004,-27.0167,-50.9167,1043.0
2750007,-27.9131,-50.0317,1196.0
2750008,-27.5417,-50.8569,720.0
2750009,-27.3339,-50.7533,829.0
2750010,-27.1611,-50.4689,980.0
2750011,-27.4819,-50.385,880.0
2750012,-27.3453,-50.4358,940.0
2750013,-27.0667,-50.65,915.0
2750014,-27.0972,-50.0339,370.0
2750015,-27.4564,-50.6439,807.0
2750020,-27.6617,-50.5783,920.0
2750021,-27.1411,-50.2644,900.0
2750022,-27.1208,-50.4567,1021.0
2750036,-27.7175,-50.6583,779.0
2750037,-27.5169,-50.8322,707.0
2750038,-27.6339,-50.7806,717.0
2750039,-27.6256,-50.9858,705.0
2750040,-27.4858,-50.3917,821.0
2750041,-27.225,-50.7339,785.0
2750042,-27.6711,-50.7097,742.0
2750059,-27.8117,-50.4794,870.0
2750065,-27.4881,-50.5225,
2750066,-27.7769,-50.9481,926.0
2750067,-27.4858,-50.3917,
2750068,-27.1917,-50.6097,867.0
2750069,-27.1925,-50.6175,860.0
2750070,-27.1961,-50.6175,857.0
2750071,-27.2044,-50.635,838.0
2750072,-27.4842,-50.1478,836.0
2750073,-27.2167,-50.6653,837.0
2750074,-27.4875,-50.8122,799.0
2750075,-27.0289,-50.1872,625.0
2750076,-27.0958,-50.7217,847.0
2750077,-27.0964,-50.0875,370.0
2750092,-27.0569,-50.1011,375.0
2751001,-27.6922,-51.1294,800.0
2751002,-27.6064,-51.3256,687.0
2751003,-27.35,-51.6167,598.0
2751004,-27.1717,-51.5003,560.0
2751005,-27.4611,-51.9136,465.0
2751006,-27.7125,-51.7378,600.0
2751007,-27.9828,-51.7836,687.0
2751008,-27.6589,-51.7483,597.0
2751009,-27.0,-51.15,839.0
2751010,-27.45,-51.8667,499.0
2751011,-27.0511,-51.9122,1040.0
2751012,-27.3422,-51.6083,498.0
2751015,-27.6786,-51.4547,754.0
2751017,-28.0058,-51.4544,950.0
2751018,-27.4647,-51.9031,420.0
2751021,-27.1728,-51.7439,700.0
2751022,-27.1458,-51.0389,1000.0
2751025,-27.8908,-51.1836,990.0
2751028,-27.5206,-51.8106,494.0
2751029,-27.3392,-51.6117,598.0
2751030,-27.5619,-51.8578,494.0
2751031,-27.8786,-51.7544,605.0
2751039,-27.8572,-51.3814,785.0
2751040,-27.9631,-51.3375,807.0
2751041,-27.8194,-51.3761,785.0
2751043,-27.6433,-51.4889,600.43
2751044,-27.7381,-51.3133,525.0
2751045,-27.0881,-51.2578,643.0
2751046,-27.11,-51.325,572.0
2751047,-27.78,-51.1917,647.0
2751049,-27.8786,-51.7547,
2751050,-27.5828,-51.3539,685.0
2751054,-27.1047,-51.2453,630.0
2751059,-27.5253,-51.5081,
2751060,-27.3147,-51.4767,630.0
2751061,-27.0881,-51.2581,627.0
2751062,-27.5322,-51.4233,681.0
2751064,-27.2975,-51.5522,
2751066,-27.8792,-51.1769,
2751067,-27.6147,-51.7508,510.0
2751068,-27.1194,-51.4069,747.0
2751069,-27.2644,-51.5467,480.0
2751070,-27.3417,-51.6558,450.0
2751072,-27.5411,-51.44,646.0
2751073,-27.2031,-51.5261,514.0
2751074,-27.1228,-51.9942,513.0
2751075,-27.4019,-51.7625,415.0
2751076,-27.1325,-51.4442,535.0
2751077,-27.1106,-51.8881,589.0
2751078,-27.3333,-51.3219,760.0
2751079,-27.3175,-51.4778,610.0
2751094,-27.3008,-51.5808,470.0
2751095,-27.6542,-51.1936,740.0
2752001,-27.95,-52.5167,626.0
2752002,-27.55,-52.7333,600.0
2752003,-27.1167,-52.6667,649.0
2752004,-27.1,-52.65,649.0
2752005,-27.3144,-51.9933,600.0
2752006,-27.8542,-52.3047,763.0
2752007,-27.6333,-52.2667,719.0
2752008,-27.6833,-52.8,600.0
2752009,-27.5831,-52.4669,777.0
2752010,-27.35,-52.7667,506.0
2752011,-27.8167,-52.4333,703.0
2752012,-27.7833,-52.8,615.0
2752013,-27.9333,-52.9167,496.0
2752014,-27.95,-52.0,577.0
2752017,-27.3889,-52.4544,350.0
2752020,-27.5539,-52.7425,600.0
2752021,-27.5872,-52.0928,800.0
2752027,-27.9464,-52.5858,626.0
2752031,-27.0719,-52.4636,373.0
2752032,-27.3325,-52.7872,594.0
2752035,-27.6575,-52.3203,744.0
2752037,-27.6694,-52.5842,505.0
2752038,-27.4822,-52.7797,428.0
2752039,-27.4964,-52.8031,494.0
2752040,-27.1133,-52.4875,317.0
2752041,-27.1458,-52.7775,387.0
2752058,-27.2456,-52.7944,342.0
2752059,-27.0419,-52.9544,232.0
2752064,-27.5703,-52.6781,466.0
2752065,-27.1008,-52.1747,507.0
2752066,-27.1703,-52.1617,398.0
2752067,-27.2567,-52.3456,1051.0
2752068,-27.1533,-52.7225,354.0
2752069,-27.145,-52.0444,465.0
2752070,-27.1678,-52.7383,329.0
2752071,-27.1581,-52.77,365.0
2752080,-27.1828,-52.7489,284.0
2753001,-27.75,-53.55,506.0
2753002,-27.3608,-53.3975,530.0
2753004,-27.8117,-53.0278,350.0
2753006,-27.0644,-53.1569,400.0
2753007,-27.8517,-53.7764,520.0
2753008,-27.3667,-53.75,450.0
2753009,-27.4514,-53.925,450.0
2753010,-27.6139,-53.5714,410.0
2753013,-27.0014,-53.5256,557.0
2753014,-27.5992,-53.0714,378.0
2753015,-27.9133,-53.3108,610.0
2753016,-27.5008,-53.6925,502.0
2753019,-27.1889,-53.2533,240.0
2753024,-27.2033,-53.7297,493.0
2753025,-27.6875,-53.8019,475.0
2753026,-27.3083,-53.0483,545.0
2753028,-27.1467,-53.0519,356.0
2753029,-27.0747,-53.2392,369.0
2753030,-27.5647,-53.7869,304.0
2753031,-27.4303,-53.5611,
2753032,-27.5589,-53.5764,319.0
2753039,-27.5347,-53.815,319.0
2753040,-27.8203,-53.7328,486.0
2753041,-27.7086,-53.775,454.0
2753042,-27.6233,-53.8011,454.0
2753048,-27.8344,-53.5144,
2753049,-27.7653,-53.5575,480.0
2753050,-27.1717,-53.7094,
2753052,-27.0133,-53.2953,242.0
2753056,-27.3328,-53.6444,
2753057,-27.4736,-53.4578,341.0
2753058,-27.4267,-53.54,277.0
2753059,-27.6028,-53.3917,468.0
2753060,-27.5367,-53.5697,295.0
2753061,-27.5086,-53.4314,924.0
2754001,-27.3019,-54.1394,120.0
2754002,-27.5,-54.1,327.0
2754003,-27.6333,-54.3,249.0
2754004,-27.7714,-54.3889,260.0
2754006,-27.8167,-54.6667,282.0
2754007,-27.7817,-54.2408,403.0
2754008,-27.75,-54.4667,259.0
2754009,-27.6742,-54.4625,120.0
2754010,-27.9681,-54.1164,400.0
2754013,-27.9875,-54.8336,180.0
2754014,-27.7028,-53.9731,448.0
2754015,-27.59,-54.6636,303.0
2754016,-27.7294,-54.4094,150.0
2754019,-27.78,-54.3736,205.0
2754020,-27.8969,-54.1072,281.0
2754026,-27.4286,-54.1217,184.0
2754027,-27.405,-54.1681,147.0
2755001,-27.8544,-55.0236,100.0
276,-11.971323,-39.101067,
277,-12.451332,-39.267742,
2848000,-28.2617,-49.0122,21.0
2848006,-28.1036,-48.9194,166.0
2848007,-28.2767,-48.7003,7.0
2848008,-28.6167,-48.8667,0.0
2848009,-28.1656,-48.9711,41.0
2848019,-28.0881,-48.9392,247.0
2848100,-28.1175,-48.9714,207.0
2849000,-28.4197,-49.1069,22.0
2849001,-28.3589,-49.295,90.0
2849002,-28.3258,-49.1792,40.0
2849003,-28.2833,-49.9333,1316.0
2849004,-28.9583,-49.6014,18.0
2849005,-28.8322,-49.6367,80.0
2849006,-28.7506,-49.4731,25.0
2849007,-28.1833,-49.2167,243.0
2849008,-28.2094,-49.195,93.0
2849009,-28.3397,-49.6214,1200.0
2849010,-28.65,-49.15,40.0
2849017,-28.96,-49.3786,2.0
2849018,-28.4833,-49.1167,252.0
2849019,-28.835,-49.8378,115.0
2849020,-28.6067,-49.0331,10.0
2849021,-28.0072,-49.5922,853.0
2849022,-28.7356,-49.3139,50.0
2849023,-28.3692,-49.8078,1080.0
2849024,-28.8536,-49.5897,15.0
2849027,-28.4722,-48.9911,
2849028,-28.4344,-49.1825,40.0
2849029,-28.6122,-49.5511,
2849030,-28.2389,-49.1628,68.0
2849031,-28.0322,-49.1186,248.0
2849035,-28.6264,-49.9339,1200.0
2849037,-28.4197,-49.2458,62.0
2849040,-28.0492,-49.13,
2849041,-28.1278,-49.1203,
2849042,-28.1569,-49.1214,
2849043,-28.0817,-49.1481,201.43
2849044,-28.9719,-49.6372,18.0
2849045,-28.4025,-49.9106,1040.0
2849046,-28.4456,-49.8975,925.0
2849047,-28.4136,-49.2853,171.0
2849065,-28.0017,-49.1139,313.79
2849067,-28.4008,-53.8283,
2849068,-28.2392,-49.1633,71.0
2850002,-28.7144,-50.0689,1150.0
2850003,-28.2333,-50.9,906.0
2850004,-28.1522,-50.4408,930.0
2850006,-28.4494,-50.2964,850.0
2850007,-28.9333,-50.1667,950.0
2850008,-28.2108,-50.7586,846.0
2850009,-28.8675,-50.4561,640.0
2850010,-28.64,-50.2872,1063.0
2850013,-28.7667,-50.9997,619.0
2850015,-28.0822,-50.455,1086.0
2850016,-28.9375,-50.6542,960.0
2850019,-28.7028,-54.9244,309.0
2850020,-28.6839,-50.7808,950.0
2850024,-28.3944,-50.5756,943.0
2850025,-28.2869,-50.8333,906.0
2850026,-28.2628,-50.7608,846.0
2850027,-28.2883,-50.6431,890.0
2850028,-28.02,-50.7822,888.0
2850030,-28.4531,-50.9528,955.0
2850033,-28.7869,-50.7447,465.0
2850034,-28.7883,-50.5611,
2850035,-28.8644,-50.5622,
2850036,-28.8161,-50.6214,
2850037,-28.0894,-50.0614,1000.0
2850038,-28.8047,-50.4936,777.0
2850039,-28.7575,-50.5211,785.0
2850044,-28.79,-50.6789,650.0
2850045,-28.4897,-50.9361,956.0
2850046,-28.9653,-50.7989,
2850050,-28.9489,-50.0556,592.0
2850051,-28.3208,-50.8653,879.0
2850052,-28.1964,-50.1731,880.0
2850053,-28.275,-50.2011,900.0
2850054,-28.2858,-50.84,820.0
2850062,-28.2994,-50.8553,840.0
2850063,-28.2919,-50.6589,730.0
2851001,-28.8,-51.7833,479.0
2851002,-28.6333,-51.5667,668.0
2851003,-28.8533,-51.2844,630.0
2851004,-28.6667,-51.7667,670.0
2851005,-28.5719,-51.9731,592.0
2851006,-28.9833,-51.8333,487.0
2851007,-28.2333,-51.55,794.0
2851008,-28.55,-51.35,669.0
2851009,-28.8833,-51.7,619.0
2851010,-28.6733,-51.1428,800.0
2851013,-28.1833,-51.5333,715.0
2851015,-28.8333,-51.35,703.0
2851018,-28.9833,-51.4,525.0
2851019,-28.6,-51.7833,670.0
2851020,-28.2556,-51.8619,750.0
2851021,-28.8775,-51.4483,400.0
2851022,-28.6194,-51.8667,380.0
2851023,-28.2925,-51.2744,843.0
2851024,-28.7561,-51.6283,680.0
2851026,-28.7667,-51.3667,723.0
2851027,-28.7,-51.9333,578.0
2851028,-28.3911,-51.8489,650.0
2851030,-28.1167,-51.6167,719.0
2851031,-28.9,-51.95,369.0
2851032,-28.6167,-51.35,677.0
2851033,-28.9333,-51.55,568.0
2851037,-28.9997,-51.7,548.0
2851043,-28.0592,-51.1881,974.0
2851044,-28.8444,-51.8792,520.0
2851050,-28.0878,-51.5444,805.0
2851051,-28.3239,-51.2111,939.0
2851052,-28.4619,-51.5378,263.0
2851057,-28.8086,-51.4467,
2851059,-28.9714,-51.4611,479.0
2851060,-28.9431,-51.1856,546.0
2851061,-28.2222,-51.5125,794.0
2851062,-28.9722,-51.7558,
2851063,-28.9414,-51.7692,
2851064,-28.775,-51.8447,321.0
2851065,-28.5792,-51.8686,
2851066,-28.6847,-51.8506,
2851067,-28.7117,-51.8525,484.0
2851068,-28.7525,-51.8436,484.0
2851069,-28.6189,-51.4011,599.0
2851070,-28.7983,-51.4744,
2851071,-28.0819,-51.2583,826.0
2851072,-28.3811,-51.6331,788.0
2851076,-28.5692,-51.4064,556.0
2851077,-28.5931,-51.3983,519.0
2851078,-28.5328,-51.4094,595.0
2851080,-28.8092,-51.7364,411.0
2851081,-28.8225,-51.4939,
2851082,-28.5719,-51.3111,578.0
2851083,-28.5919,-51.3247,551.0
2851084,-28.5486,-51.3017,641.0
2851085,-28.9364,-51.5058,555.0
2851086,-28.5981,-51.3992,
2851087,-28.4725,-51.36,
2851088,-28.6364,-51.3806,436.0
2851089,-28.6022,-51.2344,658.0
2851090,-28.02,-51.0203,770.0
2851091,-28.8817,-51.7897,222.0
2851092,-28.6678,-51.1731,814.0
2851093,-28.9383,-51.1881,336.0
2851096,-28.1828,-51.8403,731.0
2851097,-28.8275,-51.0075,340.0
2851156,-29.6739,-51.4169,-2.0
2851157,-29.6397,-51.2928,60.0
2852001,-28.3167,-52.05,750.0
2852002,-28.9333,-52.5833,625.0
2852003,-28.8667,-52.1833,647.0
2852004,-28.8039,-52.3817,700.0
2852005,-28.3511,-52.2147,649.0
2852006,-28.2933,-52.7242,570.0
2852007,-28.1892,-52.7458,593.0
2852008,-28.5333,-52.9833,422.0
2852009,-28.9331,-52.8,600.0
2852010,-28.0167,-52.2667,680.0
2852011,-28.5,-52.5667,490.0
2852012,-28.7333,-52.85,400.0
2852014,-28.9283,-52.1275,650.0
2852015,-28.5667,-52.85,463.0
2852016,-28.4531,-52.1975,624.0
2852017,-28.7833,-52.1667,667.0
2852019,-28.7492,-52.9794,361.0
2852022,-28.0667,-52.6667,655.0
2852023,-28.6,-52.6,568.0
2852024,-28.2931,-52.555,600.0
2852027,-28.0667,-52.0,617.0
2852028,-28.3825,-52.2583,649.0
2852029,-28.6333,-52.9167,388.0
2852030,-28.5628,-52.5536,490.0
2852031,-28.4808,-52.3667,510.0
2852036,-28.7197,-52.8492,380.0
2852046,-28.0575,-51.9961,672.0
2852050,-28.4553,-52.8158,491.0
2852052,-28.3264,-52.0536,750.0
2852053,-28.8131,-52.5114,641.0
2852054,-28.6322,-52.9358,381.0
2852057,-28.2267,-52.4033,632.0
2852058,-28.6728,-52.7311,
2852059,-28.4056,-52.4408,
2852060,-28.4733,-52.4047,
2852061,-28.555,-52.4936,
2852063,-28.2472,-52.8011,
2852064,-28.6428,-52.9269,
2852065,-28.5794,-52.92,
2852066,-28.5272,-52.8878,
2852071,-28.2843,-52.3854,665.0
2852076,-28.2653,-52.8969,492.0
2852077,-28.9378,-52.4856,533.0
2852078,-28.5992,-52.5975,437.0
2852079,-28.8522,-52.6867,499.0
2852080,-28.84,-52.7019,474.0
2852081,-28.6567,-52.7044,395.0
2853001,-28.2333,-53.7667,348.0
2853002,-28.4833,-53.45,477.0
2853003,-28.4561,-53.9717,160.0
2853006,-28.3667,-53.9167,283.0
2853008,-28.7333,-53.15,343.0
2853010,-28.2894,-53.7794,200.0
2853011,-28.5453,-53.1647,404.0
2853012,-28.3833,-53.0833,508.0
2853014,-28.7289,-53.1853,390.0
2853015,-28.8264,-53.5019,437.0
2853023,-28.2256,-53.4703,440.0
2853026,-28.0586,-53.0661,450.0
2853028,-28.6667,-53.6147,440.0
2853033,-28.3883,-53.2586,500.0
2853034,-28.3444,-53.5417,480.0
2853035,-28.0667,-53.6833,533.0
2853037,-28.4908,-53.1047,400.0
2853040,-28.1792,-53.8578,256.0
2853041,-28.935,-53.6433,
2853042,-28.3128,-53.9131,250.0
2853043,-28.2739,-53.6486,
2853044,-28.3603,-53.9008,
2853046,-28.7778,-53.9817,
2853047,-28.1031,-53.0147,
2853051,-28.2869,-53.7803,348.0
2853054,-28.7953,-53.9714,
2853055,-28.5369,-53.8603,
2853056,-28.245,-53.4156,439.0
2853057,-28.4864,-53.9503,
2853058,-28.5439,-53.8114,
2853059,-28.2622,-53.1217,466.0
2853060,-28.3969,-53.4583,427.0
2854001,-28.1111,-53.9931,447.0
2854002,-28.1333,-54.7333,195.0
2854003,-28.0542,-54.3614,400.0
2854005,-28.7336,-54.6478,160.0
2854006,-28.2111,-54.6031,160.0
2854010,-28.4417,-54.2886,234.0
2854012,-28.7878,-54.4525,300.0
2854013,-28.9053,-54.065,530.0
2854015,-28.1814,-54.7383,195.0
2854016,-28.4122,-54.3025,200.0
2854018,-28.6492,-54.1133,314.0
2854019,-28.3022,-54.1342,245.0
2854021,-28.2069,-54.8697,
2854022,-28.1997,-54.6431,164.0
2854023,-28.2925,-54.6967,170.0
2854024,-28.2275,-54.7547,164.0
2854025,-28.1778,-54.8144,
2854026,-28.1744,-54.8192,141.0
2854027,-28.5433,-54.1553,
2854029,-28.4208,-54.2978,289.0
2854033,-28.3553,-54.2675,189.0
2854036,-28.9003,-54.1589,
2854039,-28.1389,-54.5464,245.0
2854040,-28.3558,-54.0464,
2854041,-28.3397,-54.1994,
2855001,-28.1878,-55.6369,60.0
2855002,-28.2089,-55.3233,80.0
2855004,-28.6781,-55.5811,50.0
2855005,-28.9897,-55.6742,140.0
2855007,-28.4925,-55.2308,200.0
2855008,-28.7739,-55.2572,180.0
2855012,-28.4056,-55.6103,72.0
2855014,-28.1325,-55.0517,
2855015,-28.1589,-55.0625,
2855016,-28.1239,-55.0533,
2855020,-28.7425,-55.1625,
2856002,-28.6167,-56.0333,68.0
2856006,-28.6664,-55.9797,50.0
2856007,-28.8975,-56.085,20.0
2856010,-28.8531,-56.0861,
290020701C,-8.72728,-39.09436,
290100701C,-13.00951,-39.617096,
290115501A,-11.45011,-41.434006,
290115501C,-11.40271,-41.433243,
290170001C,-12.35093,-39.1648,
290200501C,-14.452541,-41.448223,
290270801A,-11.082,-43.186,
290270801C,-11.09535,-43.21624,
290270802A,-11.088,-43.143,
290270803A,-11.613,-43.38,
290280701U,-13.653214,-41.26938,
290290601C,-14.84635,-40.58636,
290323501C,-11.811728,-41.901165,
290340901A,-15.859179,-38.878025,
290360701C,-11.59186,-38.82188,
290380501U,-12.655919,-40.627136,
290390401A,-13.287,-43.381,
290390401C,-13.258446,-43.54825,
290390402A,-13.246,-43.404,
290390403A,-13.258,-43.404,
290410001C,-12.809794,-42.71825,
290440701U,-12.498303,-43.928307,
290450601C,-11.995994,-42.624195,
290460501C,-14.264447,-41.714817,
290485201C,-12.6226,-39.23243,
290490201A,-12.607725,-38.960655,
290500801C,-14.498111,-42.25961,
290515601C,-14.35305,-40.91955,
290520601U,-14.054277,-42.488415,
290530501C,-11.745086,-41.497932,
290540401A,-13.485,-39.049,
290540402A,-13.382,-38.916,
290540403A,-13.584,-38.929,
290560201A,-15.422225,-39.494984,
290560202A,-15.375278,-39.489983,
290560203A,-15.416389,-39.493874,
290570101H,-12.714036,-38.33905,
290580001A,-13.943506,-39.10251,
290650101A,-12.670229,-38.544113,
290650102A,-12.678285,-38.544113,
290650103A,-12.678285,-38.536057,
290650104A,-12.671341,-38.531055,
290650105A,-12.647172,-38.539112,
290670901C,-15.5101,-41.1519,
290680,-10.68723,-39.59344,
290685701C,-11.64746,-39.7681,
290689901C,-14.725138,-41.276974,
290690701A,-17.73092,-39.26635,
290720201U,-9.15463,-41.06666,
290730101C,-12.754086,-39.438503,
290760801C,-11.09634,-42.10714,
290770701C,-8.98354,-39.11837,
290810101C,-14.17829,-44.52477,
290840801C,-11.55375,-39.31528,
290860601A,-11.861,-37.572,
290860602A,-11.815,-37.608,
290860603A,-11.813,-37.606,
290920801A,-10.284,-38.037,
290920801C,-10.31827,-37.94009,
290920802A,-10.284,-37.93,
291010701C,-13.745397,-41.77137,
291072701A,-16.368,-39.577,
291072702A,-16.381,-39.589,
291072703A,-16.35,-39.58,
291080001U,-12.30577,-38.94073,
291085901C,-10.71877,-40.21657,
291120401A,-13.741357,-39.48303,
291125301C,-11.54009,-39.81433,
291170901C,-14.212194,-42.839165,
291180801A,-16.582916,-39.780556,
291185701C,-10.67348,-38.32726,
291200401C,-14.29025,-42.269806,
291210301A,-14.864,-39.593,
291210302A,-14.861,-39.585,
291220201C,-13.446389,-41.29793,
291250901C,-12.88385,-42.4508,
291300201C,-12.619436,-42.242435,
291310101U,-11.605166,-41.963196,
291320001A,-12.18,-43.21,
291340801C,-13.755027,-42.749138,
291345701A,-13.819025,-39.141884,
291360601A,-14.797213,-39.04608,
291360602A,-14.789158,-39.04886,
291390301A,-14.121,-39.769,
291390302A,-14.136,-39.736,
291390303A,-14.133,-39.752,
291400001C,-12.180583,-39.759583,
291460401C,-11.25552,-41.81915,
291470301C,-12.457663,-40.20152,
291480201A,-14.79,-39.274,
291480202A,-14.80638,-39.27803,
291480202H,-14.800574,-39.278893,
291480203A,-14.857213,-39.346924,
291490101A,-14.280609,-39.002953,
291500701C,-13.028561,-40.964188,
291530401A,-16.089182,-39.615547,
291560101A,-17.02754,-39.534992,
291580901C,-15.22378,-40.62977,
291640101A,-15.243,-40.221,
291640103H,-15.243383,-40.234306,
291670801A,-13.451,-39.942,
291680701C,-15.626396,-40.07361,
291690601C,-13.396611,-40.138084,
291710201A,-15.119,-40.065,
291710201C,-15.1055,-40.064415,
291730001A,-13.734,-39.143,
291733401C,-14.39484,-43.67965,
291750801A,-11.161707,-40.554214,
291750802A,-11.174316,-40.517838,
291760701A,-13.523228,-39.968685,
291760702A,-13.509869,-40.05461,
291800101A,-13.875,-40.072,
291800101U,-13.873472,-40.179474,
291800102A,-13.87,-40.071,
291800103A,-13.858,-40.083,
291810001C,-9.99707,-38.32543,
291835701C,-11.313636,-41.63347,
291840701A,-9.44837,-40.48517,
291840702A,-9.44181,-40.51381,
291840703A,-9.42014,-40.49909,
291840704A,-9.47067,-40.49805,
291880301A,-13.18,-39.417,
291880302A,-13.176,-39.421,
291900901A,-12.35585,-40.90228,
291905801C,-13.429464,-40.238968,
291910801C,-11.8132,-38.87115,
291915701A,-11.38,-41.83,
291920701A,-12.87,-38.305,
291920702A,-12.901,-38.308,
291920703A,-12.892,-38.336,
291920704A,-12.89,-38.353,
291920704H,-12.888539,-38.321163,
291920705A,-12.839,-38.35,
291920706A,-12.841,-38.337,
291940501C,-14.688861,-42.503,
291950401U,-13.682872,-41.841236,
291980101U,-13.079088,-42.694782,
292020501A,-14.348,-43.774,
292040301C,-14.174275,-40.259876,
292050201C,-13.443972,-40.45089,
292060101A,-12.78,-38.917,
292110401A,-17.365,-40.223,
292150001U,-10.50998,-39.23969,
292160901A,-11.562,-43.277,
292160901C,-11.563811,-43.274612,
292170801U,-11.513936,-41.455864,
292190601C,-12.974333,-41.33425,
292225001A,-12.067,-43.549,
292225002A,-12.2,-43.678,
292250801A,-13.032,-39.015,
292260701A,-13.607,-39.102,
292260702A,-13.6,-39.107,
292270601A,-14.795,-40.142,
292270601C,-14.662641,-40.274647,
292270602A,-14.8,-40.15,
292273001C,-11.696805,-39.656723,
292280501C,-13.000627,-40.005013,
292290401U,-11.30885,-38.53679,
292300102A,-17.893,-39.372,
292300103A,-17.896,-39.37,
292340701U,-14.246166,-43.0775,
292370401U,-12.678908,-43.180267,
292390201A,-15.46122,-39.65225,
292405801C,-11.839861,-39.668472,
292440501U,-9.97617,-42.538925,
292470201C,-15.009277,-41.735332,
292490001C,-13.286861,-40.38703,
292530301A,-16.441,-39.076,
292530302A,-16.41,-39.08,
292530303A,-16.595,-39.109,
292530304A,-16.484,-39.084,
292550101A,-17.338255,-39.23228,
292570901U,-14.664361,-41.694332,
292590701C,-10.72624,-39.23806,
292593101C,-11.37282,-40.12878,
292595601U,-12.442547,-39.786243,
292610301C,-11.48027,-39.40436,
292630101A,-11.806,-39.38,
292630101U,-11.70287,-39.32698,
292630102A,-11.812,-39.38,
292670701C,-13.570177,-41.818817,
292690501C,-13.11815,-42.31061,
292710101C,-8.85236,-38.76462,
292740801A,-12.8994,-38.45883,
292740802A,-12.97821,-38.515945,
292740803A,-13.000791,-38.511055,
292740805A,-12.891344,-38.47078,
292740806A,-12.795508,-38.489388,
292740808A,-12.8944,-38.44189,
292740810A,-12.961347,-38.460777,
292740811A,-12.943354,-38.421265,
292740812A,-12.939122,-38.486336,
292740814A,-12.939678,-38.474667,
292740816A,-12.979402,-38.4855,
292740817A,-12.8644,-38.438274,
292740818A,-12.861,-38.368,
292740819A,-12.947736,-38.370136,
292740820A,-12.867344,-38.45811,
292740821A,-12.907733,-38.44011,
292740822A,-12.849955,-38.461777,
292740823A,-12.945347,-38.453472,
292750701C,-11.98676,-38.97312,
292770501A,-16.321,-39.023,
292770505H,-16.2835,-39.0237,
29277050sA,-16.321,-39.023,
292790301C,-13.276383,-39.80675,
292805901A,-15.42976,-39.33276,
292810901A,-13.399,-44.213,
292810902A,-13.388,-44.208,
292810903A,-13.388,-44.181,
292820801U,-12.991505,-44.02802,
292830701C,-12.02015,-38.84913,
292850501C,-12.73561,-39.57493,
292860401A,-12.552863,-38.712505,
292860402A,-12.549625,-38.771,
292860406H,-12.5293,-38.7339,
292880201C,-12.50891,-39.30653,
292900801A,-12.606591,-38.96994,
292905701C,-13.466883,-44.238533,
292925501C,-11.2181,-41.8987,
292980001C,-10.92716,-40.36655,
293010501A,-10.464,-40.19,
293050101C,-11.71163,-38.97382,
293060001C,-11.47855,-40.27453,
293070901A,-12.780101,-38.353333,
293070902A,-12.825461,-38.40905,
293070903A,-12.788344,-38.396866,
293075801C,-12.994802,-43.426216,
293076601C,-10.32337,-38.662052,
293100401U,-14.099219,-41.221867,
293105301C,-13.554672,-42.444836,
293120201A,-13.536152,-39.097183,
293160801A,-13.604,-39.492,
293160802A,-13.605,-39.492,
293210101A,-13.514,-39.697,
293210101C,-13.265761,-39.65516,
293210102A,-13.268,-39.661,
293240801C,-11.3513,-42.113,
293260601C,-14.774361,-42.643055,
293280401C,-12.0756,-41.102467,
293290301A,-13.363,-39.078,
293290307H,-13.3664,-39.0767,
293330701A,-14.852,-40.839,
293330702A,-14.861,-40.841,
293330703A,-14.87,-40.827,
293330704A,-14.87,-40.863,
293330705A,-14.838,-40.856,
293350501A,-13.683,-39.479,
293350502A,-13.681,-39.475,
293360401U,-10.77065,-42.68088,
2949001,-29.1958,-49.9633,60.0
2949003,-29.0458,-49.6067,18.0
2949011,-29.4167,-49.9,7.0
2949028,-29.2933,-49.8258,
2950001,-29.6167,-50.9167,38.0
2950003,-29.15,-50.1667,961.0
2950004,-29.3267,-50.6178,812.0
2950005,-29.2994,-50.5697,922.0
2950006,-29.3153,-50.6806,812.0
2950007,-29.05,-50.15,1001.0
2950008,-29.1083,-50.1875,920.0
2950009,-29.3667,-50.8,691.0
2950011,-29.2667,-50.4833,966.0
2950012,-29.9,-50.2333,11.0
2950013,-29.7167,-50.7333,124.0
2950014,-29.1,-50.4167,950.0
2950016,-29.8828,-50.7889,77.0
2950017,-29.9,-50.4333,15.0
2950018,-29.65,-50.1167,236.0
2950019,-29.0994,-50.6308,900.0
2950020,-29.3833,-50.3667,919.0
2950024,-29.4167,-50.3,863.0
2950025,-29.3667,-50.85,768.0
2950026,-29.4167,-50.9,432.0
2950027,-29.3856,-50.1908,703.0
2950028,-29.6508,-50.5728,50.0
2950029,-29.4833,-50.7833,303.0
2950030,-29.4667,-50.3667,848.0
2950031,-29.8178,-50.5214,43.0
2950033,-29.0719,-50.9739,880.0
2950034,-29.3758,-50.1803,470.0
2950035,-29.2667,-50.3,935.0
2950037,-29.6667,-50.7833,56.0
2950038,-29.5911,-50.0336,40.0
2950039,-29.3936,-50.7475,
2950041,-29.3167,-50.4167,899.0
2950045,-29.4083,-50.5842,890.0
2950048,-29.05,-50.4333,955.0
2950050,-29.3072,-50.9953,140.0
2950056,-29.2431,-50.0692,200.0
2950059,-29.8167,-50.7425,
2950060,-29.8317,-50.5486,
2950061,-29.8508,-50.9103,87.0
2950062,-29.9608,-50.5994,
2950063,-29.2769,-50.3106,
2950068,-29.7208,-50.735,110.0
2950070,-29.2683,-50.7467,616.0
2950072,-29.0206,-50.7314,788.0
2950073,-29.6858,-50.8122,19.2
2950074,-29.2892,-50.7408,675.0
2950097,-29.9094,-50.4253,16.0
2950099,-29.9644,-50.9778,0.0
2950108,-29.4686,-50.4519,
2950117,-29.6519,-50.2064,13.0
2950118,-29.6681,-50.8231,
2951005,-29.5833,-51.3667,50.0
2951007,-29.2833,-51.4833,641.0
2951010,-29.2378,-51.8594,60.0
2951014,-29.45,-51.3,239.0
2951015,-29.0167,-51.1667,744.0
2951017,-29.1356,-51.3725,500.0
2951018,-29.4667,-51.9667,42.0
2951019,-29.1667,-51.6333,472.0
2951020,-29.0333,-51.5167,398.0
2951021,-29.6686,-51.4281,33.0
2951022,-29.335,-51.1903,80.0
2951023,-29.3667,-51.1,588.0
2951024,-29.8117,-51.3869,15.0
2951025,-29.9544,-51.6908,14.0
2951027,-29.3664,-51.3711,140.0
2951028,-29.82,-51.1611,20.0
2951032,-29.9419,-51.6942,14.0
2951033,-29.5011,-51.0022,373.0
2951036,-29.6539,-51.1842,95.0
2951039,-29.1,-51.9333,295.0
2951042,-29.1167,-52.0,295.0
2951043,-29.25,-52.0,355.0
2951050,-29.9333,-51.9,27.0
2951067,-29.9758,-51.6119,21.0
2951070,-29.1672,-51.8686,240.0
2951080,-29.7008,-51.44,10.0
2951081,-29.5897,-51.3136,23.0
2951082,-29.075,-51.5239,398.0
2951083,-29.0797,-51.6814,268.0
2951084,-29.0214,-51.5333,398.0
2951085,-29.07,-51.6342,268.0
2951086,-29.0058,-51.3853,502.0
2951087,-29.0133,-51.3675,502.0
2951088,-29.0633,-51.3236,502.0
2951089,-29.0658,-51.6744,268.0
2951090,-29.0292,-51.5219,398.0
2951092,-29.0978,-51.6997,
2951093,-29.0211,-51.5333,118.0
2951094,-29.4614,-51.14,
2951138,-29.0367,-51.0956,
2951139,-29.6919,-51.045,12.0
2951140,-29.9683,-51.0367,15.0
2951141,-29.7589,-51.1483,-0.42
2951142,-29.5289,-51.0369,492.0
2951145,-29.205,-51.09,245.0
2951146,-29.4728,-51.8681,33.0
2951147,-29.4733,-51.9622,-1.0
2951148,-29.8069,-51.8758,-2.0
2951149,-29.59,-51.3833,-1.0
2951151,-29.6081,-51.9511,1.0
2951152,-29.6922,-51.97,1.0
2951153,-29.5844,-51.1253,51.0
2951154,-29.3361,-51.4156,171.0
2951155,-29.3228,-51.3472,365.0
2951156,-29.3986,-51.2622,
2951157,-29.455,-51.3061,
2951158,-29.5072,-51.3556,
2952001,-29.085,-52.5844,620.0
2952002,-29.0833,-52.5833,541.0
2952003,-29.7128,-52.89,80.0
2952006,-29.3119,-52.0928,159.0
2952007,-29.2167,-52.0167,379.0
2952010,-29.9833,-52.35,33.0
2952011,-29.9833,-52.3667,33.0
2952029,-29.1667,-52.1667,412.0
2952034,-29.6694,-52.7903,40.0
2952035,-29.4539,-52.6325,450.0
2952036,-29.3125,-52.4225,501.0
2952037,-29.4703,-52.2497,420.0
2952038,-29.0406,-52.2847,550.0
2952050,-29.0844,-52.2064,190.0
2952051,-29.0533,-52.2194,258.0
2952059,-29.995,-52.3756,2.0
2952065,-29.3822,-52.7158,
2953002,-29.65,-53.25,128.0
2953006,-29.0733,-53.21,310.0
2953007,-29.1942,-52.9522,373.0
2953008,-29.6244,-53.3519,25.0
2953010,-29.2597,-53.2353,183.45
2953015,-29.8,-53.3667,68.0
2953016,-29.7333,-53.1833,52.0
2953022,-29.1256,-53.3536,317.0
2953026,-29.0164,-53.1886,326.0
2953029,-29.3333,-53.9,398.0
2953030,-29.0856,-53.8192,469.0
2953035,-29.4,-53.9833,383.0
2953036,-29.2178,-53.1097,
2953037,-30.0089,-53.015,20.0
2953046,-29.1289,-53.3178,
2953047,-29.1194,-53.4058,
2953048,-29.0333,-53.5094,
2953049,-29.2311,-53.1175,149.0
2953050,-29.3853,-53.0483,321.0
2953051,-29.4475,-53.2844,89.0
2953053,-29.0508,-53.2653,
2953073,-29.6292,-53.0289,
2953077,-29.2661,-53.9483,333.0
2953078,-29.4017,-53.9408,302.0
2954001,-29.8786,-54.8253,100.0
2954004,-29.3661,-54.7356,300.0
2954005,-29.3589,-54.5019,300.0
2954007,-29.5069,-54.6775,100.0
2954010,-29.6653,-54.4714,115.0
2954019,-29.3514,-54.0669,408.0
2954020,-29.1867,-54.8558,420.0
2954030,-29.2517,-54.5983,370.0
2954031,-29.0481,-54.5708,420.0
2954032,-29.6533,-54.4314,40.0
2954033,-29.9897,-54.4886,
2954035,-29.3803,-54.5103,265.0
2954042,-29.4997,-54.6889,
2954044,-29.3278,-54.9475,
2954047,-29.3897,-54.0189,220.0
2954048,-29.4611,-54.1942,565.0
2954049,-29.4578,-54.1278,140.0
2954051,-29.4208,-54.0528,178.0
2954052,-29.4558,-54.0933,149.0
2954053,-29.6353,-54.2839,
2955002,-29.1961,-55.4753,100.0
2955006,-29.4592,-55.2911,100.0
2955007,-29.0475,-55.1511,380.0
2955008,-29.5939,-55.4858,80.0
2955009,-29.0833,-55.5667,151.0
2955012,-29.7833,-55.7833,96.0
2955013,-29.7844,-55.7739,80.0
2955014,-29.3078,-55.7089,
2955016,-29.6869,-55.1958,
2955017,-29.8319,-55.3433,167.0
2955024,-29.4264,-55.1583,
2955026,-29.4708,-55.2858,
2956003,-29.6,-56.1,101.0
2956005,-29.1275,-56.5625,35.0
2956006,-29.3089,-56.0553,60.0
2956007,-29.7653,-56.5214,120.0
2956008,-29.4711,-56.6678,90.0
2956009,-29.6358,-56.0947,150.0
2956013,-29.7786,-56.5206,
2956017,-29.4706,-56.6678,
2957003,-29.7564,-57.0936,74.0
2957004,-29.75,-57.0833,60.0
2957005,-29.8394,-57.0811,74.0
2957008,-29.8533,-57.1072,66.0
300,-12.865789,-38.36522,
301,-12.924122,-38.429943,
302,-12.961069,-38.461056,
303,-12.796341,-38.489388,
305,-12.394946,-37.93465,
3050002,-30.2514,-50.5058,3.0
3050007,-30.6683,-50.5408,2.0
3050008,-30.0467,-50.7019,
3050009,-30.215,-50.2817,5.0
3050010,-30.0367,-50.3939,
3051002,-30.8833,-51.7833,31.0
3051003,-30.85,-51.8,31.0
3051004,-30.5939,-51.7567,120.0
3051005,-30.1067,-51.6489,40.0
3051016,-30.8658,-51.7958,65.0
3051017,-30.7719,-51.6603,25.0
3051022,-30.8167,-51.8642,49.0
3051023,-30.295,-51.3144,5.0
3051031,-30.1589,-51.9311,60.0
3051035,-30.3833,-51.05,26.0
3051038,-30.9056,-51.4944,2.0
3051039,-30.6561,-51.4972,20.0
3051043,-30.0722,-51.2281,10.0
3051045,-30.1692,-51.0739,
3051046,-30.0211,-51.2214,5.0
3051047,-30.3106,-51.8475,117.0
3051073,-30.1075,-51.3111,
3051074,-30.5053,-51.9003,
3051080,-30.0347,-51.2419,15.0
3052001,-30.2,-52.9167,72.0
3052003,-30.3333,-52.3167,100.0
3052004,-30.7,-52.0667,151.0
3052006,-30.0008,-51.9997,51.0
3052007,-30.9064,-52.4619,60.0
3052008,-30.9,-52.8167,184.0
3052009,-30.8864,-52.2486,50.0
3052010,-30.9342,-52.9428,80.0
3052011,-30.4189,-52.0736,300.0
3052012,-30.6253,-52.84,400.0
3052013,-30.7031,-52.0647,
3052016,-30.1983,-52.3725,40.0
3052017,-30.1869,-52.9133,68.0
3052021,-30.7956,-52.6242,139.0
3053001,-30.1333,-53.15,69.0
3053003,-30.5167,-53.4833,296.0
3053004,-30.2325,-53.9933,
3053005,-30.0,-53.5,60.0
3053007,-30.8175,-53.9014,300.0
3053010,-30.9611,-53.4886,166.0
3053012,-30.1833,-53.55,85.0
3053015,-30.8667,-53.1167,255.0
3053017,-30.4353,-53.7125,200.0
3053018,-30.4872,-53.1183,120.0
3053019,-30.0,-53.9333,65.0
3053020,-30.1936,-53.5644,60.0
3053021,-30.1406,-53.1589,100.0
3053022,-30.5194,-53.4917,420.0
3053023,-30.9689,-53.965,280.0
3053024,-30.3425,-53.8803,240.0
3053028,-30.8542,-53.5933,
3053031,-30.2319,-53.9856,
3053033,-30.1942,-53.5633,
3053035,-30.9081,-53.8206,
3054002,-30.9781,-54.6758,120.0
3054005,-30.7167,-54.0333,384.0
3054006,-30.5667,-54.4333,177.0
3054007,-30.2469,-54.9175,100.0
3054008,-30.2333,-54.95,111.0
3054009,-30.3333,-54.3167,106.0
3054010,-30.3333,-54.3,131.0
3054015,-30.6,-54.0833,243.0
3054016,-30.5144,-54.7703,100.0
3054018,-30.3575,-54.3181,120.0
3054019,-30.7744,-54.2247,
3054020,-30.4806,-54.1983,190.0
3054021,-30.5633,-54.4492,223.0
3054028,-30.7478,-54.1375,
3054030,-30.4811,-54.5533,
3055003,-30.6956,-55.8414,300.0
3055004,-30.0294,-55.0936,90.0
3055005,-30.5164,-55.1267,200.0
3055007,-30.2042,-55.4919,160.0
3055008,-30.2939,-55.9756,160.0
3055009,-30.7917,-55.1792,
3055011,-30.7503,-55.9514,
3055013,-30.5183,-55.0431,
3055019,-30.5469,-55.3197,
3055020,-30.0681,-55.6594,
3055022,-30.8975,-55.5256,
3056003,-30.3844,-56.4656,130.0
3056004,-30.0189,-56.8214,80.0
3056006,-30.0686,-56.1703,140.0
3056007,-30.5256,-56.1722,160.0
3056010,-30.0039,-56.4797,155.0
3056031,-30.475,-56.3008,
3057001,-30.1167,-57.0833,69.0
3057002,-30.2133,-57.5533,40.0
3150001,-31.1,-50.9167,13.0
3151001,-31.6167,-51.4167,5.0
3151002,-31.1303,-51.7886,5.0
3151003,-31.3675,-51.9867,2.0
3151004,-31.29,-51.0956,
3152002,-31.2839,-52.0831,120.0
3152003,-31.4044,-52.6733,400.0
3152004,-31.4667,-52.5167,217.0
3152005,-31.6694,-52.7728,250.0
3152006,-31.6667,-52.2167,12.0
3152007,-31.6333,-52.1333,5.0
3152008,-31.6728,-52.1778,3.0
3152009,-31.65,-52.8667,167.0
3152010,-31.6333,-52.65,166.0
3152011,-31.0006,-52.0492,40.0
3152012,-31.9,-52.65,18.0
3152013,-31.8797,-52.8103,27.0
3152016,-31.5739,-52.4631,40.0
3152017,-31.7167,-52.9,93.0
3152018,-31.9833,-52.9,75.0
3152036,-31.29,-52.1175,60.2
3152048,-31.8111,-52.3892,
3152051,-31.6258,-52.23,
3152054,-31.8603,-52.8167,
3153001,-31.8,-53.4833,212.0
3153002,-31.85,-53.2667,143.0
3153003,-31.2267,-53.9014,368.0
3153004,-31.7375,-53.0539,200.0
3153005,-31.9167,-53.7333,111.0
3153006,-31.1342,-53.0539,120.0
3153007,-31.7333,-53.5881,380.0
3153008,-31.5775,-53.3769,440.0
3153010,-31.4333,-53.1,289.0
3153012,-31.45,-53.7667,217.0
3153014,-31.55,-53.6667,224.0
3153017,-31.3142,-53.4994,420.0
3153018,-31.7167,-53.6,341.0
3153021,-31.4308,-53.1078,340.0
3153022,-31.8656,-53.2744,100.0
3153030,-31.7964,-53.8594,
3153035,-31.2419,-53.1808,
3154002,-31.7,-54.0667,128.0
3154003,-31.0283,-54.1789,390.0
3154006,-31.5339,-54.2947,
3154007,-31.8689,-54.1639,
3154008,-31.4375,-54.7117,
3154010,-31.4533,-54.13,
3154011,-31.8661,-54.1672,
3154015,-31.5119,-54.5114,
3155001,-31.2753,-55.0372,240.0
319,-12.663561,-38.533,
320,-12.620505,-38.315216,
321,-12.83653,-38.322994,
322,-12.674147,-38.376255,
323,-12.56202,-38.1606,
3252003,-32.4333,-52.6,7.0
3252004,-32.8667,-52.7,3.0
3252005,-32.0061,-52.6528,20.0
3252006,-32.3506,-52.54,4.0
3252007,-32.2,-52.4667,12.0
3252008,-32.5381,-52.5386,12.0
3252009,-32.3667,-52.7833,0.0
3252011,-32.1167,-52.6,2.0
3252012,-32.4833,-52.5833,7.0
3252016,-32.0333,-52.3,3.0
3252018,-32.2333,-52.9667,16.0
3252024,-32.03,-52.0792,5.0
3252025,-32.9444,-52.7733,6.0
3252033,-32.5397,-52.5392,
3253001,-32.2372,-53.0897,3.0
3253003,-32.9539,-53.1189,3.0
3253004,-32.0286,-53.3978,260.0
3253006,-32.6167,-53.1667,1.0
3253007,-32.3,-53.5333,57.0
3253009,-32.05,-53.0333,124.0
3253010,-32.1,-53.05,61.0
3253011,-32.05,-53.0667,124.0
3253012,-32.1167,-53.0667,61.0
3253013,-32.0667,-53.0833,124.0
3253014,-32.05,-53.1167,169.0
3253016,-32.0833,-53.15,169.0
3253018,-32.5175,-53.4558,9.0
3253020,-32.5686,-53.3744,23.0
3352001,-33.0333,-52.7667,0.0
3353001,-33.2167,-53.05,13.0
3353002,-33.1,-53.05,6.0
3353004,-33.1167,-53.2,6.0
3353006,-33.3667,-53.1833,15.0
3353009,-33.4833,-53.4167,0.0
338001,-3.75,-38.5833,40.0
338002,-3.9833,-38.6167,54.0
338003,-3.8164,-38.5792,32.0
338005,-3.9,-38.6333,48.0
338006,-3.7167,-38.8333,67.0
338007,-3.9,-38.3833,30.0
338008,-3.67,-38.98,84.0
338009,-3.75,-38.6833,32.0
338011,-3.9667,-38.7833,191.0
338012,-3.9667,-38.8833,89.0
338013,-3.7333,-38.9667,49.0
338014,-3.67,-38.9817,85.0
338015,-3.6667,-38.9833,33.0
338016,-3.9,-38.6667,67.0
338018,-3.7667,-38.5167,24.0
338026,-3.7333,-38.55,24.0
338027,-3.8667,-38.75,111.0
338028,-3.8167,-38.95,93.0
338029,-3.75,-38.9167,
338030,-3.6333,-38.7833,39.0
338031,-3.6667,-38.6667,2.0
338032,-3.7,-38.8167,67.0
338033,-3.95,-38.8833,89.0
338034,-3.9,-38.5,
338036,-3.7333,-38.4833,11.0
338037,-3.8167,-38.5333,
338038,-3.7833,-38.4667,
338039,-3.8333,-38.4667,
338040,-3.95,-38.5167,67.0
338041,-3.55,-38.8333,20.0
338043,-3.9989,-38.9436,
338044,-3.9667,-38.7167,191.0
338045,-3.6833,-38.9,33.0
338046,-3.9,-38.45,28.0
338047,-3.9289,-38.3933,
338048,-3.7333,-38.5667,24.0
338049,-3.9667,-38.75,
338050,-3.7333,-38.5667,24.0
338052,-3.9225,-38.6,
338053,-3.8617,-38.6233,
338054,-3.86,-38.59,
338055,-3.5331,-38.9464,
338056,-3.6106,-38.9697,
338057,-3.7633,-38.6983,
338079,-3.7431,-38.5519,24.0
338080,-3.8194,-38.625,
338081,-3.5542,-38.8739,
338082,-3.9578,-38.3511,
338083,-3.975,-38.5181,
338084,-3.9481,-38.5589,
339000,-3.3633,-39.8294,180.0
339001,-3.75,-39.3667,73.0
339002,-3.7833,-39.2667,67.0
339004,-3.7833,-39.2667,50.0
339005,-3.8167,-39.0,93.0
339006,-3.0333,-39.8833,24.0
339007,-3.3833,-39.8333,42.0
339008,-3.5333,-39.7667,120.0
339009,-3.5667,-39.6333,343.0
339011,-3.1667,-39.7333,24.0
339012,-3.45,-39.4167,64.0
339014,-3.6833,-39.5833,463.0
339016,-3.2675,-39.6475,36.0
339017,-3.0667,-39.6167,14.0
339018,-3.7333,-39.7833,185.0
339019,-3.9167,-39.1333,96.0
339020,-3.7333,-39.5333,265.0
339021,-3.8667,-39.8667,189.0
339022,-3.9333,-39.0667,106.0
339023,-3.5667,-39.9667,70.0
339024,-3.1833,-39.3667,1.0
339025,-3.5167,-39.4167,115.0
339026,-3.3833,-39.0833,0.0
339027,-3.7833,-39.0333,53.0
339028,-3.6739,-39.2417,35.0
339029,-3.55,-39.1667,33.0
339030,-3.2833,-39.25,20.0
339031,-3.9333,-39.5667,142.0
339033,-3.2667,-39.65,36.0
339034,-3.6167,-39.5,330.0
339036,-3.4167,-39.0333,10.0
339037,-3.68,-39.58,280.0
339039,-3.7833,-39.2833,67.0
339040,-3.4,-39.1667,26.0
339041,-3.7833,-39.25,80.0
339042,-3.7333,-39.7833,185.0
339043,-3.9169,-39.9667,193.0
339044,-3.8333,-39.3333,78.0
339045,-3.9453,-39.4111,
339046,-3.1,-39.5833,25.0
339047,-3.0333,-39.6667,
339048,-3.3639,-39.8306,
339049,-3.1833,-39.75,
339050,-3.0064,-39.6881,14.0
339051,-3.95,-39.4333,
339052,-3.9167,-39.7,
339053,-3.7333,-39.75,152.0
339054,-3.89,-39.87,
339055,-3.6167,-39.8167,
339056,-3.73,-39.67,
339057,-3.67,-39.52,
339058,-3.5436,-39.5828,
339059,-3.2333,-39.6333,36.0
339060,-3.5833,-39.65,343.0
339063,-3.0,-39.73,23.0
339064,-3.2,-39.9833,
339065,-3.9,-39.0,109.0
339067,-3.76,-39.08,53.0
339068,-3.75,-39.0667,
339069,-3.9667,-39.1333,96.0
339070,-3.9833,-39.5833,
339071,-3.95,-39.55,
339072,-3.9667,-39.5333,142.0
339073,-3.3167,-39.4,38.0
339074,-3.6667,-39.35,
339075,-3.6,-39.45,102.0
339076,-3.0244,-39.8703,
339077,-3.3017,-39.5128,
339078,-3.6667,-39.2667,35.0
339079,-3.16,-39.58,
339080,-3.4,-39.5667,90.0
339081,-3.2,-39.5333,32.0
339082,-3.15,-39.4333,
339083,-3.5333,-39.5833,447.0
339084,-3.5,-39.5667,98.0
339085,-3.6167,-39.55,463.0
339086,-3.41,-39.33,
339087,-3.6111,-39.2164,44.0
339092,-3.1314,-39.5519,
339094,-3.8483,-39.3231,
339095,-3.5564,-39.185,
339096,-3.4522,-39.7767,
339097,-3.3803,-39.9814,47.0
339098,-3.2744,-39.9039,
339099,-3.8692,-39.3511,78.0
339100,-3.0058,-39.7039,
339101,-3.84,-39.7872,
339102,-3.4422,-39.1086,
339103,-3.4864,-39.0411,
339104,-3.6317,-39.5172,
339105,-3.5842,-39.4267,
340000,-3.8833,-40.0167,145.0
340001,-3.6167,-40.8167,125.0
340002,-3.7667,-40.5,80.0
340003,-3.9,-40.0167,167.0
340005,-3.8,-40.25,85.0
340007,-3.5,-40.2667,58.0
340008,-3.2333,-40.6833,85.0
340009,-3.7667,-40.0333,124.0
340010,-3.4,-40.2667,68.0
340011,-3.6667,-40.3667,81.0
340012,-3.1667,-40.4333,52.0
340013,-3.5167,-40.6167,92.0
340014,-3.95,-40.4667,157.0
340015,-3.7667,-40.8167,100.0
340016,-3.1167,-40.8333,30.0
340017,-3.1333,-40.8333,9.0
340018,-3.9167,-40.8833,885.0
340019,-3.3833,-40.9167,118.0
340020,-3.15,-40.15,40.0
340023,-3.9,-40.7667,150.0
340024,-3.3333,-40.15,65.0
340025,-3.3667,-40.7833,57.0
340026,-3.0333,-40.6667,45.0
340028,-3.6667,-40.3333,
340029,-3.85,-40.5333,123.0
340030,-3.7333,-40.9833,795.0
340031,-3.85,-40.9167,870.0
340032,-3.85,-40.2667,117.0
340034,-3.8167,-40.2,157.0
340035,-3.7167,-40.0167,124.0
340036,-3.8833,-40.1667,157.0
340038,-3.4667,-40.2,47.0
340039,-3.3167,-40.5667,82.0
340041,-3.45,-40.4833,150.0
340043,-3.8333,-40.15,157.0
340044,-3.85,-40.2167,117.0
340045,-3.7,-40.35,92.0
340047,-3.5,-40.3167,194.0
340048,-3.7833,-40.65,100.0
340049,-3.5333,-40.3333,76.0
340050,-3.7167,-40.0833,124.0
340053,-3.1208,-40.8208,30.0
340055,-3.7667,-40.8167,166.0
340061,-3.6667,-41.0667,568.0
340064,-3.6967,-40.34,
340065,-3.0167,-40.05,
340066,-3.5833,-40.55,
340067,-3.0575,-40.1683,
340068,-3.0667,-40.3333,53.0
340070,-3.8833,-40.6,123.0
340071,-3.64,-40.62,105.0
340072,-3.7333,-40.6833,
340073,-3.9,-40.2667,
340074,-3.2,-40.96,
340075,-3.35,-40.9833,
340076,-3.0333,-40.65,
340077,-3.2219,-40.4158,
340078,-3.4167,-40.3833,
340079,-3.4747,-40.8283,
340080,-3.2333,-40.1167,35.0
340081,-3.1667,-40.4667,
340082,-3.4167,-40.5333,
340083,-3.7167,-40.3333,
340084,-3.75,-40.5667,
340085,-3.75,-40.3833,
340086,-3.8828,-40.0169,
340087,-3.7169,-40.0169,
340088,-3.9,-40.0333,167.0
340089,-3.65,-40.45,
340090,-3.7,-40.35,92.0
340091,-3.6,-40.2667,
340092,-3.6833,-40.5167,
340094,-3.75,-40.35,
340095,-3.8333,-40.5,
340096,-3.6667,-40.2333,
340097,-3.7333,-40.3833,
340098,-3.8333,-40.6667,
340099,-3.3333,-40.1667,65.0
340100,-3.3667,-40.7333,
340101,-3.2333,-40.8,
340102,-3.5667,-40.65,
340103,-3.35,-40.4667,
340104,-3.3289,-40.8464,
340105,-3.89,-40.6047,
340106,-3.7506,-40.5064,
340107,-3.9167,-40.3833,110.0
340108,-3.4667,-40.6833,64.0
340109,-3.9833,-40.7,74.0
340110,-3.0,-40.5667,
340112,-3.5333,-40.5667,
340113,-3.55,-40.45,
340114,-3.6667,-40.3667,
340115,-3.8,-40.2333,
340116,-3.31,-40.12,65.0
340117,-3.6167,-40.4833,
340118,-3.9975,-40.3703,
340119,-3.1122,-40.1253,
340125,-3.4553,-40.2128,44.0
340129,-3.9692,-40.3547,
340130,-3.4269,-40.5139,
340131,-3.7589,-40.0328,
340132,-3.5275,-40.7075,
340133,-3.8647,-40.6808,
340134,-3.9092,-40.3797,80.0
340137,-3.9039,-40.4053,
340138,-3.4647,-40.6853,74.0
341000,-3.25,-41.6333,92.0
341001,-3.1833,-41.8667,35.0
341002,-3.6333,-41.8,130.0
341003,-3.4833,-41.5667,142.0
341004,-3.65,-41.6,134.0
341005,-3.7333,-41.4167,146.0
341006,-3.5667,-41.7333,121.0
341007,-3.65,-41.9167,25.0
341008,-3.7,-41.9833,39.0
341009,-3.9333,-41.7167,87.0
341010,-3.0333,-41.2333,14.0
341012,-3.3833,-41.0667,110.0
341013,-3.3667,-41.2667,163.0
341014,-4.0328,-41.0831,780.0
341015,-3.5667,-41.3333,393.0
341016,-3.5642,-41.0942,218.0
341018,-3.5642,-41.0942,685.0
341021,-3.9833,-41.95,50.0
341022,-3.5667,-41.0833,218.0
341023,-3.5667,-41.0833,218.0
341024,-3.1167,-41.0667,55.0
341026,-3.15,-41.9333,12.0
341027,-3.7233,-41.9756,55.0
341028,-3.8333,-41.7833,92.0
341029,-3.0167,-41.1167,94.0
341030,-3.25,-41.2333,73.0
341031,-3.25,-41.1333,
341032,-3.35,-41.2667,
341033,-3.7167,-41.1667,
341034,-3.5733,-41.3417,350.0
341035,-3.5,-41.1167,669.0
341036,-3.5,-41.0167,
341037,-3.6333,-41.15,
341038,-3.9336,-41.7169,87.0
341039,-3.8483,-41.0631,
341040,-3.0789,-41.2522,
341046,-3.0811,-41.4456,9.0
341047,-3.4936,-41.7489,73.0
341048,-3.4903,-41.455,279.0
341049,-3.5975,-41.02,
341050,-3.1536,-41.1644,40.0
342000,-3.6833,-42.8,76.0
342001,-3.1167,-42.9333,81.0
342002,-3.9033,-42.2294,64.0
342003,-3.65,-42.1333,67.0
342004,-3.4667,-42.3667,31.0
342005,-3.7167,-42.55,96.0
342006,-3.9,-42.7167,48.0
342007,-3.4622,-42.3733,36.0
342008,-3.5,-42.1833,53.0
342009,-3.3647,-42.7239,55.0
342022,-3.9841,-42.621,109.0
343000,-3.7333,-43.35,87.0
343001,-3.5536,-43.8736,158.0
343002,-3.4667,-43.9333,30.0
343003,-3.46,-43.8994,112.0
343004,-3.5778,-43.7039,39.0
343005,-3.2,-43.4,73.0
343006,-3.55,-43.95,41.0
343009,-3.6258,-43.1122,87.0
343010,-3.94,-43.5206,228.0
343011,-3.0439,-43.2367,71.0
343012,-3.3342,-43.5247,181.0
343016,-3.3353,-43.5264,30.0
343017,-3.5536,-43.8736,132.0
344000,-3.2667,-44.6333,6.0
344001,-3.8667,-44.1667,40.0
344003,-3.6333,-44.4,33.0
344004,-3.6325,-44.3764,31.0
344005,-3.4,-44.35,29.0
344006,-3.7333,-44.1833,35.0
344007,-3.7097,-44.2933,145.0
344008,-3.9436,-44.0175,182.0
344009,-3.4667,-44.8,7.0
344010,-2.9278,-44.0792,162.0
344011,-4.0078,-44.4661,176.0
344012,-3.5497,-44.5833,162.0
344013,-3.8464,-44.8908,
345000,-3.765,-45.2203,39.0
345001,-3.5667,-45.6333,37.0
345002,-3.1167,-45.6333,49.0
345003,-3.35,-45.45,33.0
345005,-3.6167,-45.35,16.0
345006,-3.6583,-45.4431,23.0
345007,-3.8833,-45.2667,25.0
345008,-3.3167,-45.6167,48.0
345009,-3.2167,-45.0,7.0
345010,-3.2333,-45.6167,37.0
345012,-3.4028,-45.0106,25.0
345013,-3.4244,-45.6694,46.0
345014,-3.6656,-45.8431,14.0
345018,-3.6577,-45.2114,19.0
346000,-3.5833,-46.2333,59.0
346001,-3.3342,-46.8733,
346002,-4.2208,-46.1653,287.0
347000,-3.01,-47.3433,
347001,-3.7425,-47.4978,
347002,-3.4522,-47.4672,
348000,-3.5,-48.8333,80.0
348001,-3.1544,-48.0858,
348002,-2.9503,-48.9669,
349001,-3.5142,-49.2225,
349002,-3.8336,-49.0858,
349003,-3.0158,-49.7967,
349004,-3.7792,-49.6583,
349007,-3.8322,-49.6456,
349008,-3.0331,-49.6461,
349009,-3.4189,-49.5911,
350000,-3.8706,-50.4628,
350001,-3.6664,-50.6328,
350002,-3.8539,-50.6361,
351000,-3.4194,-51.2558,
351001,-3.6167,-51.3667,147.0
351002,-3.7231,-51.5681,
351003,-3.2,-51.85,138.0
351004,-3.1267,-51.7906,33.0
351005,-3.3758,-51.9403,110.0
351006,3.7983,-51.8828,10.0
351007,3.8139,-51.8656,3.0
352000,-3.2147,-52.2122,119.0
352002,-3.2,-52.2167,119.0
352004,-3.9167,-52.8833,182.0
352005,-3.3078,-52.5419,
352006,-3.2,-52.2167,119.0
352009,-3.1186,-52.2525,125.0
352010,-3.2533,-52.3489,124.0
352011,-3.585,-52.3347,104.0
353000,-3.6778,-53.5544,
353001,-3.2,-53.0167,129.0
353002,-3.5181,-53.1406,
354000,-3.8889,-54.315,
354002,-3.4,-54.9,126.0
354004,-3.4764,-54.4614,
354005,-3.1569,-54.7867,
355000,-3.5833,-55.3667,7.0
355001,-3.4936,-54.8869,
356000,-3.4167,-56.3167,58.0
356001,-3.35,-56.4833,66.0
356002,-3.2281,-56.5861,
357001,-3.4006,-57.7156,
357002,-3.8167,-57.1833,61.0
357003,-3.8967,-57.5042,
357004,-3.7728,-57.3031,
358001,-3.1333,-58.4333,80.0
358002,-2.9131,-59.0433,
358003,-3.8167,-58.2861,
358004,-3.3167,-58.8108,15.0
359001,-3.8847,-59.0897,24.0
359002,-3.2167,-59.0,15.0
359004,-3.5764,-59.1339,
359005,-3.1,-59.9944,
359007,-3.105,-59.9564,21.0
359008,-3.1306,-59.4392,
359009,-3.1961,-59.8336,
359010,-3.0633,-59.6478,
360001,-3.3083,-60.6094,
360003,-3.1333,-60.0333,15.0
360004,-3.1367,-60.0269,
360005,-3.0472,-60.2558,
360006,-3.2681,-60.2156,
361000,-3.8978,-61.3747,
361001,-3.3297,-61.2133,
361002,-3.5811,-61.3783,26.0
362000,-3.8167,-62.0833,29.0
362002,-3.4183,-62.6786,
363000,-3.875,-63.7858,43.0
363001,-3.35,-63.6167,39.0
363002,-3.4564,-63.3922,
364001,-3.5903,-64.3069,53.0
364002,-3.24,-64.775,46.0
364004,-3.3758,-64.6547,
366000,-3.6414,-66.1031,57.0
366001,-2.9811,-65.9419,52.0
367000,-3.1017,-67.9356,53.0
367001,-3.3372,-67.4889,65.0
368001,-3.4569,-68.9119,71.0
369000,-3.5731,-69.3708,68.0
437000,-4.5667,-37.7667,20.0
437001,-4.5667,-37.9833,37.0
437004,-4.45,-37.7833,6.0
437005,-4.9833,-37.8167,31.0
437006,-4.8333,-37.7833,15.0
437008,-4.8,-37.4,41.0
437009,-4.75,-37.9667,20.0
437010,-4.9333,-37.9667,20.0
437011,-4.4667,-37.95,19.0
437012,-4.95,-37.1333,3.0
437013,-4.8375,-37.2558,5.0
437014,-4.65,-37.8333,
437015,-4.6,-37.8667,29.0
437016,-4.8,-37.4,
437017,-4.55,-37.7833,
437018,-4.3728,-37.9244,
437019,-4.45,-37.7833,22.0
437020,-4.8167,-37.2667,
437021,-4.7833,-37.2667,
437022,-4.7,-37.3667,5.0
437023,-4.7,-37.5167,
437024,-4.6833,-37.8167,200.0
437025,-4.8833,-37.8667,
437026,-4.7667,-37.7667,
437037,-4.9344,-37.8878,
437038,-4.8419,-37.8389,
437039,-4.9361,-37.885,
437040,-4.6722,-37.8181,
438002,-4.2167,-38.3333,55.0
438003,-4.3167,-38.75,141.0
438005,-4.1833,-38.8167,415.0
438007,-4.8333,-38.1667,46.0
438008,-4.0667,-38.5667,55.0
438009,-4.3667,-38.8,101.0
438010,-4.3333,-38.8667,123.0
438011,-4.1214,-38.6592,59.0
438012,-4.4833,-38.35,
438013,-4.9833,-38.2167,90.0
438014,-4.8333,-38.6167,136.0
438015,-4.5833,-38.2167,150.0
438016,-4.15,-38.3167,
438017,-4.65,-38.9667,136.0
438018,-4.2833,-38.5167,
438019,-4.4833,-38.35,55.0
438020,-4.0167,-38.8333,187.0
438021,-4.3022,-38.4969,42.0
438022,-4.4975,-38.3606,50.0
438023,-4.5333,-38.5667,107.0
438024,-4.8667,-38.9333,191.0
438025,-4.9833,-38.8167,169.0
438026,-4.8667,-38.35,81.0
438027,-4.15,-38.9,415.0
438028,-4.1539,-38.7258,258.0
438030,-4.9667,-38.65,193.0
438031,-4.0167,-38.9333,230.0
438032,-4.5833,-38.95,130.0
438033,-4.35,-38.1167,37.0
438034,-4.05,-38.7,162.0
438035,-4.75,-38.85,130.0
438036,-4.2167,-38.9167,800.0
438038,-4.15,-38.85,415.0
438040,-4.6833,-38.3333,85.0
438041,-4.5,-38.7833,113.0
438042,-4.4333,-38.3333,55.0
438044,-4.5167,-38.95,181.0
438045,-4.9667,-38.9167,187.0
438046,-4.8333,-38.9833,191.0
438047,-4.0833,-38.7833,130.0
438048,-4.9833,-38.8833,169.0
438049,-4.4167,-38.6833,99.0
438051,-4.2167,-38.7,76.0
438053,-4.4667,-38.9,130.0
438056,-4.0167,-38.8833,95.0
438059,-4.8333,-38.2333,40.0
438061,-4.6564,-38.9431,
438063,-4.5,-38.8167,133.0
438064,-4.2833,-38.6333,83.0
438065,-4.2833,-38.6167,
438066,-4.5167,-38.1833,79.0
438067,-4.2167,-38.1167,
438068,-4.2667,-38.0333,
438069,-4.1,-38.4833,68.0
438070,-4.6833,-38.6833,108.0
438071,-4.8167,-38.8167,180.0
438072,-4.9667,-38.6333,200.0
438073,-4.65,-38.9333,136.0
438074,-4.9833,-38.2167,
438075,-4.0333,-38.7167,130.0
438077,-4.0833,-38.7833,
438078,-4.0167,-38.95,262.0
438079,-4.6833,-38.4,
438080,-4.5667,-38.35,
438081,-4.7667,-38.5,
438082,-4.5333,-38.55,
438083,-4.45,-38.5,
438084,-4.4833,-38.6,170.0
438085,-4.5167,-38.6167,
438086,-4.4667,-38.55,100.0
438087,-4.65,-38.55,
438088,-4.1667,-38.5833,
438089,-4.05,-38.3333,40.0
438090,-4.6833,-38.2,
438091,-4.9167,-38.0833,
438093,-4.8667,-38.2167,
438094,-4.8333,-38.1667,46.0
438095,-4.22,-38.73,
438096,-4.4247,-38.6733,
438097,-4.3789,-38.8069,
438098,-4.87,-38.3967,
438099,-4.3556,-38.1167,
438100,-4.2667,-38.9333,685.0
438101,-4.1833,-38.4667,74.0
438103,-4.3,-38.5,49.0
438105,-4.8667,-38.85,
438106,-4.5833,-38.0333,
438107,-4.4925,-38.5556,
438108,-5.65,-38.67,106.0
438109,-4.9808,-38.3353,230.0
438110,-4.1333,-38.2333,
438111,-4.03,-38.63,64.0
438113,-4.1539,-38.7258,
438114,-4.15,-38.8333,
438115,-4.4167,-38.6667,99.0
438118,-4.55,-38.67,
438119,-4.3167,-38.6833,93.0
438120,-4.9653,-38.25,
438121,-4.1947,-38.7997,
438122,-4.1486,-38.8419,415.0
438123,-4.1797,-38.9378,
438124,-4.2261,-38.09,
438126,-4.6458,-38.4911,
438127,-4.2472,-38.9414,
438128,-4.6694,-38.0911,
438129,-4.5369,-38.9147,
439001,-4.9667,-39.0333,180.0
439002,-4.75,-39.8,460.0
439003,-4.0833,-39.25,160.0
439004,-4.8011,-39.6142,360.0
439005,-4.25,-39.4833,205.0
439006,-4.2333,-39.1833,150.0
439008,-4.3,-38.9833,1050.0
439009,-4.0667,-39.4667,136.0
439010,-4.2667,-39.65,220.0
439011,-4.7,-39.4667,354.0
439012,-4.6667,-39.6167,409.0
439013,-4.4167,-39.6167,599.0
439014,-4.3,-39.8833,329.0
439015,-4.4167,-39.3167,208.0
439016,-4.0833,-39.0333,134.0
439017,-4.0333,-39.0167,134.0
439018,-4.4167,-39.05,600.0
439019,-4.0333,-39.5167,164.0
439020,-4.9833,-39.0667,190.0
439021,-4.0833,-39.9333,234.0
439022,-4.9833,-39.1667,328.0
439023,-4.7167,-39.9333,704.0
439024,-4.5667,-39.1667,210.0
439025,-4.8,-39.1167,290.0
439026,-4.7333,-39.7,392.0
439027,-4.8833,-39.1833,290.0
439028,-4.8833,-39.3833,307.0
439029,-4.5167,-39.6167,661.0
439030,-4.5333,-39.6167,450.0
439031,-4.05,-39.45,100.0
439036,-4.92,-39.15,300.0
439037,-4.0667,-39.9333,234.0
439041,-4.3667,-39.3167,186.0
439042,-4.4333,-39.0667,426.0
439043,-4.7667,-39.9167,704.0
439044,-4.8667,-39.9,494.0
439045,-4.8167,-39.7833,
439046,-4.6333,-39.2333,203.0
439047,-4.2,-39.7167,
439048,-4.4,-39.46,378.0
439049,-4.7,-39.3167,
439050,-4.2833,-39.2833,141.0
439051,-4.2333,-39.2667,141.0
439052,-4.0833,-39.05,
439053,-4.1333,-39.15,134.0
439054,-4.85,-39.2667,
439055,-4.6667,-39.25,
439056,-4.0167,-39.4333,136.0
439057,-4.0667,-39.4667,
439058,-4.55,-39.0,181.0
439059,-4.69,-39.52,
439060,-4.61,-39.65,409.0
439061,-4.65,-39.6667,725.0
439062,-4.76,-39.48,354.0
439063,-4.85,-39.5667,302.0
439064,-4.9167,-39.3833,
439065,-4.9667,-39.9667,
439066,-4.1167,-39.3,116.0
439067,-4.9828,-39.1669,
439068,-4.3167,-39.8167,
439069,-4.4167,-39.9,337.0
439070,-4.5667,-39.7833,660.0
439071,-4.0833,-39.95,
439072,-4.35,-39.3,
439073,-4.91,-39.81,427.0
439076,-4.8011,-39.6142,
439077,-4.9933,-39.4822,
439078,-4.8,-39.1167,290.0
439079,-4.4008,-39.3508,
439080,-4.9783,-39.0583,
439081,-4.4053,-39.0692,
439082,-4.8069,-39.5458,322.0
439083,-4.9808,-39.3644,
439084,-4.1686,-39.4572,
439085,-4.1967,-39.5614,
439086,-4.5269,-39.3789,
439087,-4.4297,-39.795,
440000,-4.15,-40.5833,148.0
440001,-4.55,-40.9667,586.0
440003,-4.9833,-40.2667,430.0
440004,-4.1667,-40.95,700.0
440005,-4.4164,-40.9042,820.0
440006,-4.1,-40.4333,85.0
440007,-4.8333,-40.3333,360.0
440008,-4.7,-40.2833,440.0
440009,-4.6667,-40.2,280.0
440010,-4.5667,-40.7167,278.0
440011,-4.9167,-40.0333,464.0
440012,-4.7,-40.74,331.0
440013,-4.6,-40.6333,308.0
440014,-4.5333,-40.7167,238.0
440015,-4.2167,-40.0667,216.0
440016,-4.3167,-40.2667,218.0
440017,-4.7167,-40.5667,241.0
440018,-4.7333,-40.9167,700.0
440019,-4.9333,-40.75,289.0
440020,-4.9333,-40.5333,323.0
440021,-4.3333,-40.1667,215.0
440022,-4.05,-40.75,190.0
440023,-4.1833,-40.75,380.0
440025,-4.7833,-40.0667,706.0
440026,-4.05,-40.8667,689.0
440027,-4.2333,-40.4667,155.0
440029,-4.8,-40.0667,675.0
440030,-4.05,-40.8667,903.0
440032,-4.35,-40.6,174.0
440034,-4.4167,-40.4,200.0
440035,-4.45,-40.7333,318.0
440039,-4.1667,-40.5833,174.0
440040,-4.5,-40.1667,
440041,-4.2333,-40.4667,155.0
440042,-4.3678,-40.5356,
440043,-4.0969,-40.1264,
440044,-4.7333,-40.8333,350.0
440045,-4.7,-40.6667,
440047,-4.4167,-40.9167,
440048,-4.2833,-40.8333,
440050,-4.2,-40.7667,826.0
440051,-4.18,-40.82,
440053,-4.5167,-40.3,
440054,-4.52,-40.59,
440055,-4.8833,-40.75,281.0
440056,-4.3333,-40.5833,228.0
440057,-4.5667,-40.8167,
440058,-4.4333,-40.7833,
440059,-4.55,-40.97,
440060,-4.7667,-40.5167,
440061,-4.63,-40.52,
440062,-4.05,-40.5167,
440063,-4.1833,-40.3167,
440064,-4.0667,-40.3,139.0
440065,-4.63,-40.19,365.0
440066,-4.05,-40.95,
440067,-4.6333,-40.3833,358.0
440068,-4.9833,-40.2,
440069,-4.1833,-40.4833,137.0
440070,-4.1894,-40.3186,
440071,-4.25,-40.65,200.0
440072,-4.14,-40.95,
440073,-4.9167,-40.1333,
440074,-4.1667,-40.8667,
440075,-3.68,-39.12,
440076,-4.87,-40.18,776.0
440077,-4.3333,-40.15,
440078,-4.3167,-40.7,
440079,-4.2,-40.47,
440081,-4.6333,-40.0667,
440082,-4.9333,-40.5333,
440083,-4.3686,-40.02,
440084,-4.1378,-40.4397,
440085,-4.2414,-40.7336,
440086,-4.8217,-40.3611,
440087,-4.0636,-40.4031,
440088,-4.1486,-40.8614,
440089,-4.17,-40.5069,
440090,-4.3158,-40.5331,
440091,-4.37,-44.6758,40.0
440092,-4.1894,-40.3186,
440093,-4.215,-40.0667,180.0
441000,-4.3333,-41.7333,176.0
441001,-4.0167,-41.45,135.0
441002,-4.4667,-41.95,142.0
441003,-4.4833,-41.1667,590.0
441004,-4.25,-41.2833,221.0
441005,-4.4167,-41.4667,577.0
441006,-4.2833,-41.7833,214.0
441008,-4.6667,-41.4667,430.0
441009,-4.7833,-41.1,470.0
441012,-4.4167,-41.3333,414.0
441013,-4.1167,-41.4167,117.0
441014,-4.6186,-41.125,
441015,-4.3667,-41.05,
441016,-4.7956,-41.0833,
441018,-4.0378,-41.2681,
441019,-4.2653,-41.7172,252.0
441020,-4.0533,-41.055,
442000,-4.25,-42.3,92.0
442001,-4.3333,-42.0833,118.0
442004,-4.8167,-42.1833,126.0
442005,-4.41,-42.1953,105.0
442006,-4.3333,-42.55,101.0
442007,-4.5833,-42.3,118.0
442008,-4.75,-42.5833,130.0
442009,-4.0667,-42.5333,107.0
442010,-4.1025,-42.5353,50.0
442011,-4.5833,-42.8667,53.0
442013,-4.1528,-42.9461,49.0
442015,-4.05,-42.7,77.0
442016,-4.5833,-42.8667,53.0
442018,-4.4,-42.2,112.0
442019,-4.3931,-42.4072,
442020,-4.2378,-42.3053,
442021,-4.2881,-42.9856,38.0
443000,-4.75,-43.6167,86.0
443002,-4.8333,-43.35,89.0
443003,-4.8653,-43.3583,89.0
443005,-4.4833,-43.8833,71.0
443006,-4.4542,-43.8772,
443007,-4.4644,-43.9311,224.0
443008,-4.1,-43.2667,87.0
443009,-4.25,-43.95,55.0
443011,-4.4206,-43.6492,140.0
443012,-4.6242,-43.4658,70.0
444000,-4.2333,-44.7833,24.0
444001,-4.1628,-44.1658,34.0
444002,-4.8833,-44.8833,132.0
444003,-4.9667,-44.2333,139.0
444005,-4.5767,-44.5994,60.0
444006,-4.5833,-44.6667,52.0
444008,-5.1014,-44.9608,82.0
444009,-4.3333,-44.3167,57.0
444013,-4.3722,-44.3342,187.0
444014,-4.2264,-44.8386,16.0
444015,-4.9258,-44.6181,
444029,-4.2194,-44.7653,9.0
444030,-3.7722,-45.2181,
445000,-4.7167,-45.4667,131.0
445001,-4.0303,-45.7711,45.0
445002,-4.3333,-45.1667,53.0
445003,-4.9167,-45.6167,184.0
445005,-4.2833,-45.55,77.0
445006,-4.0833,-45.1667,32.0
445007,-4.7428,-45.1806,105.0
445008,-4.8611,-46.0078,117.0
445009,-4.5606,-45.1256,86.0
445010,-4.2406,-45.3581,55.0
445011,-4.5378,-45.3261,39.0
445015,-4.445,-45.3169,78.0
446000,-4.2989,-46.4936,67.0
446001,-4.4094,-46.7492,192.0
446002,-4.6981,-46.9392,189.0
447000,-4.9333,-47.5,253.0
447001,-4.2867,-47.5592,
447002,-4.8297,-47.2692,
447003,-4.1167,-47.5469,
447004,-4.9308,-47.4967,
448000,-4.8036,-48.0689,
449000,-4.55,-49.55,89.0
449001,-4.4628,-49.1197,
449002,-4.24,-49.9542,
449003,-4.9208,-49.0686,
451000,-4.9153,-51.4294,157.0
452000,-4.6656,-52.7203,165.0
452001,-4.2333,-52.2,205.0
454000,-4.8128,-54.6683,198.0
454001,-3.9664,-54.6419,
454002,-4.7586,-54.6394,205.0
454003,-4.5417,-54.0008,
455000,-4.2833,-55.9833,20.0
455002,-4.175,-55.4269,
455003,-4.7547,-56.0794,
455004,-4.0925,-54.9019,
456000,-4.6333,-56.3,106.0
456001,-4.9469,-56.8822,
456002,-4.55,-56.3,
456004,-4.6156,-56.325,
457000,-4.6333,-57.9,68.0
458000,-4.415,-58.1331,42.0
458001,-4.2308,-58.6714,
459000,-4.3914,-59.5983,25.0
459001,-4.7497,-59.2494,
460001,-4.1667,-60.8,
460002,-4.8972,-60.0253,
461000,-4.4667,-61.0667,46.0
461001,-4.7,-61.2833,43.0
462000,-4.7333,-62.1333,37.0
462001,-4.7408,-62.1519,
462002,-4.8586,-62.8683,
463000,-4.0856,-63.0833,32.0
463002,-4.7667,-63.7,52.0
463003,-4.6725,-63.6233,
463005,-4.0856,-63.0833,
465000,-4.2922,-65.2017,88.0
465001,-4.8667,-65.75,70.0
466001,-4.8392,-66.8506,71.0
466002,-4.3333,-66.5,65.0
467000,-4.2211,-67.8925,74.0
467001,-4.3256,-67.3444,76.0
467002,-4.5711,-68.0111,
468000,-4.05,-68.9,136.0
468001,-4.6667,-68.9167,134.0
468003,-4.8967,-68.6633,88.0
468004,-4.7417,-68.135,96.0
469001,-4.2511,-69.9514,78.0
469002,-4.2833,-69.7333,78.0
470002,-4.3833,-70.9667,89.0
470005,-4.1344,-70.5489,92.0
470008,-4.3667,-70.1833,83.0
470009,-4.5836,-70.2811,91.0
47002,-0.6231,-47.3536,
47003,-0.7375,-47.8536,
47004,-0.9294,-47.0994,
47005,-0.6336,-47.6583,
47006,-0.7747,-47.1775,
47007,-0.7944,-47.5997,
471000,-4.5397,-71.4003,99.0
472001,-4.5169,-71.6339,116.0
48002,-0.9,-48.6333,8.0
48003,-0.55,-48.7833,4.0
48004,-0.3333,-48.5167,3.0
48005,-0.2,-48.9167,4.0
48006,-0.8681,-48.1103,
49000,-0.9833,-49.95,18.0
49001,-0.6167,-49.1667,1.0
49002,-0.8167,-49.15,7.0
49003,-0.8333,-49.7667,22.0
49004,-0.2167,-49.4667,7.0
49006,-0.25,-49.2667,3.0
49007,-0.4,-49.9,15.0
49008,-0.5333,-49.4,4.0
49009,-0.9853,-49.9394,
49010,-0.1656,-49.9786,
49011,-1.0158,-48.9597,
49012,-0.6653,-49.1711,
50000,-0.15,-50.0,3.0
50001,-0.1,-50.3833,16.0
50002,-0.8,-50.7,22.0
50003,-0.1603,-50.3894,
5001,-12.930789,-38.517166,
51001,-0.05,-51.0667,0.0
51002,-0.3992,-51.4203,
51003,-0.1833,-51.8,36.0
51004,-0.1806,-51.7358,
51005,-0.7947,-51.6239,
52000,-0.5711,-52.575,95.0
52001,-0.1333,-52.9333,146.0
52002,-0.6,-52.6,72.0
52003,-0.4567,-52.0775,
52004,-0.1392,-52.9344,95.0
52005,-0.4914,-52.6931,44.0
52006,-0.5572,-52.5792,44.0
52007,-0.5661,-52.5214,44.0
52008,-0.6514,-52.5075,14.0
52009,-0.6619,-52.5161,25.0
52010,-0.8569,-52.525,
53000,-0.4167,-53.7,150.0
53001,-0.2139,-53.8469,
535000,-5.3167,-35.5667,72.0
535002,-5.85,-35.35,32.0
535007,-5.8,-35.2167,49.0
535011,-5.6167,-35.6,66.0
535013,-5.9,-35.7667,97.0
535014,-5.9,-35.6333,75.0
535015,-5.15,-35.8833,32.0
535016,-5.55,-35.2333,14.0
535017,-5.5333,-35.8167,140.0
535020,-5.1167,-35.65,19.0
535021,-5.2,-35.4667,20.0
535024,-5.7,-35.7667,2.0
535025,-5.6167,-35.6667,87.0
535027,-5.6333,-35.4333,48.0
535028,-5.9833,-35.6167,111.0
535029,-5.95,-35.9333,158.0
535036,-5.5333,-35.5333,70.0
535038,-5.8458,-35.5233,99.0
535046,-5.2167,-35.8333,71.0
535051,-5.8,-35.3333,15.0
535052,-5.9167,-35.1833,53.0
535054,-5.485,-35.3875,
535055,-5.9522,-35.9175,
535056,-5.6561,-35.9758,
535061,-5.8167,-35.55,118.0
535062,-5.8333,-35.7167,115.0
535063,-5.8667,-35.9333,168.0
536001,-5.65,-36.0,140.0
536003,-5.35,-36.5333,65.0
536004,-5.1167,-36.6333,1.0
536009,-5.7,-36.25,198.0
536011,-5.8667,-36.2833,363.0
536012,-5.5833,-36.1167,207.0
536014,-5.1833,-36.55,5.0
536015,-5.2833,-36.2833,41.0
536017,-5.9667,-36.0667,175.0
536018,-5.9667,-36.65,163.0
536019,-5.5167,-36.3833,97.0
536021,-5.5833,-36.9,38.0
536022,-5.7833,-36.6,150.0
536023,-5.6167,-36.8333,59.0
536024,-5.6667,-36.6,126.0
536025,-5.9833,-36.85,112.0
536026,-5.7667,-36.0167,180.0
536027,-5.3333,-36.8333,36.0
536028,-5.25,-36.7167,8.0
536029,-5.6333,-36.9333,72.0
536030,-5.4167,-36.0667,219.0
536031,-5.8,-36.8667,70.0
536032,-5.5,-36.5,101.0
536035,-5.6319,-36.9161,
536036,-5.2572,-36.7233,
536038,-5.05,-36.8,5.0
536039,-5.5833,-36.85,70.0
536041,-5.0667,-36.0333,2.0
536042,-5.2908,-36.2758,65.0
536044,-5.4242,-36.5303,
536045,-5.5,-36.85,
536046,-5.7,-36.5333,133.0
536047,-5.4803,-36.7017,
536063,-5.2897,-36.7653,
536066,-5.3833,-36.8333,
536071,-5.6625,-36.8819,
536073,-5.6689,-36.8853,62.0
536074,-5.6022,-36.8981,32.0
536075,-5.7561,-36.8025,60.0
536076,-5.5031,-36.8881,
537000,-5.2167,-37.8167,137.0
537001,-5.5,-37.1833,119.0
537002,-5.95,-37.7,159.0
537003,-5.0833,-37.6333,110.0
537005,-5.85,-37.3167,65.0
537006,-5.7833,-37.5667,146.0
537007,-5.7333,-37.85,122.0
537008,-5.5933,-37.6842,70.0
537009,-5.9333,-37.95,240.0
537010,-5.8333,-37.9667,130.0
537012,-5.45,-37.2167,79.0
537013,-5.4667,-37.5167,49.0
537014,-5.7833,-37.9167,173.0
537015,-5.3167,-37.5833,63.0
537016,-5.3333,-37.3,67.0
537017,-5.45,-37.8,100.0
537018,-5.2167,-37.6667,106.0
537019,-5.6436,-37.2553,45.0
537020,-5.9833,-37.8167,210.0
537023,-5.2,-37.35,30.0
537024,-5.8667,-37.35,117.0
537025,-5.7667,-37.0667,81.0
537026,-5.3333,-37.0667,95.0
537027,-5.7833,-37.1,81.0
537029,-5.6667,-37.8,53.0
537031,-5.0667,-37.4167,107.0
537033,-5.1833,-37.3333,36.0
537034,-5.8672,-37.3147,
537035,-5.2889,-37.2889,
537036,-5.45,-37.515,
537037,-5.2194,-37.3622,
537038,-5.6667,-37.7833,
537039,-5.7333,-37.7833,81.0
537040,-5.0667,-37.9,
537041,-5.0667,-37.9833,
537042,-5.6167,-45.4667,179.0
537043,-5.2,-37.3333,15.0
537044,-5.6,-37.7,121.0
537048,-5.9833,-37.95,200.0
537049,-5.5594,-37.0553,
537050,-5.2247,-37.4547,41.0
537068,-5.0839,-37.9983,
537080,-5.6644,-37.4853,112.0
538000,-5.1,-38.3833,63.0
538001,-5.38,-38.0,145.0
538002,-5.7,-38.1667,164.0
538003,-5.5167,-38.25,60.0
538004,-5.5833,-38.1167,147.0
538005,-5.5667,-38.9667,181.0
538006,-5.4667,-38.6167,144.0
538007,-5.5167,-38.75,135.0
538008,-5.4669,-38.4075,70.0
538009,-5.1333,-38.1,35.0
538010,-5.2833,-38.2667,60.0
538011,-5.1667,-38.6667,85.0
538012,-5.3333,-38.7333,147.0
538013,-5.2833,-38.8667,123.0
538014,-5.3333,-38.5167,125.0
538015,-5.95,-38.9167,215.0
538016,-5.7167,-38.6833,122.0
538017,-5.6167,-38.5833,124.0
538018,-5.15,-38.8833,200.0
538019,-5.2833,-38.6,104.0
538020,-5.7667,-38.35,184.0
538021,-5.2667,-38.9833,199.0
538022,-5.95,-38.65,150.0
538023,-5.6833,-38.9667,167.0
538024,-5.8833,-38.6167,132.0
538025,-5.3167,-38.9167,120.0
538027,-5.325,-38.9239,152.0
538029,-5.9,-38.6167,120.0
538030,-5.8167,-38.3,140.0
538031,-5.2333,-38.4833,200.0
538032,-5.19,-38.35,89.0
538033,-5.9333,-38.0667,183.0
538037,-5.2667,-38.9833,199.0
538039,-5.95,-38.8167,190.0
538043,-5.9022,-38.6314,
538044,-5.2247,-38.2006,
538045,-5.6667,-38.1167,206.0
538046,-5.45,-38.1167,125.0
538047,-5.15,-38.65,
538048,-5.92,-38.22,
538049,-5.6833,-38.2833,
538050,-5.8667,-38.3833,
538051,-5.4167,-38.7667,192.0
538052,-5.4833,-38.8833,214.0
538053,-5.65,-38.9,
538054,-5.46,-38.46,89.0
538055,-5.95,-38.8333,
538056,-5.9167,-38.7333,167.0
538057,-5.9333,-38.9,
538059,-5.1833,-38.0833,
538060,-5.2667,-38.35,
538061,-5.8,-40.06,527.0
538062,-5.7833,-38.2167,
538063,-5.0,-38.7167,170.0
538064,-5.0667,-38.9,
538065,-5.5167,-38.0,143.0
538066,-5.62,-38.77,150.0
538068,-5.8667,-38.5333,160.0
538069,-5.25,-38.1333,40.0
538070,-5.9167,-38.0167,
538071,-5.7833,-38.0667,188.0
538072,-6.0,-38.1667,181.0
538074,-5.4667,-38.4,
538075,-5.1333,-38.4667,
538076,-5.4333,-38.4,
538077,-5.3886,-38.2439,
538078,-5.7833,-38.3333,
538079,-5.7,-38.1667,133.0
538080,-5.6833,-38.9667,
538081,-5.95,-38.8167,
538082,-5.95,-38.9167,215.0
538083,-5.2897,-38.7508,
538084,-5.6167,-38.2667,110.0
538085,-5.4925,-38.4506,63.0
538087,-5.1219,-38.4464,50.0
538088,-5.4103,-38.1619,
538089,-5.4903,-38.0239,109.0
538090,-5.2144,-38.2811,
538098,-5.8661,-38.3208,
538100,-5.9639,-38.2739,
538102,-5.7231,-38.1511,
538103,-5.2572,-38.645,
538104,-5.6228,-38.2719,
539001,-5.75,-39.6333,263.0
539002,-5.5833,-39.4167,228.0
539003,-5.9167,-39.4167,328.0
539004,-5.85,-39.7333,305.0
539005,-5.8167,-39.4167,243.0
539006,-5.0833,-39.0333,274.0
539007,-5.4333,-39.35,212.0
539009,-5.0833,-39.6333,276.0
539010,-5.15,-39.1667,212.0
539011,-5.6806,-39.2,221.0
539012,-5.2,-39.2833,187.0
539013,-5.8833,-39.0667,215.0
539014,-5.9167,-39.6333,426.0
539016,-5.2,-39.3,211.0
539017,-5.0333,-39.3333,251.0
539018,-5.2,-39.0333,180.0
539019,-5.5667,-39.1667,203.0
539021,-5.4333,-40.0,545.0
539022,-5.5333,-39.9167,448.0
539023,-5.7,-39.0167,170.0
539024,-5.35,-39.3167,218.0
539026,-5.2833,-39.4333,253.0
539027,-5.0167,-39.7833,318.0
539028,-5.2333,-39.9833,426.0
539029,-5.1333,-39.7167,235.0
539030,-5.6833,-39.8167,379.0
539031,-5.2667,-39.9333,426.0
539033,-5.45,-39.7167,480.0
539034,-5.5167,-39.6167,310.0
539035,-5.2167,-39.5667,275.0
539036,-5.9167,-39.2667,269.0
539037,-5.58,-39.3681,173.0
539038,-5.45,-39.7167,560.0
539039,-5.9167,-39.4169,273.0
539042,-5.1833,-39.7833,301.0
539043,-5.0489,-39.6886,
539051,-5.75,-39.6167,223.0
539052,-5.7833,-39.0833,183.0
539053,-5.2014,-39.2917,
539054,-5.4,-39.02,201.0
539055,-5.1,-39.6,
539056,-5.2667,-39.6833,
539057,-5.0,-39.7333,318.0
539058,-5.9167,-39.2667,
539059,-5.6667,-39.95,428.0
539060,-5.6511,-39.8442,
539061,-5.5667,-39.6333,
539062,-5.45,-39.7333,
539063,-5.0667,-39.0333,274.0
539064,-5.4167,-39.35,
539065,-5.2833,-39.1333,
539066,-5.15,-39.4667,
539067,-5.3333,-39.5,
539068,-5.2167,-39.5667,
539069,-5.1333,-39.1667,
539070,-5.5167,-39.4833,
539071,-5.8833,-39.95,
539072,-5.5,-39.3,
539073,-5.5833,-39.3667,173.0
539075,-5.9667,-39.9,490.0
539076,-5.8,-39.25,
539077,-5.2,-39.3167,
539078,-5.3931,-39.2164,
539084,-5.3628,-39.3161,
539085,-5.7639,-39.6419,
539086,-5.5594,-39.1631,
539087,-5.8847,-39.1539,
539088,-5.0692,-39.2669,
539089,-5.1589,-39.7189,
539090,-5.4144,-39.445,
539091,-5.4475,-39.1978,
539092,-5.6214,-39.995,
539093,-5.8383,-39.4808,
539094,-5.1972,-39.5986,
539095,-5.3628,-39.6008,
539096,-5.9425,-39.5253,
539097,-5.3528,-39.5761,
54000,-0.9667,-54.4333,254.0
540002,-5.8333,-40.6833,487.0
540003,-5.5386,-40.7739,328.0
540004,-5.5833,-40.85,398.0
540005,-5.5833,-40.55,335.0
540006,-5.8167,-40.2667,437.0
540007,-5.6167,-40.4167,360.0
540008,-5.4333,-40.9333,749.0
540009,-5.3,-40.5667,310.0
540010,-5.5667,-40.0833,570.0
540011,-5.0667,-40.9333,376.0
540012,-5.0833,-40.2833,396.0
540013,-5.2833,-40.4667,329.0
540014,-5.3167,-40.7,319.0
540015,-5.91,-40.25,380.0
540016,-5.3833,-40.3333,334.0
540017,-5.85,-40.35,468.0
540019,-5.3936,-40.3128,380.0
54002,0.5861,-54.2086,315.0
540020,-5.2108,-40.7036,275.0
540021,-5.6333,-40.1833,494.0
540022,-5.9667,-40.4667,360.0
540023,-5.05,-40.9333,
540024,-5.4333,-40.85,
540025,-5.1167,-40.7167,288.0
540026,-5.15,-40.4167,
540027,-5.4,-40.6333,
540028,-5.2333,-40.9167,
540029,-5.05,-40.5667,
540030,-5.6933,-40.3486,
540031,-5.4167,-40.4833,
540032,-5.45,-40.4833,
540033,-5.6833,-40.4833,
540034,-5.2017,-40.1778,
540035,-5.3006,-40.2639,
540036,-5.485,-40.2117,
540038,-5.5667,-40.3333,
540039,-5.1061,-40.0489,
540040,-5.5156,-40.8581,
540041,-5.7167,-40.7,
540042,-5.7833,-40.6167,
540043,-5.0833,-40.1333,520.0
540044,-5.0833,-40.3,420.0
540045,-5.8667,-40.5833,
540047,-5.55,-40.0667,
540048,-5.85,-40.45,
540049,-5.85,-40.2167,
540050,-5.9667,-40.1167,
540052,-5.9,-40.7,
540053,-5.5333,-40.1833,518.0
540054,-5.5333,-40.1667,518.0
540055,-5.55,-40.1333,518.0
540056,-5.55,-40.1667,518.0
540057,-5.55,-40.1667,518.0
540058,-5.55,-40.1333,518.0
540059,-5.55,-40.1333,518.0
540060,-5.5667,-40.1833,518.0
540061,-5.5667,-40.1667,518.0
540062,-5.5667,-40.15,518.0
540063,-5.5667,-40.1333,518.0
540064,-5.5833,-40.2,518.0
540065,-5.5833,-40.1667,518.0
540066,-5.6,-40.1833,494.0
540067,-5.6,-40.15,494.0
540068,-5.6,-40.2,494.0
540069,-5.6,-40.2167,463.0
540070,-5.6167,-40.2,494.0
540071,-5.6,-40.1833,494.0
540072,-5.6167,-40.2167,463.0
540073,-5.6167,-40.2333,463.0
540074,-5.6167,-40.15,494.0
540075,-5.6333,-40.1833,494.0
540076,-5.6333,-40.2333,463.0
540077,-5.6333,-40.1667,494.0
540078,-5.6333,-40.2167,463.0
540080,-5.65,-40.1833,494.0
540081,-5.65,-40.2333,463.0
540082,-5.65,-40.2167,463.0
540083,-5.65,-40.2167,463.0
540084,-5.65,-40.1833,494.0
540085,-5.65,-40.2,494.0
540086,-5.6667,-40.1667,494.0
540087,-5.6667,-40.2,494.0
540088,-5.6833,-40.1833,494.0
540089,-5.6833,-40.1667,494.0
540090,-5.6833,-40.2,494.0
540091,-5.7,-40.2167,472.0
540092,-5.7,-40.2,479.0
540093,-5.7167,-40.2,479.0
540094,-5.7167,-40.2,479.0
540095,-5.7333,-40.1833,479.0
540096,-5.7167,-40.1667,479.0
540097,-5.5833,-40.15,518.0
540098,-5.65,-40.1833,494.0
540099,-5.7,-40.1833,479.0
540100,-5.55,-40.15,518.0
540101,-5.6833,-40.1667,494.0
540102,-5.6333,-40.1833,494.0
540104,-5.6333,-40.1833,494.0
540105,-5.6333,-40.1833,494.0
540107,-5.07,-40.82,267.0
540108,-5.4844,-40.4328,
540109,-5.77,-40.17,
540110,-5.75,-40.1167,
540111,-5.2667,-40.7,
540112,-5.7547,-40.3358,
540113,-5.6739,-40.3494,
540114,-5.2,-40.6667,275.0
540115,-5.6803,-40.4914,
540116,-5.6211,-40.295,
540117,-5.0586,-40.58,
540118,-5.3136,-40.7928,
540119,-5.0978,-40.2292,
541000,-5.45,-41.1,615.0
541001,-5.8667,-41.05,567.0
541002,-5.2247,-41.7369,120.0
541003,-5.3333,-41.5667,254.0
541005,-5.85,-41.3833,329.0
541006,-5.05,-41.9667,186.0
541007,-5.3333,-41.0833,639.0
541008,-5.8167,-41.9667,181.0
541009,-5.5,-41.9167,151.0
541010,-5.5,-41.3333,432.0
541011,-5.7167,-41.7,285.0
541012,-5.05,-41.0833,386.0
541013,-5.0964,-41.0831,386.0
541014,-5.8003,-41.9594,
541015,-5.0586,-41.1233,
541019,-5.1189,-41.8092,188.0
541020,-5.5583,-41.0433,509.0
542000,-5.0333,-42.4667,185.0
542002,-5.2667,-42.2167,139.0
542003,-5.45,-42.3667,119.0
542004,-5.85,-42.8167,285.0
542005,-5.3667,-42.7,104.0
542006,-5.0167,-42.0833,173.0
542007,-5.5833,-42.6167,171.0
542008,-5.6675,-42.2061,80.0
542009,-5.9333,-42.1167,181.0
542010,-5.9333,-42.7333,288.0
542012,-5.0878,-42.7992,100.0
542013,-5.05,-42.8,111.0
542014,-5.05,-42.8167,72.0
542020,-5.7611,-42.6667,298.0
542021,-5.9833,-42.6333,234.0
542022,-5.6667,-42.8667,190.0
542023,-5.8583,-42.4353,158.0
542024,-5.2025,-42.6967,80.0
542025,-5.0875,-42.7903,
542031,-5.135,-42.8111,
543000,-5.85,-43.85,234.0
543001,-5.1833,-43.1,201.0
543002,-5.4844,-43.3586,80.0
543003,-5.7,-43.2333,211.0
543004,-5.7092,-43.5872,149.0
543005,-5.3167,-43.5167,147.0
543006,-5.0333,-43.7333,135.0
543007,-5.2667,-43.8333,126.0
543009,-5.5728,-43.0242,104.0
543010,-5.9756,-43.0617,85.0
543011,-5.97,-43.4158,220.0
543012,-5.3381,-43.8842,93.0
544000,-5.6833,-44.0667,182.0
544001,-5.9833,-44.9,265.0
544002,-5.25,-44.5167,124.0
544004,-5.7,-44.3667,254.0
544005,-5.8,-44.7333,269.0
544006,-5.4197,-44.9283,103.0
544009,-5.405,-44.3356,100.0
544015,-5.1019,-44.9614,60.0
545000,-5.7333,-45.3333,193.0
545001,-5.1667,-45.5833,216.0
545004,-5.5167,-45.25,151.0
545005,-5.5167,-45.25,151.0
545006,-5.5,-45.25,151.0
545007,-5.5167,-45.8167,211.0
545008,-5.4667,-45.5667,179.0
545009,-5.5833,-45.8833,211.0
545010,-5.6,-45.25,168.0
545011,-5.7275,-45.3131,119.0
545012,-5.8922,-45.3019,
546000,-5.5667,-46.7667,253.0
546001,-5.5833,-46.25,180.0
546003,-5.8167,-46.1333,211.0
546004,-5.8167,-46.1333,211.0
546005,-5.2833,-46.3667,271.0
546006,-5.6044,-46.2386,122.0
546007,-5.8842,-46.7019,263.0
546008,-5.8181,-46.1444,148.0
547001,-5.5333,-47.4833,131.0
547002,-5.7167,-47.5,154.0
547003,-5.8333,-47.0667,219.0
547004,-5.7894,-47.4689,154.0
547005,-5.5944,-47.0192,288.0
547006,-5.9522,-47.5122,154.0
547013,-5.5581,-47.4831,
548000,-5.6483,-48.125,122.0
548001,-5.2597,-48.2069,109.0
548002,-5.0514,-48.6336,
548003,-5.3622,-48.5386,93.0
548008,-5.3497,-48.8806,
548009,-5.789049,-48.17809,
548010,-5.2544,-48.1983,
549004,-5.9347,-49.6767,
549005,-5.85,-49.1,123.0
549006,-5.7833,-49.8,147.0
549007,-5.8031,-49.1833,
549008,-5.1289,-49.3242,
549011,-5.4967,-49.2228,
549013,-5.3386,-49.1244,69.0
549014,-5.5775,-49.5472,134.0
549022,-5.4886,-49.2233,
550002,-5.8714,-50.4789,178.0
552000,-5.4081,-52.9019,207.0
554000,-5.6503,-54.5208,
554001,-5.6833,-54.2333,211.0
554002,-5.6967,-54.2456,
555000,-5.1825,-56.0578,
555001,-5.5,-55.8333,143.0
555002,-6.6714,-55.4958,
556,-12.979402,-38.51689,
556000,-5.1542,-56.8556,78.0
557000,-5.4333,-57.0833,73.0
557001,-5.7,-57.6667,134.0
559000,-5.6833,-59.5833,48.0
560000,-5.1211,-60.3831,40.0
560001,-5.2964,-60.7006,
560002,-5.5892,-60.3736,
561001,-5.8167,-61.3,50.0
562000,-5.0167,-62.8,33.0
562001,-5.85,-62.35,67.0
563000,-5.1092,-63.9847,
563001,-5.7833,-63.35,50.0
563002,-5.7219,-63.5108,
564000,-5.6667,-64.3333,50.0
564001,-5.5831,-64.3353,
564002,-5.9533,-64.3164,
566000,-5.1256,-66.2967,98.0
567001,-5.8936,-67.8569,91.0
567002,-5.4608,-67.4058,
568001,-4.6661,-68.1483,
569001,-5.6333,-69.2333,
57000,-0.6953,-57.9742,103.0
570000,-5.1833,-70.75,109.0
57001,-0.9978,-57.0431,
572000,-5.1375,-72.8136,142.0
59001,-0.8661,-59.6011,85.0
59002,-0.585,-59.7761,128.0
59003,-0.5956,-59.7772,113.0
60000,-0.8558,-60.5219,59.0
60001,-0.2275,-60.6908,
61000,-0.5067,-61.7858,
61001,-0.8731,-61.9317,
62001,-0.3011,-62.7622,48.0
62002,-0.9658,-62.9311,
63000,-0.5983,-63.3978,
63001,-0.3672,-62.7753,48.0
634000,-6.6714,-34.9539,
634001,-6.8933,-34.8825,
634002,-6.9714,-34.8325,
635000,-6.3167,-35.1833,51.0
635002,-6.45,-35.2333,52.0
635004,-6.2667,-35.2,40.0
635005,-6.0667,-35.2333,58.0
635007,-6.4167,-35.6333,201.0
635009,-6.1,-35.7,134.0
635011,-6.3,-35.4667,95.0
635012,-6.2333,-35.8,195.0
635013,-6.0853,-35.2486,
635016,-6.4667,-35.4333,96.0
635017,-6.1167,-35.4833,84.0
635018,-6.2,-35.6,90.0
635020,-6.4667,-35.8667,400.0
635021,-6.2833,-35.6667,141.0
635025,-6.3833,-35.1167,51.0
635027,-6.8331,-35.3878,170.0
635028,-6.5314,-35.7397,580.0
635030,-6.9756,-35.7178,445.0
635033,-6.7514,-35.6342,552.0
635037,-6.6367,-35.7953,460.0
635038,-6.6147,-35.4681,185.0
635043,-6.6667,-35.2833,139.0
635044,-6.8333,-35.1167,53.0
635045,-6.6,-35.05,83.0
635047,-6.7931,-35.8944,400.0
635048,-6.8167,-35.6333,406.0
635050,-6.8,-35.5833,248.0
635063,-6.9667,-35.6833,436.0
635064,-6.9833,-35.6833,436.0
635065,-6.9589,-35.5525,154.0
635066,-6.7167,-35.5,150.0
635067,-6.6056,-35.6283,580.0
635068,-6.7594,-35.6478,630.0
635070,-6.2,-35.8,186.0
635072,-6.0667,-35.3333,52.0
635078,-6.3286,-35.6958,180.0
635079,-6.5983,-35.5292,0.0
635081,-6.0333,-35.4167,94.0
635082,-6.1,-35.9167,175.0
635092,-6.15,-35.4333,91.0
635093,-6.2667,-35.5,90.0
635097,-6.4333,-35.7833,501.0
635098,-6.4667,-35.2833,87.0
635107,-6.4892,-35.6328,
635108,-6.5403,-35.6603,
635109,-6.6303,-35.9069,
635110,-6.8314,-35.7625,
635111,-6.8069,-35.5997,
635112,-6.8458,-35.5422,
635113,-6.8689,-35.6136,
635114,-6.8975,-35.5247,
635115,-6.9936,-35.8331,
635116,-6.9669,-35.7914,
635117,-6.5611,-35.135,
635118,-6.5578,-35.43,
635119,-6.6111,-35.0561,83.0
635120,-6.6853,-35.4436,
635121,-6.6897,-35.4197,
635122,-6.6625,-35.3661,
635123,-6.7181,-35.2664,
635124,-6.7811,-35.4947,
635125,-6.7533,-35.4333,
635126,-6.8361,-35.2569,
635127,-6.81,-35.0747,
635128,-6.915,-35.2517,
635129,-6.9228,-35.1731,
635130,-6.382,-35.129,51.0
635131,-6.314,-35.044,13.0
635132,-6.262,-35.21,53.0
635133,-6.3469,-35.3761,93.0
635134,-6.9504,-35.5466,180.0
635135,-6.602,-35.051,83.0
635136,-6.8453,-35.4964,
635137,-6.6136,-35.2917,
635138,-6.8356,-35.1214,
635139,-6.7717,-35.0164,
635140,-6.6014,-35.0536,
635141,-6.6411,-35.2942,
635142,-6.8192,-35.6386,
635148,-6.6411,-35.2942,139.0
636000,-6.2333,-36.1833,381.0
636001,-6.4167,-36.7833,256.0
636004,-6.1167,-36.8167,330.0
636007,-6.4,-36.5833,463.0
636008,-6.1833,-36.0167,289.0
636009,-6.0167,-36.6167,439.0
636010,-6.2167,-36.6833,320.0
636012,-6.1,-36.4667,414.0
636013,-6.5833,-36.7833,220.0
636014,-6.6,-36.7333,265.0
636015,-6.2,-36.5333,367.0
636016,-6.7333,-36.7667,333.0
636017,-6.55,-36.5,550.0
636018,-6.6833,-36.6667,325.0
636019,-6.2428,-35.9947,240.0
636021,-6.2333,-36.0167,240.0
636022,-6.1833,-36.25,467.0
636023,-6.3833,-36.2167,610.0
636024,-6.95,-36.7167,621.0
636025,-6.2551,-36.5188,350.0
636026,-6.05,-36.35,590.0
636027,-6.7,-36.95,195.0
636031,-6.8833,-36.0333,499.0
636032,-6.7289,-36.0564,440.0
636035,-6.4833,-36.15,574.0
636036,-6.9833,-36.25,585.0
636037,-6.75,-36.4667,557.0
636038,-6.5167,-36.3667,450.0
636040,-6.7667,-36.25,589.0
636041,-6.8681,-36.9181,290.0
636042,-6.8667,-36.9333,299.0
636045,-6.5936,-36.785,
636046,-6.995,-36.7131,590.0
636052,-6.4333,-36.2,664.0
636053,-6.4833,-36.85,207.0
636054,-6.4833,-36.8167,
636055,-6.7667,-36.7333,336.0
636056,-6.55,-36.5833,306.0
636058,-6.4333,-36.6333,270.0
636066,-6.4039,-36.4539,
636067,-6.4531,-36.2036,
636068,-6.7722,-36.9925,
636069,-6.7742,-36.8,
636070,-6.9408,-36.6294,
636071,-6.6428,-36.2556,
636072,-6.6797,-36.4206,
636073,-6.8631,-36.3514,
636074,-6.9356,-36.3772,
636075,-6.9061,-36.0075,
636076,-6.485,-36.1492,
636077,-6.9886,-36.2436,
636078,-6.7553,-36.4644,
636079,-6.505,-36.3469,
636080,-6.8681,-36.9183,
636081,-6.9639,-36.9203,
636082,-6.9639,-36.3703,
636083,-6.8553,-36.4106,
636084,-6.7664,-36.2467,
637000,-6.1,-37.6333,302.0
637002,-6.2667,-37.7833,310.0
637004,-6.45,-37.1,184.0
637005,-6.3833,-37.0667,212.0
637007,-6.1833,-37.9667,412.0
637008,-6.15,-37.1333,124.0
637009,-6.1,-37.8,235.0
637010,-6.4622,-37.3025,120.0
637011,-6.0333,-37.0167,75.0
637012,-6.05,-37.3833,165.0
637013,-6.6667,-37.4,198.0
637014,-6.75,-37.2,175.0
637015,-6.0833,-37.9,645.0
637016,-6.6667,-37.0167,230.0
637017,-6.3833,-37.1833,135.0
637018,-6.15,-37.7833,262.0
637019,-6.3833,-37.35,139.0
637021,-6.4833,-37.0667,140.0
637022,-6.1864,-37.5356,190.0
637023,-6.3483,-37.4997,190.0
637024,-6.9614,-37.7992,400.0
637025,-6.35,-37.75,297.0
637028,-6.9,-37.6167,306.0
637029,-6.6839,-37.5681,231.0
637030,-6.4667,-37.55,193.0
637031,-6.9,-37.5333,296.0
637032,-6.7667,-37.8167,199.0
637034,-6.85,-37.3333,218.0
637035,-6.1833,-37.2833,155.0
637036,-6.55,-37.8167,258.0
637037,-6.9306,-37.1036,270.0
637039,-6.4511,-37.0906,
637040,-6.4414,-37.9292,210.0
637041,-6.59,-37.6233,175.0
637042,-6.3833,-37.8333,300.0
637043,-6.5894,-37.915,280.0
637044,-6.4353,-37.6531,200.0
637045,-6.5022,-37.4581,250.0
637047,-6.0167,-37.4,141.0
637048,-6.0167,-37.9833,642.0
637049,-6.6653,-37.4014,
637055,-6.0667,-37.7,193.0
637056,-6.1667,-37.85,231.0
637057,-6.1,-37.95,615.0
637058,-6.2167,-37.8833,5.0
637061,-6.44,-37.3894,
637062,-6.0342,-37.0156,
637064,-6.7286,-37.7944,175.0
637066,-6.3519,-37.7239,
637068,-6.2133,-37.3514,
637069,-6.5433,-37.7164,
637070,-6.815,-37.9414,
637071,-6.8889,-37.7278,
637072,-6.381,-37.351,139.0
637073,-6.1119,-37.6381,302.0
637074,-6.9658,-37.9242,228.0
637075,-6.5803,-37.6058,206.0
637076,-6.3439,-37.7467,
637077,-6.9231,-37.5947,
637078,-6.5664,-37.7997,
637079,-6.9033,-37.5197,
637080,-6.8481,-37.3264,
637081,-6.7386,-37.5683,
637082,-6.9636,-37.9247,206.0
637083,-6.7256,-37.7975,175.0
637084,-6.0044,-37.0047,55.0
638001,-6.2833,-38.75,156.0
638002,-6.5,-38.6333,440.0
638003,-6.0833,-38.6833,178.0
638004,-6.4,-38.95,180.0
638005,-6.2667,-38.9167,188.0
638006,-6.6167,-38.8833,248.0
638007,-6.7628,-38.9606,247.0
638008,-6.6333,-38.7,350.0
638009,-6.0333,-38.8667,209.0
638010,-6.95,-38.9667,65.0
638011,-6.05,-38.4667,600.0
638012,-6.85,-38.75,341.0
638013,-6.7833,-38.7167,270.0
638014,-6.4089,-38.8636,160.0
638015,-6.4,-38.9667,201.0
638028,-6.8942,-38.5444,291.0
638029,-6.5333,-38.5667,330.0
638030,-6.9833,-38.7333,361.0
638031,-6.7864,-38.0847,170.0
638032,-6.7353,-38.4481,240.0
638033,-6.7253,-38.4517,240.0
638035,-6.5167,-38.4167,302.0
638037,-6.4167,-38.0167,391.0
638038,-6.35,-38.2833,280.0
638039,-6.4167,-38.4,351.0
638040,-6.2833,-38.1667,235.0
638041,-6.1,-38.2,175.0
638042,-6.2167,-38.2667,256.0
638043,-6.2167,-38.5,605.0
638044,-6.2128,-38.4256,500.0
638045,-6.4667,-38.1667,380.0
638046,-6.695,-38.5219,271.0
638047,-6.9808,-38.455,250.0
638048,-6.9167,-38.3333,318.0
638049,-6.9422,-38.1619,260.0
638051,-6.6178,-38.0947,150.0
638054,-6.0667,-38.7667,162.0
638056,-6.75,-38.9667,247.0
638058,-6.05,-38.47,539.0
638059,-6.7986,-38.5681,350.0
638061,-6.25,-38.3,250.0
638062,-6.0167,-38.4,
638063,-6.2167,-38.6667,
638064,-6.3333,-38.5667,641.0
638065,-6.3333,-38.7333,
638066,-6.4833,-38.6333,
638067,-6.7833,-38.8,
638068,-6.85,-38.7333,341.0
638069,-6.0667,-38.8667,
638070,-6.8167,-38.9667,
638071,-6.6667,-38.8833,
638072,-6.0,-38.41,
638073,-6.2,-38.5333,
638077,-6.25,-38.4333,401.0
638078,-6.3167,-38.2833,264.0
638080,-6.2667,-38.05,265.0
638081,-6.1833,-38.2167,227.0
638082,-6.3167,-38.4833,650.0
638083,-6.4,-38.3167,306.0
638084,-6.4667,-38.2667,373.0
638085,-6.25,-38.9167,188.0
638086,-6.9656,-38.8311,
638088,-6.7403,-38.5297,
638089,-6.6261,-38.6617,
638090,-6.6994,-38.3111,
638091,-6.7333,-38.7167,
638092,-6.05,-38.35,
638093,-6.4,-38.85,160.0
638095,-6.9858,-38.4525,245.0
638101,-6.4536,-38.5483,
638102,-6.4892,-38.49,
638104,-6.5767,-38.5972,
638105,-6.7253,-38.6431,
638106,-6.7986,-38.5681,272.0
638107,-6.8156,-38.6544,
638108,-6.9297,-38.6781,
638110,-6.5308,-38.0631,
638111,-6.5744,-38.5111,
638112,-6.8428,-38.3447,
638113,-6.8358,-38.3117,
638114,-6.7981,-38.57,
638115,-6.4039,-38.4953,
638116,-6.943,-38.956,285.0
638117,-6.1836,-38.54,
638118,-6.6322,-38.6783,
638119,-6.6053,-38.6433,
638120,-6.7483,-38.8128,
638121,-6.3358,-38.98,
638122,-6.6142,-38.3303,420.0
638123,-6.7694,-38.2194,200.0
638124,-6.895,-38.8442,
638125,-6.5231,-38.4092,
638126,-6.5436,-38.2772,
638127,-6.1856,-38.6583,
638128,-6.8719,-38.7289,
639001,-6.3833,-39.3,218.0
639002,-6.5167,-39.5167,235.0
639003,-6.45,-39.4,220.0
639005,-6.1667,-39.7833,372.0
639006,-6.6333,-39.3167,354.0
639007,-6.6667,-39.25,344.0
639008,-6.8667,-39.1,282.0
639009,-6.8833,-39.2167,280.0
639010,-6.8333,-39.6667,527.0
639011,-6.7667,-39.1167,296.0
639012,-6.25,-39.6667,369.0
639013,-6.1333,-39.8667,490.0
639014,-6.8667,-39.8667,435.0
639015,-7.0,-39.7333,500.0
639016,-6.3667,-39.95,470.0
639017,-6.4667,-39.7333,419.0
639018,-6.4667,-39.1167,224.0
639019,-6.0333,-39.9667,517.0
639020,-6.1667,-39.0833,233.0
639021,-6.1167,-39.45,250.0
639022,-6.1833,-39.6667,333.0
639023,-6.6833,-39.75,371.0
639024,-6.6667,-39.0167,240.0
639025,-6.5833,-39.4833,324.0
639026,-6.6,-39.0667,246.0
639027,-6.7833,-39.9833,270.0
639028,-6.75,-39.0667,272.0
639029,-6.9167,-39.5667,320.0
639030,-6.5333,-39.5,230.0
639031,-6.7167,-39.9667,386.0
639032,-6.7,-39.5,321.0
639033,-6.5333,-39.9,275.0
639034,-6.8,-39.3,345.0
639038,-6.3167,-39.35,222.0
639039,-6.5,-39.3167,303.0
639044,-6.3744,-39.2933,
639045,-6.6461,-39.9594,
639046,-6.1833,-39.4167,
639047,-6.1,-39.1167,235.0
639048,-6.05,-39.5667,
639049,-6.2833,-39.6,
639050,-6.0833,-39.7333,
639051,-6.3167,-39.05,217.0
639052,-6.95,-39.1667,
639053,-6.6,-39.6333,
639054,-6.65,-39.5,
639055,-6.4667,-39.0667,
639056,-6.8167,-39.5167,
639057,-6.4,-39.0333,
639058,-6.4,-39.4,
639059,-6.2,-39.3167,
639060,-6.4333,-39.3333,
639061,-6.4,-39.1667,268.0
639062,-6.3833,-39.5833,284.0
639063,-6.35,-39.6667,
639064,-6.4667,-39.6833,
639065,-6.8833,-39.1,
639066,-6.75,-39.1167,
639067,-6.3167,-39.0333,
639068,-6.25,-39.2667,
639069,-6.25,-39.75,
639070,-6.7167,-39.7333,397.0
639071,-6.8667,-39.3833,
639072,-6.2333,-39.1833,
639073,-6.5203,-39.6383,
639074,-6.7886,-39.0919,
639075,-6.1833,-39.5667,
639078,-6.6828,-39.75,310.0
639079,-6.7825,-39.3461,
639080,-6.4244,-39.1936,
639081,-6.4833,-39.1167,268.0
639084,-6.3667,-39.3,213.0
639085,-6.535,-39.9308,
639089,-6.895,-39.7169,
639090,-6.6047,-39.0603,
639091,-6.9131,-39.2611,
639092,-6.2269,-39.85,
639093,-6.8892,-39.225,
639094,-6.5344,-39.4997,230.0
639095,-6.5578,-39.5086,230.0
640000,-6.8333,-40.6167,489.0
640001,-6.7167,-40.5833,624.0
640002,-6.0167,-40.2833,399.0
640003,-6.3264,-40.1589,325.0
640004,-6.8167,-40.2833,513.0
640005,-6.2167,-40.2833,376.0
640006,-6.9,-40.1667,497.0
640008,-6.9667,-40.3333,578.0
640009,-6.0167,-40.1333,471.0
64001,-0.71,-64.7961,62.0
640010,-6.15,-40.4833,425.0
640011,-6.9667,-40.3333,578.0
640012,-6.5,-40.3667,380.0
640013,-6.0167,-40.5,470.0
640014,-6.6,-40.3167,600.0
640015,-6.2167,-40.7,470.0
640017,-6.4167,-40.5,431.0
640019,-6.5667,-40.1167,350.0
64002,-0.5919,-64.8256,42.0
640020,-6.4333,-40.7167,607.0
640027,-6.6,-40.3167,
640028,-6.75,-40.2667,
640029,-6.65,-40.5167,
64003,-0.4819,-64.8289,
640030,-6.7667,-40.05,
640031,-6.1833,-40.15,
640032,-6.8667,-40.3667,
640033,-6.9669,-40.3331,
640034,-6.9,-40.1667,
640035,-6.3167,-40.4,
640036,-6.0667,-40.6,
640037,-6.0667,-40.8,590.0
640038,-6.15,-40.4,
640039,-6.4333,-40.7167,
640040,-6.2333,-40.35,
640041,-6.05,-40.75,
640042,-6.3167,-40.15,325.0
640043,-6.7556,-40.5731,663.0
640044,-6.345,-40.0697,
640045,-6.0086,-40.7911,
640046,-6.9883,-40.3547,
641000,-6.1167,-41.7833,331.0
641001,-6.9,-41.3167,267.0
641002,-6.6333,-41.2833,453.0
641003,-6.6667,-41.7,478.0
641004,-6.8167,-41.7333,445.0
641005,-6.5167,-41.5667,494.0
641006,-6.9833,-41.1167,399.0
641007,-6.3667,-41.6167,378.0
641008,-6.25,-41.4333,286.0
641009,-6.45,-41.3333,351.0
641010,-6.4,-41.75,396.0
641011,-6.9667,-41.9667,273.0
641013,-6.9,-41.3167,267.0
641014,-6.9667,-41.2167,289.0
641015,-6.95,-41.6667,475.0
641016,-6.9667,-41.5833,485.0
641018,-6.4203,-41.5972,481.0
642000,-6.9833,-42.4167,216.0
642001,-6.25,-42.85,122.0
642002,-6.7833,-42.3333,200.0
642003,-6.5667,-42.8667,162.0
642004,-6.8667,-42.8667,262.0
642005,-6.2167,-42.1333,224.0
642006,-6.4,-42.2833,286.0
642007,-6.6333,-42.6833,138.0
642008,-6.9667,-42.6667,160.0
642009,-6.2333,-42.6833,234.0
642010,-6.5667,-42.2167,307.0
642012,-6.9731,-42.1061,188.0
642013,-6.0167,-42.5,221.0
642014,-6.6667,-42.3,364.0
642015,-6.6667,-42.5833,159.0
642016,-6.0833,-42.7833,257.0
642017,-6.8139,-42.9667,
642018,-6.9861,-42.0883,158.0
642019,-6.0872,-42.7239,196.0
642020,-6.1658,-42.2347,244.0
642021,-6.9586,-42.17,208.0
643000,-6.5,-43.7,362.0
643002,-6.9167,-43.3667,201.0
643003,-6.7667,-43.6333,180.0
643006,-6.7667,-43.0167,137.0
643008,-6.9333,-43.8333,218.0
643009,-6.7167,-43.7833,202.0
643010,-6.8167,-43.5,153.0
643011,-6.61,-43.4011,232.0
643012,-6.1747,-43.7792,216.0
643013,-6.7614,-43.0278,107.0
643014,-6.75,-43.6667,180.0
643015,-6.7483,-43.5664,164.0
644000,-6.3833,-44.9833,282.0
644001,-6.0333,-44.25,188.0
644003,-6.0275,-44.2539,130.0
644004,-6.5167,-44.6333,430.0
644006,-6.3667,-44.3667,229.0
644007,-6.3692,-44.3594,169.0
644008,-6.7833,-44.05,179.0
644009,-6.6833,-44.05,245.0
644010,-6.5,-44.0167,292.0
644011,-6.6,-44.0833,245.0
644012,-6.0103,-44.3444,142.0
644013,-6.6667,-44.3167,287.0
644014,-6.8167,-44.65,422.0
644015,-6.0639,-44.7164,172.0
644018,-6.17,-44.8689,183.0
644019,-4.2175,-46.4906,
645000,-6.5167,-45.6167,418.0
645001,-6.2833,-45.2167,375.0
645002,-6.0022,-45.3942,237.0
645003,-6.8442,-45.1092,
645004,-6.0392,-45.9206,240.0
646000,-6.2333,-46.4667,248.0
646001,-6.3333,-46.05,285.0
646002,-6.9,-46.1667,480.0
646003,-6.6333,-46.8833,411.0
646005,-6.8183,-46.3336,400.0
646006,-6.1928,-46.2689,225.0
647000,-6.2886,-47.3919,126.0
647001,-6.8392,-47.9706,165.0
647002,-6.3333,-47.4,189.0
647005,-6.9953,-47.1653,191.0
647008,-6.1964,-47.0406,168.0
647009,-6.5922,-47.4664,159.0
647010,-6.2889,-47.3917,132.0
648000,-6.4131,-48.5333,148.0
648001,-6.3639,-48.0725,191.0
648002,-6.6722,-48.4703,184.0
648005,-6.7822,-48.1525,175.0
648006,-6.565573,-48.635525,
648007,-6.8006,-48.1358,185.0
648010,-6.3997,-48.5281,
648011,-6.5178,-48.1514,
648012,-6.0442,-48.1983,
649000,-6.4278,-49.4197,
649001,-6.7947,-49.5486,
649002,-6.1053,-49.3775,
649003,-6.8692,-49.0986,156.0
649004,-6.0914,-49.9044,
649005,-6.0908,-49.3594,127.0
650000,-6.6667,-50.0167,238.0
650001,-6.8153,-50.5389,
650002,-5.9347,-50.0692,285.0
650004,-6.4431,-50.0347,236.0
65001,-0.4203,-65.0153,
65002,-0.5406,-65.2122,
651001,-6.7025,-51.7986,
651002,-6.7444,-51.1492,340.0
651004,-6.7358,-51.9953,
651005,-6.5294,-51.0592,259.0
652000,-6.05,-52.6,191.0
652002,-6.5603,-52.0764,
653000,-6.6833,-53.9833,222.0
654000,-6.2022,-54.0728,
655000,-6.7833,-55.45,230.0
655001,-7.5108,-55.2636,
655002,-6.9678,-56.4728,272.0
655003,-5.4556,-55.87,
655004,-6.2575,-55.7733,
656000,-6.8,-56.0333,280.0
656003,-6.8,-56.7333,285.0
657000,-6.2356,-57.7753,99.0
657001,-6.9333,-57.5333,166.0
658000,-6.7953,-59.0408,49.0
66000,-0.2889,-66.1533,
660000,-6.0028,-60.1853,60.0
660001,-6.9333,-60.5167,61.0
66002,-0.2017,-66.8033,
661000,-6.2478,-61.8392,46.0
661001,-6.3606,-61.7667,
662001,-7.0083,-62.7872,
664000,-6.325,-64.8911,
664001,-6.5389,-64.3858,
665000,-6.4667,-65.9167,80.0
668000,-6.4417,-68.2439,107.0
669001,-6.6139,-69.1217,
669002,-6.9167,-69.9667,151.0
669003,-6.6844,-69.8811,104.0
670000,-6.8,-70.65,
67002,-0.3444,-67.5358,
734000,-7.2533,-34.9217,100.0
734001,-7.1406,-34.9828,16.0
734002,-7.0833,-34.8333,5.0
734003,-7.1167,-34.8833,35.0
734004,-7.1333,-34.8833,35.0
734008,-7.4256,-34.9106,49.0
734011,-7.8333,-34.9,14.0
734012,-7.6667,-34.9333,63.0
734036,-7.1336,-34.9383,
734037,-7.1558,-34.9089,
734038,-7.1972,-34.8131,
734039,-7.2172,-34.9497,
734040,-7.2531,-34.9297,
734041,-7.4544,-34.8369,
734042,-7.0878,-34.85,
734043,-7.5156,-34.9172,
734044,-7.122,-34.906,46.0
734045,-7.133,-34.94,46.0
734046,-7.148,-34.923,46.0
734076,-7.6569,-34.3711,
735002,-7.6958,-35.6642,553.0
735003,-7.0333,-35.4833,115.0
735006,-7.0925,-35.2233,125.0
735007,-7.1,-35.2833,71.0
735009,-7.0294,-35.4681,100.0
735010,-7.3,-35.4833,98.0
735011,-7.7333,-35.8167,520.0
735012,-7.5333,-35.8167,417.0
735015,-7.325,-35.3453,45.0
735017,-7.2925,-35.6119,144.0
735018,-7.3586,-35.7844,520.0
735019,-7.1408,-35.0911,20.0
735024,-7.2167,-35.8667,427.0
735026,-7.2256,-35.9042,508.0
735028,-7.5333,-35.9833,350.0
735029,-7.5167,-35.6833,340.0
735030,-7.0542,-35.7578,500.0
735033,-7.0367,-35.6311,180.0
735035,-7.1025,-35.3244,146.0
735036,-7.13,-35.0475,18.0
735037,-7.9667,-35.8833,367.0
735038,-7.5833,-35.2,72.0
735040,-7.7333,-35.4833,213.0
735041,-7.8,-35.5833,264.0
735045,-7.7833,-35.3667,156.0
735046,-7.85,-35.25,136.0
735048,-7.5833,-35.1,36.0
735049,-7.9167,-35.2833,130.0
735050,-7.9681,-35.1567,91.0
735051,-7.95,-35.35,155.0
735055,-7.5667,-35.0,31.0
735056,-7.6667,-35.1,92.0
735058,-7.8667,-35.4667,160.0
735060,-7.55,-35.45,396.0
735061,-7.6833,-35.5167,437.0
735062,-7.7333,-35.2333,94.0
735066,-7.8942,-35.1733,69.0
735067,-7.9428,-35.6342,270.0
735068,-7.8333,-35.75,381.0
735072,-7.4167,-35.1167,100.0
735074,-7.5167,-35.3167,241.0
735081,-7.9,-35.1333,110.0
735084,-7.9667,-35.0667,95.0
735085,-7.9167,-35.9833,380.0
735087,-7.6667,-35.3167,161.0
735088,-7.5833,-35.3333,241.0
735100,-7.8789,-35.4519,136.0
735124,-7.5283,-35.9997,350.0
735148,-7.9333,-35.65,295.0
735157,-7.8428,-35.1825,184.0
735158,-7.8547,-35.7644,418.0
735159,-7.91,-35.9886,401.0
735160,-7.0494,-35.9258,635.0
735161,-7.3778,-35.6297,200.0
735162,-7.1628,-35.5931,200.0
735163,-7.1808,-35.7344,500.0
735164,-7.3075,-35.4764,118.0
735165,-7.1472,-35.9594,650.0
735166,-7.8667,-35.05,96.0
735169,-7.9681,-35.1158,110.0
735170,-7.5128,-35.3269,111.0
735173,-7.5428,-35.0686,
735175,-7.0311,-35.8692,
735176,-7.0675,-35.8561,
735177,-7.1053,-35.9419,
735178,-7.1214,-35.7717,
735179,-7.1897,-35.9844,
735180,-7.2769,-35.9653,
735181,-7.1556,-35.8572,
735182,-7.1861,-35.6797,
735184,-7.2472,-35.6631,
735186,-7.3131,-35.8419,454.0
735188,-7.3606,-35.8897,
735189,-7.0311,-35.4692,
735190,-7.0536,-35.32,
735191,-7.1261,-35.425,
735192,-7.1494,-35.2633,
735193,-7.1461,-35.2358,
735195,-7.2475,-35.3728,
735196,-7.2503,-35.2089,
735201,-7.3558,-35.4344,
735202,-7.3717,-35.2408,
735203,-7.4014,-35.1175,
735204,-7.5831,-35.7953,
735205,-7.6414,-35.5533,
735206,-7.7403,-35.8808,
735207,-7.039,-35.631,187.0
735208,-7.207,-35.886,427.0
735209,-7.244,-35.874,427.0
735210,-7.252,-35.895,427.0
735211,-7.249,-35.917,501.0
735212,-7.215,-35.924,501.0
735213,-7.274,-35.932,501.0
735215,-7.061,-35.317,120.0
735216,-7.031,-35.462,115.0
735228,-7.8942,-35.1733,64.0
736000,-7.2175,-36.8289,500.0
736002,-7.2,-36.8333,548.0
736003,-7.65,-36.9333,547.0
736004,-7.6667,-36.7833,510.0
736005,-7.2167,-36.6333,498.0
736006,-7.1167,-36.4167,522.0
736008,-7.0667,-36.3667,539.0
736009,-7.4833,-36.6667,495.0
736010,-7.1,-36.85,568.0
736011,-7.3833,-36.8167,549.0
736012,-7.4,-36.5333,488.0
736013,-7.6942,-36.1561,455.0
736014,-7.0667,-36.0667,615.0
736015,-7.0667,-36.5833,585.0
736016,-7.2667,-36.4833,497.0
736017,-7.6286,-36.5556,465.0
736018,-7.8,-36.6667,524.0
736019,-7.3167,-36.0167,436.0
736020,-7.7253,-36.4903,460.0
736021,-7.89,-36.8256,565.0
736022,-7.4922,-36.2869,390.0
736023,-7.4833,-36.1167,413.0
736024,-7.2667,-36.2333,497.0
736025,-7.7517,-36.3181,520.0
736026,-7.5167,-36.9667,622.0
736028,-7.9667,-36.4833,521.0
736029,-7.9333,-36.3333,489.0
736030,-7.95,-36.2,458.0
736031,-7.9,-36.05,566.0
736032,-7.8833,-36.3833,527.0
736033,-7.9667,-36.4167,521.0
736036,-7.85,-36.3667,527.0
736040,-7.9864,-36.5006,600.0
736041,-7.9619,-36.2022,472.0
736042,-7.9039,-36.0469,785.0
736043,-7.3761,-36.9492,550.0
736044,-7.4167,-36.5,458.0
736050,-7.0764,-36.7322,
736051,-7.1236,-36.9483,
736052,-7.2214,-36.6311,
736053,-7.3178,-36.6531,
736054,-7.1769,-36.4864,
736055,-7.3386,-36.0842,
736056,-7.3872,-36.0647,
736057,-7.4192,-36.02,
736059,-7.6331,-36.4311,
736060,-7.7422,-36.0572,
736061,-7.5217,-36.0008,
736062,-7.7211,-36.5053,493.0
736063,-7.8772,-36.9278,
736065,-7.5944,-36.3011,382.0
736066,-7.2575,-36.2375,
736067,-7.4908,-36.1358,
736068,-7.8022,-36.6586,
736069,-7.2478,-36.4892,
736070,-7.0683,-36.58,
736071,-7.0778,-36.0592,
736072,-7.1022,-36.8453,
736073,-7.3908,-36.8058,
736074,-7.4819,-36.66,
736075,-7.0608,-36.3619,
736076,-7.5067,-36.9631,622.0
736077,-7.6736,-36.8964,
736078,-7.2164,-36.8281,
737002,-7.2167,-37.2667,761.0
737003,-7.0833,-37.45,311.0
737004,-7.695,-37.0842,600.0
737005,-7.1333,-37.3333,301.0
737006,-7.2142,-37.9258,250.0
737007,-7.0167,-37.2833,260.0
737009,-7.0167,-37.2833,260.0
737010,-7.1333,-37.0667,481.0
737011,-7.2167,-37.7667,289.0
737012,-7.8833,-37.1167,647.0
737014,-7.8833,-37.1167,647.0
737015,-7.25,-37.4333,524.0
737016,-7.5478,-37.8067,470.0
737017,-7.3822,-37.5094,750.0
737018,-7.2833,-37.1,602.0
737019,-7.0167,-37.9667,252.0
737020,-7.0167,-37.9667,252.0
737021,-7.1333,-37.6167,305.0
737022,-7.5117,-37.6367,710.0
737023,-7.7389,-37.6483,525.0
737025,-7.8,-37.8167,502.0
737026,-7.95,-37.7167,608.0
737027,-7.8678,-37.9725,460.0
737030,-7.9167,-37.5167,658.0
737031,-7.3667,-37.1833,677.0
737032,-7.8333,-37.3833,608.0
737033,-7.7167,-37.35,587.0
737034,-7.9333,-37.6167,658.0
737035,-7.7167,-37.8667,554.0
737036,-7.4667,-37.2833,625.0
737037,-7.5833,-37.55,604.0
737052,-7.1275,-37.1558,310.0
737053,-7.1058,-37.7153,300.0
737055,-7.0008,-37.3131,
737056,-7.1636,-37.2925,
737057,-7.2114,-37.0583,
737058,-7.2661,-37.3514,
737059,-7.6344,-37.8769,
737060,-7.5697,-37.0639,
737061,-7.6206,-37.1508,
737062,-7.885,-37.1269,
737063,-7.0294,-37.1281,
737065,-7.1283,-37.6083,
737066,-7.025,-37.9428,
737067,-7.2903,-37.0881,
737068,-7.3822,-37.5094,
737069,-7.2572,-37.4253,
737070,-7.1364,-37.0475,
737071,-7.215,-37.9258,
737072,-7.7331,-37.9944,
737073,-7.1022,-37.8453,
737074,-7.3833,-37.9897,
737075,-7.0842,-37.445,
737076,-7.2217,-37.2497,
737077,-7.0242,-37.9481,250.0
737078,-7.0242,-37.9856,250.0
738000,-7.5,-38.75,390.0
738001,-7.3833,-38.7667,365.0
738002,-7.25,-38.6333,647.0
738004,-7.5333,-38.85,395.0
738005,-7.25,-38.7667,535.0
738006,-7.4911,-38.9833,490.0
738007,-7.0833,-38.7167,480.0
738008,-7.3,-38.9333,371.0
738009,-7.0167,-38.3,440.0
738010,-7.25,-38.3167,602.0
738011,-7.1167,-38.5,468.0
738012,-7.4206,-38.2178,300.0
738013,-7.7333,-38.0167,763.0
738014,-7.4667,-38.05,325.0
738015,-7.7069,-38.1525,605.0
738017,-7.3017,-38.135,230.0
738018,-7.4833,-38.4167,526.0
738019,-7.3833,-38.0,329.0
738020,-7.56,-38.5019,370.0
738022,-7.3144,-38.5144,575.0
738023,-7.35,-38.3667,510.0
738024,-7.0667,-38.5833,391.0
738025,-7.0933,-38.1733,280.0
738027,-7.9833,-38.6333,473.0
738028,-7.85,-38.5667,546.0
738029,-7.8667,-38.7833,506.0
738030,-7.9833,-38.3,492.0
738032,-7.8333,-38.1167,903.0
738036,-7.9167,-38.9833,525.0
738049,-7.2997,-38.9847,
738050,-7.0,-38.75,
738051,-7.1667,-38.9167,
738052,-7.05,-38.7,
738053,-7.5333,-38.8333,
738054,-7.3167,-38.7667,
738055,-7.3333,-38.6667,
738056,-7.4667,-38.7667,403.0
738057,-7.4964,-38.9119,
738058,-7.4364,-38.3189,
738060,-7.1667,-38.7667,
738062,-5.6828,-39.2,
738063,-7.0142,-38.9581,
738065,-7.2553,-38.4961,626.0
738067,-7.0139,-38.9581,
738068,-7.2031,-38.5653,
738069,-7.0369,-38.3453,
738070,-7.1786,-38.1472,
738071,-7.2525,-38.2997,
738073,-7.3639,-38.2053,
738074,-7.4228,-38.2661,
738075,-7.4167,-38.0667,
738076,-7.6253,-38.5569,
738077,-7.5383,-38.1992,
738078,-7.5167,-38.1792,
738079,-7.5503,-38.3353,
738080,-7.7417,-38.0992,
738081,-7.388,-38.773,403.0
738082,-7.4081,-38.9322,388.0
738083,-7.4911,-38.8022,367.0
738084,-7.2919,-38.7169,535.0
738085,-7.2158,-38.9411,
738086,-7.3989,-38.87,
738087,-7.4075,-38.9319,388.0
738088,-7.1156,-38.4967,
738099,-7.2142,-38.3722,
738102,-7.7022,-38.9994,
738103,-7.0392,-38.5989,
739000,-7.2167,-39.3,397.0
739001,-7.1667,-39.5333,730.0
739002,-7.2667,-39.2667,397.0
739003,-7.4,-39.1333,680.0
739004,-7.1,-39.0,280.0
739005,-7.1833,-39.7333,480.0
739006,-7.2333,-39.4,421.0
739007,-7.25,-39.1333,352.0
739009,-7.0833,-39.4833,509.0
739010,-7.5333,-39.1167,520.0
739011,-7.0333,-39.2833,710.0
739013,-7.6833,-39.0167,514.0
739014,-7.1333,-39.7667,551.0
739016,-7.3333,-39.3,405.0
739021,-7.8,-39.9333,438.0
739022,-7.7167,-39.3333,530.0
739023,-7.5167,-39.7167,514.0
739025,-7.7167,-39.6167,466.0
739026,-7.8167,-39.4833,454.0
739027,-7.4167,-39.85,738.0
739028,-7.9333,-39.3167,451.0
739029,-7.7333,-39.55,466.0
739030,-7.95,-39.9167,442.0
739031,-7.7667,-39.1667,503.0
739032,-7.6833,-39.7833,491.0
739033,-7.5,-39.8333,698.0
739034,-7.9167,-39.6833,465.0
739035,-7.1,-39.6833,510.0
739037,-7.5833,-39.2833,868.0
739038,-7.5833,-39.2833,630.0
739046,-7.3667,-39.05,
739047,-7.05,-39.8667,
739048,-7.3667,-39.3333,658.0
739049,-7.4333,-39.0667,586.0
739050,-7.0333,-39.4667,
739051,-7.1167,-39.4167,
739052,-7.2333,-39.4167,
739053,-7.5833,-39.2,
739054,-7.6833,-39.0,480.0
739055,-7.1333,-39.3333,430.0
739056,-7.1667,-39.2167,
739057,-7.1833,-39.0833,345.0
739058,-7.4,-39.2,
739059,-7.3283,-39.1861,
739060,-7.8167,-39.0667,506.0
739061,-7.1667,-39.0667,345.0
739063,-7.0883,-39.3247,563.0
739065,-7.2167,-39.3167,
739066,-7.6775,-39.0111,
739075,-7.3169,-39.3219,658.0
739076,-7.5019,-39.1731,
739077,-7.2467,-39.0481,
739078,-7.0758,-39.9028,
739079,-7.5372,-39.2633,
739080,-7.6339,-39.2161,
739081,-7.3067,-39.7689,
740000,-7.0167,-40.9167,388.0
740001,-7.1333,-40.9,437.0
740002,-7.0833,-40.6167,444.0
740004,-7.9333,-40.8833,418.0
740005,-7.6,-40.8167,450.0
740006,-7.0667,-40.3667,596.0
740007,-7.2833,-40.4667,667.0
740008,-7.2,-40.1333,605.0
740009,-7.1,-40.0167,480.0
740011,-7.0667,-40.3667,551.0
740013,-7.55,-40.5667,679.0
740015,-7.8667,-40.15,483.0
740016,-7.8333,-40.3333,485.0
740017,-7.5333,-40.1,777.0
740018,-7.65,-40.1333,555.0
740019,-7.65,-40.4,584.0
740020,-7.8333,-40.45,527.0
740021,-7.8833,-40.0667,476.0
740023,-7.5667,-40.2,698.0
740024,-7.4167,-40.1833,807.0
740025,-7.75,-40.25,531.0
740034,-7.35,-40.9,401.0
740035,-7.0,-40.8333,382.0
740036,-7.35,-40.6667,666.0
740037,-7.1667,-40.8333,437.0
740038,-7.4667,-40.7,766.0
740039,-7.2,-40.2,
740040,-7.1833,-40.0167,
740041,-7.0333,-40.1167,
740042,-7.05,-40.4,596.0
740043,-7.2828,-40.4669,650.0
740046,-7.2361,-40.9063,
740047,-7.6858,-40.7469,482.0
740048,-7.0811,-40.3181,
740049,-7.1056,-40.2719,
740050,-7.175,-40.3361,
740051,-7.0983,-40.0892,
740052,-7.0339,-40.0492,
740053,-7.2972,-40.3039,772.0
741000,-7.4667,-41.8667,224.0
741001,-7.9,-41.5667,273.0
741002,-7.6833,-41.5833,336.0
741003,-7.4497,-41.4775,188.0
741004,-7.3667,-41.1333,314.0
741005,-7.6667,-41.25,252.0
741006,-7.0833,-41.4667,246.0
741008,-7.8333,-41.1167,347.0
741009,-7.1811,-41.7642,175.0
741010,-7.85,-41.9167,344.0
741014,-7.1667,-41.75,238.0
741015,-7.5833,-41.9167,281.0
741016,-7.0,-41.7,441.0
741017,-7.8667,-41.3,353.0
741018,-7.6167,-41.6667,316.0
741019,-7.3142,-41.2208,341.0
741020,-7.0603,-41.4433,217.0
741021,-7.0592,-41.0597,418.0
741022,-7.8592,-41.9092,298.0
742000,-7.8167,-42.9333,353.0
742001,-7.5667,-42.1667,286.0
742002,-7.0167,-42.1333,235.0
742004,-7.7333,-42.25,224.0
742005,-7.2333,-42.1833,219.0
742006,-7.25,-42.55,167.0
742007,-7.4833,-42.5667,185.0
742008,-7.25,-42.3333,236.0
742009,-7.8,-42.5,255.0
742010,-7.3167,-42.7833,241.0
742011,-7.2464,-42.5419,152.0
742012,-6.6183,-42.6939,240.0
742013,-7.9667,-42.75,268.0
742015,-7.5631,-42.9839,279.0
742016,-7.6914,-42.7156,207.0
742017,-7.6936,-42.3628,195.0
742018,-7.0025,-42.6813,18.0
743000,-7.6333,-43.95,310.0
743001,-7.0833,-43.0167,196.0
743002,-7.6,-43.0333,305.0
743003,-7.0833,-43.5167,197.0
743004,-7.2667,-43.9333,324.0
743005,-7.9333,-43.2167,376.0
743006,-7.4167,-43.1833,282.0
743007,-7.6333,-43.6667,230.0
743009,-7.2453,-43.6444,150.0
743010,-7.6333,-43.65,230.0
743011,-7.9667,-43.7167,248.0
744000,-7.0814,-44.8125,202.0
744001,-7.6833,-44.6,420.0
744002,-7.4833,-44.1333,403.0
744003,-7.5667,-44.7167,299.0
744004,-7.85,-44.1667,411.0
744005,-7.1167,-44.3333,263.0
744006,-7.2333,-44.55,243.0
744009,-7.15,-44.9167,281.0
744010,-7.2167,-44.1833,352.0
744011,-7.3958,-44.6117,
744013,-7.3808,-44.8267,210.0
744017,-7.2478,-44.1786,254.0
744018,-7.3903,-44.6136,
744019,-7.0817,-44.8117,
745000,-7.4833,-45.1333,307.0
745001,-7.0833,-45.1333,236.0
745002,-7.0167,-45.4833,236.0
745003,-7.5572,-45.2444,230.0
745004,-7.1411,-45.3461,230.0
745005,-7.3419,-45.6064,224.0
745007,-7.5256,-45.8131,
745008,-7.5558,-45.2436,
746001,-7.5333,-46.0333,262.0
746002,-7.6667,-46.4667,361.0
746003,-7.75,-46.8833,246.0
746004,-7.3833,-46.6167,379.0
746006,-7.5233,-46.0339,263.0
746007,-7.9286,-45.9886,328.0
746008,-7.1578,-46.5544,482.0
746009,-7.3314,-46.3075,340.0
746012,-7.5342,-46.0344,224.0
746013,-7.9528,-46.8097,
747000,-7.3231,-47.4644,169.0
747001,-7.7147,-47.315,185.0
747004,-7.7167,-47.2167,224.0
747006,-7.2167,-47.25,296.0
747008,-7.3333,-47.4667,172.0
747009,-7.8594,-47.9289,166.0
747010,-7.7083,-47.3108,169.0
747011,-7.3303,-47.4769,154.0
748000,-7.2,-48.2,233.0
748001,-7.8778,-48.8786,200.0
748002,-7.5606,-48.4228,257.0
748003,-7.1544,-48.6031,393.0
748005,-7.2133,-48.2364,191.0
748006,-7.2517,-48.1603,204.0
748009,-7.145,-48.6136,
748010,-7.2708,-48.1606,
749000,-7.6553,-49.065,215.0
749001,-7.3231,-49.2242,100.0
749002,-7.0947,-49.9672,
750000,-7.8283,-50.8289,
750001,-7.5061,-50.0447,
750002,-7.3511,-50.4081,
750003,-7.8444,-50.045,
751000,-7.7667,-51.1333,311.0
752000,-7.4667,-52.6667,251.0
752001,-7.3333,-52.6667,253.0
754000,-7.3333,-54.8333,249.0
755000,-7.0606,-55.4078,220.0
756000,-7.0,-56.9167,205.0
756001,-7.8503,-56.7,265.0
757001,-7.6,-57.5833,131.0
758000,-7.3389,-58.155,
758001,-7.15,-58.9333,80.0
759000,-7.2044,-59.8931,147.0
760000,-7.205,-60.6436,107.0
760001,-7.7053,-60.5783,60.0
760003,-7.5197,-60.6711,
761000,-7.75,-61.7667,85.0
761001,-7.9,-61.1833,115.0
761002,-7.8228,-61.2442,109.0
761003,-7.8533,-61.3339,
762000,-7.85,-62.2667,87.0
762001,-7.65,-62.6333,80.0
762002,-7.6308,-62.6606,
762003,-7.8028,-62.3478,
763001,-7.5153,-63.0286,
763002,-7.5272,-63.0128,54.0
764000,-7.25,-64.7833,74.0
764002,-7.5833,-64.95,64.0
764003,-7.465,-64.2433,
764004,-7.25,-64.8333,60.0
765000,-7.7156,-66.0583,
765001,-7.5306,-65.35,
765002,-7.9761,-65.2319,
766000,-7.6833,-66.9333,122.0
766001,-7.7172,-66.9847,
767000,-7.5167,-67.6,118.0
767002,-7.54,-67.4778,
768000,-7.3833,-68.1833,145.0
770000,-7.4281,-70.0225,
770001,-7.2667,-70.9833,
771000,-7.0508,-71.6842,
771001,-7.9511,-71.4822,
772001,-8.0178,-72.0347,216.0
772002,-7.2358,-72.3336,
772003,-7.8503,-72.0192,
772004,-7.6472,-72.6769,170.0
772005,-7.7994,-72.0211,189.0
772006,-7.5936,-72.9261,216.0
772007,-7.9728,-72.0442,210.0
773000,-7.4356,-73.6522,
773001,-7.3856,-73.085,218.0
773002,-7.4125,-73.1914,
8050000,0.5081,-50.7483,
8050001,0.8731,-50.0522,
8051005,0.8333,-51.6333,125.0
8051007,0.05,-51.0667,6.0
8051008,0.8667,-51.6333,125.0
8051009,0.9667,-51.6,128.0
8051010,0.3031,-51.1267,
8051011,0.3411,-51.7458,93.0
8051012,0.615,-51.765,
8051017,0.045,-51.1097,
8051018,0.8583,-51.1942,23.0
8051019,0.7144,-51.4217,78.0
8051020,0.7833,-51.5906,73.0
8051021,0.6583,-51.6231,79.0
8051022,0.6439,-51.7544,74.0
8051024,0.9033,-51.2597,
8051025,0.9089,-51.6039,70.0
8052000,0.8803,-52.0094,189.0
8056000,0.6428,-56.8703,217.0
8056001,0.645,-56.8678,217.0
8059000,0.8833,-59.65,143.0
8059001,0.8069,-59.4283,
8059002,0.9578,-59.9139,
8059003,0.9333,-59.3167,
8059004,0.8589,-59.2944,
8059005,0.9206,-59.3325,
8060000,0.5211,-60.465,
8062000,0.8842,-62.6222,
8063000,0.13,-63.9606,55.0
8063001,0.2275,-63.9883,
8064000,0.6667,-64.1667,67.0
8065000,0.4522,-65.0722,96.0
8066000,0.6167,-66.5833,210.0
8066001,0.6194,-66.1372,
8066002,0.3875,-66.6492,
8067001,0.3711,-67.3136,
8067002,0.1758,-67.9458,
8067003,0.5878,-67.8064,
8068000,0.1314,-68.5406,86.0
8068001,0.4325,-68.8328,100.0
8069003,0.2517,-69.7844,
8069004,0.1428,-69.2133,
8069005,0.5992,-69.1931,118.0
8150000,1.2261,-50.8972,
8150001,1.3978,-50.9236,
8151000,1.5803,-50.9028,
8151001,1.0,-51.6667,112.0
8151002,1.0039,-51.6714,130.0
8154000,1.2203,-54.6561,337.0
8156001,1.6958,-56.065,319.0
8158000,1.9756,-61.3339,71.0
8159000,1.0053,-59.2539,
8160001,1.1264,-60.3994,
8160003,1.4608,-60.7675,
8160004,1.1292,-60.2236,94.0
8161001,1.8214,-61.1236,
8162000,1.75,-62.2833,
8166000,1.2147,-66.8522,
8167000,1.0742,-67.5933,90.0
8168000,1.3889,-68.1536,
8168001,1.3381,-68.6853,106.0
8169000,1.7158,-69.3847,150.0
8169011,1.0819,-69.8394,
82024,2.8294444,-60.661945,84.18
82042,1.8325,-61.120834,51.99
82067,0.6022222,-69.19278,122.0
82092,0.9,-52.02,131.0
82093,0.62,-51.78,96.0
82095,0.7,-51.45,82.0
82098,-0.04499999,-51.11,12.8
82100,0.17,-69.93,158.0
82103,0.07,-68.23,85.0
82105,1.03,-67.53,101.0
82106,-0.12527777,-67.06111,79.71
82108,-0.42,-65.03,53.0
82113,-0.97416663,-62.92861,30.65
82141,-0.7277778,-48.515835,12.6
82144,-0.65,-47.55,10.0
82145,-1.0636111,-46.865276,24.68
82178,-1.905,-55.523613,54.72
82181,-2.0,-54.07639,100.52
82184,-1.751055,-52.236187,13.08
82188,-1.6802778,-50.478054,9.8
82191,-1.4358333,-48.43722,7.13
82194,-1.08,-46.9,18.0
82198,-1.6613889,-45.371944,34.48
82212,-2.5158334,-66.10083,59.34
82240,-2.63,-56.73,10.0
82243,-2.42,-54.33,2.0
82246,-2.6422222,-54.94389,164.3
82263,-2.2397223,-49.49972,9.93
82279,-2.68,-44.72,3.0
82280,-2.5266666,-44.21361,32.58
82287,-3.08668,-41.78314,35.0
82294,-2.885772,-40.114075,8.0
82296,-3.4697223,-42.268055,44.13
82298,-3.9,-42.259445,72.0
82303,-3.47,-68.8,69.0
82317,-3.3802779,-64.72528,56.0
82326,-3.8411112,-62.05528,30.31
82331,-3.1033332,-60.016388,61.25
82336,-3.1369445,-58.44278,19.16
82353,-3.2141666,-52.213055,101.51
82361,-3.76,-49.666668,27.83
82376,-3.2691667,-45.65111,46.71
82382,-3.7427778,-43.352222,104.0
82390,-3.62,-41.07,719.0
82392,-3.7483332,-40.345833,91.8
82396,-3.73,-38.55,24.0
82397,-3.8152778,-38.537777,29.89
82410,-4.378611,-70.03,78.41
82418,-4.95,-66.9,84.0
82425,-4.08534,-63.145145,24.0
82445,-4.2769446,-55.993057,24.5
82460,-4.2180557,-44.775833,26.6
82474,-4.328706,-41.72169,176.0
82476,-4.8672223,-43.356667,96.67
82486,-4.97,-39.02,180.0
82487,-4.261389,-38.93111,830.0
82491,-4.57,-37.77,9.0
82493,-4.853611,-37.77722,17.0
8250002,2.4956,-50.9508,
8250003,2.0547,-50.7881,
8251000,2.5833,-51.75,123.0
8251001,2.6983,-51.3614,
8251002,2.4833,-51.4667,101.0
8251003,2.3083,-51.6381,
8251004,2.9578,-51.4231,
82533,-5.8177776,-61.290833,40.1
82562,-5.3661113,-49.12528,101.66
82564,-5.536389,-47.47889,126.33
82568,-5.8,-46.45,260.0
82571,-5.5063887,-45.23722,154.17
82578,-5.0347223,-42.801388,75.73
82583,-5.1905556,-40.67361,289.0
82586,-5.1730556,-39.287224,227.33
82588,-5.136667,-38.356667,43.62
82590,-5.6266665,-37.815,131.37
8259000,2.4189,-59.9183,127.0
82591,-5.213412,-37.312164,30.0
82594,-5.15103,-36.57313,11.0
82596,-5.653333,-35.425835,62.2
82597,-5.82,-35.33,24.0
82598,-5.837222,-35.20778,47.68
8260002,2.4697,-60.7175,
8260003,2.7606,-60.325,
8260004,2.4714,-60.9178,
8260005,2.8261,-60.6581,
8260006,2.2519,-60.0914,
82601,-5.1,-36.65,0.0
82605,-5.2,-42.25,150.0
82610,-6.661667,-69.867775,123.42
8261000,2.8708,-61.4406,
8261001,2.2628,-60.9728,
8261002,2.0,-61.5,72.0
8261003,2.1519,-61.1931,
8262000,2.7275,-62.0178,
8263000,2.8358,-63.6417,
82659,-7.103889,-48.20139,231.85
82668,-6.630833,-51.976112,195.98
82669,-5.8,-42.17,168.0
82676,-6.0330553,-44.233334,175.56
82678,-6.761667,-43.003334,126.6
82683,-6.0063887,-40.29972,401.89
82684,-7.85,-41.9,344.0
82686,-6.396389,-39.26889,221.58
82689,-6.8358335,-38.31167,237.04
82691,-6.123889,-36.811943,330.0
82693,-6.4263887,-36.79139,226.33
82695,-6.561813,-35.135315,117.0
82698,-6.42,-35.4,89.0
82704,-7.610736,-72.68132,183.0
82723,-7.261389,-64.79,62.23
82727,-7.52,-63.03,54.0
82741,-7.35,-57.52,259.0
82753,-7.8794446,-40.091946,462.01
82765,-7.337222,-47.45972,182.94
82768,-7.529444,-46.04639,263.48
82771,-7.23,-44.55,243.0
82777,-7.076667,-40.39,596.0
82779,-7.7,-35.67,413.0
82780,-7.0808334,-41.435,210.07
82781,-7.73,-35.25,87.0
82784,-7.300833,-39.27111,409.41
82785,-7.2,-39.32,415.0
82789,-7.8297224,-38.122223,903.0
82791,-7.0536113,-37.273888,251.65
82792,-7.8944445,-37.12472,606.41
82795,-7.2255554,-35.904724,546.27
82797,-7.8425,-35.79028,421.44
82798,-7.095278,-34.84861,9.67
82799,-7.55,-34.98,11.0
82807,-8.160277,-70.76861,172.27
82816,-8.72,-67.38,111.0
82825,-8.7931,-63.8467,86.0
82861,-8.259167,-49.26389,179.02
82863,-8.968611,-48.177223,189.53
82870,-8.441667,-43.865555,292.0
82879,-8.365,-42.25028,237.02
82882,-8.132222,-41.143055,376.0
82886,-8.503889,-39.315277,342.78
82887,-8.6,-38.57,337.0
82890,-8.433611,-37.05528,683.91
82892,-8.370701,-36.707813,832.0
82893,-8.910833,-36.493332,827.78
82895,-8.28,-35.97,569.0
82897,-8.17,-35.18,102.0
82898,-8.02,-34.85,55.0
82900,-8.059167,-34.959167,11.3
82913,-9.07,-68.67,143.0
82915,-9.959167,-67.86889,160.71
82927,-9.92,-58.27,227.0
82970,-9.108334,-45.948612,285.05
82975,-9.08,-44.327778,288.0
82976,-9.285833,-43.324444,515.3
82979,-9.6258335,-42.07722,397.39
82983,-9.388611,-40.523335,372.54
82986,-9.378106,-38.226772,259.0
82987,-9.07,-38.32,314.0
82988,-9.12,-37.73,635.0
82989,-9.264722,-37.938057,603.42
82990,-9.7491665,-37.430832,20.86
82991,-9.55,-37.02,200.0
82992,-9.420278,-36.620277,277.98
82994,-9.551389,-35.770832,84.12
82995,-9.73,-36.77,247.0
82996,-9.162012,-35.29988,42.21
82997,-9.63,-36.33,203.0
83004,-23.65,-46.62,788.0
83007,-22.965834,-43.279167,366.0
83010,-11.02,-68.73,227.0
83013,-20.465834,-41.411945,530.0
83015,-22.314444,-45.373055,1164.0
83017,-22.53,-44.57,513.0
83023,-21.23,-45.0,918.0
83025,-25.87,-50.38,784.0
83027,-21.38,-42.68,239.0
83031,-22.98,-43.53,124.0
83032,-21.944145,-45.317738,1046.0
83034,-19.87423,-40.87296,324.0
83035,-23.58,-46.6,789.0
83036,-19.81,-40.67,337.0
83037,-21.546686,-43.261044,448.0
83038,-19.82,-40.25,50.0
83039,-19.9,-43.92,808.0
83041,-22.95,-53.12,640.0
83043,-20.636524,-40.741817,109.0
83045,-20.38532,-41.189472,920.0
83046,-26.4,-49.38,663.0
83048,-22.7125,-42.646667,110.0
83049,-22.3475,-43.417778,507.0
83052,-22.361065,-43.69803,468.0
83057,-22.38,-41.77,3.0
83060,-22.4,-50.57,512.0
83061,-19.836926,-42.648655,319.0
83064,-10.710834,-48.406387,243.28
83071,-26.55,-52.57,667.0
83072,-20.15,-43.4,1126.0
83074,-23.53,-46.25,754.0
83075,-23.470982,-46.533558,766.0
83076,-11.002778,-44.525,450.01
83080,-25.33,-49.23,956.0
83083,-20.02,-44.35,817.0
83087,-22.2865,-43.045918,838.0
83088,-10.443072,-40.148243,515.0
83089,-22.920652,-42.83,5.0
83090,-10.4425,-39.330833,465.84
83096,-10.9525,-37.054443,3.68
83097,-10.213889,-36.84222,18.46
83098,-10.15,-36.17,15.0
83114,-22.846945,-42.185555,5.6
83179,-11.0847225,-43.13889,407.5
83182,-11.311389,-41.858612,747.22
83184,-11.5475,-41.15111,1001.66
83186,-11.172778,-40.53417,486.37
83190,-11.668056,-39.001945,362.39
83192,-11.101389,-38.524166,143.53
83194,-11.48,-37.93,158.0
83195,-11.2722225,-37.795,205.59
83204,-23.42,-47.58,590.0
83214,-10.191667,-54.94611,272.0
83218,-12.58,-54.75,335.0
83221,-12.196111,-38.96722,235.0
83222,-12.675278,-39.08972,219.69
83223,-12.62,-38.67,14.0
83225,-12.53,-38.3,35.0
83226,-12.691233,-38.337536,44.0
83227,-12.88,-38.68,0.0
83228,-12.015278,-48.545,252.24
83229,-13.005834,-38.505833,47.35
83230,-12.97,-38.5,41.0
83231,-12.55,-47.83,316.0
83235,-12.402223,-46.43833,604.88
83236,-12.155833,-45.008335,447.51
83238,-12.97,-38.5,41.0
83242,-12.557777,-41.38889,438.09
83244,-12.524167,-40.29972,247.0
83247,-12.43,-38.97,219.0
83249,-12.148611,-38.425278,129.78
83262,-13.03,-58.28,410.0
83264,-12.288562,-55.29407,372.0
83267,-13.453982,-56.677322,331.0
83270,-13.470834,-52.27111,430.0
83271,-22.7,-47.3,581.0
83286,-13.3325,-44.6175,551.69
83288,-13.251111,-43.405277,447.75
83292,-13.8127775,-41.29972,534.44
83295,-13.527828,-40.11975,680.0
83297,-12.97,-39.27,187.0
83302,-14.25,-59.25,676.0
83309,-14.406111,-56.446945,274.02
83310,-14.82,-56.43,210.0
83319,-14.698055,-52.350277,305.33
83332,-14.089167,-46.366665,830.35
83334,-14.949727,-46.235794,854.6
83337,-14.73,-43.97,460.0
83338,-14.912222,-42.808613,602.0
83339,-14.072778,-42.48722,843.0
83344,-14.886389,-40.801388,879.47
83348,-14.8,-39.07,33.0
83350,-15.215101,-48.985332,591.0
83358,-15.8275,-54.395557,374.35
83361,-15.62,-56.10889,157.7
83363,-15.823055,-55.418888,786.99
83364,-15.776111,-56.071945,207.0
83365,-15.63,-53.83,658.0
83367,-15.53,-53.08,437.0
83368,-15.9025,-52.245277,327.03
83373,-15.946389,-47.884167,1118.0
83374,-15.939722,-50.141945,536.0
83376,-15.854722,-48.96611,766.92
83377,-15.789722,-47.925835,1161.42
83379,-15.549167,-47.33889,938.68
83380,-15.78,-47.93,1101.0
83383,-15.628447,-46.422558,602.0
83384,-15.9152775,-46.107224,523.0
83385,-15.95,-44.87,495.0
83386,-15.448055,-44.36639,480.0
83388,-15.160374,-42.866344,683.0
83389,-15.086015,-44.016224,458.0
83393,-16.009445,-41.281113,647.97
83395,-15.802909,-43.297092,611.0
83398,-15.673333,-38.961113,4.71
834000,-8.3167,-34.9833,9.0
834005,-8.0333,-34.8833,1.0
834006,-8.05,-34.9167,18.0
834008,-8.1167,-34.9333,18.0
834016,-8.0833,-34.9333,18.0
834017,-8.0794,-34.9036,349.0
83405,-16.049639,-57.680824,138.0
83408,-14.2975,-43.77139,455.25
83410,-16.462416,-54.580143,269.0
83412,-17.32,-53.2,714.0
83422,-16.47,-49.28,841.0
83423,-16.673056,-49.26389,748.53
83427,-16.27,-47.93,958.0
83428,-16.366388,-46.889446,595.59
83432,-16.57,-45.93,665.0
83435,-16.37,-45.07,482.0
83437,-16.686388,-43.843887,645.87
83438,-17.1,-43.8,771.0
83439,-16.58,-42.9,953.0
83440,-17.23,-42.58,700.0
83441,-16.154861,-42.28492,476.07
83442,-16.848888,-42.060833,317.67
83446,-16.58081,-39.78318,197.88
83452,-16.775,-43.66722,655.59
83464,-17.92361,-51.7175,669.84
83467,-17.57,-52.55,776.0
83470,-17.785278,-50.96472,780.04
83479,-17.244167,-46.881668,711.41
83481,-17.740278,-46.176945,818.0
83483,-17.349167,-44.921665,505.0
83485,-17.533056,-43.012222,765.37
83488,-17.859722,-42.85278,919.37
83490,-18.02,-41.02,312.0
83492,-17.860277,-41.5075,457.0
83495,-18.12,-40.5,222.0
83498,-17.739445,-39.25861,6.05
83500,-17.798813,-40.249924,232.0
835000,-8.3833,-35.45,359.0
835001,-8.0667,-35.3833,245.0
835002,-8.4167,-35.6667,564.0
835005,-8.8333,-35.2,19.0
835006,-8.0167,-35.4833,202.0
835007,-8.2333,-35.75,577.0
835008,-8.3,-35.0333,52.0
835009,-8.2833,-35.9667,569.0
835012,-8.0,-35.2167,164.0
835014,-8.4667,-35.55,398.0
835015,-8.6333,-35.2833,88.0
835016,-8.0167,-35.7,281.0
835017,-8.0167,-35.1167,127.0
835018,-8.2,-35.35,354.0
835019,-8.3,-35.3667,176.0
835020,-8.35,-35.05,52.0
835022,-8.3667,-35.2333,125.0
835026,-8.5833,-35.3833,124.0
835027,-8.0,-35.3,164.0
835030,-8.2167,-35.5667,575.0
835035,-8.8,-35.8333,448.0
835036,-8.1167,-35.0833,98.0
835037,-8.6833,-35.6,150.0
835039,-8.15,-35.3833,252.0
835040,-8.35,-35.35,176.0
835043,-8.5167,-35.3833,124.0
835044,-8.6667,-35.15,57.0
835045,-8.1667,-35.4667,338.0
835046,-8.05,-35.1833,127.0
835048,-7.9986,-35.0319,70.0
835049,-8.4167,-35.85,462.0
835050,-8.5833,-35.1167,40.0
835051,-8.1,-35.8667,445.0
835053,-8.75,-35.0833,0.0
835055,-8.1167,-35.1833,137.0
835057,-8.6667,-35.7167,251.0
835060,-8.4,-35.0667,20.0
835067,-8.05,-35.1,95.0
835068,-8.1136,-35.2839,137.0
835071,-8.8167,-35.6167,161.0
835072,-8.9167,-35.7167,292.0
835073,-8.9833,-35.9333,475.0
8351001,3.8167,-51.8333,40.0
8351002,3.8436,-51.8375,
8351003,3.05,-51.3667,43.0
8351006,3.7217,-51.9308,
835106,-8.3028,-36.0108,545.0
83512,-18.5,-54.77,231.0
83513,-18.988611,-56.622776,104.0
835135,-8.0119,-35.6961,395.0
835136,-8.0,-35.2908,200.0
835137,-8.1408,-35.3997,290.0
835138,-8.2792,-35.0633,30.0
835139,-8.8419,-35.4475,
83514,-18.72611,-49.56222,621.0
835140,-8.6375,-35.3056,100.0
835141,-8.6794,-35.5772,110.0
835142,-8.6272,-35.1958,8.5
835144,-8.8161,-35.9339,
835146,-8.8967,-35.7678,
835148,-8.6786,-35.7233,0.0
835149,-8.5356,-35.8506,39.0
835150,-8.3803,-35.4553,
835151,-8.7992,-35.205,
835152,-8.4972,-35.4978,
835155,-8.4675,-35.4014,
835158,-8.5219,-35.4844,134.0
835209,-8.6478,-35.2097,88.0
83521,-18.952915,-49.52507,548.0
835210,-8.3697,-35.1422,
835211,-8.12,-35.3211,
835216,-8.3275,-35.349834,
835217,-8.1136,-35.2839,
835218,-8.9658,-35.9211,
83522,-17.724445,-48.171944,778.14
83523,-18.409721,-49.191944,513.0
83524,-18.87,-48.87,790.0
83526,-18.170279,-47.958057,857.98
83527,-18.917051,-48.255676,874.0
83531,-18.519722,-46.439167,968.0
83533,-19.719444,-45.3675,687.0
83536,-18.7475,-44.454723,668.26
83538,-18.238611,-43.616943,1318.05
83539,-18.95,-47.0,981.0
83541,-18.42,-42.78,670.0
83543,-18.842607,-41.90357,230.0
83546,-18.365694,-40.840656,366.0
83548,-18.6,-39.73,3.0
83550,-18.713888,-39.84861,25.0
83552,-19.00461,-57.672337,239.0
83555,-19.02,-40.57,152.0
83557,-18.537222,-40.27222,100.0
83565,-19.66361,-51.191387,429.62
83570,-19.228937,-45.001335,654.0
83574,-20.034803,-48.930435,517.0
83577,-19.737223,-47.949722,781.0
83579,-19.605556,-46.949722,1018.28
83580,-19.93,-43.93,986.0
83581,-19.885422,-44.41689,817.0
83582,-20.03111,-46.00889,737.0
83586,-19.48454,-44.173798,747.0
83587,-19.934444,-43.95222,915.47
83589,-19.020277,-43.433887,663.02
83590,-19.62,-43.22,861.0
8359000,3.3783,-59.8156,
8359002,3.8361,-59.6697,
8359005,3.5675,-59.8883,
83591,-19.823889,-43.144165,820.0
83592,-19.735834,-42.137222,609.56
83593,-19.52,-42.62,362.0
83594,-19.498383,-42.54161,293.0
83595,-19.494871,-41.07765,125.0
83596,-19.407223,-40.539722,170.0
83597,-19.416256,-40.073235,20.0
836000,-8.08,-36.8472,616.0
8360000,4.1667,-60.5289,
8360002,3.2078,-60.5711,
8360003,3.4636,-60.9097,
8360005,3.1656,-60.2336,105.0
8360006,3.1556,-60.2511,
8360007,3.6483,-60.9725,
8360008,3.3178,-60.3447,
836001,-8.1053,-33.6397,0.0
836002,-8.4833,-36.8167,671.0
836003,-8.4833,-36.0833,482.0
836004,-8.3333,-36.45,654.0
836005,-8.15,-36.3833,664.0
836007,-8.4833,-36.2333,561.0
836009,-8.8667,-36.2,586.0
836010,-8.1333,-36.0667,529.0
836011,-8.35,-36.85,863.0
836012,-8.1667,-36.2,501.0
836013,-8.95,-36.5167,778.0
836015,-8.8833,-36.4833,766.0
836018,-8.5833,-36.1833,567.0
836019,-8.8667,-36.9667,448.0
83602,-19.9,-44.1,873.0
836020,-8.7,-36.45,757.0
836021,-8.7167,-36.1333,745.0
836022,-8.6667,-36.3167,675.0
836023,-8.1,-36.2833,532.0
836024,-8.6667,-36.0333,617.0
836026,-8.9167,-36.1167,512.0
836027,-8.9167,-36.6667,826.0
836028,-8.1,-36.5167,616.0
836029,-8.5,-36.9667,535.0
836032,-8.3667,-36.7,708.0
836034,-8.1833,-36.7,903.0
836036,-8.8167,-36.05,537.0
836037,-8.5167,-36.3667,585.0
836039,-8.3167,-36.15,613.0
836041,-8.95,-36.6667,826.0
836042,-8.6167,-36.7,838.0
836043,-8.3656,-36.5603,653.0
836044,-8.4833,-36.5333,697.0
836045,-8.2333,-36.3667,672.0
836046,-8.0833,-36.45,562.0
836047,-8.15,-36.5833,616.0
836048,-8.1667,-36.5667,616.0
836049,-8.1667,-36.1833,501.0
83605,-19.93,-43.93,986.0
836050,-8.1,-36.6,616.0
836051,-8.1333,-36.55,616.0
836052,-8.3167,-36.3,626.0
836053,-8.7333,-36.8667,509.0
836054,-8.0167,-36.0667,391.0
836055,-8.2333,-36.5833,805.0
83608,-20.47,-55.8,174.0
83609,-20.20108,-50.920372,356.0
836092,-8.1456,-36.3703,646.0
836093,-8.1894,-36.7069,1035.0
836096,-8.4883,-36.2314,
836097,-8.8825,-36.2186,
8361000,3.6608,-61.3839,
8361001,3.2906,-61.2881,
8361004,3.2872,-61.0883,
8361005,3.7592,-61.7181,
8361006,3.4381,-61.0367,
8361007,3.3528,-61.4228,
83611,-20.447252,-54.72264,502.0
836111,-8.9831,-36.1561,512.0
836113,-8.3028,-36.0108,
83613,-19.5,-42.63,362.0
83615,-22.45,-52.97,252.0
83618,-20.794867,-51.71352,355.0
8362000,3.6319,-62.3989,
83621,-20.92,-51.38,383.0
83623,-20.439722,-49.983612,510.41
83625,-20.55,-48.57,547.0
83626,-20.72,-48.55,565.0
83627,-20.95,-48.48,586.0
83629,-19.992565,-47.76581,600.0
83630,-20.584444,-47.3825,1003.55
8363000,3.5497,-63.1692,
83631,-20.909924,-47.114243,902.0
83632,-20.016666,-44.08472,822.08
83635,-20.173334,-44.87472,787.42
83637,-20.699774,-44.819904,932.0
83638,-20.5,-43.7,996.0
83639,-20.526112,-41.90917,836.25
8364000,4.0031,-64.4886,813.0
83641,-20.38,-43.5,946.0
83642,-20.7625,-42.863888,703.0
83645,-20.750555,-41.488888,226.0
83646,-20.85,-41.1,146.0
83647,-19.936468,-40.592525,746.0
83648,-20.315834,-40.316944,36.2
83653,-20.27,-42.05,755.0
83654,-21.72,-57.88,80.0
83657,-21.32,-46.37,874.0
83659,-22.23,-54.98,421.0
83660,-23.05,-43.6,46.0
83661,-23.15,-50.6,656.0
83664,-21.17,-48.9,535.0
83665,-21.43,-48.82,513.0
83666,-21.78,-48.17,699.0
83667,-21.13,-47.98,618.0
83668,-21.18,-47.72,560.0
83669,-21.461111,-47.579445,620.02
83670,-21.67,-47.5,783.0
83672,-21.2,-50.43,390.0
83674,-21.669224,-49.732677,449.0
83676,-21.122223,-48.946945,570.0
83678,-21.25,-48.3,572.0
83679,-21.18,-47.8,560.0
83680,-21.47,-47.0,718.0
83681,-21.918139,-46.382977,1200.0
83683,-21.681389,-45.940834,892.44
83684,-21.7,-45.25,910.0
83685,-21.85,-45.3,957.0
83686,-21.98963,-44.938583,935.0
83687,-21.22611,-44.97972,916.19
83688,-21.3,-44.27,1033.0
83689,-21.23962,-43.78146,1115.0
83690,-21.45,-43.55,889.0
83691,-21.12,-42.95,391.0
83692,-21.77,-43.364445,936.9
83694,-21.13,-42.33,248.0
83695,-21.204445,-41.905556,123.6
83696,-21.968056,-42.003056,640.0
83697,-21.62,-41.77,112.0
83698,-21.7425,-41.33278,11.2
83699,-21.3,-40.98,2.0
837000,-8.1517,-37.0097,600.0
837001,-8.0747,-37.0931,
837002,-8.7667,-37.05,443.0
837003,-8.4333,-37.0667,748.0
837005,-8.4333,-37.0667,748.0
837007,-8.5167,-37.2,781.0
837008,-8.6167,-37.5333,484.0
837009,-8.6167,-37.1667,703.0
837010,-8.3,-37.5833,473.0
837011,-8.1,-37.65,528.0
837013,-8.1833,-37.9167,505.0
837014,-8.35,-37.75,487.0
837015,-8.9667,-37.0167,417.0
837016,-8.4167,-37.9333,449.0
837017,-8.9833,-37.6333,524.0
837018,-8.7833,-37.6833,398.0
837019,-8.9,-37.2833,437.0
83702,-22.55246,-55.716316,616.0
837021,-8.2833,-37.1833,647.0
837022,-8.9,-37.8333,443.0
837024,-8.95,-37.4333,517.0
837025,-8.3833,-37.6333,472.0
837026,-8.7833,-37.9833,543.0
837027,-8.4333,-37.4167,541.0
837028,-8.7167,-37.5333,504.0
837029,-8.6667,-37.8667,579.0
837030,-8.5,-37.7333,510.0
837031,-8.5833,-37.3167,701.0
837032,-8.15,-37.4833,514.0
837033,-8.0833,-37.2667,593.0
837035,-8.0667,-37.85,607.0
837036,-8.75,-37.35,755.0
837037,-8.4,-37.2167,650.0
837038,-8.9208,-37.8306,355.0
837039,-8.3167,-37.3833,542.0
83704,-22.300371,-53.822895,352.0
837040,-8.4833,-37.8333,485.0
837052,-8.0833,-37.85,607.0
837053,-8.275,-37.5625,473.0
837054,-8.6092,-37.2439,
837055,-8.8761,-37.7214,
83709,-22.6,-45.17,602.0
83711,-22.6,-44.47,564.0
83712,-22.7,-44.32,1014.0
83714,-22.750278,-45.60389,1359.0
83716,-22.119873,-51.408623,408.0
83718,-22.022223,-42.364445,505.9
83719,-22.98,-42.03,6.0
83720,-22.72,-47.63,552.0
83723,-22.28,-48.57,571.0
83724,-22.87,-48.45,757.0
83726,-21.980278,-47.88389,859.77
83728,-22.57,-47.42,629.0
83729,-22.9,-47.08,657.0
83730,-22.68,-46.72,892.0
83732,-22.28,-46.37,975.0
83733,-22.33,-45.08,1224.0
83734,-22.57,-44.95,582.0
83735,-22.42,-45.45,994.0
83736,-22.126389,-45.043335,930.65
83737,-22.382778,-44.966946,919.55
83738,-22.45111,-44.44472,439.9
83740,-22.77,-43.68,23.0
83741,-22.757849,-43.685017,23.0
83742,-22.4,-43.67,468.0
83743,-22.895555,-43.184723,2.0
83744,-22.417223,-42.97222,874.2
83745,-22.25,-42.52,1018.0
83747,-22.87,-42.02,18.0
83752,-22.45,-44.83,1692.0
83753,-22.52,-44.1,454.0
83754,-22.52,-44.0,468.0
83756,-22.9,-48.18,514.0
83757,-22.635765,-43.900654,469.0
83758,-23.0,-44.03,0.0
83760,-23.58,-46.88,772.0
83762,-22.62,-43.47,86.0
83763,-22.58,-43.35,438.0
83764,-22.58,-43.5,695.0
83765,-22.52,-43.18,721.0
83766,-23.325556,-51.141666,566.0
83767,-23.405277,-51.932777,542.0
83769,-23.15,-49.97,490.0
83770,-23.42,-47.58,590.0
83772,-23.52,-46.22,754.0
83773,-23.083578,-48.911716,755.0
83774,-23.95,-48.88,684.0
83775,-24.08,-54.25,225.0
83776,-23.58,-48.05,693.0
83777,-23.12,-47.72,553.0
83781,-23.49639,-46.62,785.16
83782,-23.93,-46.33,17.0
83783,-24.085556,-52.386665,586.0
83784,-23.038889,-45.515835,620.0
83786,-23.416697,-45.114372,238.0
83788,-23.015833,-44.329723,10.0
83789,-22.921944,-43.686943,31.0
83790,-22.87,-43.45,48.0
83791,-22.82,-43.22,12.0
83792,-22.88,-43.3,12.0
83793,-22.99,-43.37,69.0
83796,-22.97,-43.22,256.0
83798,-22.92,-43.18,7.0
83799,-22.97,-43.25,256.0
838000,-8.5392,-38.1928,361.0
838001,-8.0667,-38.9833,538.0
838002,-8.2397,-38.5278,375.0
838003,-8.7667,-38.9667,315.0
838004,-8.765,-38.9606,305.0
838005,-8.2833,-38.0333,470.0
838006,-8.0167,-38.8833,555.0
838007,-8.4333,-38.8667,418.0
838008,-8.3333,-38.4167,393.0
838009,-8.3,-38.9333,456.0
83801,-22.87111,-43.441387,42.0
838010,-8.6667,-38.7667,350.0
838011,-8.4833,-38.4667,376.0
838012,-8.7833,-38.1667,488.0
838013,-8.2833,-38.4833,409.0
838014,-8.6667,-38.2,463.0
838015,-8.0833,-38.4333,430.0
838016,-8.8,-38.4,404.0
838017,-8.8833,-38.2167,467.0
838018,-8.3833,-38.3333,425.0
838019,-8.6167,-38.3833,371.0
83802,-22.73,-43.3,3.0
838020,-8.6,-38.5833,337.0
838021,-8.6064,-38.5786,317.0
838023,-8.8667,-38.4667,319.0
838024,-8.8167,-38.7167,320.0
838025,-8.1167,-38.7333,509.0
838026,-8.1667,-38.2167,466.0
838028,-8.0333,-38.1333,512.0
838029,-8.8481,-38.7664,320.0
83803,-22.9,-43.12,2.0
838030,-8.9717,-38.5653,327.0
838031,-8.0006,-38.2447,435.0
838036,-8.2333,-38.5333,402.0
838038,-8.8667,-38.4667,319.0
838046,-8.7658,-38.9631,
83805,-21.536945,-42.16083,95.0
83806,-22.45,-42.93,802.0
83807,-21.935833,-42.60611,361.0
83809,-23.22,-45.85,640.0
83811,-25.010834,-50.85361,808.0
83812,-23.35,-47.85,595.0
83813,-24.786945,-49.99917,994.68
83814,-24.25,-49.7,942.0
83816,-23.37,-47.87,595.0
83817,-23.83,-46.37,115.0
83819,-23.72,-46.53,794.0
83821,-24.671656,-47.545895,28.0
83822,-24.18,-46.78,21.0
83824,-23.264627,-47.299744,636.0
83826,-25.55,-54.57,204.0
83828,-24.4,-53.73,342.0
83830,-24.93,-53.43,730.0
83834,-25.4,-51.47,1087.0
83836,-25.502777,-50.6375,881.69
83837,-25.1,-50.17,827.0
83839,-25.47,-49.43,922.0
83842,-25.44861,-49.230556,923.5
83843,-23.38,-46.63,835.0
83844,-25.536112,-48.52833,4.5
83845,-25.02,-47.93,7.0
83847,-23.42,-45.65,752.0
83849,-23.12,-45.13,919.0
83851,-23.48,-47.426666,597.58
83855,-22.57,-46.63,810.0
83856,-23.45,-46.65,855.0
83857,-22.97,-45.55,548.0
83858,-26.85,-52.4,770.0
83859,-22.72,-47.55,569.0
83860,-26.48,-51.98,1065.0
83862,-26.73,-53.58,595.0
83864,-26.23,-51.07,771.0
83865,-26.25,-50.8,771.0
83869,-26.13,-49.25,912.0
83870,-26.82,-49.27,97.0
83871,-26.92,-49.05,116.0
83872,-26.91361,-49.268055,213.0
83873,-27.05,-50.93,1043.0
83874,-26.25,-48.65,11.0
83876,-27.87,-54.43,308.0
83880,-27.88,-53.43,546.0
83881,-27.189451,-53.253338,287.0
83883,-27.135666,-52.66293,649.0
83885,-27.45,-51.9,465.0
83887,-27.383888,-51.21611,896.0
83891,-27.802109,-50.335567,918.0
83896,-27.1,-48.93,118.0
83897,-27.6025,-48.620277,4.64
83898,-27.0,-48.63,120.0
839000,-8.55,-39.8833,389.0
839001,-8.0667,-39.4333,415.0
839002,-8.5,-39.3167,336.0
839003,-8.5,-39.3167,336.0
839006,-8.3167,-39.6167,391.0
839007,-8.4,-39.45,359.0
839008,-8.0833,-39.7833,413.0
839009,-8.2628,-39.8472,390.0
83901,-28.65,-56.0,77.0
839010,-8.3167,-39.15,418.0
839011,-8.6167,-39.6,354.0
839012,-8.0833,-39.5667,414.0
839013,-8.0922,-39.5742,379.0
839014,-8.1778,-39.7314,350.0
839015,-8.3833,-39.8833,387.0
839016,-8.0667,-39.1167,483.0
839018,-8.8,-39.8333,371.0
839019,-8.8,-39.8333,371.0
839021,-8.2167,-39.3833,377.0
839023,-8.4333,-39.95,419.0
839025,-8.6319,-39.2461,321.0
839026,-8.9667,-39.4667,398.0
839027,-8.9794,-39.0983,344.0
839028,-8.9833,-39.9,392.0
839029,-8.9833,-39.9,392.0
839030,-8.7775,-39.67,374.0
839031,-8.6231,-39.2392,300.0
839033,-8.6167,-39.6,354.0
839034,-8.5203,-39.6408,0.0
839035,-8.8042,-39.8225,
83904,-27.169273,-51.558964,732.0
839045,-8.98,-39.0994,
839046,-8.7839,-39.2608,
839047,-8.2833,-39.65,408.0
839050,-8.6261,-39.245,
839051,-8.8092,-39.8256,
839052,-8.5731,-39.4619,329.0
83907,-28.417223,-54.9625,245.49
83909,-28.3,-54.25,283.0
83910,-28.28,-53.48,466.0
83912,-28.626112,-53.613888,475.52
83914,-28.228611,-52.411945,684.05
83915,-28.92,-51.9,369.0
83916,-28.2225,-51.51278,833.73
83918,-28.55,-50.7,943.0
83919,-28.669445,-50.441944,1047.5
83920,-28.275639,-49.93464,1316.0
83921,-28.88,-49.52,9.0
83922,-28.33,-49.33,207.0
83924,-28.48,-48.8,3.0
83927,-29.84,-57.081944,74.0
83929,-29.12,-56.53,62.0
83931,-29.68,-55.52,94.0
83933,-29.18,-54.88,356.0
83936,-29.724722,-53.720554,103.1
83938,-28.83,-52.52,637.0
83939,-29.72,-52.42,49.0
83940,-29.8,-51.82,49.0
83941,-29.164589,-51.534103,551.0
83942,-29.196112,-51.18639,750.16
83943,-29.75,-50.75,124.0
83944,-29.37,-50.8,691.0
83945,-29.33,-50.52,840.0
83948,-29.350277,-49.716667,4.66
83950,-29.43,-51.95,42.0
83951,-29.97,-51.13,11.0
83953,-30.842617,-55.61307,315.0
83956,-30.98,-54.67,158.0
83957,-30.33,-54.32,106.0
83959,-30.52,-53.48,296.0
83960,-30.07,-51.22,12.0
83963,-30.03,-52.88,33.0
83964,-30.543056,-52.524723,427.75
83966,-30.83,-51.58,11.0
83967,-30.053612,-51.17472,41.18
83980,-31.305555,-54.119446,245.66
83983,-31.43,-53.1,289.0
83985,-31.783333,-52.416668,13.0
83992,-32.55,-53.38,23.0
83994,-32.15,-52.1,2.0
83995,-32.078808,-52.167725,2.0
83997,-33.531666,-53.350277,24.01
840001,-8.6667,-40.9667,496.0
840002,-8.0,-40.3,443.0
840003,-8.8167,-40.2,475.0
840004,-8.3833,-40.2167,461.0
840005,-8.8167,-40.6667,414.0
840006,-8.3167,-40.5667,497.0
840007,-8.8,-40.35,416.0
840008,-8.4167,-40.7833,503.0
840009,-8.5333,-40.65,464.0
840010,-8.6161,-39.9994,350.0
840011,-8.0833,-40.2,429.0
840012,-8.6333,-40.2333,432.0
840014,-8.5,-40.4167,468.0
840015,-8.9989,-40.2731,365.0
840016,-8.1833,-40.05,415.0
840017,-8.95,-40.7333,431.0
840018,-8.7833,-40.8333,471.0
840019,-8.2667,-40.25,501.0
840021,-8.1333,-40.5833,618.0
840022,-8.7,-40.6167,426.0
840023,-8.95,-40.5,403.0
840024,-8.0667,-40.4167,555.0
840025,-8.8844,-40.9192,478.0
841000,-8.0667,-41.3167,327.0
841001,-8.35,-41.4167,383.0
841002,-8.2,-41.9667,322.0
841003,-8.6167,-41.8167,362.0
841004,-8.35,-41.0667,445.0
841005,-8.1333,-41.15,368.0
841006,-8.5833,-41.4167,479.0
841007,-8.4,-41.8167,373.0
841008,-8.45,-41.7,373.0
841010,-8.7892,-41.2408,542.0
841011,-8.6333,-41.15,510.0
841013,-8.9425,-41.4069,548.0
841015,-8.4833,-41.0,566.0
841016,-8.1333,-41.1167,368.0
841017,-8.0056,-41.5014,249.0
841018,-8.5,-41.2,548.0
841019,-8.7439,-41.2436,
841020,-8.4642,-41.5078,412.0
841021,-8.1919,-41.6267,360.0
841022,-8.1414,-41.1494,365.0
842000,-8.5167,-42.45,329.0
842001,-8.1167,-42.95,283.0
842002,-8.9333,-42.3,318.0
842003,-8.8167,-42.5,359.0
842004,-8.6167,-42.1333,294.0
842005,-8.1,-42.5667,242.0
842006,-8.3667,-42.25,238.0
842007,-8.3667,-42.25,238.0
842008,-8.3667,-42.6,319.0
842009,-8.7833,-42.7333,522.0
842010,-8.05,-42.2667,270.0
842013,-8.6667,-42.25,474.0
842014,-8.3589,-42.2453,213.0
843000,-8.3833,-43.0167,462.0
843001,-8.0333,-43.4667,468.0
843002,-8.2,-43.7,321.0
843004,-8.7333,-43.9333,315.0
843005,-8.4333,-43.8667,292.0
843006,-8.05,-43.65,321.0
843007,-8.0167,-43.9667,298.0
843009,-8.1667,-43.8,315.0
843010,-8.0981,-43.8103,200.0
843011,-8.2836,-43.1214,358.0
844000,-8.05,-44.4667,404.0
844001,-8.1333,-44.4167,415.0
844002,-8.7667,-44.4,482.0
844004,-8.45,-44.0667,370.0
844005,-8.55,-44.5333,465.0
844006,-8.5333,-44.0167,316.0
844007,-8.4,-44.4,573.0
844008,-8.8131,-44.2156,262.0
844010,-8.8167,-44.2167,274.0
844011,-8.9167,-44.05,485.0
844012,-8.6722,-44.8853,
845000,-8.7333,-45.8833,328.0
845001,-8.4667,-45.7667,292.0
845002,-8.2667,-45.6667,273.0
845003,-8.3175,-45.9678,360.0
845004,-8.1014,-45.5875,
845005,-8.8211,-45.9681,285.0
845006,-8.1667,-45.3,551.0
845007,-8.2708,-45.6683,
8459000,4.4517,-59.8589,
846000,-8.9667,-46.8667,472.0
8460000,4.6333,-60.1833,603.0
8460001,4.1961,-60.7939,
8460002,4.3667,-60.45,278.0
8460003,4.6428,-60.4964,738.0
8460004,4.5986,-60.1664,
8460005,4.5761,-60.1397,
846001,-8.5,-46.4667,430.0
846002,-8.1667,-46.2333,343.0
846003,-8.9167,-46.15,432.0
846004,-8.7167,-46.7167,463.0
846005,-8.7736,-46.1183,334.0
8461000,4.4883,-61.1297,
8464001,4.0031,-64.4431,
847000,-8.85,-47.5333,285.0
847001,-8.3917,-47.7628,250.0
847002,-7.9711,-46.8064,290.0
847003,-8.7375,-47.2417,322.0
847004,-8.9642,-47.3339,300.0
847005,-8.3914,-47.7658,180.0
847006,-8.3917,-47.7661,
848000,-8.0528,-48.4817,229.0
848001,-8.8319,-48.8172,279.0
848002,-8.5739,-48.6903,345.0
848003,-8.3992,-48.1303,192.0
848006,-8.97,-48.1578,150.0
848007,-8.3917,-48.1114,170.0
848008,-8.7481,-48.9081,
849001,-8.2833,-49.25,162.0
849002,-8.8022,-49.5556,203.0
849003,-8.2833,-49.25,162.0
849006,-8.3611,-49.2775,
849007,-8.2694,-49.2594,141.0
849008,-8.81,-49.4239,
850000,-8.0439,-50.0006,213.0
850001,-8.6603,-50.4442,218.0
851000,-8.3464,-51.4428,
852000,-8.0333,-52.15,357.0
854000,-8.65,-54.2167,348.0
854001,-8.9072,-54.9558,444.55
854002,-8.8981,-54.9889,446.1
854003,-8.7303,-54.9636,255.39
855000,-8.1872,-55.1194,
855001,-8.75,-55.0333,433.0
8560000,4.6306,-60.4706,738.0
857000,-8.8703,-57.4164,183.0
8570000,-8.8594,-57.4192,137.0
859000,-8.35,-59.8167,106.0
861000,-8.5333,-61.45,132.0
861001,-8.4833,-61.5333,103.0
861002,-8.0017,-61.7497,122.0
862000,-8.9322,-62.0556,96.0
863002,-8.7,-63.9167,79.0
863003,-8.7597,-63.4625,93.0
863004,-8.7986,-63.7106,
863005,-8.0978,-63.6475,85.0
863006,-8.7469,-63.4636,
863007,-8.795,-63.8458,86.0
863008,-8.7419,-63.9025,
863009,-8.4444,-63.5081,65.0
863010,-8.1803,-63.0911,54.0
863011,-8.0517,-63.5194,
863012,-8.75,-63.9169,79.0
863013,-8.7967,-63.9583,79.0
863016,-8.4522,-63.5178,40.0
863017,-8.7525,-63.455,
865000,-8.3344,-65.7194,
865001,-8.7675,-65.8844,113.0
866000,-8.8167,-66.1833,124.0
866001,-8.8,-66.1333,124.0
866002,-8.8167,-66.1833,124.0
867001,-8.7356,-67.4003,143.0
867002,-8.25,-67.3667,
867003,-8.5681,-67.5175,134.0
867004,-8.6506,-67.3681,
869000,-8.8842,-69.2681,
870001,-8.1458,-70.7153,190.0
870002,-8.1636,-70.3564,249.0
870003,-8.6858,-70.5511,
870004,-8.1606,-70.7594,178.0
871001,-8.6514,-71.5683,256.0
871002,-8.6611,-71.5744,256.0
872000,-8.9353,-72.785,
872001,-8.2675,-72.7344,211.0
873001,-8.235,-73.3006,234.0
900,-12.517449,-38.492165,
935001,-9.2833,-35.7167,139.0
935002,-9.1333,-35.7333,139.0
935005,-9.5667,-35.7833,80.0
935008,-9.6667,-35.7167,16.0
935009,-9.1333,-35.75,139.0
935010,-9.0167,-35.2333,14.0
935012,-9.3136,-35.9497,82.0
935013,-9.2333,-35.4833,35.0
935016,-9.0667,-35.4,45.0
935019,-9.1667,-35.3,0.0
935021,-9.4833,-35.8333,107.0
935023,-9.5833,-35.8167,45.0
935024,-9.5333,-35.6333,24.0
935025,-9.3333,-35.55,30.0
935028,-9.2333,-35.35,8.0
935054,-9.6333,-35.9667,34.0
935055,-9.1,-35.7167,139.0
935056,-9.4675,-35.8564,42.0
935057,-9.7164,-35.8917,
935085,-9.8278,-35.8944,
935086,-9.7167,-35.8922,
935087,-9.6339,-35.7914,
935088,-9.695,-35.7861,
935089,-9.6122,-35.9553,
935090,-9.4061,-35.5183,
935091,-9.0869,-35.2589,
935093,-9.2392,-35.4869,
935094,-9.8353,-35.9819,
935095,-9.2658,-35.3725,
935102,-9.4897,-35.8503,16.0
936000,-9.2,-36.6167,668.0
936001,-9.1667,-36.6833,674.0
936003,-9.05,-36.5,594.0
936004,-9.1167,-36.3333,505.0
936007,-9.1833,-36.9,429.0
936008,-9.0333,-36.4167,594.0
936009,-9.1167,-36.7667,642.0
936010,-9.5167,-36.0167,102.0
936014,-9.4333,-36.0833,123.0
936015,-9.6167,-36.7833,256.0
936016,-9.7,-36.05,102.0
936019,-9.55,-36.6333,252.0
936020,-9.9333,-36.4833,158.0
936022,-9.8286,-36.5094,201.0
936026,-9.7447,-37.1025,150.0
936028,-9.5333,-36.9833,199.0
936031,-9.45,-36.3833,465.0
936032,-9.3167,-36.8667,261.0
936033,-9.0667,-36.2,407.0
936034,-9.4,-36.65,265.0
936039,-9.45,-36.2,154.0
936040,-9.55,-36.1333,136.0
936041,-9.3022,-36.4728,420.0
936044,-9.1,-36.0667,175.0
936045,-9.1667,-36.2167,374.0
936046,-9.8,-36.0667,84.0
936047,-9.0167,-36.05,276.0
936048,-9.7833,-36.1,102.0
936049,-9.3,-36.1333,174.0
936050,-9.9667,-36.9833,141.0
936051,-9.9667,-36.9833,141.0
936052,-9.5333,-36.4333,319.0
936053,-9.1667,-36.05,175.0
936056,-9.8667,-36.15,91.0
936057,-9.3833,-36.25,296.0
936066,-9.75,-36.65,256.0
936070,-9.6836,-36.3036,203.0
936071,-9.9333,-36.8,165.0
936072,-9.9833,-36.7333,165.0
936076,-9.9728,-37.0033,
936085,-9.9833,-36.8,165.0
936110,-9.5072,-36.0233,54.0
936111,-9.3792,-36.2492,300.0
936112,-9.0042,-36.0511,
936113,-9.1544,-36.0358,250.0
936114,-9.1689,-36.2197,220.0
936115,-9.3192,-36.4731,420.0
936117,-9.0019,-36.3264,
936121,-9.3664,-36.4194,
936138,-9.1322,-36.3231,
936140,-9.7781,-36.0956,
936141,-9.6706,-36.9983,
936142,-9.9281,-36.5425,
936143,-9.6469,-36.4931,
936144,-9.9561,-36.9917,
936165,-9.0394,-36.5983,
937000,-9.1167,-37.1167,350.0
937002,-9.05,-37.25,399.0
937003,-9.05,-37.9667,371.0
937004,-9.2167,-37.2833,380.0
937005,-9.4667,-37.4667,267.0
937006,-9.3672,-37.2292,300.0
937007,-9.2833,-37.9333,563.0
937009,-9.25,-37.9167,563.0
937010,-9.6667,-37.1333,154.0
937011,-9.4,-37.0,238.0
937012,-9.1833,-37.4333,332.0
937013,-9.3928,-37.9942,256.0
937014,-9.1333,-37.7333,567.0
937016,-9.5333,-37.2833,237.0
937017,-9.5167,-37.85,197.0
937018,-9.7486,-37.4497,45.0
937019,-9.7333,-37.4333,74.0
937021,-9.7333,-37.4333,74.0
937022,-9.65,-37.7667,155.0
937023,-9.6261,-37.7561,110.0
937024,-9.8833,-37.6,218.0
937025,-9.8333,-37.6833,212.0
937026,-9.9167,-37.2667,98.0
937027,-9.7833,-37.85,275.0
937028,-9.65,-37.8,155.0
937029,-9.7,-37.6667,144.0
937030,-9.9,-37.25,98.0
937031,-9.1056,-37.1317,376.0
937032,-9.3728,-37.2453,250.0
937040,-9.7831,-37.0081,
937046,-9.8961,-37.2425,10.8
937047,-9.6264,-37.7567,130.0
937048,-9.9725,-37.0025,40.0
937050,-9.3731,-37.2467,
937052,-9.3864,-37.0897,
937053,-9.1183,-37.7289,
937054,-9.5036,-37.8267,
937055,-9.4567,-37.4492,
938000,-9.0667,-38.3,369.0
938001,-9.0667,-38.3,369.0
938002,-9.1,-38.15,398.0
938003,-9.2667,-38.1667,291.0
938005,-9.1,-38.3333,362.0
938006,-9.2,-38.3,273.0
938007,-9.3444,-38.2564,259.0
938008,-9.4372,-38.4222,457.0
938009,-9.8833,-38.9,381.0
938010,-10.0058,-38.5997,400.0
938011,-9.9514,-38.2736,373.0
938012,-9.5717,-38.2225,308.0
938013,-9.7367,-38.1286,371.0
938014,-9.2981,-38.6917,457.0
938015,-9.5172,-38.9942,438.0
938016,-9.0653,-38.8964,472.0
938017,-9.3167,-38.25,259.0
938020,-9.35,-38.25,259.0
938021,-9.0833,-38.3,369.0
938022,-9.2667,-38.1667,291.0
938028,-9.3833,-38.25,259.0
938029,-9.2489,-38.3269,
938030,-9.4556,-38.8619,
938031,-9.7356,-38.1325,
938032,-9.3575,-38.2075,230.0
938033,-9.1428,-38.3081,
939000,-9.4353,-39.7808,425.0
939001,-9.9611,-39.1639,412.0
939002,-9.1214,-39.3642,376.0
939003,-9.77,-39.8764,440.0
939004,-9.1833,-39.7167,419.0
939006,-9.8833,-39.05,398.0
939007,-9.5569,-39.4736,448.0
939008,-9.4117,-39.4719,422.0
939009,-9.1667,-39.0589,364.0
939010,-9.4453,-39.7931,425.0
939011,-9.5953,-39.1,456.0
939012,-9.8925,-39.0297,398.0
939013,-9.51,-39.9589,451.0
939014,-9.8333,-39.4833,443.0
939015,-9.8425,-39.4814,443.0
939016,-9.3453,-39.1464,410.0
939017,-9.1225,-39.9364,365.0
939018,-9.7372,-39.6292,540.0
939019,-9.0667,-39.9833,361.0
939020,-9.6086,-39.7958,
939021,-9.1342,-39.3197,
939022,-9.175,-39.05,
939023,-9.4119,-39.4747,
939024,-9.8622,-39.4983,
940000,-9.0833,-40.3333,389.0
940002,-9.4167,-40.7167,375.0
940003,-9.2333,-40.4,375.0
940004,-9.1,-40.5833,422.0
940005,-9.0333,-40.0167,361.0
940006,-9.3833,-40.5,374.0
940008,-9.4167,-40.5,378.0
940009,-9.9828,-40.2425,499.0
940010,-9.8203,-40.0486,444.0
940011,-9.0981,-40.0978,361.0
940012,-9.8614,-40.4131,541.0
940013,-9.475,-40.2061,380.0
940014,-9.2786,-40.7531,424.0
940015,-9.6853,-40.6025,408.0
940016,-9.4167,-40.5,378.0
940018,-9.5597,-40.6467,377.0
940019,-9.2956,-40.8192,421.0
940020,-9.7286,-40.3578,444.0
940022,-9.3208,-40.2939,384.0
940024,-9.4053,-40.5036,370.0
940025,-9.4908,-40.2044,378.0
940026,-9.3833,-40.9333,386.0
940028,-9.6767,-40.6039,397.0
940029,-9.4342,-40.8283,
940039,-9.1469,-40.9644,
940048,-9.4064,-40.5033,
941000,-9.0167,-41.9667,381.0
941001,-9.1031,-41.6903,502.0
941002,-9.9472,-41.5028,550.0
941003,-9.0317,-41.0292,424.0
941004,-9.8758,-41.0739,644.0
941005,-9.5161,-41.5606,420.0
941006,-10.0389,-41.4161,478.0
941007,-9.8022,-41.7833,407.0
941008,-9.6667,-41.3,385.0
941009,-9.8667,-41.9667,445.0
941010,-9.3667,-41.45,437.0
941011,-9.175,-40.97,409.0
941012,-9.7406,-41.8836,411.0
941013,-9.6189,-41.6222,416.0
941015,-9.0167,-41.7667,521.0
941016,-9.2864,-41.5258,
941017,-9.1069,-41.6897,
941018,-9.7367,-41.8706,
942000,-9.15,-42.9833,437.0
942001,-9.35,-42.4167,418.0
942002,-9.1,-42.3833,406.0
942003,-9.3667,-42.7833,391.0
942004,-9.1833,-42.55,360.0
942005,-9.0167,-42.6833,394.0
942008,-9.6833,-42.0667,388.0
942010,-9.6106,-42.5175,475.0
942011,-9.7833,-42.3667,414.0
942012,-9.8419,-42.6275,442.0
942013,-9.5,-42.05,401.0
942014,-9.5547,-42.5156,475.0
942015,-9.6131,-42.85,461.0
942016,-9.6833,-42.0667,388.0
942017,-9.95,-42.8667,409.0
942018,-9.4667,-42.0333,426.0
942019,-9.9036,-42.5514,415.0
942020,-9.735,-42.7697,453.0
942021,-9.6667,-42.0833,388.0
942022,-9.35,-42.95,488.0
942023,-9.3,-42.3,474.0
942025,-9.1667,-42.75,437.0
942027,-9.6025,-42.0683,
942028,-8.0856,-42.9467,338.0
942029,-9.9353,-42.8972,
942031,-9.0133,-42.845,420.0
943000,-9.2833,-43.3167,564.0
943001,-9.8833,-43.9,457.0
943002,-9.4,-43.7833,668.0
943003,-9.4753,-43.5414,527.0
943004,-9.6847,-43.3408,471.0
943005,-9.5156,-43.0083,483.0
943006,-9.4667,-43.4,546.0
943007,-9.6686,-43.6539,469.0
943008,-9.6,-43.2433,473.0
943012,-9.25,-43.0,442.0
943013,-9.4781,-43.5383,
943014,-9.5131,-43.0253,
943015,-9.8386,-43.2933,
944000,-9.3,-44.5167,329.0
944001,-9.0667,-44.35,297.0
944002,-9.9833,-44.6167,356.0
944003,-9.55,-44.6833,313.0
944004,-9.75,-44.8667,367.0
944006,-9.5397,-44.6014,
945000,-9.1333,-45.9333,337.0
945001,-9.95,-45.4833,461.0
945002,-9.75,-45.6667,425.0
945003,-9.4,-45.2333,623.0
945004,-9.25,-45.7167,367.0
945005,-9.7,-45.3833,466.0
945006,-9.1667,-45.25,432.0
945007,-9.2167,-45.2667,429.0
945008,-9.8333,-45.35,441.0
945009,-9.7833,-45.0333,430.0
945011,-9.1131,-45.9261,271.0
945012,-9.5,-45.65,356.0
945013,-9.75,-45.3,424.0
945014,-9.0833,-45.85,392.0
945016,-9.5794,-45.0286,344.0
945019,-9.1131,-45.9264,220.0
946000,-9.3,-46.7,533.0
946001,-9.1667,-46.2,432.0
946002,-9.45,-46.3,444.0
946003,-9.5972,-46.6728,620.0
946004,-9.55,-46.6667,448.0
946005,-9.6247,-46.2903,356.0
947000,-9.3167,-47.8167,245.0
947001,-9.4575,-47.3269,320.0
947003,-9.3086,-47.9314,175.0
947004,-9.9911,-47.4797,197.0
947005,-9.3397,-47.8722,
947006,-9.8092,-47.885,
948000,-9.5642,-48.3875,210.0
948001,-9.3069,-47.9292,200.0
948003,-9.7603,-48.3697,178.0
948006,-9.8519,-48.2836,352.0
948007,-9.8319,-48.2925,245.0
948008,-9.5292,-48.6069,370.0
948009,-9.7442,-48.3625,178.0
949000,-9.6244,-49.1553,240.0
949001,-9.2572,-49.0642,264.0
949003,-9.8011,-49.6564,203.0
949004,-9.1256,-49.7431,370.0
949005,-9.5003,-49.9831,172.0
949006,-9.1517,-49.3931,
950000,-9.27,-49.9589,190.0
950001,-9.2275,-50.2108,195.0
950002,-9.9703,-49.9936,240.0
950003,-9.5353,-50.8608,244.0
951000,-10.0189,-51.1228,222.0
9540000,-9.7992,-54.9867,280.0
9540001,-9.8219,-54.9839,279.0
954001,-9.8186,-54.8864,297.0
954002,-9.9756,-54.9042,300.0
954004,-9.7789,-54.9867,310.0
954005,-9.6836,-54.9633,362.0
954006,-9.6314,-54.9739,334.0
954008,-9.6611,-54.9458,329.1
954009,-9.0308,-54.9425,480.92
954010,-9.3589,-54.9039,458.0
955000,-9.8386,-55.0192,260.0
955001,-9.9506,-55.5767,237.0
956000,-9.8703,-56.1022,400.0
956001,-9.6433,-56.0186,290.0
956002,-9.6939,-56.4742,290.0
956003,-9.6414,-56.0231,229.0
956006,-9.3506,-56.7806,224.0
956007,-9.9256,-56.6353,244.0
956008,-9.8028,-56.335,244.0
956009,-9.6392,-56.0144,225.0
957000,-9.15,-57.0333,184.0
9570000,-9.1653,-57.0608,151.0
9570001,-9.1922,-57.0686,153.0
957001,-9.5664,-57.3947,219.0
957002,-9.9769,-57.4739,297.0
958000,-9.8333,-58.2833,218.0
958002,-9.4561,-58.2242,184.0
958004,-9.9133,-58.5642,261.0
960001,-9.8,-60.6906,140.0
961000,-9.8667,-61.9333,136.0
961001,-9.25,-61.6667,130.0
961003,-9.6814,-61.9789,
961005,-9.3472,-61.9347,
962000,-9.5864,-62.3939,
962001,-9.1792,-62.9531,117.0
962002,-9.7333,-62.2333,160.0
962003,-9.9333,-62.7667,165.0
962004,-9.9347,-62.9617,138.0
962005,-9.3969,-62.0194,144.0
962006,-9.8867,-62.9847,
962007,-9.5564,-62.9506,
963000,-9.9317,-63.0569,168.0
963001,-9.2606,-63.1619,96.0
963004,-9.8872,-62.9878,137.0
963005,-9.1833,-63.7833,105.0
963006,-9.8872,-62.9881,141.0
963009,-9.4667,-63.25,142.0
963011,-9.9347,-63.0756,111.0
963013,-9.7603,-63.2881,
963014,-9.6653,-63.1361,96.0
964001,-9.5164,-64.8122,116.0
964004,-9.6431,-64.9636,104.0
964005,-9.25,-64.4,107.0
964006,-9.2028,-64.6086,94.0
964007,-9.2617,-64.4014,95.0
964008,-9.6181,-64.9342,
964009,-9.5011,-64.3817,116.0
964010,-9.2486,-64.6264,74.0
965001,-9.7031,-65.3647,
965002,-9.8,-65.5333,124.0
965003,-9.6667,-65.6167,144.0
965004,-9.6667,-65.4333,108.0
965005,-9.7847,-65.5275,
965006,-9.7144,-65.3575,112.0
965008,-9.7839,-65.5281,110.0
966000,-9.7556,-66.6117,153.0
966001,-9.6903,-65.9931,
966002,-9.8936,-66.6186,115.0
967001,-9.0667,-67.3969,
967003,-9.9833,-67.7833,
967004,-9.5008,-67.2822,
967005,-9.8881,-67.1392,
968001,-9.0439,-68.5772,
968002,-9.0603,-68.6533,143.0
968003,-9.3744,-68.7239,
968004,-9.5667,-68.2833,
968005,-9.0658,-68.6597,
968006,-9.0586,-68.6592,190.0
968007,-9.5439,-68.9431,184.0
969000,-9.35,-69.9167,207.0
969001,-9.1103,-68.9933,
969002,-9.3603,-69.9275,207.0
970000,-9.1333,-70.8167,227.0
970001,-9.3833,-70.4667,217.0
970003,-9.4386,-70.4922,219.0
970005,-9.4278,-70.4933,
971000,-9.4333,-71.8833,342.0
971001,-9.4333,-71.8833,342.0
971002,-9.193889,-71.949165,239.0
972000,-9.4017,-72.7025,
A001,-15.789444,-47.925835,1160.96
A002,-16.642778,-49.220276,727.3
A003,-17.745,-49.101665,751.09
A004,-14.469444,-48.485832,663.53
A005,-13.309444,-49.1175,365.0
A008,-15.907513,-48.119976,1144.2
A009,-10.147778,-48.314445,267.0
A010,-12.615,-47.871944,284.96
A011,-18.969166,-50.633335,492.45
A012,-16.260555,-47.966946,1000.82
A013,-15.902778,-52.245277,327.35
A014,-15.939722,-50.141388,512.86
A015,-14.979722,-49.539444,551.0
A017,-14.089167,-46.36639,830.0
A018,-12.015278,-48.544445,250.87
A019,-11.745,-49.051666,274.0
A021,-7.103889,-48.20111,230.76
A022,-15.220278,-48.99,667.01
A023,-16.966944,-51.8175,740.1
A024,-14.133056,-47.523335,1264.7
A025,-17.785278,-50.965,780.11
A026,-17.454721,-52.601112,862.0
A027,-16.9625,-50.425556,678.74
A028,-16.423056,-51.148888,610.41
A029,-17.336945,-49.914722,608.0
A031,-12.820556,-50.335835,210.0
A032,-13.253612,-46.890278,552.0
A033,-17.304167,-48.28417,757.27
A034,-18.154722,-47.9275,900.72
A035,-18.409721,-49.191944,491.17
A036,-16.785,-47.613056,1211.08
A037,-16.679722,-48.618057,952.0
A038,-11.594444,-46.84722,727.87
A039,-11.8875,-49.608334,215.2
A040,-10.434444,-45.921944,791.0
A041,-9.576389,-49.72333,186.69
A042,-15.599722,-48.13111,1143.0
A043,-8.154722,-46.639446,426.56
A044,-5.643611,-48.111946,130.71
A045,-15.596389,-47.62583,1030.36
A046,-15.935278,-48.1375,990.0
A047,-16.012222,-47.5575,1043.0
A048,-7.124191,-48.781265,171.0
A049,-8.092778,-48.47861,200.0
A050,-9.793363,-47.132732,291.0
A051,-10.476944,-49.629444,161.0
A052,-11.428889,-48.185,306.0
A053,-11.284166,-47.212223,503.0
A054,-12.592222,-49.52861,231.0
A055,-10.828286,-49.84788,178.0
A056,-16.399445,-47.62583,932.0
A102,-9.358334,-69.92639,184.51
A104,-9.959204,-67.86898,163.0
A108,-7.6105556,-72.681114,220.0
A109,-6.6502776,-69.868614,121.54
A110,-8.776667,-67.3325,111.98
A111,-7.2605557,-64.78861,61.91
A112,-7.5525,-63.07139,53.56
A113,-7.2055554,-59.88861,156.97
A117,-4.0975,-63.14528,33.84
A119,-3.2947223,-60.628334,36.57
A120,-3.5833333,-59.129444,19.9
A121,-3.1333334,-58.482777,41.54
A122,-3.3988888,-57.67389,25.49
A123,-2.6391666,-56.75611,18.72
A124,-2.5347223,-57.758057,18.49
A125,-2.6336112,-59.600555,112.84
A126,-2.0566666,-60.025833,60.99
A128,-0.9872222,-62.924168,29.88
A133,-5.788611,-61.288334,40.64
A134,-0.12527777,-67.06111,79.67
A135,2.8169444,-60.690834,82.35
A136,-8.267222,-72.74778,205.35
A137,-8.95,-72.78667,220.98
A138,-8.142777,-70.34361,157.17
A140,-11.023889,-68.735275,224.5
A144,-8.091111,-60.380554,45.0
A201,-1.4111111,-48.439445,21.17
A202,-1.3008333,-47.948055,47.13
A204,-7.4555554,-46.0275,271.03
A205,-7.337222,-47.45972,182.88
A207,-5.816111,-46.162224,232.29
A209,-3.5108333,-52.963333,251.68
A210,-3.843611,-50.638054,89.02
A211,-3.8641667,-54.21639,100.45
A212,-2.9005556,-47.495,88.0
A213,-2.5925,-48.360554,42.95
A214,-4.8275,-48.17361,203.0
A215,-0.61888885,-47.356667,23.18
A216,-6.6397223,-51.956944,211.0
A217,-2.2708333,-43.62417,9.87
A218,-2.5922222,-42.7075,4.62
A219,-1.6611111,-45.3725,35.86
A220,-4.2430553,-44.795,22.33
A221,-5.5066667,-45.236946,154.19
A222,-6.0330553,-44.233334,175.37
A223,-9.108334,-45.931946,283.69
A224,-6.653333,-47.418335,182.96
A225,-5.5558333,-47.45972,117.96
A226,-1.0558333,-46.782776,5.6
A227,-0.7277778,-48.515835,12.54
A228,-1.6802778,-50.478054,11.0
A229,-3.8227777,-49.675,137.94
A230,-6.0775,-50.142223,707.0
A232,-1.8808333,-55.519722,89.64
A233,-9.340555,-50.350277,154.0
A234,-6.7433333,-51.141945,320.93
A235,-4.243889,-49.939445,100.76
A237,-4.8213887,-43.343613,84.85
A238,-4.3205557,-46.449444,174.91
A239,-2.0,-54.07639,100.53
A240,-5.366389,-49.05111,116.58
A241,-8.303611,-49.282776,175.74
A242,3.813611,-51.8625,15.14
A243,1.4966667,-50.916668,21.0
A244,0.69416666,-51.40389,84.8
A245,-1.8219445,-52.111668,19.0
A246,-6.32,-55.787777,259.88
A247,-7.1105556,-49.92611,245.0
A248,-1.7347223,-47.0575,79.1
A249,0.03499999,-51.08889,16.62
A250,-2.5025,-54.720276,137.0
A251,0.56777775,-50.823612,21.0
A252,-4.2805557,-47.56389,251.0
A253,-3.27,-52.394722,191.0
A254,-8.043333,-50.006943,199.0
A256,-8.729722,-49.856388,165.0
A302,0.91694444,-29.345833,15.0
A303,-9.551111,-35.77028,84.12
A304,-5.837222,-35.208057,47.46
A305,-3.8158333,-38.537777,29.55
A306,-3.7480555,-40.345833,92.07
A307,-9.388333,-40.523335,372.72
A308,-3.0866666,-41.783054,52.11
A309,-8.433611,-37.055557,683.95
A310,-6.9755554,-35.718056,573.45
A311,-6.761389,-43.003334,126.39
A313,-7.2255554,-35.904724,546.17
A314,-4.2291665,-38.95889,865.53
A315,-7.300833,-39.27111,409.41
A316,-6.4675,-37.085,171.26
A317,-5.151111,-36.573055,17.37
A318,-4.9041667,-37.366943,29.44
A320,-7.165278,-34.815556,33.5
A321,-7.0797224,-37.272778,263.66
A323,-9.7491665,-37.430832,20.83
A324,-6.0175,-40.281387,410.87
A325,-5.174444,-39.289444,221.04
A326,-9.08,-44.327778,288.0
A327,-9.420278,-36.620277,278.01
A328,-7.8425,-35.79028,421.44
A329,-8.503889,-39.315277,342.74
A331,-8.364445,-42.2525,231.0
A332,-5.091111,-38.364723,93.0
A334,-7.8944445,-37.12472,606.39
A335,-4.276111,-41.794445,157.89
A336,-8.376389,-43.859444,225.0
A337,-9.285833,-43.324444,515.3
A338,-3.8994443,-42.259445,88.0
A339,-4.8377776,-37.699722,12.0
A341,-8.356112,-36.02833,837.0
A342,-5.1866665,-40.672222,298.19
A343,-7.071111,-41.404167,232.91
A344,-5.16,-35.4875,9.82
A345,-9.033055,-42.70111,385.0
A346,-7.441389,-44.345,398.83
A347,-7.077778,-40.362778,577.95
A348,-7.483333,-36.28639,391.96
A349,-8.509444,-37.711666,434.23
A350,-7.954167,-38.295,499.02
A351,-8.598889,-38.584167,327.42
A352,-6.5619445,-35.135277,135.51
A353,-9.804444,-36.619167,236.84
A354,-6.974167,-42.146946,154.03
A355,-10.128612,-36.28639,82.39
A356,-9.2875,-35.565834,13.69
A357,-8.666667,-35.568054,164.01
A358,-5.9055557,-38.627777,149.31
A359,-3.4841666,-39.58861,104.49
A360,-3.1211112,-40.087223,67.15
A361,-5.349167,-41.512222,268.75
A362,-5.911111,-42.718613,295.81
A363,-6.423611,-41.74889,372.0
A364,-9.8752775,-45.345833,425.1
A365,-8.118055,-42.975834,312.07
A366,-7.8858333,-40.10278,457.85
A367,-6.2280555,-36.02667,227.49
A368,-3.7322223,-41.011944,756.0
A369,-4.978889,-39.05722,193.0
A370,-8.058056,-39.09611,447.0
A371,-9.622222,-37.767223,187.0
A372,-5.535,-36.872223,19.0
A373,-7.318333,-38.140835,292.0
A374,-10.429167,-45.173054,452.0
A375,-8.333531,-45.094624,519.0
A376,-4.8641667,-42.145557,125.0
A377,-6.0894446,-42.7275,183.0
A401,-13.005555,-38.505833,47.56
A402,-12.1247225,-45.026943,474.17
A403,-12.762552,-38.16906,4.87
A404,-12.1525,-45.829723,760.68
A406,-12.675555,-39.089443,219.76
A407,-13.527778,-40.11972,757.42
A408,-12.524167,-40.29972,250.11
A410,-14.658889,-39.18139,80.21
A411,-9.378056,-38.226665,255.04
A412,-12.131666,-40.354168,360.0
A413,-12.196111,-38.9675,229.64
A415,-11.003333,-44.53639,450.0
A417,-11.2725,-37.795,204.8
A419,-10.738055,-38.108334,367.01
A420,-10.399722,-37.7475,289.92
A421,-10.473889,-36.481945,6.11
A422,-17.963055,-38.703335,20.93
A423,-9.625556,-42.07722,397.4
A424,-11.328889,-41.864445,768.42
A425,-12.557777,-41.38889,438.09
A426,-14.2080555,-42.74972,552.23
A427,-16.38889,-39.1825,86.36
A428,-10.443055,-40.148335,532.09
A430,-13.155556,-41.774166,1283.95
A431,-12.035833,-37.683887,31.9
A432,-10.723056,-43.65111,506.06
A433,-14.181945,-41.672222,473.37
A434,-13.009444,-39.616943,397.8
A435,-9.8336115,-39.495556,450.6
A436,-10.984722,-39.616943,310.11
A437,-15.280278,-39.09139,74.08
A438,-13.906944,-38.97222,6.24
A439,-12.193055,-43.213333,425.12
A440,-11.205,-40.465,440.78
A441,-11.664722,-39.023056,337.79
A442,-10.537222,-38.996666,431.96
A443,-10.455,-41.206944,646.24
A444,-13.343611,-39.126667,93.12
A445,-14.171389,-39.6925,132.11
A446,-15.244722,-40.229443,271.48
A447,-16.088055,-39.21528,89.67
A448,-9.001389,-39.9125,370.0
A449,-10.018333,-42.50028,385.0
A450,-10.080833,-38.345833,261.0
A451,-10.671667,-37.47139,213.0
A452,-11.052222,-45.200832,488.0
A453,-10.207778,-37.431946,271.0
A454,-13.038889,-42.61722,574.0
A455,-17.006945,-39.558056,110.0
A456,-12.808333,-38.495834,31.0
A458,-11.058611,-38.444168,182.0
A502,-21.228333,-43.767776,1168.76
A503,-20.741667,-42.0175,399.0
A505,-19.605833,-46.949722,1018.32
A507,-18.916945,-48.255554,874.77
A508,-16.166666,-40.68778,189.11
A509,-22.861666,-46.043335,1544.89
A510,-20.7625,-42.863888,697.64
A511,-19.573889,-42.6225,493.42
A512,-18.952778,-49.525,540.08
A513,-20.556667,-43.75611,1048.2
A514,-21.106388,-44.25083,929.88
A515,-21.56639,-45.404167,949.78
A516,-20.745277,-46.63389,781.7
A517,-21.105,-42.37583,282.79
A519,-19.539167,-49.518055,559.07
A520,-19.985834,-48.15167,572.54
A521,-19.883888,-43.969444,854.02
A522,-17.79889,-40.25,211.97
A523,-18.996666,-46.985832,978.11
A524,-20.455,-45.453888,878.14
A525,-19.875278,-47.434166,913.12
A526,-14.408334,-44.404167,519.52
A527,-17.892778,-41.515556,467.17
A528,-18.200834,-45.45972,931.01
A529,-22.395834,-44.961945,1017.1
A530,-21.918056,-46.383057,1077.34
A531,-22.314444,-45.373055,1281.43
A532,-18.830278,-41.976944,198.24
A533,-18.786945,-42.943054,852.68
A534,-19.532778,-41.09083,301.0
A535,-19.885279,-44.416943,753.5
A536,-19.481945,-45.593887,721.09
A537,-18.231052,-43.64827,1359.25
A538,-18.747778,-44.453888,669.48
A539,-15.085834,-44.01611,454.0
A540,-18.780556,-40.98639,254.91
A541,-17.705555,-42.389168,932.06
A542,-16.554167,-46.881943,640.85
A543,-14.912222,-42.808613,565.36
A544,-15.524167,-46.435555,894.0
A545,-17.258064,-44.835556,505.32
A546,-17.561388,-47.199165,997.01
A547,-16.362778,-45.12389,490.29
A548,-15.300278,-45.6175,873.2
A549,-15.751667,-41.45778,754.07
A550,-16.575556,-41.485554,271.63
A551,-15.723056,-42.435833,850.06
A552,-16.160278,-42.310276,487.14
A553,-17.784445,-46.119446,877.05
A555,-20.03139,-44.011112,1198.82
A556,-20.263334,-42.182777,819.47
A557,-21.546667,-43.261112,411.14
A560,-19.2325,-44.96417,705.0
A561,-20.91,-47.114166,845.0
A562,-18.520555,-46.440556,950.0
A563,-15.802778,-43.296944,532.0
A564,-20.173334,-44.875,796.0
A565,-20.03111,-46.00889,697.0
A566,-16.848888,-42.03528,308.0
A567,-21.680834,-45.944443,969.0
A568,-19.71,-47.961945,778.0
A569,-19.455278,-44.173332,719.0
A570,-20.715,-44.864445,1025.0
A571,-17.244444,-46.881668,705.0
A572,-19.93389,-43.95222,915.47
A6-001,-19.966667,-49.683334,410.0
A601,-22.757778,-43.684723,35.0
A602,-23.050278,-43.595554,12.0
A603,-22.589722,-43.282223,22.0
A604,-21.5875,-41.958332,46.0
A606,-22.975277,-42.02139,5.0
A607,-21.714722,-41.343887,17.0
A608,-22.376112,-41.811943,28.0
A609,-22.45139,-44.445,438.83
A610,-22.464722,-43.29139,1777.0
A611,-22.358055,-43.695557,370.0
A612,-20.270834,-40.305832,9.0
A613,-19.988333,-40.579445,975.92
A614,-19.356945,-40.06861,40.0
A615,-20.636389,-40.741943,14.19
A616,-18.676111,-39.864166,28.66
A617,-20.750555,-41.488888,138.0
A618,-22.44861,-42.986946,981.0
A619,-23.223612,-44.726944,3.0
A620,-22.041666,-41.051666,7.0
A621,-22.86139,-43.41139,30.43
A622,-21.100834,-41.039444,69.12
A623,-18.695278,-40.390556,156.02
A624,-22.334723,-42.676945,1070.0
A625,-22.098333,-43.208332,295.0
A626,-22.65358,-44.040916,516.0
A627,-22.8675,-43.101944,6.0
A628,-22.975555,-44.303333,6.0
A629,-21.938612,-42.600834,293.0
A630,-21.950556,-42.010277,586.0
A631,-18.29139,-40.73639,224.0
A632,-19.407223,-40.539722,95.0
A633,-20.385555,-41.19,722.0
A634,-20.466944,-40.40389,25.0
A635,-22.373888,-44.703056,2450.0
A636,-22.94,-43.40278,20.0
A637,-22.347221,-43.417778,508.0
A652,-22.988333,-43.190556,25.59
A654,-22.986979,-43.370102,3.91
A657,-20.104166,-41.106945,507.48
A659,-22.645834,-42.415554,19.0
A667,-22.87111,-42.60889,26.0
A7-001,-19.933332,-50.533333,408.0
A7-002,-19.983334,-50.25,431.0
A7-003,-19.88,-50.420555,399.0
A7-004,-19.9,-50.183334,414.0
A701,-23.496288,-46.620068,785.64
A702,-20.447222,-54.7225,528.47
A703,-22.5525,-55.71639,668.0
A704,-20.795,-51.713333,328.94
A705,-22.358055,-49.02889,636.17
A706,-22.750278,-45.60389,1662.95
A707,-22.12,-51.40861,431.92
A709,-22.300556,-53.822777,377.36
A710,-19.695555,-51.181667,408.06
A711,-21.980278,-47.88389,859.29
A712,-24.671667,-47.545834,2.7
A713,-23.426111,-47.585556,609.33
A714,-23.981945,-48.885834,743.33
A715,-23.890833,-47.99917,710.0
A716,-23.000555,-49.843334,500.0
A717,-18.988611,-56.622776,102.26
A718,-22.372778,-50.974724,398.75
A719,-20.475555,-55.78389,151.35
A720,-18.512222,-54.73611,251.48
A721,-22.19389,-54.91139,463.3
A722,-20.395555,-56.431667,132.49
A723,-21.705833,-57.886665,78.56
A724,-18.996666,-57.6375,111.73
A725,-23.101667,-48.941113,776.36
A726,-22.703056,-47.623333,566.46
A727,-21.666111,-49.734722,460.65
A728,-23.041666,-45.520832,582.26
A729,-20.403334,-49.96611,510.37
A730,-18.802221,-52.6025,820.82
A731,-21.609167,-55.1775,388.94
A732,-19.420279,-54.553055,646.0
A733,-20.165,-50.595,460.44
A734,-21.319166,-50.93028,381.9
A735,-21.085556,-49.920277,408.35
A736,-21.133055,-48.840557,525.44
A737,-21.855556,-48.79972,496.75
A738,-21.780556,-47.07528,734.15
A739,-22.415,-46.80528,634.89
A740,-23.228333,-45.416943,874.0
A741,-22.471111,-48.5575,533.68
A742,-19.1225,-51.720833,494.72
A743,-21.775,-54.528057,324.31
A744,-22.949167,-46.52611,891.0
A745,-24.047846,-46.26334,32.47
A746,-24.962778,-48.41639,659.89
A747,-21.338333,-48.113888,544.0
A748,-20.559166,-48.545,534.36
A749,-22.857222,-54.605556,375.18
A750,-23.0025,-55.329445,433.59
A751,-23.966944,-55.024166,398.4
A752,-23.449444,-54.181946,337.82
A753,-20.359722,-47.775276,610.58
A754,-20.981667,-54.971943,471.43
A755,-23.52389,-46.869446,776.5
A756,-20.444445,-52.87583,323.63
A757,-22.101667,-56.540833,206.09
A758,-21.478611,-56.13778,252.47
A759,-21.75,-52.47139,392.13
A760,-18.492777,-53.17139,727.34
A761,-17.635279,-54.760555,495.25
A762,-21.457777,-51.552223,383.0
A763,-22.235277,-49.965,660.0
A764,-20.948055,-48.47139,542.0
A765,-23.844723,-46.143333,5.0
A766,-24.533056,-47.864166,35.0
A767,-23.810833,-45.4025,24.0
A768,-21.927221,-50.490276,498.0
A769,-22.688889,-45.005554,586.0
A771,-23.724445,-46.6775,771.0
A802,-32.078888,-52.167778,4.92
A803,-29.725,-53.720554,103.1
A804,-30.750555,-55.40139,196.0
A805,-27.854445,-53.79111,489.67
A806,-27.6025,-48.62,4.87
A808,-29.350277,-49.733334,8.44
A809,-29.84,-57.081944,74.29
A810,-27.890556,-54.48,272.84
A811,-31.403334,-52.700832,446.81
A812,-30.545279,-53.466946,420.82
A813,-29.872223,-52.381943,106.99
A814,-28.5325,-49.315277,40.56
A815,-28.275555,-49.934723,1400.06
A816,-26.40639,-52.850277,943.57
A817,-26.91361,-49.268055,72.24
A818,-25.010834,-50.85389,803.58
A819,-24.78,-50.04639,1016.0
A820,-24.533333,-54.019165,392.07
A821,-23.505278,-49.94639,512.67
A822,-24.43389,-51.953888,660.0
A823,-25.567778,-51.078056,1208.85
A824,-23.390278,-53.635834,381.29
A825,-24.18389,-53.04889,481.0
A826,-29.709167,-55.525555,120.88
A827,-31.347778,-54.013332,226.19
A828,-27.657778,-52.305832,777.08
A829,-28.748611,-50.057777,1228.59
A830,-28.65,-56.016388,81.08
A831,-30.36861,-56.43722,113.05
A832,-30.341389,-54.310833,114.89
A833,-29.191668,-54.885555,390.03
A834,-30.010279,-50.135834,4.56
A836,-32.53472,-53.37583,31.48
A837,-28.859167,-52.5425,660.44
A838,-30.808056,-51.834167,92.3
A839,-28.226667,-52.40361,680.67
A840,-29.164581,-51.534203,623.27
A841,-27.169167,-51.558887,767.63
A842,-23.415277,-50.577778,664.31
A843,-25.699167,-53.095276,545.95
A845,-28.126944,-49.47972,1790.38
A846,-25.601944,-54.483055,235.09
A847,-25.494444,-48.32611,4.01
A848,-26.286562,-53.633114,807.54
A849,-22.639444,-52.890278,368.22
A850,-22.658333,-52.134445,308.7
A851,-26.081388,-48.641666,6.18
A853,-28.603333,-53.67361,426.69
A854,-27.395555,-53.429443,489.42
A855,-25.721945,-53.748055,399.1
A856,-27.920279,-53.318054,614.11
A857,-26.786388,-53.514168,647.0
A858,-26.938612,-52.398056,878.74
A859,-26.819166,-50.985554,944.26
A860,-27.28861,-50.604168,978.1
A861,-26.9375,-50.145557,591.67
A862,-26.248611,-49.574165,856.0
A863,-27.418333,-49.646946,479.79
A864,-26.393612,-50.363335,799.58
A865,-27.802221,-50.335556,952.7
A866,-28.604445,-48.81333,34.36
A867,-28.931353,-49.49792,2.0
A868,-26.950834,-48.761944,9.76
A869,-23.359167,-52.931946,365.79
A870,-27.678612,-49.041943,881.0
A871,-23.773333,-50.180557,692.88
A872,-24.280277,-50.210278,1093.41
A873,-25.508888,-48.808613,50.31
A874,-25.835556,-50.36889,780.21
A875,-26.398611,-51.35361,1009.01
A876,-26.417223,-52.34861,966.06
A878,-31.248333,-50.906387,3.82
A879,-29.368889,-50.82722,830.93
A880,-28.51361,-50.88278,969.89
A881,-31.0025,-54.618057,150.0
A882,-29.449167,-51.823334,81.0
A883,-28.653334,-53.111946,455.27
A884,-29.674166,-51.064167,23.35
A886,-29.089445,-53.826668,462.0
A887,-31.8025,-52.407223,13.0
A889,-29.702223,-54.694443,134.0
A894,-28.704721,-51.870834,485.29
A895,-27.085312,-52.63571,679.0
A897,-29.049166,-50.149723,1017.0
A898,-27.38861,-51.21583,963.0
A899,-33.74222,-53.372223,7.41
A901,-15.606944,-56.060833,184.0
A902,-14.65,-57.431667,440.01
A903,-13.453889,-56.677223,339.59
A904,-12.555,-55.72278,379.31
A905,-13.785833,-57.83861,525.41
A906,-9.9525,-54.897778,283.58
A907,-16.4625,-54.580276,289.88
A908,-14.016389,-52.211666,440.0
A909,-17.339445,-53.224445,753.28
A910,-9.5633335,-57.393612,217.75
A911,-13.303889,-58.763332,105.0
A912,-15.558888,-55.179443,747.0
A913,-13.7080555,-59.7625,576.87
A914,-11.280278,-57.52667,263.43
A915,-14.421389,-54.03611,476.91
A916,-12.603056,-52.1625,355.0
A917,-11.982223,-55.566113,366.57
A918,-10.639444,-51.57139,233.28
A919,-9.906389,-58.572224,265.0
A920,-11.375,-58.774723,365.39
A921,-11.618889,-50.72778,201.37
A922,-15.0627775,-59.873055,213.0
A923,-15.58,-54.38111,680.0
A924,-10.077222,-56.179165,291.85
A925,-8.793612,-63.845833,86.7
A926,-9.970555,-55.8275,293.71
A927,-12.521944,-58.231388,426.2
A928,-13.038611,-57.09222,334.36
A929,-13.411111,-54.752224,466.48
A930,-13.184722,-53.2575,375.87
A931,-14.925,-53.884445,662.0
A932,-16.341667,-53.76611,525.43
A933,-17.175,-54.501667,593.12
A934,-17.84111,-53.289444,862.42
A935,-15.324722,-57.225834,147.75
A936,-15.1247225,-58.127224,300.83
A937,-15.234445,-59.34611,272.53
A938,-12.735,-60.157776,583.3
A939,-11.445833,-61.434166,183.53
A940,-9.948889,-62.961945,128.44
A941,-16.074722,-57.693054,123.53
A942,-10.484167,-52.3725,300.0
A943,-11.987778,-51.42611,441.0
A944,-14.828889,-56.441944,195.0
A945,-15.884722,-52.227222,304.0
A947,-12.288055,-50.97139,205.0
A949,-14.377778,-56.379723,317.0
A950,-12.234167,-56.602222,350.0
A954,-14.385555,-51.009724,252.0
A955,-13.075,-55.91139,393.0
B4-001,-20.516666,-47.4,
B4-002,-20.183332,-47.716667,715.0
B4-003,-20.65,-47.683334,677.0
B4-004,-20.583334,-47.783333,670.0
B4-005,-20.833334,-47.3,786.0
B4-006,-20.333334,-47.8,631.0
B4-010,-20.633333,-47.883335,725.0
B4-011,-20.716667,-47.966667,640.0
B4-012,-20.8,-47.766666,
B4-013,-20.75,-47.833332,714.0
B4-015,-20.74639,-47.89,
B4-017,-20.683332,-47.9,725.0
B4-018,-20.519444,-47.974724,
B4-020,-20.6,-47.483334,
B4-021,-20.6,-47.633335,735.0
B4-022,-20.466667,-47.6,858.0
B4-023,-20.316668,-47.583332,896.0
B4-024,-20.4,-47.4,970.0
B4-025,-20.016666,-47.833332,539.0
B4-026,-20.033333,-47.75,638.0
B4-027,-20.05,-47.833332,539.0
B4-028,-20.0,-47.733334,638.0
B4-029,-20.0,-47.816666,539.0
B4-030,-20.233334,-47.8,680.0
B4-032,-20.166666,-47.833332,550.0
B4-033,-20.0,-47.8,638.0
B4-034,-20.339722,-47.7725,
B4-035,-20.416668,-47.816666,
B4-036,-20.583334,-47.866665,604.0
B4-037,-20.25,-47.483334,981.0
B4-038,-20.079445,-47.425835,
B4-040,-20.883333,-47.616665,860.0
B4-044,-20.816668,-47.866665,632.0
B4-047,-20.516666,-47.833332,604.0
B4-048,-20.216667,-47.9,553.0
B4-053,-20.633333,-47.216667,
B4-054,-20.916666,-47.833332,588.0
B4-055,-20.35,-47.35,777.0
B4-056,-20.65,-47.1,827.0
B4-057,-20.7425,-47.456665,720.0
B4-059,-20.166666,-47.566666,749.0
B4-060,-20.9,-47.983334,540.0
B4-061,-20.633612,-47.28417,
B4-062,-20.216667,-47.35,908.0
B4-063,-20.283333,-47.416668,
B4-064,-20.083334,-47.866665,539.0
B4-065,-20.277222,-47.67611,
B4-066,-20.733334,-47.75,
B4-067,-20.233334,-47.333332,908.0
B5-001,-20.95,-48.466667,586.0
B5-002,-20.5825,-48.551666,
B5-003,-20.983334,-48.916668,523.0
B5-004,-20.72611,-48.05611,
B5-005,-20.816668,-48.783333,549.0
B5-006,-20.483334,-48.35,501.0
B5-007,-20.45,-48.45,478.0
B5-008,-20.8,-48.816666,533.0
B5-009,-20.608889,-48.95889,543.0
B5-010,-20.65,-48.566666,567.0
B5-011,-20.316668,-48.316666,517.0
B5-012,-20.627777,-48.810833,
B5-013,-20.183332,-48.033333,503.0
B5-015,-20.2,-48.5,478.0
B5-016,-20.85,-48.85,533.0
B5-017,-20.816668,-48.483334,556.0
B5-020,-20.751667,-48.91389,
B5-021,-20.183332,-48.683334,467.0
B5-022,-20.333334,-48.566666,490.0
B5-023,-20.45,-48.55,525.0
B5-024,-20.792778,-48.356945,
B5-025,-20.783333,-48.333332,526.0
B5-026,-20.866667,-48.283333,507.0
B5-027,-20.998056,-48.332222,602.0
B5-028,-20.745,-48.55528,
B5-029,-20.678057,-48.41083,
B5-031,-20.633333,-48.483334,537.0
B5-032,-20.783333,-48.333332,526.0
B5-033,-20.9,-48.63333,
B5-034,-20.716667,-48.933334,532.0
B5-035,-20.841944,-48.792778,
B5-036,-21.003056,-48.54889,
B5-037,-20.584444,-48.370277,
B5-040,-20.35,-48.3,518.0
B5-041,-20.366667,-48.283333,542.0
B5-050,-20.618055,-47.997776,672.0
B5-051,-20.316668,-48.1,530.0
B5-052,-20.45,-48.016666,
B5-053,-20.683332,-48.166668,540.0
B5-054,-20.9,-48.2,510.0
B5-057,-20.55,-48.983334,511.0
B5-059,-20.216667,-48.75,519.0
B5-060,-20.183332,-48.016666,503.0
B5-061,-20.239166,-48.6525,
B5-062,-20.45,-48.966667,472.0
B5-063,-20.260279,-48.80639,
B5-064,-20.716667,-48.233334,498.0
B5-065,-20.45,-48.283333,532.0
B5-066,-20.766666,-48.516666,565.0
B5-067,-20.966667,-48.466667,586.0
B5-068,-20.991945,-48.70778,502.0
B5-069,-20.625834,-48.60611,
B5-070,-20.598612,-48.66,
B5-071,-20.583055,-48.655556,
B6-001,-20.340555,-49.201946,457.0
B6-002,-20.795555,-49.52222,
B6-003,-20.629723,-49.3075,
B6-005,-20.866667,-49.3,547.0
B6-006,-20.916668,-49.45,
B6-007,-20.6175,-49.467777,
B6-008,-20.616667,-49.65,525.0
B6-009,-20.987778,-49.009724,547.0
B6-010,-20.4775,-49.57722,
B6-013,-20.033333,-49.4,457.0
B6-014,-20.816668,-49.416668,537.0
B6-015,-20.766666,-49.716667,473.0
B6-016,-20.816668,-49.383335,519.0
B6-019,-20.95,-49.166668,508.0
B6-020,-20.807777,-49.37417,488.0
B6-021,-20.816668,-49.516666,516.0
B6-022,-20.733334,-49.583332,
B6-023,-20.47889,-49.774166,
B6-024,-20.533333,-49.333332,518.0
B6-025,-20.525278,-49.059444,553.0
B6-026,-20.616667,-49.3,
B6-027,-20.683332,-49.683334,525.0
B6-028,-20.083334,-49.916668,431.0
B6-029,-20.180555,-49.3675,466.0
B6-030,-20.390833,-49.440556,
B6-032,-20.524166,-49.955,
B6-033,-20.3,-49.766666,
B6-034,-20.916668,-49.783333,
B6-035,-20.8,-49.4,519.0
B6-036,-20.439722,-49.980278,
B6-037,-20.905,-49.266666,
B6-038,-20.816668,-49.85,466.0
B6-039,-20.768057,-49.70111,
B6-043,-20.818056,-49.411667,523.0
B6-046,-20.433332,-49.983334,493.0
B6-047,-20.966667,-49.183334,508.0
B6-048,-20.66361,-49.925556,
B6-049,-20.25,-49.55,478.0
B6-050,-20.151112,-49.966946,
B6-052,-20.8,-49.966667,451.0
B6-053,-20.766666,-49.066666,511.0
B6-055,-20.15,-49.583332,493.0
B6-056,-20.8,-49.216667,
B6-057,-20.560556,-49.166668,
B7-003,-20.35,-50.183334,481.0
B7-005,-20.293056,-50.24222,
B7-006,-20.270277,-50.651943,453.0
B7-007,-20.283333,-50.4,477.0
B7-008,-20.306389,-50.546112,
B7-011,-20.440832,-50.083057,
B7-012,-20.195,-50.197224,
B7-013,-20.036112,-50.730556,415.0
B7-014,-20.078056,-50.341946,
B7-015,-20.25,-50.766666,423.0
B7-016,-20.25,-50.8,423.0
B7-017,-20.4,-50.116665,437.0
B7-018,-20.283333,-50.25,503.0
B7-019,-20.230278,-50.323612,
B7-024,-20.216667,-50.916668,356.0
B7-034,-20.508888,-50.02833,
B7-035,-20.704166,-50.71,
B7-036,-20.304722,-50.00722,
B7-037,-20.683332,-50.15,478.0
B7-038,-20.440277,-50.533054,
B7-039,-20.866388,-50.468887,
B7-040,-20.5,-50.316666,421.0
B7-041,-20.120556,-50.511944,
B7-042,-20.411388,-50.76361,
B7-043,-20.8,-50.183334,408.0
B7-044,-20.766666,-50.316666,411.0
B7-045,-20.690556,-50.550556,
B7-046,-20.683332,-50.916668,386.0
B7-047,-20.916666,-50.833332,366.0
B7-048,-21.070833,-50.710835,
B7-050,-20.951944,-50.109444,
B7-051,-20.35,-50.366665,437.0
B7-052,-20.1,-50.933334,385.0
B7-053,-20.645279,-50.661667,
B7-054,-20.45,-50.883335,390.0
B7-055,-20.563889,-50.220833,
B8-001,-20.716944,-51.15278,
B8-002,-20.87111,-51.496387,
B8-003,-20.183332,-51.016666,336.0
B8-004,-20.910278,-51.37639,
B8-005,-20.783333,-51.633335,291.0
B8-006,-20.8,-51.716667,320.0
B8-008,-20.75,-51.466667,367.0
B8-009,-20.533333,-51.1,348.0
B8-011,-20.934444,-51.106667,
B8-012,-20.916666,-51.016666,398.0
B8-015,-20.9,-51.383335,383.0
B8-016,-20.416666,-51.1,380.0
B8-023,-20.65,-51.516666,308.0
B8-025,-20.616667,-51.233334,329.0
B8-026,-20.35,-51.2,333.0
B8-027,-20.4,-51.35,352.0
B8-028,-20.983334,-51.716667,287.0
B8-029,-20.716667,-51.333332,343.0
B8-030,-20.783333,-51.116665,357.0
B8-031,-20.778889,-51.656944,291.0
B8-032,-20.516666,-51.183334,362.0
B8-033,-20.3,-51.05,358.0
B803,-24.570833,-52.800278,598.0
B804,-25.37139,-52.400833,889.0
B806,-25.322464,-49.157734,950.0
B807,-30.186111,-51.178055,3.3
B808,-29.95139,-51.12417,72.0
B809,-29.813889,-51.156666,23.0
B810,-30.096666,-51.67389,50.0
B811,-30.494167,-51.663334,116.0
B812,-29.965555,-51.625557,23.0
B813,-30.124445,-52.050835,54.0
B814,-29.758612,-51.43611,15.0
B816,-29.479166,-51.013332,650.0
B817,-28.874166,-50.975555,857.0
B818,-29.196112,-51.18639,756.0
B819,-29.655834,-50.618057,69.0
B820,-29.442223,-50.560276,886.0
B821,-30.858612,-53.155556,138.0
B822,-30.018333,-52.93889,73.0
B823,-31.574722,-53.388332,419.0
B825,-30.186111,-51.178333,3.3
B826,-32.01278,-53.403057,331.0
B827,-31.305555,-54.013332,226.2
B828,-31.874722,-54.11972,271.0
B829,-32.835835,-52.643612,2.0
B830,-33.531666,-53.350277,29.0
B832,-29.685278,-49.993057,0.0
B836,-30.249166,-50.509167,4.0
B839,-29.81611,-50.533333,47.0
B841,-29.41361,-49.80361,0.0
C3-001,-21.766666,-46.666668,1291.0
C3-002,-21.55,-46.633335,862.0
C3-003,-21.566668,-46.616665,862.0
C3-006,-21.866667,-46.666668,1305.0
C3-009,-21.822222,-46.91722,
C3-011,-21.714167,-46.82,
C3-014,-21.518888,-46.64722,
C3-023,-21.483334,-46.8,801.0
C3-024,-21.466667,-46.816666,852.0
C3-025,-21.416666,-46.783333,801.0
C3-026,-21.483334,-46.816666,852.0
C3-027,-21.466667,-46.783333,801.0
C3-028,-21.55,-46.8,806.0
C3-029,-21.533333,-46.8,806.0
C3-030,-21.466389,-46.745,
C3-031,-21.953056,-46.808056,754.0
C3-034,-21.95,-46.7,1262.0
C3-035,-21.601667,-46.90222,
C3-040,-21.433332,-46.85,852.0
C3-041,-21.666666,-46.616665,1168.0
C3-043,-21.833334,-46.75,1280.0
C4-001,-21.09389,-47.149166,
C4-002,-21.133333,-47.9,582.0
C4-003,-22.016666,-47.433334,659.0
C4-004,-21.933332,-47.616665,708.0
C4-005,-21.483334,-47.366665,628.0
C4-007,-21.36,-47.71111,
C4-008,-21.766666,-47.233334,766.0
C4-014,-21.4,-47.633335,687.0
C4-015,-21.383333,-47.7,595.0
C4-018,-21.466667,-47.016666,598.0
C4-019,-21.748056,-47.768333,
C4-021,-21.95,-47.7,708.0
C4-022,-21.883333,-47.883335,704.0
C4-023,-21.766666,-47.8,595.0
C4-024,-21.733334,-47.483334,648.0
C4-025,-21.2,-47.866665,645.0
C4-026,-21.890556,-47.031387,
C4-027,-21.883333,-47.233334,661.0
C4-029,-21.833334,-47.25,661.0
C4-031,-21.066668,-47.75,589.0
C4-032,-21.341389,-47.806946,698.0
C4-033,-22.032223,-47.42,
C4-034,-21.16361,-47.786667,
C4-036,-21.883333,-47.716667,739.0
C4-037,-21.9,-47.316666,594.0
C4-038,-21.766666,-47.083332,702.0
C4-039,-21.015278,-47.401943,
C4-040,-21.45,-47.0,718.0
C4-041,-21.716667,-47.5,648.0
C4-042,-21.366667,-47.716667,724.0
C4-043,-22.522223,-48.011112,
C4-044,-21.283333,-47.383335,750.0
C4-045,-21.45,-47.333332,628.0
C4-047,-21.383333,-47.416668,587.0
C4-048,-21.383333,-47.366665,664.0
C4-049,-21.433332,-47.383335,628.0
C4-050,-21.416666,-47.416668,677.0
C4-051,-21.316668,-47.35,664.0
C4-052,-21.366667,-47.433334,587.0
C4-054,-21.016666,-47.74139,
C4-055,-21.133333,-47.8,560.0
C4-056,-21.444721,-47.896942,
C4-057,-21.331388,-47.9375,
C4-058,-21.3,-47.95,562.0
C4-059,-21.3,-47.866665,618.0
C4-060,-21.133333,-47.716667,560.0
C4-062,-21.15,-47.783333,560.0
C4-063,-21.933332,-47.383335,594.0
C4-064,-21.2,-47.866665,645.0
C4-066,-21.466667,-47.6,718.0
C4-069,-21.383333,-47.083332,627.0
C4-070,-21.85,-47.316666,629.0
C4-071,-21.976667,-47.703056,
C4-072,-21.7825,-47.057777,715.0
C4-073,-21.883333,-47.316666,629.0
C4-074,-21.916666,-47.4,594.0
C4-075,-21.48889,-48.694443,
C4-076,-21.466667,-46.85,852.0
C4-077,-21.633333,-47.016666,603.0
C4-079,-21.533333,-47.216667,718.0
C4-081,-21.15,-47.8,560.0
C4-083,-21.201668,-47.58972,
C4-085,-21.966667,-47.466667,607.0
C4-086,-21.101667,-47.645832,
C4-087,-21.454166,-47.588055,
C4-088,-21.316668,-47.366665,664.0
C4-089,-21.316668,-47.466667,587.0
C4-090,-21.133333,-47.983334,618.0
C4-091,-21.5,-47.6,688.0
C4-092,-21.883057,-47.783333,
C4-093,-21.7,-47.283333,766.0
C4-094,-21.85,-47.5,576.0
C4-095,-21.733334,-47.633335,590.0
C4-096,-21.578333,-47.694168,
C4-097,-21.936666,-47.128334,
C4-098,-21.133333,-47.4,684.0
C4-099,-21.24361,-47.30361,818.0
C4-100,-21.6,-47.983334,578.0
C4-101,-21.783333,-47.95,613.0
C4-102,-21.266666,-47.180557,
C4-103,-21.555279,-47.388058,
C4-104,-21.083334,-47.9,531.0
C4-105,-21.283333,-47.433334,590.0
C4-106,-21.133333,-47.566666,594.0
C4-107,-21.7075,-47.47111,
C4-108,-21.696667,-47.816387,
C5-001,-21.033333,-48.483334,622.0
C5-002,-21.133333,-48.983334,535.0
C5-003,-21.883333,-48.516666,468.0
C5-004,-21.133333,-48.966667,535.0
C5-005,-21.783333,-48.166668,699.0
C5-007,-21.9,-48.1,765.0
C5-008,-21.75,-48.233334,654.0
C5-008A,-21.8,-48.166668,668.0
C5-009,-21.516666,-48.15,590.0
C5-010,-21.583334,-48.066666,534.0
C5-011,-21.684444,-48.082222,699.0
C5-012,-21.666668,-48.233334,
C5-015,-21.133333,-48.966667,535.0
C5-016,-21.873611,-48.47333,566.0
C5-017,-21.888056,-48.15167,
C5-018,-21.21889,-48.897778,
C5-019,-21.783333,-48.166668,699.0
C5-020,-21.5,-48.033333,534.0
C5-021,-21.4,-48.216667,584.0
C5-023,-21.25,-48.316666,632.0
C5-024,-21.016666,-48.033333,521.0
C5-025,-21.25,-48.3,572.0
C5-027,-21.274166,-48.766388,
C5-028,-21.333332,-48.316666,
C5-029,-21.9,-49.033333,465.0
C5-033,-21.216667,-48.933334,540.0
C5-035,-21.95,-48.0,791.0
C5-036,-21.883333,-48.05,678.0
C5-037,-21.733334,-48.1,613.0
C5-038,-21.783333,-48.85,503.0
C5-040,-21.05,-48.266666,546.0
C5-041,-21.266666,-48.683334,556.0
C5-042,-21.65889,-48.04111,636.0
C5-043,-21.016666,-48.766666,556.0
C5-045,-21.383333,-48.5,629.0
C5-046,-21.05,-48.466667,622.0
C5-047,-21.85,-48.65,460.0
C5-048,-21.804167,-48.603058,
C5-049,-21.816668,-48.616665,460.0
C5-050,-21.783333,-48.166668,
C5-051,-21.133333,-48.283333,565.0
C5-052,-21.216667,-48.45,634.0
C5-053,-21.983334,-48.383335,558.0
C5-055,-21.983334,-48.8,484.0
C5-056,-21.916666,-48.183334,603.0
C5-057,-21.966667,-48.133335,603.0
C5-058,-21.916666,-48.05,765.0
C5-059,-21.916666,-48.066666,765.0
C5-060,-21.933332,-48.083332,765.0
C5-061,-21.933332,-48.133335,603.0
C5-062,-21.9,-48.15,603.0
C5-063,-21.95,-48.166668,603.0
C5-065,-21.866667,-48.2,668.0
C5-067,-21.25,-48.316666,632.0
C5-068,-21.133333,-48.45,606.0
C5-070,-21.258612,-48.495556,
C5-073,-21.325556,-48.63139,
C5-074,-21.6,-48.35,
C5-075,-21.416666,-48.5,566.0
C5-076,-21.883333,-48.083332,678.0
C5-077,-21.65,-48.433334,593.0
C5-078,-21.75,-48.7,522.0
C5-080,-21.233334,-48.8,575.0
C5-081,-21.785278,-48.78,
C5-082,-21.7,-49.033333,
C5-083,-21.45,-48.466667,566.0
C5-084,-21.077778,-48.8,556.0
C5-086,-21.766666,-48.816666,503.0
C5-089,-21.651388,-48.870556,
C5-092,-21.156668,-48.628887,
C5-093,-21.583334,-48.816666,507.0
C5-094,-21.333334,-48.85,490.0
C5-095,-21.783333,-48.566666,541.0
C5-096,-21.183332,-48.183334,527.0
C5-097,-21.583334,-48.783333,516.0
C5-098,-21.833334,-48.5,527.0
C5-099,-21.0,-48.0,525.0
C5-101,-21.85,-48.8,450.0
C5-103,-21.183332,-48.116665,527.0
C5-104,-21.363333,-48.064167,
C5-105,-21.466667,-48.61667,
C5-106,-21.533333,-48.516666,548.0
C5-107,-21.732779,-48.53389,
C5-108,-21.9,-48.683334,455.0
C5-109,-21.516666,-48.316666,619.0
C5-110,-21.75,-49.0,457.0
C5-112,-21.3525,-48.20861,
C5-113,-21.118889,-48.413612,
C5-114,-21.11111,-48.078335,540.0
C5-115,-21.174444,-48.1175,
C5-116,-21.45,-48.55,538.0
C5-117,-21.991112,-48.390278,
C5-118,-21.833334,-48.366665,544.0
C5-119,-21.582777,-48.97167,426.0
C5-120,-21.633333,-48.083332,613.0
C5-121,-21.666666,-48.183334,637.0
C5-124,-21.866667,-48.275,
C5-125,-21.8125,-48.165,
C6-002,-21.916666,-49.65,456.0
C6-003,-21.2675,-49.942223,
C6-007,-21.666666,-49.75,449.0
C6-008,-21.598333,-49.80528,
C6-012,-21.916666,-49.85,488.0
C6-013,-21.883333,-49.9,484.0
C6-015,-21.704166,-49.689445,456.0
C6-016,-21.733334,-49.65,456.0
C6-017,-21.8125,-49.609165,
C6-018,-21.866667,-49.633335,481.0
C6-023,-21.916666,-49.783333,483.0
C6-030,-21.083334,-49.233334,458.0
C6-031,-21.083334,-49.55,453.0
C6-036,-21.18389,-49.58278,
C6-037,-21.466667,-49.216667,461.0
C6-040,-21.311111,-49.05722,
C6-041,-21.206112,-49.291943,
C6-050,-21.888056,-49.234165,441.0
C6-051,-21.888332,-49.5275,
C6-053,-21.056667,-49.0625,
C6-054,-21.45,-49.366665,432.0
C6-056,-21.7,-49.133335,426.0
C6-057,-21.8,-49.6,473.0
C6-058,-21.7,-49.683334,456.0
C6-059,-21.553888,-49.86667,
C6-066,-21.043612,-49.37472,
C6-071,-21.914444,-49.897778,
C6-074,-21.466667,-49.216667,461.0
C6-078,-21.785833,-49.819168,
C6-080,-21.616667,-49.066666,460.0
C6-083,-21.85,-49.7,481.0
C6-085,-21.35,-49.5,422.0
C6-086,-21.45,-49.95,430.0
C6-088,-21.059723,-49.684444,
C6-089,-21.25,-49.8,406.0
C6-090,-21.45,-49.566666,401.0
C6-092,-21.283333,-49.416668,449.0
C6-093,-21.533333,-49.15,452.0
C6-094,-21.416666,-49.316666,432.0
C6-095,-21.583334,-49.433334,407.0
C6-096,-21.733334,-49.35,452.0
C6-097,-21.9,-49.366665,502.0
C6-098,-21.416666,-49.8,412.0
C6-099,-21.433332,-49.1,480.0
C6-100,-21.119722,-49.18028,460.0
C6-101,-21.05,-49.966667,411.0
C6-103,-21.983334,-49.45,479.0
C6-104,-21.366667,-49.883335,396.0
C7-001,-21.940277,-50.94,
C7-002,-21.116667,-50.183334,361.0
C7-003,-21.061111,-50.46611,
C7-004,-21.961945,-50.46389,
C7-005,-21.2,-50.416668,390.0
C7-006,-21.75,-50.11667,
C7-007,-21.2,-50.433334,390.0
C7-008,-21.335278,-50.356945,
C7-009,-21.2,-50.45,
C7-010,-21.433332,-50.066666,
C7-011,-21.583332,-50.166668,
C7-012,-21.25,-50.716667,422.0
C7-013,-21.483334,-50.116665,405.0
C7-014,-21.416666,-50.066666,427.0
C7-015,-21.766666,-50.916668,441.0
C7-016,-21.56639,-50.318054,
C7-017,-21.533333,-50.333332,454.0
C7-018,-21.266666,-50.65,401.0
C7-020,-21.2,-50.266666,391.0
C7-023,-21.174444,-50.23611,374.0
C7-024,-21.35,-50.283333,
C7-028,-21.283333,-50.333332,
C7-029,-21.233334,-50.85,435.0
C7-030,-21.283333,-50.333332,413.0
C7-031,-21.283333,-50.35,413.0
C7-033,-21.266666,-50.63333,
C7-034,-21.25,-50.86667,
C7-035,-21.268333,-50.335,415.0
C7-036,-21.783333,-50.783333,446.0
C7-037,-21.35,-50.683334,
C7-043,-21.933332,-50.533333,472.0
C7-045,-21.733334,-50.716667,446.0
C7-046,-21.8,-50.616665,462.0
C7-048,-21.276388,-50.356945,411.0
C7-049,-21.116667,-50.833332,390.0
C7-051,-21.316668,-50.866665,381.0
C7-054,-21.87,-50.676388,
C7-056,-21.301945,-50.361946,447.0
C7-060,-21.3,-50.333332,425.0
C7-062,-22.694445,-50.91111,
C7-064,-23.127777,-51.533333,
C7-066,-21.900557,-50.59778,
C7-067,-21.798056,-50.871666,
C7-069,-21.233334,-50.866665,435.0
C7-071,-21.75,-50.95,441.0
C7-072,-21.083334,-50.383335,344.0
C7-073,-21.32611,-50.519722,
C7-074,-21.8,-50.241943,
C7-075,-21.620556,-50.91639,
C7-076,-21.633333,-50.5,394.0
C7-077,-21.983334,-50.1,479.0
C7-078,-21.595556,-50.601665,
C7-079,-21.0,-50.916668,390.0
C7-080,-21.066668,-50.15,400.0
C7-081,-21.416666,-50.833332,377.0
C7-082,-21.65,-50.016666,437.0
C7-083,-21.516666,-50.616665,401.0
C7-084,-21.333334,-50.95,378.0
C7-085,-21.387777,-50.451668,
C7-086,-21.13861,-50.19278,
C7-087,-21.566668,-50.45,440.0
C8-001,-21.88611,-51.727222,
C8-002,-21.616388,-51.16833,
C8-004,-21.687778,-51.041943,
C8-007,-21.383333,-51.566666,360.0
C8-008,-21.300278,-51.57,
C8-009,-21.96889,-51.642776,
C8-010,-21.831944,-51.98528,
C8-011,-21.87861,-51.838333,
C8-012,-21.966667,-51.65,421.0
C8-013,-21.733334,-51.016666,402.0
C8-014,-21.951668,-51.412224,
C8-015,-21.133333,-51.1,417.0
C8-016,-21.1,-51.166668,409.0
C8-018,-21.72889,-51.011112,
C8-019,-21.352777,-51.8575,
C8-022,-21.027222,-51.191944,
C8-026,-21.833055,-51.47972,
C8-029,-21.316668,-51.833332,298.0
C8-030,-21.5,-51.15,
C8-035,-21.55,-51.266666,402.0
C8-042,-21.566668,-51.35,
C8-043,-21.466944,-51.548332,
C8-044,-21.866667,-51.833332,385.0
C8-045,-21.1,-51.483334,335.0
C8-046,-21.433332,-51.366665,362.0
C8-047,-21.783333,-51.183334,375.0
C8-048,-21.716667,-51.45,329.0
C8-049,-21.216667,-51.3,347.0
C8-050,-21.283333,-51.133335,361.0
C8-051,-21.087221,-51.330555,
C8-052,-21.449167,-51.010277,334.0
C8-053,-21.133333,-51.766666,281.0
C8-054,-22.001389,-51.135555,
C8-055,-21.58361,-51.708332,
C8-056,-21.01361,-51.101944,
C8-057,-21.716667,-51.816666,364.0
C8-058,-21.134443,-51.10139,
C8-059,-21.737778,-51.441113,
C8-060,-21.833334,-51.6,365.0
C9-001,-21.75,-52.1,301.0
C9-003,-21.766666,-52.15,265.0
C9-006,-21.783333,-52.133335,265.0
C9-007,-21.916666,-52.183334,333.0
CA-CL-01,-14.85528,-45.93583,
CA-PR-01,-14.64944,-45.50194,
CA-PR-02,-14.234011,-44.626904,
CD-CL-01,-13.96659,-42.60482,
CD-CL-02,-12.57591,-43.12782,
CO-CL-01,-14.618055,-41.149723,
CO-CL-02,-14.207222,-41.778053,
CO-CL-03,-13.873055,-40.071945,
CO-CL-04,-13.164166,-41.770832,
CO-PR-01,-14.59737,-42.38433,
CO-PR-02,-14.283478,-41.75792,
CO-PR-03,-14.980998,-41.410133,
CT-CL-01,-13.75194,-45.87028,
CT-CL-02,-14.11621,-45.84417,
CT-PR-01,-13.222316,-45.15497,
CT-PR-02,-13.741772,-45.46609,
CT-PR-03,-13.940105,-46.188065,
CT-PR-04,-13.987891,-45.38915,
CT-PR-05,-14.389284,-45.84028,
CT-PR-06,-14.260954,-45.27887,
CT-PR-07,-13.384662,-44.184536,
D1-001,-22.683332,-44.316666,514.0
D1-003,-22.65,-44.583332,728.0
D1-005,-22.916666,-44.816666,1031.0
D1-006,-22.583334,-44.983334,582.0
D1-008,-22.5,-45.016666,694.0
D1-009,-22.533333,-44.766666,597.0
D1-010,-22.65,-44.583332,728.0
D1-013,-22.666666,-44.45,564.0
D1-019,-22.583334,-44.7,532.0
D1-020,-22.666668,-44.85,
D1-021,-22.733334,-44.916668,764.0
D1-022,-22.766666,-44.7,1629.0
D1-023,-22.816668,-44.866665,1041.0
D1-024,-22.85,-44.783333,1348.0
D1-025,-22.933332,-44.916668,952.0
D1-026,-22.8,-44.466667,1112.0
D1-027,-22.7,-44.683334,1629.0
D1-028,-22.533333,-44.883335,589.0
D2-001,-22.716667,-45.566666,
D2-002,-22.8,-45.166668,637.0
D2-004,-22.833334,-45.633335,1108.0
D2-005,-22.716667,-45.533333,1706.0
D2-006,-22.9,-45.3,797.0
D2-007,-22.816668,-45.233334,593.0
D2-008,-22.7,-45.133335,538.0
D2-009,-22.9,-45.15,988.0
D2-010,-22.666666,-45.016666,549.0
D2-012,-22.933332,-45.466667,570.0
D2-013,-22.666666,-45.016666,549.0
D2-014,-22.9,-45.433334,570.0
D2-015,-22.733334,-45.2,538.0
D2-017,-22.833334,-45.166668,637.0
D2-018,-22.966667,-45.45,570.0
D2-019,-22.75,-45.666668,1359.0
D2-020,-22.933332,-45.833332,
D2-021,-22.916666,-45.966667,849.0
D2-022,-22.9,-45.083332,917.0
D2-024,-22.666666,-45.566666,1485.0
D2-025,-23.0,-45.05,872.0
D2-026,-22.866667,-45.783333,1063.0
D2-028,-22.816668,-45.733334,1063.0
D2-029,-22.766666,-45.7,
D2-030,-22.733334,-45.65,1359.0
D2-031,-22.833334,-45.166668,637.0
D2-032,-22.816668,-45.0,1026.0
D2-033,-22.8,-45.183334,637.0
D2-034,-22.85,-45.066666,935.0
D2-035,-22.733334,-45.083332,
D2-037,-22.75,-45.05,596.0
D2-039,-22.683332,-45.75,996.0
D2-040,-22.7,-45.033333,596.0
D2-041,-22.9,-45.483334,570.0
D2-042,-22.7,-45.483334,1145.0
D2-059,-22.833334,-45.2,637.0
D2-060,-22.933332,-45.316666,674.0
D2-061,-22.983334,-45.283333,797.0
D2-062,-22.766666,-45.116665,538.0
D2-063,-22.7,-45.283333,565.0
D2-064,-22.9,-45.133335,988.0
D2-065,-22.95,-45.25,797.0
D2-066,-22.9,-45.183334,988.0
D2-067,-22.85,-45.583332,713.0
D2-068,-22.766666,-45.516666,1706.0
D2-069,-22.716667,-45.25,565.0
D2-070,-22.916666,-45.466667,570.0
D2-071,-22.966667,-45.416668,570.0
D2-073,-23.05,-45.416668,677.0
D2-074,-22.983334,-45.383335,674.0
D2-075,-22.766666,-45.45,1145.0
D2-076,-22.75,-45.233334,544.0
D2-077,-22.716667,-45.35,733.0
D2-078,-22.6,-45.216667,918.0
D2-079,-22.783333,-45.35,733.0
D2-080,-22.6,-45.183334,602.0
D2-081,-22.716667,-45.083332,596.0
D2-082,-22.866667,-45.65,1108.0
D2-083,-22.55,-45.05,694.0
D2-090,-22.583334,-45.1,694.0
D2-091,-22.55,-45.15,1036.0
D2-092,-22.633333,-45.5,1618.0
D2-093,-23.0,-45.05,872.0
D2-094,-22.983334,-45.183334,988.0
D2-095,-22.65,-45.3,918.0
D2-096,-22.7,-45.483334,1145.0
D2-097,-22.8,-45.0,1026.0
D2-098,-22.916666,-45.65,624.0
D2-099,-22.683332,-45.733334,996.0
D2-101,-22.65,-45.3,918.0
D3-001,-22.816668,-46.883335,856.0
D3-002,-22.930555,-46.898613,764.0
D3-003,-22.283333,-46.766666,830.0
D3-004,-22.55,-46.966667,644.0
D3-005,-22.7,-46.633335,893.0
D3-008,-22.411388,-46.94389,
D3-009,-22.529444,-46.953056,644.0
D3-010,-22.6,-46.95,629.0
D3-012,-22.601389,-46.705,
D3-013,-22.416666,-46.75,691.0
D3-014,-22.526112,-46.65139,
D3-015,-22.442223,-46.820557,
D3-018,-22.876389,-46.41111,
D3-019,-22.966667,-46.1,1151.0
D3-020,-22.366667,-46.733334,724.0
D3-021,-22.166666,-46.733334,900.0
D3-022,-22.05,-46.966667,676.0
D3-023,-22.715279,-46.843887,
D3-024,-22.466667,-46.633335,915.0
D3-027,-22.695833,-46.671665,
D3-029,-22.716667,-46.766666,911.0
D3-030,-22.5975,-46.515556,
D3-031,-22.620277,-46.842777,
D3-032,-22.366667,-46.933334,634.0
D3-033,-22.45,-46.95,662.0
D3-035,-22.754168,-46.43528,
D3-036,-22.788334,-46.57639,
D3-041,-22.333334,-46.716667,724.0
D3-042,-22.700832,-46.981945,
D3-046,-22.873056,-46.791943,
D3-050,-22.783333,-46.983334,678.0
D3-052,-22.742779,-46.93833,
D3-054,-22.932222,-46.267776,
D3-055,-22.776112,-46.99361,648.0
D3-063,-22.925556,-46.53417,
D3-064,-22.883333,-46.583332,880.0
D3-065,-22.816668,-46.683334,862.0
D3-066,-22.083334,-46.733334,840.0
D3-067,-22.216667,-46.95,643.0
D3-068,-22.733334,-46.433334,1122.0
D3-069,-22.961945,-46.655,
D3-070,-23.0,-46.033333,747.0
D3-071,-22.154722,-46.71361,
D3-072,-22.95,-46.533333,864.0
D4-002,-22.733334,-47.65,552.0
D4-003,-22.733334,-47.65,552.0
D4-004,-22.711945,-47.318054,
D4-005,-22.733334,-47.333332,585.0
D4-010,-22.9,-47.066666,708.0
D4-011,-22.966667,-47.083332,708.0
D4-012,-22.405556,-47.555832,
D4-013,-22.366667,-47.4,641.0
D4-014,-22.233334,-47.8,784.0
D4-015,-22.016666,-47.9,853.0
D4-016,-22.333055,-47.49167,
D4-017,-22.016666,-47.883335,853.0
D4-019,-22.733334,-47.533333,569.0
D4-021,-22.516666,-47.4,611.0
D4-022,-22.916666,-47.9,495.0
D4-023,-22.266666,-47.75,784.0
D4-027,-22.3,-47.45,662.0
D4-028,-22.25,-47.25,615.0
D4-029,-22.254723,-47.37611,
D4-030,-22.160555,-47.25889,570.0
D4-031,-22.183332,-47.383335,630.0
D4-032,-22.116667,-47.416668,673.0
D4-033,-22.166666,-47.9,769.0
D4-034,-22.266666,-47.316666,654.0
D4-035,-22.129723,-47.6675,
D4-036,-23.605556,-49.11111,
D4-037,-22.148333,-47.795,787.0
D4-038,-22.466667,-47.4,666.0
D4-040,-22.233334,-47.983334,760.0
D4-042,-22.283333,-47.55,659.0
D4-043,-22.21611,-47.62,
D4-044,-22.87139,-47.0775,706.0
D4-045,-22.033333,-47.966667,768.0
D4-046,-22.780277,-47.038055,
D4-047,-22.835833,-47.07111,
D4-049,-22.7,-47.65,552.0
D4-050,-22.233334,-47.3,615.0
D4-051,-22.9,-47.066666,708.0
D4-052,-22.660833,-47.218056,562.0
D4-053,-22.566668,-47.4,611.0
D4-054,-22.516666,-47.783333,555.0
D4-056,-22.683332,-47.7,540.0
D4-059,-22.478333,-47.514168,
D4-060,-22.533333,-47.916668,623.0
D4-061,-22.683332,-47.766666,512.0
D4-062,-22.65,-47.783333,512.0
D4-063,-22.983334,-47.733334,512.0
D4-064,-22.598057,-47.37583,
D4-068,-22.865557,-47.607777,
D4-069,-23.00361,-47.50889,
D4-071,-22.783333,-47.966667,551.0
D4-072,-22.95,-47.316666,566.0
D4-074,-22.437222,-47.723057,
D4-075,-21.986666,-47.87583,838.0
D4-079,-22.816668,-47.466667,604.0
D4-080,-22.883333,-47.15,619.0
D4-082,-22.632778,-47.051945,592.0
D4-083,-22.960556,-47.296112,
D4-084,-22.816668,-47.05,657.0
D4-085,-22.916666,-47.383335,566.0
D4-086,-22.883333,-47.416668,604.0
D4-087,-22.833334,-47.433334,604.0
D4-088,-22.7575,-47.42472,
D4-089,-22.733334,-47.466667,555.0
D4-090,-22.9,-47.416668,570.0
D4-091,-22.916666,-47.466667,570.0
D4-092,-22.876389,-47.455833,604.0
D4-094,-22.333334,-47.183334,625.0
D4-096,-22.583334,-47.55,626.0
D4-098,-22.366667,-47.983334,840.0
D4-099,-22.573334,-47.15472,
D4-100,-22.283333,-47.15,644.0
D4-101,-22.033333,-47.116665,620.0
D4-102,-22.75,-47.516666,569.0
D4-103,-22.566668,-47.6,626.0
D4-104,-22.7175,-47.651943,
D4-105,-22.166666,-47.133335,639.0
D4-106,-22.09389,-47.975,
D4-107,-22.483334,-47.233334,643.0
D4-108,-22.116667,-47.666668,700.0
D4-109,-22.58361,-47.69639,
D4-111,-22.845278,-47.253887,
D4-112,-22.392221,-47.545834,
D4-113,-22.825834,-47.730556,565.0
D4-114,-22.813055,-47.73611,565.0
D4-115,-22.795555,-47.698055,
D4-116,-22.78111,-47.714443,513.0
D4-117,-22.793888,-47.72,513.0
D4-118,-22.821945,-47.714443,565.0
D4-124,-23.044443,-47.766666,
D4-125,-22.3275,-47.637222,
D5-002,-22.283333,-48.133335,639.0
D5-003,-22.071112,-48.177223,
D5-004,-22.516666,-48.65,523.0
D5-005,-22.366667,-48.85,553.0
D5-006,-22.395832,-48.16389,
D5-007,-22.301945,-48.539722,590.0
D5-008,-22.366667,-48.383335,717.0
D5-009,-22.216667,-48.6,571.0
D5-014,-22.6,-48.8,624.0
D5-018,-22.312222,-48.890556,
D5-019,-22.82611,-48.4375,
D5-020,-22.5,-48.566666,520.0
D5-021,-22.45,-48.45,663.0
D5-022,-22.416666,-48.45,663.0
D5-023,-22.12889,-48.33,
D5-024,-22.333334,-48.733334,478.0
D5-025,-22.25,-48.566666,571.0
D5-028,-22.516666,-48.533333,520.0
D5-029,-22.869444,-48.654446,
D5-030,-22.083334,-48.45,491.0
D5-033,-22.433332,-48.166668,819.0
D5-034,-22.083334,-48.25,607.0
D5-035,-22.15,-48.75,461.0
D5-037,-22.794443,-48.1275,
D5-038,-22.233334,-48.716667,462.0
D5-039,-22.316668,-48.716667,478.0
D5-040,-22.997223,-48.684723,
D5-041,-22.476667,-48.994167,617.0
D5-042,-22.033333,-48.05,643.0
D5-044,-22.685,-48.11361,
D5-045,-22.116667,-48.316666,563.0
D5-046,-22.066668,-48.733334,478.0
D5-047,-22.736668,-48.56778,
D5-048,-22.041111,-48.269444,
D5-051,-22.366667,-48.383335,717.0
D5-053,-22.1,-48.3,562.0
D5-054,-22.1,-48.7,523.0
D5-055,-22.033333,-48.333332,551.0
D5-056,-22.966667,-48.1,509.0
D5-059,-22.95,-48.433334,852.0
D5-062,-22.566668,-48.15,551.0
D5-063,-22.683332,-48.333332,466.0
D5-064,-22.133333,-48.516666,579.0
D5-065,-22.75,-48.5,534.0
D5-069,-22.416666,-48.016666,853.0
D5-072,-22.6,-48.783333,624.0
D5-075,-22.940556,-48.2975,
D5-076,-22.0675,-48.046112,643.0
D5-077,-22.15,-48.516666,579.0
D5-078,-22.283333,-48.116665,639.0
D5-079,-22.983334,-48.616665,758.0
D5-080,-22.916666,-48.983334,692.0
D5-081,-22.771667,-48.876667,
D5-082,-22.540556,-48.241665,521.0
D5-083,-22.933332,-48.166668,508.0
D5-084,-22.224722,-48.59889,
D5-085,-22.45,-48.766666,529.0
D5-086,-24.122223,-48.61111,
D5-087,-22.24611,-48.388332,
D5-098,-22.1,-48.033333,705.0
D6-001,-22.333334,-49.083332,570.0
D6-002,-22.383333,-49.066666,570.0
D6-003,-22.95,-49.38333,
D6-004,-22.983334,-49.833332,441.0
D6-005,-22.366667,-49.516666,571.0
D6-006,-22.87611,-49.23639,
D6-007,-22.433332,-49.416668,542.0
D6-009,-22.25,-50.083332,504.0
D6-010,-22.233334,-49.933334,590.0
D6-011,-22.983334,-49.833332,
D6-013,-22.316668,-50.0,489.0
D6-014,-22.233334,-49.566666,609.0
D6-016,-22.216667,-49.95,590.0
D6-017,-22.216667,-49.816666,545.0
D6-018,-22.2,-49.65,
D6-019,-22.306944,-49.530556,
D6-020,-22.416666,-49.416668,542.0
D6-021,-22.46,-49.335556,
D6-022,-22.416666,-49.133335,578.0
D6-025,-22.2125,-49.934444,
D6-028,-22.95,-49.533333,585.0
D6-030,-22.333334,-49.366665,566.0
D6-032,-22.785278,-49.934723,
D6-035,-22.868889,-49.584167,
D6-036,-22.316668,-49.033333,570.0
D6-039,-22.9,-49.616665,484.0
D6-040,-22.527779,-49.6625,
D6-041,-22.7,-49.433334,552.0
D6-044,-22.216667,-49.65,651.0
D6-045,-22.216667,-49.95,590.0
D6-046,-22.383333,-49.3,523.0
D6-050,-22.333334,-49.083332,570.0
D6-057,-22.3,-49.15,523.0
D6-058,-22.166668,-49.333332,
D6-059,-22.1,-49.433334,519.0
D6-061,-22.333334,-49.083332,570.0
D6-068,-22.0,-49.466667,543.0
D6-080,-22.376389,-50.005554,
D6-082,-22.283333,-49.116665,539.0
D6-083,-23.028889,-49.785,
D6-084,-22.416666,-49.666668,553.0
D6-086,-22.05,-49.61667,
D6-087,-22.053057,-49.045834,
D6-088,-22.116667,-49.2,492.0
D6-089,-22.9,-50.0,425.0
D6-090,-22.716667,-49.566666,536.0
D6-091,-22.583332,-49.4,
D6-092,-22.316668,-49.766666,
D6-093,-22.083332,-49.716667,
D6-094,-22.433332,-49.916668,
D6-095,-22.749443,-49.73861,
D6-096,-22.616667,-49.283333,582.0
D6-097,-22.233334,-49.433334,517.0
D6-098,-22.130833,-49.913612,
D6-099,-22.183332,-49.583332,556.0
D6-100,-22.580833,-49.836945,
D6-101,-22.866667,-49.05,655.0
D6-102,-22.616388,-49.54222,
D6-103,-22.723612,-49.308887,
D6-104,-22.833334,-49.816666,469.0
D6-105,-22.44111,-49.763332,
D6-106,-22.601389,-50.010277,
D6-107,-22.45,-49.533333,542.0
D7-001,-22.257778,-50.700832,
D7-003,-22.105556,-50.195,496.0
D7-004,-22.416666,-50.566666,471.0
D7-007,-22.338057,-50.39,
D7-012,-22.816668,-50.066666,447.0
D7-019,-22.666666,-50.416668,546.0
D7-020,-22.639168,-50.40139,
D7-030,-22.816668,-50.316666,412.0
D7-031,-22.8825,-50.329445,
D7-032,-22.150278,-50.08972,554.0
D7-033,-22.072222,-50.30389,495.0
D7-034,-22.1,-50.183334,496.0
D7-035,-22.416666,-50.566666,471.0
D7-036,-22.235832,-50.88889,
D7-037,-22.1,-50.183334,496.0
D7-038,-22.233334,-50.883335,516.0
D7-039,-22.816668,-50.166668,443.0
D7-041,-22.666666,-50.616665,474.0
D7-043,-22.420834,-50.57111,
D7-046,-22.43111,-50.198612,
D7-048,-22.340555,-50.018333,
D7-053,-22.783333,-50.216667,485.0
D7-054,-22.9,-50.733334,358.0
D7-055,-22.671944,-50.478333,
D7-056,-22.85,-50.55,413.0
D7-057,-22.733334,-50.8,388.0
D7-058,-22.6,-50.0,537.0
D7-059,-22.216667,-50.233334,441.0
D7-061,-22.060833,-50.516666,420.0
D7-062,-22.25,-50.55,478.0
D7-064,-22.608055,-50.18139,
D7-065,-22.44111,-50.990833,
D7-066,-22.46139,-50.36889,
D7-067,-22.348333,-50.0475,478.0
D7-068,-22.623611,-50.905277,
D7-069,-22.566668,-50.783333,431.0
D7-071,-22.81639,-50.31,
D7-073,-22.121668,-50.828335,
D7-074,-22.27111,-50.107224,
D7-075,-22.181667,-50.39722,434.0
D7-076,-22.533333,-50.533333,484.0
D7-077,-22.166666,-50.983334,443.0
D7-078,-22.783333,-50.65,422.0
D8-001,-22.216667,-51.316666,480.0
D8-003,-22.1,-51.38333,
D8-004,-22.516666,-51.816666,
D8-006,-22.716667,-51.13333,
D8-008,-22.3,-51.916668,
D8-009,-22.183332,-51.25,439.0
D8-011,-22.133333,-51.383335,427.0
D8-012,-22.083334,-51.466667,431.0
D8-013,-22.666668,-51.083332,
D8-015,-22.15,-51.166668,473.0
D8-016,-22.516666,-51.633335,349.0
D8-025,-22.266666,-51.5,
D8-027,-22.083334,-51.466667,431.0
D8-028,-22.383333,-51.283333,
D8-032,-22.6,-51.716667,328.0
D8-035,-22.1,-51.966667,
D8-038,-22.166666,-51.766666,380.0
D8-039,-22.116667,-51.383335,427.0
D8-040,-22.416668,-51.516666,
D8-041,-22.24889,-51.166943,
D8-045,-22.55,-51.95,306.0
D8-047,-22.155,-51.252777,
D8-048,-21.966667,-51.9,353.0
D8-050,-22.633333,-51.266666,359.0
D8-052,-22.406944,-51.17389,
D8-053,-22.566668,-51.133335,433.0
D8-054,-22.6,-51.733334,328.0
D8-055,-22.583334,-51.45,376.0
D8-056,-22.016666,-51.55,414.0
D8-057,-22.0125,-51.234444,
D9-001,-22.466667,-52.883335,299.0
D9-002,-22.366667,-52.316666,416.0
D9-003,-22.526112,-52.18,
D9-004,-22.555279,-52.58389,
D9-005,-22.316668,-52.65,344.0
D9-006,-22.289444,-52.102222,
D9-014,-22.554722,-52.41111,
D9-015,-22.583334,-53.066666,253.0
D9-016,-22.583334,-52.816666,291.0
D9-017,-22.416666,-52.416668,411.0
D9-018,-22.233334,-52.466667,339.0
D9-019,-22.1,-52.333332,363.0
D9-020,-22.620556,-52.171665,
D9-021,-22.416666,-52.466667,411.0
D9-022,-22.464722,-52.540833,
D9-023,-22.533333,-52.783333,309.0
D9-024,-22.283333,-52.25,388.0
D9-025,-22.35,-52.516666,365.0
E1-001,-23.083334,-44.9,1189.0
E1-002,-23.066668,-44.95,912.0
E1-003,-23.366667,-44.733334,206.0
E1-004,-23.383333,-44.833332,140.0
E1-005,-23.183332,-44.983334,1175.0
E1-006,-23.116667,-44.85,1391.0
E1-007,-23.083332,-44.966667,
E2-001,-23.133333,-45.75,591.0
E2-002,-23.216667,-45.733334,743.0
E2-003,-23.416666,-45.116665,238.0
E2-004,-23.65,-45.866665,848.0
E2-007,-23.116667,-45.2,919.0
E2-008,-23.383333,-45.45,
E2-009,-23.383333,-45.116665,875.0
E2-012,-23.783333,-45.35,
E2-013,-23.1,-45.683334,695.0
E2-015,-23.516666,-45.866665,882.0
E2-017,-23.183332,-45.7,695.0
E2-019,-23.65,-45.9,848.0
E2-020,-23.2,-45.633335,806.0
E2-021,-23.233334,-45.3,938.0
E2-022,-23.033333,-45.566666,620.0
E2-023,-23.066668,-45.6,620.0
E2-024,-23.466667,-45.35,794.0
E2-025,-23.25,-45.683334,806.0
E2-026,-23.366667,-45.683334,
E2-027,-23.333334,-45.15,875.0
E2-028,-23.283333,-45.533333,
E2-029,-23.4,-45.88333,
E2-030,-23.3,-45.966667,636.0
E2-031,-23.283333,-45.95,
E2-032,-23.183332,-45.883335,568.0
E2-033,-23.1,-45.716667,591.0
E2-034,-23.133333,-45.716667,
E2-035,-23.05,-45.55,620.0
E2-036,-23.05,-45.9,677.0
E2-037,-23.283333,-45.783333,743.0
E2-038,-23.366667,-45.683334,726.0
E2-039,-23.45,-45.583332,749.0
E2-040,-23.5,-45.55,763.0
E2-041,-23.55,-45.466667,713.0
E2-042,-23.583334,-45.45,713.0
E2-043,-23.616667,-45.433334,18.0
E2-045,-23.766666,-45.416668,
E2-046,-23.633333,-45.433334,18.0
E2-048,-23.083332,-45.666668,
E2-049,-23.083334,-45.2,878.0
E2-050,-23.816668,-45.35,559.0
E2-051,-23.183332,-45.466667,710.0
E2-052,-23.433332,-45.066666,
E2-053,-23.65,-45.933334,855.0
E2-054,-23.533333,-45.85,
E2-055,-23.25,-45.2,1257.0
E2-056,-23.3,-45.966667,636.0
E2-057,-23.266666,-45.833332,640.0
E2-091,-23.15,-45.383335,851.0
E2-092,-23.2,-45.466667,819.0
E2-093,-23.15,-45.516666,749.0
E2-094,-23.066668,-45.55,620.0
E2-095,-23.066668,-45.5,
E2-096,-23.1,-45.466667,710.0
E2-097,-23.133333,-45.416668,710.0
E2-098,-23.133333,-45.5,710.0
E2-099,-23.183332,-45.8,
E2-100,-23.633333,-45.833332,848.0
E2-101,-23.233334,-45.85,640.0
E2-102,-23.216667,-45.783333,743.0
E2-103,-23.133333,-45.5,710.0
E2-104,-23.2,-45.516666,865.0
E2-105,-23.15,-45.533333,749.0
E2-106,-23.2,-45.533333,865.0
E2-107,-23.183332,-45.55,749.0
E2-108,-23.2,-45.516666,865.0
E2-109,-23.316668,-45.883335,665.0
E2-110,-23.633333,-45.95,855.0
E2-112,-23.566668,-45.966667,
E2-113,-23.033333,-45.783333,587.0
E2-114,-23.566668,-45.716667,1009.0
E2-116,-23.366667,-45.366665,921.0
E2-117,-23.066668,-45.066666,872.0
E2-118,-23.55,-45.6,763.0
E2-122,-23.533333,-45.233334,114.0
E2-124,-23.783333,-45.55,425.0
E2-125,-23.8,-46.0,0.0
E2-126,-23.75,-45.85,9.0
E2-127,-23.05,-45.366665,945.0
E2-128,-23.7,-45.45,354.0
E2-129,-23.283333,-45.216667,938.0
E2-130,-23.533333,-45.683334,920.0
E2-131,-23.566668,-45.833332,882.0
E2-132,-23.233334,-45.3,
E2-134,-23.166666,-45.1,1042.0
E2-135,-23.366667,-45.2,875.0
E2-136,-23.570557,-45.45778,
E2-140,-23.583334,-45.783333,1009.0
E2-141,-23.466667,-45.733334,792.0
E2-142,-23.916666,-45.45,44.0
E3-001,-23.45,-46.533333,766.0
E3-002,-23.412222,-46.400555,769.0
E3-003,-23.515833,-46.680832,
E3-004,-23.616667,-46.8,770.0
E3-005,-23.316668,-46.583332,915.0
E3-006,-23.64,-46.6925,
E3-007,-23.5,-46.616665,762.0
E3-010,-23.516666,-46.733334,752.0
E3-011,-23.933332,-46.683334,685.0
E3-013,-23.566668,-46.933334,804.0
E3-014,-23.785278,-46.913055,
E3-015,-22.984444,-46.834442,
E3-016,-23.716667,-46.85,838.0
E3-017,-23.033333,-46.966667,765.0
E3-018,-23.116667,-46.933334,729.0
E3-020,-23.45,-46.916668,824.0
E3-021,-23.216667,-46.783333,849.0
E3-022,-23.633333,-46.583332,773.0
E3-023,-23.716667,-46.416668,779.0
E3-024,-23.666666,-46.5,819.0
E3-025,-23.183332,-46.866665,772.0
E3-026,-23.666666,-46.5,819.0
E3-027,-23.716667,-46.966667,938.0
E3-029,-23.633333,-46.55,773.0
E3-030,-23.4,-46.75,817.0
E3-031,-23.537222,-46.860554,771.0
E3-032,-23.583334,-46.233334,754.0
E3-033,-23.466667,-46.716667,817.0
E3-034,-23.65,-46.95,877.0
E3-035,-23.651112,-46.6225,
E3-036,-23.533333,-46.633335,762.0
E3-037,-23.783333,-46.3,919.0
E3-038,-23.866667,-46.383335,115.0
E3-040,-23.774721,-46.110558,
E3-041,-23.883333,-46.216667,473.0
E3-042,-23.745,-46.127777,
E3-043,-25.55,-47.53889,
E3-045,-23.933332,-46.283333,25.0
E3-047,-23.333334,-46.683334,835.0
E3-048,-23.483334,-46.433334,759.0
E3-049,-23.329166,-46.233612,
E3-050,-23.390556,-46.355,
E3-052,-23.633333,-46.65,788.0
E3-053,-23.201944,-46.97972,
E3-054,-23.316668,-46.116665,645.0
E3-055,-23.1,-46.033333,678.0
E3-056,-23.960278,-46.364723,108.0
E3-059,-23.916666,-46.65,685.0
E3-061,-23.966667,-46.666668,685.0
E3-064,-23.916666,-46.466667,21.0
E3-066,-23.966667,-46.5,21.0
E3-067,-23.783333,-46.933334,938.0
E3-068,-23.766666,-46.833332,838.0
E3-069,-23.333334,-46.733334,787.0
E3-070,-24.483334,-47.416668,
E3-071,-23.466667,-46.633335,855.0
E3-074,-23.15639,-46.545555,940.0
E3-075,-23.116667,-46.55,907.0
E3-076,-23.05,-46.35,890.0
E3-077,-23.466667,-46.666668,855.0
E3-080,-23.45,-46.616665,855.0
E3-081,-23.4,-46.583332,766.0
E3-082,-23.416666,-46.566666,766.0
E3-083,-23.4,-46.533333,766.0
E3-084,-23.116667,-46.933334,729.0
E3-085,-23.613333,-46.556667,
E3-086,-23.416666,-46.05,685.0
E3-090,-23.583334,-46.65,762.0
E3-091,-23.51,-46.38278,775.0
E3-094,-23.383333,-46.066666,624.0
E3-096,-23.516666,-46.65,762.0
E3-097,-23.516666,-46.2,781.0
E3-099,-23.184444,-46.40111,
E3-101,-23.883333,-46.416668,436.0
E3-103,-23.383333,-46.166668,645.0
E3-104,-23.8,-46.316666,115.0
E3-105,-23.516666,-46.166668,781.0
E3-106,-23.85,-46.133335,33.0
E3-107,-23.233334,-46.016666,622.0
E3-108,-23.429167,-46.275276,
E3-109,-23.85,-46.5,436.0
E3-112,-23.45,-46.233334,739.0
E3-114,-23.55,-46.283333,754.0
E3-136,-23.621944,-46.856667,
E3-142,-23.75,-46.533333,794.0
E3-143,-23.883333,-46.483334,436.0
E3-144,-23.883333,-46.45,436.0
E3-145,-23.566668,-46.733334,752.0
E3-146,-23.55,-46.733334,752.0
E3-147,-23.483334,-46.35,767.0
E3-148,-23.666666,-46.483334,819.0
E3-149,-23.766666,-46.35,782.0
E3-150,-23.666666,-46.566666,773.0
E3-152,-23.433332,-46.483334,759.0
E3-153,-23.883333,-46.483334,436.0
E3-154,-23.86111,-46.95,
E3-155,-23.708055,-46.418056,779.0
E3-156,-23.6675,-46.468056,819.0
E3-157,-23.650555,-46.440556,819.0
E3-158,-23.684444,-46.61222,788.0
E3-159,-23.648056,-46.54639,773.0
E3-160,-23.625834,-46.518333,773.0
E3-161,-23.6875,-46.56,773.0
E3-162,-23.721666,-46.53639,794.0
E3-163,-23.615278,-46.555557,760.0
E3-223,-23.666666,-46.183334,785.0
E3-224,-23.683332,-46.3,786.0
E3-225,-23.266666,-46.416668,921.0
E3-226,-23.883333,-46.983334,771.0
E3-227,-23.083334,-46.4,890.0
E3-228,-23.954445,-46.45,
E3-229,-23.079445,-46.301666,969.0
E3-230,-23.216667,-46.666668,882.0
E3-231,-23.616667,-46.083332,827.0
E3-232,-23.566668,-46.1,782.0
E3-233,-23.35,-46.933334,787.0
E3-234,-23.416666,-46.183334,778.0
E3-235,-23.85,-46.266666,473.0
E3-236,-23.9,-46.5,21.0
E3-237,-23.7,-46.483334,779.0
E3-238,-23.7,-46.6,794.0
E3-239,-23.69861,-46.43861,796.0
E3-240,-23.566668,-46.433334,793.0
E3-241,-23.933332,-46.583332,453.0
E3-242,-23.207222,-46.155556,
E3-243,-23.829166,-46.728333,817.0
E3-244,-23.833334,-46.583332,764.0
E3-245,-23.639166,-46.33389,768.0
E3-246,-23.566668,-46.616665,762.0
E3-247,-23.05,-46.65,792.0
E3-248,-23.583334,-46.5,793.0
E3-249,-23.866667,-46.833332,785.0
E3-250,-23.183332,-46.333332,876.0
E3-252,-23.816668,-46.3,473.0
E3-253,-23.566668,-46.65,762.0
E3-254,-23.883333,-46.75,800.0
E3-255,-23.633333,-46.466667,819.0
E3-256,-23.85,-46.266666,473.0
E3-257,-23.933332,-46.9,775.0
E3-258,-23.966667,-46.9,775.0
E3-259,-23.883333,-46.8,800.0
E3-260,-23.6,-46.366665,816.0
E3-261,-23.95,-46.8,784.0
E3-262,-23.4425,-46.650276,
E3-263,-23.533333,-46.983334,804.0
E3-264,-23.516666,-46.75,752.0
E3-265,-23.516666,-46.833332,772.0
E4-001,-23.733334,-47.416668,968.0
E4-010,-23.066668,-47.966667,526.0
E4-012,-23.683332,-47.016666,
E4-013,-23.033333,-47.366665,585.0
E4-015,-23.083332,-47.216667,
E4-018,-23.483334,-47.683334,710.0
E4-019,-23.333332,-47.683334,
E4-020,-23.316668,-47.783333,551.0
E4-021,-23.15,-47.066666,719.0
E4-022,-23.516666,-47.616665,637.0
E4-023,-23.333334,-47.333332,628.0
E4-024,-23.55,-47.45,636.0
E4-025,-23.65,-47.566666,
E4-026,-23.398611,-47.7575,
E4-027,-23.7,-47.45,968.0
E4-028,-23.833332,-47.65,
E4-029,-23.866667,-48.0,
E4-030,-23.266666,-47.116665,795.0
E4-031,-23.55,-47.9,606.0
E4-032,-23.65,-47.833332,648.0
E4-034,-23.283333,-47.883335,564.0
E4-035,-23.266666,-47.3,636.0
E4-036,-23.366667,-47.85,595.0
E4-037,-23.0,-47.716667,522.0
E4-039,-24.0,-47.9,689.0
E4-040,-23.566668,-47.533333,626.0
E4-041,-23.55,-47.183334,
E4-042,-23.05,-47.3,609.0
E4-043,-23.433332,-47.25,
E4-044,-23.033333,-47.1,688.0
E4-046,-23.283333,-47.666668,580.0
E4-047,-23.65,-47.216667,854.0
E4-049,-23.216667,-47.95,594.0
E4-050,-23.033333,-47.85,
E4-053,-23.15,-47.8,553.0
E4-055,-23.966667,-47.5,950.0
E4-056,-23.5,-47.433334,636.0
E4-057,-23.033333,-47.833332,524.0
E4-059,-23.933332,-47.066666,
E4-060,-23.716667,-47.416668,968.0
E4-061,-23.266666,-47.8,559.0
E4-062,-23.083334,-47.05,688.0
E4-064,-23.266666,-47.3,636.0
E4-097,-23.696945,-47.239445,887.0
E4-099,-23.55,-47.083332,926.0
E4-101,-23.45,-47.566666,590.0
E4-116,-23.94139,-47.197224,
E4-117,-23.55,-47.766666,584.0
E4-118,-23.204445,-47.521667,
E4-119,-23.1,-47.416668,548.0
E4-120,-23.1,-47.716667,
E4-121,-23.233334,-47.616665,580.0
E4-122,-23.3,-47.533333,595.0
E4-123,-23.016666,-47.133335,637.0
E4-124,-23.166668,-47.13333,
E4-125,-23.583334,-47.316666,853.0
E4-126,-23.533333,-47.65,637.0
E4-127,-23.196667,-47.289722,
E4-128,-23.416666,-47.4,638.0
E4-129,-23.433332,-47.066666,789.0
E4-130,-23.75,-47.483334,1001.0
E4-131,-23.716667,-47.116665,922.0
E4-132,-23.85,-47.45,983.0
E4-133,-23.933332,-47.716667,814.0
E4-134,-23.733334,-47.933334,
E4-135,-23.483334,-47.95,633.0
E4-136,-23.933332,-47.833332,750.0
E4-137,-23.7,-47.733334,675.0
E4-138,-23.75,-47.216667,943.0
E4-139,-23.983334,-47.0,777.0
E5-001,-23.02111,-48.01139,
E5-002,-23.883333,-48.15,667.0
E5-003,-24.016666,-48.35,694.0
E5-004,-23.85,-48.7,659.0
E5-007,-23.55,-48.3,663.0
E5-009,-23.966667,-48.866665,684.0
E5-010,-23.583334,-48.05,693.0
E5-011,-23.466667,-47.95,633.0
E5-013,-23.1,-48.616665,743.0
E5-014,-23.099443,-48.912224,
E5-015,-23.579445,-48.04333,
E5-016,-23.104721,-48.261944,
E5-017,-23.488333,-48.41722,
E5-018,-23.6,-48.45,619.0
E5-019,-23.451944,-48.5775,624.0
E5-022,-23.716667,-48.483334,642.0
E5-023,-23.300556,-48.055832,652.0
E5-027,-23.36139,-48.175835,644.0
E5-030,-23.516666,-48.55,617.0
E5-032,-23.716667,-48.85,732.0
E5-033,-23.533333,-48.033333,693.0
E5-034,-23.766666,-48.133335,695.0
E5-035,-23.6,-48.316666,682.0
E5-039,-23.583334,-48.05,693.0
E5-040,-23.966667,-48.883335,684.0
E5-041,-23.05,-48.633335,816.0
E5-044,-23.116667,-48.933334,673.0
E5-045,-23.9625,-48.949165,
E5-046,-23.916666,-48.7,668.0
E5-047,-23.95,-48.216667,657.0
E5-048,-23.633333,-48.116665,665.0
E5-051,-23.8,-48.583332,639.0
E5-052,-24.033333,-48.35,694.0
E5-057,-23.48639,-48.90861,592.0
E5-058,-23.4,-48.483334,642.0
E5-060,-23.085,-48.37472,
E5-061,-23.383333,-48.733334,601.0
E5-062,-23.383612,-48.02778,
E5-063,-23.179167,-48.122223,
E5-064,-23.065,-48.185833,
E5-065,-23.433332,-48.883335,647.0
E5-066,-23.782778,-48.355835,636.0
E5-067,-23.633333,-48.833332,731.0
E5-068,-23.3,-48.883335,625.0
E5-069,-23.466667,-48.05,661.0
E5-070,-23.266666,-48.433334,646.0
E5-071,-23.934166,-48.36111,678.0
E5-072,-23.2,-48.816666,594.0
E5-073,-24.127777,-50.044445,
E5-074,-23.716667,-48.483334,642.0
E6-001,-23.183332,-49.383335,557.0
E6-002,-23.229168,-49.46417,
E6-003,-23.053057,-49.768612,
E6-006,-23.216667,-49.233334,598.0
E6-007,-23.029167,-49.568054,
E6-008,-23.708889,-49.490555,544.0
E6-009,-23.7,-49.483334,544.0
E6-010,-23.633333,-49.55,531.0
E6-011,-23.833334,-49.433334,604.0
E6-012,-23.633333,-49.316666,598.0
E6-013,-23.53861,-49.246387,613.0
E6-015,-23.333334,-49.366665,709.0
E6-016,-23.448889,-49.410557,565.0
E6-017,-23.383333,-49.516666,538.0
E6-019,-23.2,-49.616665,523.0
E6-020,-23.866667,-49.133335,647.0
E6-021,-23.05,-49.616665,568.0
E6-022,-23.416666,-49.1,646.0
E6-023,-23.1,-49.716667,586.0
E6-025,-23.233334,-49.333332,658.0
E6-030,-23.04,-49.162777,
E6-031,-23.75,-49.266666,627.0
E6-032,-23.95,-49.366665,642.0
E6-033,-23.65,-49.133335,619.0
E6-034,-23.3,-49.15,613.0
E6-035,-23.15,-49.183334,626.0
F3-002,-24.094444,-46.648056,
F3-005,-24.18361,-46.794167,
F3-008,-24.033333,-46.75,155.0
F3-009,-24.033333,-46.966667,641.0
F3-010,-24.030556,-46.544167,
F4-001,-24.0,-47.95,784.0
F4-002,-24.1,-47.683334,
F4-003,-24.7,-47.533333,2.0
F4-004,-24.4,-47.75,32.0
F4-005,-24.5,-47.85,21.0
F4-006,-24.266666,-47.166668,
F4-007,-24.166668,-47.65,
F4-011,-24.333332,-47.2,
F4-012,-24.14889,-47.316387,189.0
F4-014,-24.9,-47.8,0.0
F4-015,-24.383333,-47.933334,62.0
F4-016,-24.716667,-47.88333,
F4-017,-24.716667,-48.016666,62.0
F4-018,-24.6,-47.88333,
F4-019,-24.283333,-47.233334,
F4-020,-24.333334,-47.616665,66.0
F4-021,-24.05,-47.583332,
F4-022,-24.8,-47.966667,107.0
F4-024,-24.5,-47.733334,11.0
F4-025,-24.283333,-47.95,
F4-026,-24.3,-47.066666,186.0
F4-027,-24.319445,-47.00111,
F4-028,-24.7,-47.566666,
F4-029,-24.933332,-47.95,
F4-030,-24.816668,-47.733334,10.0
F4-031,-24.05,-48.0,776.0
F4-032,-24.883333,-48.0,107.0
F4-033,-24.4,-47.95,39.0
F4-034,-24.366667,-47.55,240.0
F4-035,-24.616667,-47.833332,24.0
F4-036,-24.266666,-47.4,158.0
F4-037,-24.35,-47.716667,
F4-038,-24.383333,-48.0,62.0
F4-039,-24.216667,-47.283333,155.0
F4-040,-24.7,-47.666668,12.0
F4-041,-24.566668,-47.3,187.0
F4-043,-24.533333,-47.533333,
F4-044,-24.45,-47.316666,72.0
F4-045,-24.066668,-47.016666,698.0
F4-046,-24.15,-47.45,523.0
F4-047,-24.116667,-47.766666,258.0
F4-048,-24.483334,-47.25,40.0
F4-053,-24.466667,-47.4,72.0
F4-054,-24.366667,-47.316666,404.0
F4-056,-24.2,-47.916668,50.0
F4-057,-24.6,-47.316666,1.0
F4-058,-24.85,-47.683334,0.0
F5-002,-24.656666,-49.008057,439.0
F5-003,-24.866667,-48.083332,141.0
F5-004,-24.416666,-48.65,777.0
F5-005,-24.433332,-48.85,953.0
F5-007,-24.516666,-48.1,147.0
F5-008,-24.566668,-48.95,685.0
F5-010,-24.183332,-48.5,836.0
F5-011,-24.65,-48.833332,208.0
F5-012,-24.016666,-48.716667,785.0
F5-013,-24.596111,-48.2175,
F5-014,-24.789167,-48.176388,162.0
F5-016,-24.633333,-48.283333,234.0
F5-017,-24.133333,-48.966667,842.0
F5-018,-24.966667,-48.333332,697.0
F5-019,-24.505,-48.8475,
F5-020,-24.6,-48.3,234.0
F5-021,-24.7,-48.333332,654.0
F5-022,-25.060833,-48.558334,
F5-023,-24.883333,-48.1,141.0
F5-025,-24.135555,-48.363056,789.0
F5-026,-24.216667,-48.45,897.0
F5-027,-24.221945,-48.768612,
F5-028,-24.716667,-48.11667,
F5-029,-24.633333,-49.0,400.0
F5-030,-24.65,-48.65,256.0
F5-031,-24.554443,-48.42917,
F5-032,-24.433332,-48.583332,
F5-033,-25.86111,-49.25,
F5-035,-24.380833,-48.093613,46.0
F5-036,-24.479723,-48.29889,239.0
F5-039,-24.275557,-48.90861,
F5-040,-24.133333,-48.183334,811.0
F5-041,-24.016666,-48.266666,705.0
F5-042,-24.55,-48.683334,
F5-043,-24.316668,-48.616665,949.0
F5-044,-24.183332,-48.3,808.0
F5-045,-24.066668,-48.566666,743.0
F5-046,-24.265556,-48.413334,847.0
F501,-19.98,-43.95861,1199.55
F6-003,-24.05,-49.083332,
F6-004,-24.116667,-49.333332,819.0
F6-006,-24.466667,-49.016666,783.0
F6-007,-24.5725,-49.169724,
F6-008,-24.116667,-49.333332,819.0
F6-011,-24.266666,-49.166668,1016.0
F6-012,-24.616667,-49.05,439.0
FB-CL-01,-16.290554,-39.579723,
G4-001,-25.016666,-47.933334,7.0
G4-002,-24.966667,-47.95,24.0
G4-003,-25.1,-47.916668,170.0
G5-001,-25.216667,-48.033333,5.0
G5-002,-25.066668,-48.133335,88.0
GR-CL-01,-12.898055,-46.157223,
GR-CL-02,-10.561944,-45.693333,
GR-CL-03,-11.59139,-46.02194,
GR-CL-04,-11.63028,-44.84556,
GR-CL-05,-12.76167,-45.28167,
GR-PR-01,-10.600581,-45.822754,
GR-PR-02,-11.09476,-45.95026,
GR-PR-03,-11.043367,-46.296104,
GR-PR-04,-11.384764,-46.505,
GR-PR-05,-11.209767,-45.410244,
GR-PR-06,-11.598938,-46.005264,
GR-PR-07,-11.625053,-45.645252,
GR-PR-08,-11.758942,-46.205273,
GR-PR-09,-12.032839,-46.054436,
GR-PR-10,-12.108951,-45.95527,
GR-PR-11,-12.07145,-45.896095,
GR-PR-13,-12.064787,-45.560528,
GR-PR-14,-12.06062,-45.5947,
GR-PR-15,-12.073399,-45.490807,
GR-PR-16,-11.95895,-45.45775,
GR-PR-17,-12.366736,-45.862762,
GR-PR-18,-12.293403,-45.544422,
GR-PR-19,-12.160625,-45.330803,
GR-PR-20,-12.802859,-45.729984,
GR-PR-21,-12.643967,-45.45303,
GR-PR-23,-12.838141,-45.307194,
GR-PR-24,-13.286201,-46.02833,
GR-PR-25,-12.635907,-46.154163,
IT-CL-01,-11.67082,-38.17485,
IT-CL-02,-10.47062,-40.33412,
IT-CL-03,-11.36833,-40.03417,
IT-CL-04,-10.95669,-40.38329,
IT-CL-05,-11.03477,-38.80386,
IT-CL-06,-11.4964,-40.34474,
IT-ER-03,-10.846728,-40.112007,
IT-ER-05,-11.412577,-40.30591,
IT-PR-01,-10.69841,-38.56985,
IT-PR-02,-10.557835,-38.79335,
IT-PR-03,-10.835065,-38.935856,
IT-PR-04,-10.823399,-38.545845,
IT-PR-05,-10.7105,-38.9227,
IT-PR-06,-10.40187,-39.04227,
IT-PR-08,-11.51206,-38.12447,
IT-PR-09,-11.33333,-38.96525,
IT-PR-10,-11.3083,-38.5361,
IT-PR-11,-11.34234,-38.313847,
IT-PR-12,-11.321193,-38.225002,
IT-PR-13,-10.96495,-38.52339,
IT-PR-14,-11.52517,-39.31314,
IT-PR-15,-11.243,-39.73913,
IT-PR-16,-11.097292,-39.52449,
IT-PR-17,-11.24831,-39.37563,
IT-PR-18,-10.05893,-39.706158,
IT-PR-19,-10.986458,-39.237812,
IT-PR-20,-10.70145,-39.54268,
IT-PR-21,-10.55153,-38.99436,
IT-PR-22,-10.82136,-39.42469,
IT-PR-23,-10.77645,-39.55949,
IT-PR-24,-10.45311,-39.55881,
IT-PR-25,-10.783951,-39.20809,
IT-PR-27,-10.510327,-40.332848,
IT-PR-28,-10.269489,-40.200344,
IT-PR-31,-11.813434,-37.61693,
IT-PR-32,-11.454252,-38.455845,
IT-PR-33,-11.193403,-40.26757,
IT-PR-34,-11.315629,-40.356743,
IT-PR-35,-11.078898,-40.429092,
IT-PR-36,-11.168677,-40.670643,
IT-PR-37,-10.388101,-40.220066,
IT-PR-40,-10.301157,-39.78366,
IT-PR-41,-10.847006,-40.112286,
IT-PR-42,-10.70441,-39.90284,
IT-PR-43,-10.49,-40.4871,
LE-CL-01,-14.80184,-39.181442,
LE-CL-02,-15.18683,-39.48713,
LE-CL-03,-15.05273,-40.02292,
LE-CL-04,-14.64928,-39.52745,
LE-PR-02,-14.85905,-39.68815,
LE-PR-03,-14.49273,-39.13637,
LE-PR-04,-14.98291,-39.2657,
LE-PR-05,-14.69759,-39.67854,
LE-PR-06,-14.990632,-39.927288,
MC-CL-01,-9.48778,-40.61333,
PA-CL-01,-14.886111,-40.800835,
PG-CL-01,-12.05379,-40.83722,
PG-CL-02,-12.14986,-39.76454,
PG-CL-03,-13.00021,-40.537785,
PG-CL-04,-12.08538,-41.64815,
PG-CL-05,-12.9114,-40.03177,
PG-CL-06,-12.85164,-38.94467,
PG-CL-07,-11.83676,-39.65905,
PG-CL-08,-12.43521,-39.31209,
PG-CL-09,-12.39971,-41.78893,
PG-CL-11,-13.13517,-41.06611,
PG-CL-12,-12.55385,-39.53912,
PG-PR-01,-12.428149,-41.77041,
PG-PR-02,-12.255093,-41.61679,
PG-PR-03,-13.259292,-40.373978,
PG-PR-04,-11.40119,-39.4581,
PG-PR-05,-11.837311,-39.969788,
PG-PR-06,-11.833423,-39.623665,
PG-PR-07,-11.733137,-40.562305,
PG-PR-08,-11.94462,-40.19141,
PG-PR-09,-11.838502,-40.79176,
PG-PR-10,-11.650911,-40.951763,
PG-PR-11,-11.98993,-41.25429,
PG-PR-12,-12.617895,-39.005592,
PG-PR-13,-12.268161,-38.96642,
PG-PR-14,-12.720391,-39.700058,
PG-PR-15,-12.931506,-40.226467,
PG-PR-16,-12.800391,-40.36314,
PG-PR-17,-12.65622,-40.589813,
PG-PR-18,-12.285653,-40.5137,
PG-PR-19,-12.67453,-41.84749,
PG-PR-20,-12.8966,-41.87,
PG-PR-21,-12.260093,-41.445953,
PG-PR-22,-12.289538,-41.161774,
PG-PR-23,-12.030089,-41.058716,
PG-PR-24,-12.771772,-41.54068,
PG-PR-25,-13.2901,-40.96038,
PG-PR-26,-13.153732,-40.768154,
PG-PR-27,-13.285954,-41.28762,
PG-PR-28,-13.07667,-41.43772,
PG-PR-29,-11.980363,-41.61901,
PJ-CL-01,-17.575556,-39.732777,
PM-CL-02,-13.07953,-42.6957,
PM-CL-04,-13.11695,-42.28411,
PM-PR-04,-13.56584,-42.49112,
PM-PR-05,-12.81037,-42.71849,
PM-PR-06,-12.13817,-42.50585,
PM-PR-07,-11.81885,-42.61825,
PM-PR-08,-12.571486,-42.074028,
PM-PR-09,-12.31962,-42.86604,
RN-CL-01,-12.931388,-38.36111,
RN-CL-02,-11.648333,-38.982777,
RN-CL-03,-12.4194,-38.77668,
RN-CL-04,-12.48903,-38.22117,
RN-CL-05,-12.9469,-38.35933,
RN-CL-07,-12.61136,-38.68222,
RN-CL-08,-12.8865,-38.68086,
RN-CL-09,-12.88712,-38.29659,
RN-CL-10,-11.69267,-38.31361,
RN-PL-01,-12.945407,-38.361404,
RN-PL-07,-12.943371,-38.428448,
RN-PR-03,-12.9454,-38.361404,
RN-PR-04,-12.83457,-38.348904,
RN-PR-05,-12.930959,-38.516964,
RN-PR-06,-12.932907,-38.362236,
RS-CL-01,-13.573055,-39.940834,
RS-CL-02,-12.91389,-39.74351,
S103,-3.0225,-60.055557,56.0
S104,-12.750556,-60.149166,579.0
S107,-4.29,-47.55,209.0
S110,-10.79,-65.33278,129.0
S113,0.947778,-59.746387,175.0
S114,4.4775,-61.149166,719.0
S115,0.599444,-69.19194,120.0
S116,-4.53,-71.6175,116.0
S117,-3.377222,-64.72305,34.0
S120,-6.237222,-57.775,85.0
S121,-0.414444,-65.0175,53.0
S122,3.3588889,-59.82389,85.0
S701,-22.148083,-53.763737,333.0
S702,-22.955029,-55.626,493.0
S703,-19.94554,-54.368534,620.0
S704,-21.246756,-56.450443,319.0
S705,-21.298279,-52.068916,346.0
S706,-22.657057,-54.819305,448.0
S707,-19.587528,-54.030083,453.0
S708,-22.308695,-54.325832,347.0
S709,-23.644482,-54.57029,328.0
S710,-22.092833,-54.798832,353.0
S711,-22.57539,-55.16033,485.0
S712,-21.450972,-54.341972,408.0
S713,-22.078527,-53.46589,371.0
S714,-18.072779,-54.54889,258.0
S715,-20.466694,-53.763027,393.0
S716,-21.30589,-52.820374,386.0
S717,-20.351444,-51.43022,368.0
SA-CL-02,-11.23996,-40.93562,
SA-PR-01,-10.893669,-40.687027,
SM-PR-01,-10.098374,-39.869774,
SO-CL-01,-9.78228,-41.81872,
VB-PR-01,-9.98818,-37.88213,
VJ-CL-01,-11.289166,-41.894165,
VJ-CL-03,-10.9549,-42.3465,
VJ-PR-04,-10.908939,-42.516537,
VJ-PR-07,-11.551736,-41.968185,
VJ-PR-08,-11.408958,-41.605118,
VJ-PR-09,-11.065335,-41.974854,
VJ-PR-10,-11.7797,-41.91004,
VJ-PR-11,-11.69541,-41.78921,
VJ-PR-12,-11.457566,-42.31431,
VJ-PR-13,-11.42951,-42.513485,
VJ-PR-14,-11.66652,-42.0084,
VJ-PR-15,-11.806253,-42.058964,
VJ-PR-16,-12.032307,-41.99819,
VJ-PR-19,-11.135391,-42.093468,
VJ-PR-20,-11.294784,-42.14208,
VJ-PR-21,-11.46366,-41.44063,
VJ-PR-22,-11.676688,-41.470142,
VJ-PR-23,-11.401625,-41.894,
