codigo_ibge,nome,uf,estacao,dist_km,n_anos,media_grade,media_estacao,razao,r,tau_grade,p_grade,tau_estacao,p_estacao
1100064,Colorado do Oeste,RO,1360000,4.99,33,53.2637929969697,102.85909,0.5178326154003433,0.593895098283459,0.3333333333333333,0.0060284010707224635,0.00947867724385318,0.9382406154828026
1100288,Rolim de Moura,RO,1161002,1.98,36,57.49317003555555,99.9851,0.5750173791383205,0.3055596951217462,0.38730158730158737,0.0008889600659915247,-0.003179654256834183,0.9782628536048202
1101757,Vale do Anari,RO,961003,7.17,30,49.57194365199998,106.82874,0.4640318913125892,0.4156027059893712,-0.21839080459770116,0.09369487956659167,0.2577677195775503,0.045661010942916136
1400456,Pacaraima,RR,8460001,5.9,35,56.12156015028571,107.63732,0.5213949899784267,0.6578535668631103,0.06218487394957983,0.5992683277904803,0.06055510972643133,0.6091388231853947
1500107,Abaetetuba,PA,148010,2.86,42,62.47089906523809,98.64047,0.6333191390673936,0.127425097169821,0.21486643437862948,0.04497191814032381,0.3211174174648934,0.002774773186523316
1502202,Capanema,PA,147002,9.57,56,66.54544431571428,103.2347,0.644603436060472,0.15339717103456751,0.13896103896103898,0.13041879423793123,0.1287387304360491,0.1616595821168071
1502855,Curuá,PA,155002,4.68,30,64.603062392,101.08416,0.63910173945333,0.2464452180940896,0.07586206896551725,0.5711717141285221,-0.23732781893896115,0.06603126154355
1502905,Curuçá,PA,47003,1.29,32,74.11330065875,120.19844,0.6165911996739808,0.626450649153621,-0.048387096774193554,0.7114000430418246,0.058526770463325,0.6381128466139468
1503200,Igarapé-Açu,PA,147010,7.07,41,62.590260118536584,96.28719,0.6500372269093417,0.516585742832386,0.12195121951219512,0.2613551900152493,-0.1305674434603042,0.22940491141551655
1506104,Primavera,PA,47004,4.4,41,77.08963140731706,108.875,0.7080563160258743,0.6106885315434787,-0.12682926829268293,0.2427577329337679,-0.16229411196467716,0.13519077733092255
1506203,Salinópolis,PA,47002,6.78,42,86.62895338857142,139.04762,0.6230164293245268,0.5854203405814896,0.14285714285714285,0.18253216873353617,-0.038327526132404185,0.7206173444120503
1506609,Santa Maria do Pará,PA,147018,6.16,32,63.308825731875,91.28164,0.6935548743064208,0.5220851531515068,0.1895161290322581,0.1323050200843277,0.3266129032258065,0.00826545018164634
1507102,São Caetano de Odivelas,PA,48006,9.41,41,70.13437474536585,100.25045,0.6995916193037193,0.5719493251169457,0.014634146341463414,0.8927832436428295,-0.04146341463414634,0.7025460021345854
1507474,São João de Pirabas,PA,47006,4.61,34,83.80410178941176,131.70589,0.6362973121368324,0.5213114797262262,0.24620884015756656,0.040756566519411966,0.06779663714483716,0.5731688302799082
1507755,Sapucaia,PA,649001,5.45,38,50.88987254789473,92.90296,0.5477744907128969,0.23586591597393317,0.052631578947368425,0.6418165399455933,0.18065433854907542,0.11034778241543669
1507961,Terra Alta,PA,147017,8.27,33,67.1798077690909,97.376884,0.6898948158110026,0.32339657068252736,-0.07575757575757576,0.54855052692644,-0.015151515151515154,0.9143309809510656
1508050,Trairão,PA,555000,8.37,41,60.342517585365854,100.729576,0.5990546164809304,0.3845392028188439,-0.048780487804878044,0.6532314687414096,0.029339940997437978,0.7874326839986836
1508126,Ulianópolis,PA,347001,7.5,40,60.66709288,94.68187,0.6407466730007891,0.47148162454487635,0.07692307692307694,0.48451323907508126,0.09743589743589744,0.3758985422014529
1508209,Vigia,PA,48006,7.3,41,68.1313197795122,100.25045,0.6796111108554208,0.6184962296605614,0.03170731707317073,0.7702633874673442,-0.04146341463414634,0.7025460021345854
1600303,Macapá,AP,8050000,8.75,36,51.66642754444444,76.89322,0.6719243675880119,-0.18318547045823416,0.06666666666666667,0.5672694352671082,-0.025437234054673463,0.8274487846342442
1700707,Alvorada,TO,1249000,8.58,47,50.86398608553191,87.50638,0.5812603280699439,0.4619806405444655,0.05642923219241444,0.5758903579257058,-0.06663582388608154,0.509061064936092
1702703,Aurora do Tocantins,TO,1246001,7.93,47,51.07203127361701,83.477,0.6118096347415284,0.6272956789275042,-0.02221194129536051,0.8257931675124905,0.15818686401480112,0.11684670422178593
1705508,Colinas do Tocantins,TO,848000,5.94,50,57.26328951799999,94.75575,0.6043252042100505,0.34587850194090913,0.1346938775510204,0.16752460252559542,0.14133991645171864,0.14783485176512384
1705607,Conceição do Tocantins,TO,1247000,7.2,49,45.42759202938775,76.29132,0.5954490176937999,0.18782848532397234,0.10374149659863945,0.2929739556947437,0.2847409142013935,0.003980052637488978
1707207,Dois Irmãos do Tocantins,TO,949001,1.56,46,50.85941254695652,93.00543,0.5468434626104954,0.3552243463777776,0.1632850241545894,0.1095724848709253,0.10643455815936893,0.29758011142666685
1707553,Fátima,TO,1048000,6.08,47,52.1096274293617,93.90865,0.5548969729710582,0.23805095168113163,-0.20360946187413803,0.04363454245522664,-0.02873035519343482,0.7761499443148099
1715754,Palmeirópolis,TO,1248003,6.76,41,59.02244407024389,86.19344,0.6847672144382323,0.32950406336843163,0.09756097560975609,0.3688897105296235,-0.11592436568905512,0.2859260341110643
1716109,Paraíso do Tocantins,TO,1048001,9.09,50,53.80194354519999,91.796,0.5861033698673527,0.45411382125641964,0.05306122448979592,0.5866370890804413,0.113562129403404,0.24491203920608495
1716703,Colméia,TO,848001,5.69,42,56.7341316190476,89.35089,0.6349587666352279,0.4087807015344458,0.10336817653890824,0.3347814524710714,0.0011614401858304297,0.9913531836320894
1717008,Pindorama do Tocantins,TO,1147002,2.91,50,53.811968868799994,83.215,0.6466619147623224,0.18046320878046643,-0.02857142857142857,0.7696979437812898,-0.058847612676749796,0.5469525111087208
1722081,Wanderlândia,TO,647001,8.6,45,55.347567674222205,85.7393,0.6455332077295856,0.10014326007792618,0.27878787878787875,0.006935609840640243,0.05858585858585858,0.5704597396138011
2100055,Açailândia,MA,447002,8.52,38,59.86098313631578,102.42896,0.5844146182290808,0.28246505815912715,-0.06401137980085349,0.5715734527455391,-0.28469758100774234,0.011917436922316525
2100808,Anapurus,MA,343009,9.11,40,57.14106296999999,100.54219,0.5683292024613739,0.4927295293822208,0.020512820512820516,0.8521181125523042,-0.005134792420744921,0.96282369052794
2101103,Axixá,MA,344010,9.58,41,61.87930958926828,94.62379,0.6539508890875863,0.358310502758905,0.09024390243902439,0.40588131588099063,-0.018303847214061333,0.8661980458915216
2101772,Bela Vista do Maranhão,MA,345000,5.08,53,62.82555619320754,98.90083,0.6352378863249923,0.5626156525757662,0.12123412776862603,0.20017784062761834,0.057391970145957386,0.5444888475981626
2102358,Buritirana,MA,547005,9.7,43,56.41407530372092,88.34549,0.6385620321054843,0.2953695656989231,0.08305647840531562,0.4325083682789408,-0.008864267288352292,0.9332727347839289
2102507,Cajari,MA,345012,4.87,42,60.63390402333334,101.495384,0.5974055321974977,0.31124419733672243,0.25203252032520324,0.018687162779339423,-0.14711236320034274,0.17183213665205987
2103554,Conceição do Lago-Açu,MA,344013,7.99,39,67.53093578871794,102.088936,0.6614912304168304,0.62766295707378,0.252361673414305,0.023690288933547344,0.24156545209176788,0.030361643172489263
2103604,Coroatá,MA,444001,7.11,56,54.6527570525,93.9134,0.5819484523422417,0.47589666818939697,0.12987012987012989,0.15750670890194152,0.2168831168831169,0.018247530299628677
2103901,Duque Bacelar,MA,442013,9.25,40,55.058061658999996,92.88969,0.5927252387586744,0.5126053821848935,-0.17435897435897438,0.11307072732469652,-0.024374604116347055,0.8247929175456259
2104701,Graça Aranha,MA,544009,2.22,40,52.32427264649999,81.51172,0.6419233142044375,0.21536820720144853,0.1,0.36346589840815147,-0.18717948717948718,0.0889334022836054
2105708,Lago da Pedra,MA,445007,2.77,40,63.436073525,97.83547,0.648395435304536,0.5311488875490977,0.2025641025641026,0.06564157020330871,0.1208230213361693,0.2732782449085829
2106326,Maracaçumé,MA,245003,8.53,53,55.440139464150946,86.58585,0.6402909617916527,0.2505226087763264,-0.24528301886792453,0.009522647458147121,-0.031238667294635033,0.7414986942225121
2106755,Miranda do Norte,MA,344012,6.59,39,66.14739183282052,105.19633,0.6287994418389173,0.5118609434710036,0.02564102564102564,0.8182156518503111,0.0931174089068826,0.40389553717945137
2107209,Nina Rodrigues,MA,343003,9.89,56,62.08383198071427,86.84051,0.7149178852447178,0.5256323471421516,0.23506493506493512,0.010514065115924912,0.08718298975470283,0.3435089898018704
2107902,Passagem Franca,MA,643012,3.36,42,53.63285367761904,85.34018,0.6284595840721824,0.5226674162713458,0.06387921022067364,0.5511375407029835,-0.015098722415795586,0.8879599537585403
2108207,Pedreiras,MA,444005,5.0,56,64.08313361107142,90.34766,0.7092949199893762,0.42753405965973135,0.05454545454545456,0.5527308893418837,-0.07080221224345531,0.4410741889157255
2108256,Pedro do Rosário,MA,245008,8.65,34,55.02875717764705,82.58549,0.6663247857817558,0.5165022467437091,0.044563279857397504,0.7109272259469116,0.15151515151515152,0.20764134025637526
2108454,Peritoró,MA,444013,7.92,40,57.2452645355,87.95984,0.6508113847495319,0.6463548973577788,0.04102564102564103,0.709272661513508,0.05523452770553081,0.6162872248017621
2108504,Pindaré-Mirim,MA,345006,3.89,50,63.38395557559999,95.359375,0.6646850986135342,0.4610598171392491,0.06285714285714286,0.5195144496475282,0.14448979591836733,0.13871857481064845
2108603,Pinheiro,MA,245010,4.97,37,55.22090357297297,94.20997,0.5861471393418727,0.35204318477826035,0.10510510510510511,0.359917824728639,0.12312312312312312,0.2835097640157225
2109270,Presidente Sarney,MA,245009,0.59,40,52.57593573549999,80.50266,0.653095611984999,0.25456949330763107,0.11282051282051282,0.3052258816258875,-0.1076923076923077,0.3277347052456251
2110039,Santa Luzia do Paruá,MA,245007,4.12,40,52.02368460499999,85.34391,0.6095769982011365,0.43551657638952734,0.14615384615384616,0.1841061194960797,0.10904428157313158,0.3219761233664358
2111508,São Mateus do Maranhão,MA,344011,7.09,37,61.26560581243242,100.59004,0.6090623338525128,0.4041422256023615,0.09609609609609611,0.4025653652545813,0.11570251199437341,0.31385789369200434
2112001,Tasso Fragoso,MA,845003,9.12,42,47.15252504857143,78.149254,0.603365006426848,0.45693809623467013,0.12659698025551683,0.23749332170410298,-0.09307751230866476,0.38586315442225716
2112506,Tutóia,MA,242002,8.9,40,51.64550330549999,91.77266,0.5627547866482144,0.6014962114863799,0.12564102564102564,0.25353658572650206,-0.02564102564102564,0.8157453387131137
2113009,Vitorino Freire,MA,445010,5.07,40,63.93150304400001,98.754684,0.6473769158515901,0.4070256447202327,0.05384615384615385,0.624598563467762,-0.005134792420744921,0.96282369052794
2200400,Altos,PI,542000,2.09,38,60.33369846684211,98.2977,0.61378546086238,0.5081065283754376,-0.36156592787983277,0.0014055145385378444,-0.028469758100774234,0.8014600549547215
2200905,Aroazes,PI,641000,5.27,36,55.57851633888889,92.388885,0.6015714556927286,0.41809840303910534,0.028571428571428574,0.806320085510995,-0.22539682539682543,0.05309260243265081
2201606,Beneditinos,PI,542003,6.61,39,54.45170917076923,100.58654,0.5413419037030243,0.6636997739368209,-0.21727395411605938,0.05146326548699581,-0.19716412327112265,0.07735012142022889
2201770,Boa Hora,PI,442001,3.42,38,57.98042180421052,98.721214,0.5873147146598637,0.4343160537529687,-0.2972972972972973,0.008600773850680914,-0.18065433854907542,0.11034778241543669
2202000,Buriti dos Lopes,PI,341001,9.33,39,49.58835320871795,82.14423,0.603674183481204,0.30824001404266416,-0.0796221322537112,0.4754031324799811,-0.02970966241071711,0.7901231727782159
2202406,Capitão de Campos,PI,441002,8.25,37,58.24371865621622,97.73649,0.5959260419940563,0.3849791757719743,-0.2522522522522523,0.0280024508788471,-0.419233777226366,0.0002629354183478972
2202604,Castelo do Piauí,PI,541003,0.75,40,48.0130401655,83.760155,0.5732205285871242,0.3940774587701899,-0.158974358974359,0.14853422160580246,0.0501610310127101,0.6494368761271102
2202703,Cocal,PI,341003,4.27,34,44.736643640588234,81.75827,0.5471818752563106,0.3376601801621332,-0.08377896613190731,0.48595999037135773,0.09991083368712846,0.40639176345302286
2202752,Colônia do Gurguéia,PI,843002,2.11,35,42.954445314857146,75.53482,0.5686707798908092,0.4385900747988268,-0.24705882352941178,0.03683298304601659,-0.0589226424212441,0.6190829973189795
2202802,Conceição do Canindé,PI,741001,2.25,33,48.74157718545454,88.275566,0.5521525302895951,0.4154980878058662,0.030303030303030307,0.8176650487371618,-0.1843413023877449,0.1392604317769663
2203305,Demerval Lobão,PI,542005,4.37,31,58.38581122387096,86.89718,0.6718953610576927,0.328154378649414,-0.2774193548387097,0.028726023440485766,-0.11650546446816393,0.3585118256181822
2203420,Domingos Mourão,PI,441004,3.0,30,50.29019628799999,74.04896,0.6791479281457256,0.5992881053106609,-0.26436781609195403,0.04121914632952683,-0.15189883475105642,0.23891802442531473
2203701,Esperantina,PI,342002,9.93,62,55.819452425161295,91.15263,0.6123734463788115,0.38043882310437066,0.05023796932839768,0.5639139413342873,-0.02222810967690974,0.7986261275209823
2204105,Francisco Ayres,PI,642007,5.8,34,51.64531144294117,78.88695,0.6546749873498589,0.5307443784593635,-0.09090909090909093,0.44962125101707295,0.001785717132842086,0.9881696387868727
2204204,Francisco Santos,PI,641006,4.73,38,45.05266944315788,77.54194,0.581010355827834,0.6029554705042973,-0.0469416785206259,0.6782349804723524,0.21540743876336077,0.05757000013882625
2204303,Fronteiras,PI,740002,3.71,38,45.64735833947369,74.42352,0.6133458418868475,0.19517550267991676,-0.061166429587482224,0.5887888985090685,-0.24643899647641002,0.029608888508320844
2204709,Inhuma,PI,641003,1.68,34,47.730709361176466,80.36029,0.5939588949710852,0.09930986812860285,-0.010704732180763763,0.9291165324816205,-0.08579119303433215,0.4765837010366434
2204808,Ipiranga do Piauí,PI,641004,6.37,37,44.52988512378378,75.69341,0.5882927389304016,0.24183142401191385,0.015015015015015017,0.8959423738083683,0.16078141277140204,0.16164512090096794
2205003,Itainópolis,PI,741003,4.43,60,49.91310220966667,75.25286,0.6632718215782534,0.3988244162076055,-0.024858757062146894,0.7789950981684823,-0.015855080307919295,0.8582412152075288
2205201,Jaicós,PI,741004,8.54,38,47.61321081684211,72.484375,0.6568755102991798,0.5855753343525415,0.06970128022759603,0.5378791195932668,-0.0042796179886760415,0.9699048364536001
2205508,José de Freitas,PI,442008,7.62,41,56.35533283853658,91.83384,0.6136663042360907,0.014685660807540673,-0.35365853658536583,0.0011249252726797036,0.1540346902365494,0.1568980950359936
2205607,Landri Sales,PI,743004,3.28,37,48.46615157243243,107.82348,0.44949534329022794,0.6692716674546227,-0.030030030030030033,0.793647097181562,0.10985731525796785,0.33957597845401977
2206100,Matias Olímpio,PI,342005,3.94,39,50.545988176410255,91.11058,0.5547762721947683,0.18685661698717615,0.07292371682630563,0.5135764815487527,0.006765924642843003,0.9517534134518715
2206407,Monsenhor Gil,PI,542007,3.17,39,57.095901475384615,96.191505,0.5935649017955178,0.27238409674240416,-0.30094466936572206,0.006984076433992377,-0.07843153389840712,0.48282094888117044
2207306,Paes Landim,PI,742004,9.64,38,45.055741369999986,81.719574,0.5513457691788628,0.5309070225705756,0.12091038406827881,0.28524458155149335,-0.06970128022759603,0.5378791195932668
2207702,Parnaíba,PI,241002,5.75,33,58.85034110848485,100.09659,0.5879355351178539,0.7424356847217247,-0.060606060606060615,0.6335783802474432,-0.0721063916739998,0.5559088443209473
2207777,Patos do Piauí,PI,741005,5.14,36,43.17809134111111,81.58463,0.5292429446614259,0.36518454322923005,-0.0888888888888889,0.44560053289767665,-0.22222222222222227,0.05653027716740425
2208502,Porto,PI,342006,5.64,41,53.25110007999999,99.30793,0.536222032660709,0.14939723072532116,-0.017073170731707315,0.8750500829933662,0.00975609756097561,0.928402039942499
2208601,Prata do Piauí,PI,542008,7.76,61,55.86121885737705,85.8667,0.6505574264019117,0.5080693635470739,0.04373975503405559,0.618588039182052,-0.03499180402724447,0.6904223525075233
2209104,Santa Cruz do Piauí,PI,741009,6.33,61,53.12322260852458,84.822945,0.6262836409805089,0.4428157137170488,0.10819672131147541,0.21789786929416155,-0.06285870691161577,0.47420807867487735
2209609,São Félix do Piauí,PI,542009,1.54,33,55.225785031515144,98.91477,0.5583168610316835,0.5161931666635506,-0.07954545454545454,0.5281940726293002,0.09848484848484848,0.4324054356814494
2209708,São Francisco do Piauí,PI,742011,6.98,43,51.668893864186025,87.37035,0.5913778722053725,0.5248954754542825,0.20044296788482835,0.058193013393482464,0.11523547474857983,0.2763906113203519
2209906,São João da Serra,PI,541009,6.39,36,49.877090392777774,91.764755,0.5435321029018771,0.49153048867523536,-0.16190476190476194,0.16473206019961395,-0.03971407130426696,0.7334394046900109
2210102,São José do Peixe,PI,742007,1.73,33,48.79026804727272,95.0,0.5135817689186601,0.4436191704079595,0.07954545454545454,0.5281940726293002,0.17424242424242425,0.15969498322936243
2210359,São Lourenço do Piauí,PI,942004,2.07,30,45.318734448,79.57396,0.5695171487990851,0.5752302187536951,-0.22298850574712642,0.08679932291732613,-0.13594506133396803,0.2923611396750796
2211308,Valença do Piauí,PI,641010,6.53,35,54.638557780571425,80.483925,0.6788754135900928,0.2105151367215573,-0.0957983193277311,0.4182381669289249,-0.04201680672268907,0.7225627705707576
2211407,Várzea Grande,PI,642010,1.73,37,52.7533600227027,95.11824,0.5546082415424759,0.4584235110294769,-0.0990990990990991,0.3880241283878948,-0.03762236823903009,0.7436255617398648
2300101,Abaiara,CE,739046,1.6,43,66.35140984186047,91.79506,0.7228211454641752,0.5052104118528518,0.2713178294573643,0.010346518997093827,0.20678311068541502,0.051497000989031684
2300150,Acarape,CE,438051,4.19,60,54.98836505999999,73.26927,0.7504969501011938,0.6107697171955516,0.20903954802259886,0.018283145029454714,0.04134819435227549,0.6414443457804506
2300309,Acopiara,CE,639021,4.86,61,51.9469975209836,78.37602,0.6627919607400482,0.46534117734787595,0.16830601092896175,0.05528142817456704,-0.048942413901989466,0.5794855445793761
2300408,Aiuaba,CE,640014,2.1,35,46.10192606857142,66.900894,0.6891077711882553,0.41687923376450636,0.24369747899159663,0.03947435091450274,0.05748198686878261,0.6289378193692357
2300507,Alcântaras,CE,340066,1.26,37,42.966513668648645,61.679905,0.6966047323194867,0.5401067692088051,-0.09309309309309309,0.4174284796470381,0.05886874605587307,0.6097634383275146
2300606,Altaneira,CE,639015,4.09,59,59.586350426440674,85.2875,0.6986528095266042,0.22885119216948735,0.1770894213909994,0.0475391929624278,0.032835116502270466,0.714123642281645
2300705,Alto Santo,CE,538003,5.69,63,48.54198824984127,69.96181,0.6938355390921337,0.35121013024438186,0.2176139272913466,0.01171173048209713,-0.017967204975785227,0.835518245688047
2300804,Antonina do Norte,CE,639027,2.98,42,50.48710593809524,74.2689,0.6797880040057247,0.5638973419403469,0.04416037933170334,0.6804530498521901,-0.14784673367910012,0.16859704342730797
2300903,Apuiarés,CE,339045,9.28,32,48.312684041249994,55.54551,0.8697855977327149,0.4663582892599216,0.09677419354838711,0.44906494048081386,-0.12500000000000003,0.32533296353981855
2301307,Araripe,CE,740008,7.63,62,46.583462467419345,67.68074,0.6882824009028907,0.4410938440294552,0.1179270227392914,0.1755704612397253,-0.04925853676194076,0.572101590673898
2301406,Aratuba,CE,439018,2.77,62,58.357126305483874,79.19577,0.7368717560444392,0.4048522500720192,0.06610259122157588,0.4476969070283341,-0.18650585205391018,0.03292474638969007
2301604,Assaré,CE,639014,4.78,62,51.76878754064516,68.138916,0.7597536117066201,0.46889434256723694,0.07722824919668747,0.3751691947405196,-0.0677787197019071,0.43683187602108287
2301802,Baixio,CE,638091,4.69,51,57.972669352156856,78.511765,0.738394681381635,0.3563346671070309,0.22509803921568633,0.01974942693248362,0.10256589813841603,0.2907595803276811
2302008,Barro,CE,738060,5.48,50,59.744213775999995,82.54825,0.723749019668809,0.5575753655942678,0.22775510204081634,0.019606442126887776,-0.004091665358044319,0.9666317711956379
2302057,Barroquinha,CE,341029,8.13,35,63.758267021714296,98.775,0.645489911787141,0.6600234816490165,0.17493698365413493,0.13964939861042938,-0.008417520345892014,0.9433806558261423
2302602,Camocim,CE,240002,5.15,50,57.829239635200004,95.37813,0.6063155234480848,0.7397177635125434,-0.04,0.6818954220320396,-0.029472081688864428,0.7632500315297297
2302909,Capistrano,CE,438053,0.89,51,49.05705186431372,67.88419,0.7226579471969414,0.5760569940703849,0.10827776431512912,0.26232953381287516,-0.005524972014924839,0.9546324081185592
2303006,Caridade,CE,439006,8.78,61,49.594322209508185,65.5749,0.756300412185114,0.40166359763258747,0.05686168154427226,0.5174972086566735,-0.03287683571738567,0.7088012816383793
2303105,Cariré,CE,340014,6.1,64,48.63370039625,75.88721,0.6408682345658454,0.44482065300263113,0.1369047619047619,0.10981177665124248,-0.04995127132718387,0.5621215979641621
2303204,Caririaçu,CE,739011,1.57,62,61.097698913548385,90.386086,0.6759635464754928,0.554755667798189,0.28503437334743525,0.0010606285129446929,-0.023847430366771127,0.7845631310166044
2303501,Cascavel,CE,438002,4.73,34,56.17468155529412,75.5193,0.7438453454116538,0.5213965686113906,0.13012477718360074,0.2791706154658784,-0.0017825311942959003,0.9881722387710457
2303808,Cedro,CE,639026,4.45,57,64.34834544631579,94.45844,0.6812344520528347,0.7908949112680984,0.08521303258145364,0.3491684453714481,0.010668353261144917,0.9068274467904144
2303956,Chorozinho,CE,438021,3.17,61,55.429970095737694,69.64503,0.7958927199192827,0.5291050407309905,0.2863387978142076,0.0011109550747686536,0.14375512971960824,0.10170189475091745
2304103,Crateús,CE,540020,2.18,60,58.58672378866667,79.2575,0.7391947009967635,0.5987542068795095,0.18531073446327684,0.03644205846521119,-0.002262444886497519,0.9796451508754644
2304236,Croatá,CE,440047,7.24,41,44.54651991317073,65.024536,0.6850724751374548,0.6292724388663394,0.13170731707317074,0.22511096572624478,0.03543072534923643,0.744584863085013
2304301,Farias Brito,CE,639029,2.1,62,55.95722863548388,85.51008,0.6543933728370556,0.4630758417260966,0.25436277102062405,0.0034820119441516606,0.01644570665338378,0.8506042508891615
2304459,Fortim,CE,437011,8.46,30,56.93826761133333,78.719795,0.7233030452773258,0.7539766560531987,-0.0574712643678161,0.6711542494532579,-0.10586888482649387,0.41174990380406384
2304509,Frecheirinha,CE,340015,6.26,57,52.64430417789474,76.42489,0.6888371724813721,0.5390262628016276,0.10651629072681706,0.24189864001357053,-0.26201801253011453,0.004089460507784254
2304608,General Sampaio,CE,439031,1.55,42,44.580633894761895,68.86205,0.6473904277611975,0.6762599156466007,0.024390243902439022,0.819968745398651,0.09175377468060394,0.39191273701717644
2304657,Graça,CE,440022,2.69,61,59.35004497836066,90.0333,0.6592010229270605,0.5561794523069608,0.0983606557377049,0.2626606478200212,-0.047201333153981194,0.592402823123432
2304954,Guaiúba,CE,438011,2.43,58,56.41165793103447,75.70576,0.7451435671647113,0.5477653444515173,0.17846339987900783,0.047832238463479636,0.16636418632788866,0.06508175418880346
2305001,Guaraciaba do Norte,CE,440004,8.3,59,49.11760352813558,62.392635,0.7872339941433556,0.5067721470898627,0.1315020455873758,0.14118713020982612,0.09593452069803358,0.2834754459422506
2305209,Hidrolândia,CE,440034,1.86,46,49.389648756521744,73.22486,0.6744928974150883,0.5850068020388539,0.26183574879227056,0.010291764709355463,0.24246110505453428,0.0182904037305893
2305233,Horizonte,CE,438069,2.04,34,61.25116290117647,84.48621,0.7249841155174971,0.6787225931634812,0.22281639928698754,0.063874416294357,0.23276867041622984,0.053808034247302086
2305332,Ibicuitinga,CE,438072,8.51,37,50.13382202540541,77.11808,0.6500916767499729,0.70682493852732,0.19519519519519518,0.0890830547000449,0.08564991147635434,0.4559332554688196
2305357,Icapuí,CE,437022,6.48,35,55.48505435520963,104.474106,0.5310890570612786,0.806150062049609,0.2168067226890756,0.06695369499580069,0.3490744980107476,0.00327278218454461
2305407,Icó,CE,638093,7.47,50,52.1385638268,81.13581,0.6426085261152247,0.7062056506186813,-0.15918367346938775,0.10285924958602065,-0.21065750687308069,0.03149816879545768
2305506,Iguatu,CE,639044,2.18,52,76.036394625,87.7375,0.8666350418035588,0.5601415837809381,-0.3704262805980344,0.0001067828306514879,-0.2919653168868418,0.0022585602774637574
2305605,Independência,CE,540019,9.44,51,45.35807637058822,74.95754,0.6051169089400218,0.7307461456231249,0.05882352941176471,0.5424145245260494,-0.11334191519791087,0.24200207237045046
2305704,Ipaumirim,CE,638013,4.1,59,61.78391439457627,87.061874,0.7096552288555174,0.6615021872420045,0.27177089421390993,0.002359022780088773,0.1359512491221163,0.12913049155333406
2305803,Ipu,CE,440078,6.81,51,56.096590127843136,80.721504,0.6949398512311532,0.6328755973435668,0.2894117647058824,0.00272564954188097,0.05833738394136541,0.5475951063980604
2306207,Itaiçaba,CE,437024,5.11,44,59.31716994818182,68.815414,0.8619750449898288,0.6158860838780967,0.22832980972515854,0.02891226944572984,0.15352057475855507,0.14243234014864142
2306504,Itapiúna,CE,438032,1.38,63,48.72193833968255,61.95268,0.7864379616418599,0.4274273060884252,0.18381976446492573,0.033232658649662884,-0.10777549911988481,0.21285426076821035
2306702,Jaguaretama,CE,538007,2.78,48,52.39548563291667,81.020836,0.6466914968984744,0.6575754526372324,0.09490023106083409,0.34157499237112965,0.2032846897595157,0.04179028986709573
2307205,Jati,CE,739054,1.28,40,62.56040270850001,83.00234,0.7537185220577968,0.5144507283313935,0.32820512820512826,0.0028575071794394763,-0.05802805625540635,0.5997832638754144
2307304,Juazeiro do Norte,CE,739000,4.08,34,64.54837146470587,88.26103,0.7313348816076282,0.6251279424625961,0.12299465240641713,0.30636147094795085,-0.026833803232126793,0.8239523440876069
2307502,Lavras da Mangabeira,CE,638007,4.11,60,63.40620355399999,79.496925,0.7975931556050614,0.7146239691667904,0.1536723163841808,0.08277686924437624,0.10567957471904821,0.23298813846810262
2307601,Limoeiro do Norte,CE,538059,4.98,37,53.23792351621621,72.36013,0.7357355948378627,0.3634063056336678,0.24624624624624625,0.031957923251845745,-0.01652893028491049,0.8855952294890598
2307635,Madalena,CE,439063,6.46,36,40.59031422388888,68.37622,0.5936320230409251,0.6251672881800816,-0.012698412698412698,0.9132285432239224,-0.12887864867149365,0.26976686842283604
2307908,Martinópole,CE,340008,8.05,63,57.06525722349207,80.54563,0.7084835791272269,0.35655107066809444,0.0701484895033282,0.41647078834595175,0.017467346298672973,0.8401450822537951
2308104,Mauriti,CE,738001,5.67,62,53.19007540806451,81.04436,0.6563081894930728,0.5188572619629026,0.0671602326811211,0.44046490565728946,0.09581794676990867,0.27155442130313734
2308203,Meruoca,CE,340113,3.18,45,47.91387415066667,92.69375,0.5169051304904733,0.6278056931595353,0.09494949494949494,0.3578142090050883,-0.18404062341354824,0.07643460066863728
2308302,Milagres,CE,738008,3.28,62,61.54979094774193,82.54264,0.7456726661054731,0.6688791352407625,0.24061343204653624,0.0057148793631945334,0.16578410759663934,0.0572468318306892
2308351,Milhã,CE,539011,5.45,44,57.87392286454545,82.80256,0.6989388206612086,0.5638270175809104,0.24524312896405917,0.01895021600040195,0.020159290195333128,0.847554350751226
2308377,Miraíma,CE,339023,6.48,63,39.25880890285714,72.37103,0.5424657826501474,0.6089527436173595,0.06810035842293906,0.4302084984276344,0.06360615534237848,0.4620072314227385
2308609,Monsenhor Tabosa,CE,440011,1.28,32,41.53529062125,67.42969,0.6159792839207507,0.6136820161008755,0.020161290322580648,0.8849273531493398,0.14919354838709678,0.23861491183733988
2308807,Moraújo,CE,340108,0.74,35,49.22566779771429,85.3,0.5770886991392654,0.5321416181326708,-0.038655462184873944,0.7439455285232186,-0.025338163184995804,0.8311983970319752
2309003,Mucambo,CE,340023,1.22,62,57.14194899064516,79.49345,0.718825910993793,0.48486406291835266,0.054468535166578534,0.5315573786883039,-0.03627774580843033,0.6793052098560309
2309102,Mulungu,CE,439008,2.41,63,61.06895598190476,68.79812,0.8876544480043342,0.5354289328936208,0.07117255504352278,0.40970012818996104,-0.11913667943625413,0.17037045179826404
2309201,Nova Olinda,CE,739035,2.15,50,61.56291734359999,86.96,0.7079452390954831,0.3162218841151474,0.04326530612244898,0.6575216631520903,-0.150373010661969,0.1255881217407014
2309409,Novo Oriente,CE,540003,6.02,63,53.418297801269844,82.87103,0.6445955365981777,0.5505605607267993,0.016389245095645304,0.8494672619638257,0.08622039929590783,0.3189623406958202
2309508,Orós,CE,638085,3.17,45,51.00280300355555,76.1757,0.6695416621503701,0.42080665415386764,0.013137950136099455,0.8988009087968767,-0.20962092491991924,0.04281713164022055
2309607,Pacajus,CE,438101,3.5,50,57.1576802872,82.50801,0.6927530998321584,0.5733904785446211,0.25551020408163266,0.008839485464172027,-0.08094859556597445,0.40753638864209385
2309805,Pacoti,CE,438036,2.56,63,57.76140575396825,78.81984,0.7328282591901022,0.566061502790862,0.05019206310541375,0.5610672531742854,0.10518236620793174,0.22395710725633333
2309904,Pacujá,CE,340109,2.99,44,55.85590512681818,78.53409,0.7112313449284423,0.6544602779933053,0.17239558201120145,0.09920724764312,0.07525198648142636,0.4725745815077439
2310258,Paraipaba,CE,339040,2.84,43,62.63830336930232,89.01803,0.7036586250468229,0.6790627954395073,0.14728682170542634,0.1639524008255926,0.30333501853256184,0.00426181442957894
2310605,Penaforte,CE,739060,4.28,43,56.63428749302325,74.277466,0.7624693016591257,0.7649625102491594,0.18715393133997782,0.07695128818374385,0.20256236243213865,0.056687110230683305
2310704,Pentecoste,CE,339019,7.13,32,44.90832276312499,64.96973,0.6912192053005455,0.5941614837067994,-0.1532258064516129,0.22589142408167004,-0.11290322580645162,0.3754254012076831
2310803,Pereiro,CE,638058,2.3,35,53.606400687428575,82.127235,0.6527237939779206,0.11079706427356482,0.2571428571428571,0.029793934910438233,-0.1314241771179788,0.26784153648559184
2310852,Pindoretama,CE,438089,3.11,35,73.209734036,101.37143,0.7221929732864768,0.5453560332897714,0.11596638655462185,0.32713606972313525,-0.06587922428098908,0.5794479588142365
2310951,Pires Ferreira,CE,440071,7.36,36,51.80261630111111,85.28055,0.607437656744155,0.8342283212007843,0.13968253968253969,0.23066846966340493,0.09584860210026594,0.4133209225377673
2311108,Porteiras,CE,739010,1.48,64,63.6995816025,85.470314,0.7452831117856065,0.4731919238342453,0.1736111111111111,0.04258395584112506,0.10091996419936991,0.239471292038007
2311207,Potengi,CE,740009,3.73,63,47.13802876634921,73.88591,0.6379840045895505,0.45738421805285834,0.07117255504352278,0.40970012818996104,0.018466303163916335,0.8309014882835266
2311264,Quiterianópolis,CE,540052,7.44,36,52.318188022777775,79.33681,0.6594440819539507,0.4940097603881552,0.13333333333333333,0.252559317185168,-0.16760038078849773,0.1523694324699272
2311306,Quixadá,CE,438045,3.62,31,43.395449433548386,65.65675,0.6609441846235178,0.4826066297240985,-0.20430107526881724,0.11056798682472836,0.0021551774189486144,0.9864355555457989
2311603,Redenção,CE,438095,4.58,43,58.179765062325586,82.786476,0.7027689518668887,0.681590974526301,0.15614617940199335,0.14004478013981814,-0.05882367433335706,0.5790252480535548
2311702,Reriutaba,CE,440000,4.64,64,56.5946270421875,78.86914,0.717576311770387,0.40221679350543027,0.14285714285714285,0.09520397928941252,-0.029390051744408743,0.7324043753596039
2311801,Russas,CE,438007,2.37,32,43.727257243124996,66.11328,0.6613989869565731,0.3834222715435961,-0.1088709677419355,0.39311119534185107,-0.024242473711862965,0.8456680285795474
2311900,Saboeiro,CE,639033,5.59,61,48.30215187934426,71.37418,0.6767454197860507,0.4551199790372991,0.15300546448087432,0.08143565694061804,-0.018077294036986803,0.8372658852012079
2312007,Santana do Acaraú,CE,340038,3.97,51,46.069650843137254,78.33627,0.588101130742107,0.644377423318127,0.12710867984819507,0.18822721200087456,-0.024428957062226836,0.8011060007216153
2312106,Santana do Cariri,CE,739005,5.02,63,55.46270957301586,82.66964,0.6708957466105558,0.434996820668299,0.17003841786732005,0.04893513567455889,0.053374532897466756,0.5372754737365235
2312502,São João do Jaguaribe,CE,538010,4.8,59,53.15613068067796,73.36494,0.7245440802989471,0.4535434018803298,0.05261619634322652,0.556152156660257,-0.02700349036289669,0.7634677885979233
2312601,São Luís do Curu,CE,339078,2.28,51,51.80681259333334,74.02604,0.6998458002984299,0.7455348123108639,0.30666666666666675,0.0014943189070260943,0.052756314375649524,0.5861884442740168
2313005,Solonópole,CE,539023,8.65,64,54.345152142812495,79.34013,0.6849642120709164,0.4907687913242334,0.002480774077824856,0.976889635961195,0.038922853512180916,0.6511532774023726
2313203,Tamboril,CE,440007,9.66,63,44.27223366507937,70.97054,0.6238113990849401,0.46091905624492024,-0.04659498207885304,0.5893838312184027,-0.10971554769607707,0.20431097952755395
2313302,Tauá,CE,540015,3.12,44,49.266564554545454,66.26279,0.7435027544909041,0.4062078545910642,0.06976744186046512,0.5044264308181012,0.008465613205462096,0.9355036840230639
2313559,Tururu,CE,339025,4.01,32,48.629194150625,76.33984,0.6370093487468659,0.3190816529674431,0.14516129032258066,0.25182707548748356,0.15166904964957653,0.22371304128389413
2313708,Umari,CE,638008,3.52,59,57.00506818677967,76.86546,0.7416213442479967,0.29711684014965223,0.3033313851548801,0.0006888123737140363,0.005866865774260192,0.9478443850980637
2313757,Umirim,CE,339074,4.46,36,51.710679353333326,66.626045,0.7761331049608557,0.506855617099631,0.21587301587301588,0.06396243604375287,-0.004773283284129395,0.9673962981188895
2314003,Várzea Alegre,CE,639034,3.16,63,64.20320479079363,89.558136,0.7168885783933114,0.490301831771413,0.21249359959037376,0.013839512907636135,-0.17440397432587648,0.0437119572132838
2314102,Viçosa do Ceará,CE,341018,5.06,50,51.03866222799999,88.15125,0.5789896415281399,0.4918224614312437,-0.018775510204081632,0.847435370947764,-0.016359952408967666,0.8671132108508189
2400505,Alexandria,RN,638037,6.56,30,52.20301887533331,80.10313,0.6516976445166356,0.5906274252402544,-0.167816091954023,0.20077938911479654,-0.08745690485666885,0.49772914846815575
2401305,Campo Grande,RN,537034,1.9,36,52.58427109777778,82.06345,0.6407757502684195,0.850014918384036,0.11596508820845954,0.3200196408903876,0.09705676011063102,0.4059138266015404
2402303,Caraúbas,RN,537006,2.6,30,51.362081914,79.61979,0.6450919109357156,0.29511874504592145,-0.12183908045977011,0.3566550991594864,-0.03690910215721776,0.7751899527980524
2402709,Cerro Corá,RN,636026,7.21,30,41.691077969999995,95.8875,0.4347915974123702,0.629739355909245,-0.40229885057471265,0.0015085970170786802,-0.21839080459770116,0.09369487956659167
2403202,Doutor Severiano,RN,638092,9.22,35,55.349551376,77.25714,0.7164328187454102,0.5206821719986158,0.2605042016806723,0.02772031386394524,-0.08305382990955051,0.4860407116652612
2403707,Felipe Guerra,RN,537008,6.73,62,50.073276283548395,72.03115,0.6951614088487547,0.45424544746447953,0.008989952406134321,0.917757105100038,0.12695054662469174,0.14489388038104611
2404309,Governador Dix-Sept Rosado,RN,537036,6.56,36,47.77112391888889,74.023094,0.645354324212689,0.7067909568995467,0.060317460317460325,0.6047415849512238,-0.0031746031746031746,0.9782668858470432
2405504,Jardim de Angicos,RN,536001,4.27,31,39.71336913741935,65.497986,0.6063296241586241,0.49749853283705203,0.0881720430107527,0.4997789602585872,-0.1357761773937627,0.2841317847756536
2405702,Jardim do Seridó,RN,636045,2.47,36,46.290595726666666,71.500336,0.6474178796193529,0.5839594779915096,0.20174748222567618,0.0836277657441753,0.2,0.08611946764646822
2406908,Lucrécia,RN,637009,2.74,30,57.280913945333324,87.86521,0.6519180114182954,0.4735712472379286,-0.22298850574712642,0.08679932291732613,-0.06904492488684383,0.5924312723068998
2408409,Olho d'Água do Borges,RN,537002,3.41,31,50.946560381935484,75.06351,0.6787127642142464,0.7416265958599698,-0.178494623655914,0.16470392250290672,-0.24301075268817204,0.05647718404429137
2409308,Patu,RN,637000,1.97,31,52.345365475483874,92.39415,0.5665441545808764,0.1321905471967223,-0.14838709677419357,0.25008298106040583,-0.027956989247311832,0.8397559694413963
2409704,Pedro Avelino,RN,536019,7.37,32,37.271738510625,63.038086,0.5912574589840591,0.6494872604591782,0.024193548387096777,0.8595929879092941,0.05045411246838363,0.6851360014590238
2410702,Riacho da Cruz,RN,537009,2.12,31,54.89555439741936,81.328026,0.6749893882873099,0.6928514532478554,0.049462365591397855,0.7107751828753067,0.06889132085922965,0.5864663024720917
2411205,Santa Cruz,RN,636019,1.43,40,40.9850136555,53.22515,0.7700309503630915,0.8042142431229939,0.11025641025641025,0.31634891900228335,0.0641849052593115,0.5601418508183525
2411403,Santana do Matos,RN,536018,7.15,31,41.49249859290323,81.404236,0.5097093310296085,0.5032657377075483,-0.10537634408602152,0.4177776715741393,-0.2306039838275017,0.06888973801913763
2411809,São Fernando,RN,637017,7.76,30,43.099429936,76.95104,0.5600889697870542,0.4234061089084061,-0.1310344827586207,0.3206742435468077,-0.0854512579587467,0.5088631166809026
2413003,São Vicente,RN,636010,2.77,32,46.309121403125,70.05684,0.661022136757067,0.4635449011000856,-0.2338709677419355,0.061814051956719275,-0.2181822634067667,0.07980172218420699
2414159,Tenente Laurentino Cruz,RN,636010,7.76,32,47.196422625,70.05684,0.6736875843375816,0.378042867653654,-0.3467741935483872,0.00491313898798533,-0.2181822634067667,0.07980172218420699
2414308,Timbaúba dos Batistas,RN,637010,6.35,61,53.5553719157377,79.28494,0.6754797334939536,0.5895875480911205,-0.001092896174863388,0.9900699212033215,0.0815769359764652,0.35374382258220405
2414506,Umarizal,RN,537020,2.0,30,54.21975691733333,81.22083,0.667559726140113,0.5260833549836038,-0.2689655172413793,0.03770050786906441,-0.04861228329642641,0.707615990425422
2414605,Upanema,RN,537019,5.51,61,47.812592791803276,80.8771,0.5911759190771458,0.6993139084444305,0.018579234972677595,0.8324354155994464,-0.17327139209549738,0.04852950542329834
2500106,Água Branca,PB,737022,5.4,63,47.14511341555555,77.13234,0.6112236933936667,0.43608636301271547,0.15309779825908856,0.0761631458286584,-0.08929969927076169,0.3019797407269482
2500205,Aguiar,PB,738025,4.95,52,59.59206443653847,83.65091,0.7123899171807875,0.4809782760516515,0.2533936651583711,0.008015845605886156,0.037735859803735186,0.6931540668119898
2500403,Alagoa Nova,PB,735030,1.31,48,51.28680615375,84.148705,0.6094782616194856,0.4684750904560762,0.2872340425531915,0.003980220818696068,-0.3336292351522172,0.0008312696911492433
2500577,Algodão de Jandaíra,PB,636075,4.39,31,31.70130594838709,54.821877,0.5782601391512447,0.5870180249164737,-0.07526881720430108,0.5663744539910857,-0.1377826417184593,0.2766269662211114
2500601,Alhandra,PB,734008,8.9,62,73.27605268129034,100.53065,0.7288926776605805,0.5421627366760852,0.27657324167107356,0.0014893804588577057,-0.0031737636656172935,0.9709274031962397
2500700,São João do Rio do Peixe,PB,638032,3.35,39,64.05922291999998,87.63461,0.7309808385058281,0.30159931535611945,0.29824561403508776,0.007508468232245113,-0.13414744983148275,0.23087167657208296
2500775,Aparecida,PB,638031,1.88,33,61.43803152545454,83.40492,0.7366235672270414,0.44374538428072896,0.19696969696969696,0.11093609591608154,0.15559800308599958,0.20378309230453429
2500809,Araçagi,PB,635027,4.83,49,50.243503,73.476524,0.6838034793071958,0.6029039223926435,0.26870748299319724,0.006452228081795991,0.011914897932059786,0.903939221140511
2501005,Araruna,PB,635028,1.88,54,47.27303674814816,73.25833,0.6452922952246437,0.6208049137649575,0.10691823899371068,0.2536862556798293,-0.06643358267729248,0.47846248954432047
2501203,Areial,PB,735160,0.64,30,48.04434069066666,54.67812,0.8786758028608647,0.7011075932366351,0.15862068965517243,0.22719923325856528,0.06666666666666667,0.6203016304141579
2501302,Aroeiras,PB,735029,2.25,56,44.20439814892857,52.889454,0.8357885154682725,0.6401855708198556,0.10389610389610392,0.25813692730734694,0.028608606763566472,0.755798639329619
2501500,Bananeiras,PB,635033,7.07,53,51.5175923290566,73.604126,0.6999280494881654,0.7395868252615726,0.12191582002902758,0.1975100292985298,0.07062287630907492,0.4567132277734295
2501609,Barra de Santa Rosa,PB,636032,7.25,36,33.47874335055555,51.829777,0.645936475919061,0.4656954194147494,0.20952380952380956,0.07218365970978306,-0.08101670546070461,0.4872244923427599
2501708,Barra de São Miguel,PB,736025,6.69,59,39.06132176610169,67.54587,0.5782932837936191,0.4169284285460059,0.12448860315604908,0.1636467739460854,-0.07950891891865342,0.37379390579489236
2502102,Boa Ventura,PB,738012,3.47,49,58.61298058857143,91.04222,0.6437999853269502,0.4516159268515643,0.02551020408163265,0.7959476896608206,0.06122448979591836,0.5348443063198711
2502300,Bom Sucesso,PB,637040,4.24,30,57.64301581599999,78.06771,0.7383720512468324,0.6652292821507325,0.2689655172413793,0.03770050786906441,0.2025317796680752,0.11635448310882289
2502508,Boqueirão,PB,736067,2.33,31,45.6929009664516,58.48709,0.7812476246441757,0.6271816502908354,-0.006451612903225807,0.9731187568658406,0.09677419354838711,0.4577662033034028
2502607,Igaracy,PB,738070,3.61,30,55.888584185999996,99.42125,0.5621392260618585,0.7325622066025214,-0.029885057471264367,0.831954647948868,-0.05287356321839081,0.6971651256176505
2502805,Brejo do Cruz,PB,637023,2.09,39,58.133823544615375,78.95705,0.7362715060288411,0.5727514966688426,0.25928432649353117,0.020191539269648683,0.12027038008622626,0.2815789033112206
2503209,Cabedelo,PB,734002,6.33,34,94.40763855352941,117.784004,0.8015319158624027,0.8428553615940242,0.4688057040998218,9.66591650784235e-05,0.340463458110517,0.004633477194493324
2503407,Cacimba de Areia,PB,737052,2.32,30,67.61020169466667,86.95688,0.7775141280930908,0.41922365515691706,0.03448275862068966,0.8044644884091301,-0.11264367816091954,0.39503197640794263
2503506,Cacimba de Dentro,PB,635037,2.43,52,41.44057693115384,63.54345,0.652161274234253,0.6063690067485434,0.042232277526395176,0.6585613724587518,0.0,1.0
2503704,Cajazeiras,PB,638028,2.87,47,63.79069268425532,93.14721,0.6848374015109613,0.5803285827386462,0.333950046253469,0.0009311824088238983,0.049028677150786314,0.6269430367974564
2503753,Cajazeirinhas,PB,637024,0.55,37,56.60128781837837,87.35051,0.6479789076142476,0.734019120048765,0.3333333333333333,0.003690032732353752,0.00450789007770286,0.968699042917424
2503803,Caldas Brandão,PB,735035,2.63,51,50.96221341333333,73.147545,0.6967043598016422,0.5417021743604161,0.21254901960784317,0.027727585576920087,0.06991367623006978,0.46969697327987825
2503902,Camalaú,PB,736021,3.34,59,42.40049705525423,80.46277,0.5269579684725391,0.3531796376904513,0.09760374050263004,0.27479162693819237,-0.1772967861240901,0.047520205688375027
2504074,Caraúbas,PB,736020,5.59,57,41.6469265508772,69.52289,0.5990390738787688,0.5087416867611072,0.1967418546365915,0.030654533086618425,-0.02380952380952381,0.7936404388893481
2504157,Casserengue,PB,635047,7.06,49,43.767401804489786,52.97226,0.8262324884733055,0.4650510130692193,0.07142857142857141,0.46902510142647214,-0.20425539312102492,0.03855413257936668
2504207,Catingueira,PB,737065,2.25,31,63.505460016774194,86.39194,0.7350854956371181,0.6587406786265186,0.04086021505376344,0.7616202077225781,0.2645161290322581,0.03734958007532279
2504405,Conceição,PB,738020,6.9,54,53.88766489407407,84.265045,0.6395019997664126,0.4134864579353164,0.11390635918937805,0.22396759457861626,-0.06638714185883997,0.4784869748380409
2504702,Congo,PB,736068,1.56,30,46.33545790533333,69.24209,0.6691805378922163,0.5607807707136032,-0.0022988505747126436,1.0,-0.19377278632539324,0.13377957720103573
2504850,Coxixola,PB,736017,8.85,59,46.48208631288136,82.30546,0.5647509582414276,0.4863792709628646,0.12215078901227353,0.17170279390806664,0.15803353178676202,0.07741673435439912
2504900,Cruz do Espírito Santo,PB,735019,1.57,49,60.1945545632653,82.803764,0.7269543243677873,0.3086382428102682,0.227891156462585,0.02088173655437837,-0.05359422007578722,0.5870817332691153
2505402,Desterro,PB,737067,1.21,30,66.398007316,91.87708,0.7226830159886689,0.5830502456796844,0.2689655172413793,0.03770050786906441,0.3268126444643941,0.011282354941761448
2505501,Vista Serrana,PB,637081,2.19,30,60.880874894666675,86.92146,0.7004124503262759,0.6078721457339045,0.2413793103448276,0.0631420828351901,0.2577677195775503,0.045661010942916136
2505709,Dona Inês,PB,635067,2.25,30,56.167828359333335,63.578228,0.883444382283464,0.5249778412648327,-0.0574712643678161,0.6711542494532579,0.10804597701149425,0.41510538282177456
2505907,Emas,PB,737053,3.92,31,65.69858261870968,80.80081,0.8130931011892591,0.44022999294191045,0.2903225806451613,0.021849376369595316,0.1636168870406704,0.19638682290049747
2506103,Fagundes,PB,735018,3.68,51,44.67895023254901,69.58039,0.642119850654253,0.6401951508383265,0.12000000000000001,0.21397903053205158,-0.018830915533065932,0.8454403132254316
2506301,Guarabira,PB,635136,6.44,30,61.151650187333324,73.47958,0.832226410039517,0.764989968640137,0.11264367816091954,0.39503197640794263,-0.06904492488684383,0.5924312723068998
2506400,Gurinhém,PB,735191,2.88,30,55.40128021466665,66.27646,0.8359118949279989,0.8322593525512428,0.19999999999999998,0.12567230893543144,0.06206896551724138,0.6455245462063907
2506707,Imaculada,PB,737068,5.53,30,52.00869239733332,84.69063,0.6141020983520011,0.039626841498501056,0.006896551724137931,0.9717917196756787,-0.011520767909658308,0.9288962925074962
2506806,Ingá,PB,735017,1.86,50,47.78702405159999,57.427124,0.8321333318397918,0.7602573125167105,0.13142857142857142,0.17806330795936753,0.2215865595795866,0.02337839233001792
2506905,Itabaiana,PB,735015,2.78,49,50.53176258408163,72.446556,0.6975039989532908,0.6003177537122514,0.21863038983297328,0.026733989726701168,0.1872341103609395,0.057893333239593
2507002,Itaporanga,PB,738017,5.91,45,62.21575359866666,96.665405,0.6436196426495799,0.6879315276570661,0.3373737373737373,0.001085805489087848,0.056565656565656555,0.5838224355915755
2507309,Jacaraú,PB,635137,3.26,31,60.373155530967736,80.73246,0.7478176128230973,0.7141311420793452,0.03225806451612904,0.813497254103598,0.1291712266110556,0.3077605473557973
2507705,Juazeirinho,PB,736070,2.8,30,47.360421354666656,70.24219,0.6742446817258738,0.549908677752805,0.1632183908045977,0.21370025661362413,-0.032220964947193786,0.8027310413687202
2507804,Junco do Seridó,PB,636046,6.79,31,37.67817971548387,71.816536,0.5246449054834644,0.2132118023741067,0.027956989247311832,0.8397559694413963,-0.04956908063581812,0.6957746420698736
2508000,Juru,PB,737016,5.13,52,51.31008016961538,78.80433,0.6511073804423689,0.1604017864068545,0.2594268476621418,0.006636983785790566,-0.06344418114591112,0.5073734806480245
2508109,Lagoa,PB,637043,2.97,30,59.45146517133333,80.45313,0.738957741337371,0.41362302919228155,0.2735632183908046,0.03443620830880012,0.2761796995473753,0.03225271160135132
2508505,Livramento,PB,736043,4.43,31,60.499413472903214,79.81915,0.757956096079047,0.36408964604177374,0.10967741935483873,0.3985669255500403,-0.10537634408602152,0.4177776715741393
2509008,Manaíra,PB,738015,6.1,53,51.343464196226414,75.829605,0.67708995882015,0.53602038325847,-0.13497822931785197,0.15365175995059127,-0.054486047606921564,0.565052250582851
2510204,Nova Olinda,PB,738014,3.57,30,55.898197509999996,109.55,0.5102528156351618,0.39346730145526054,-0.03908045977011494,0.7772097145495372,-0.1451616756616947,0.26086758920884423
2510709,Passagem,PB,737070,2.14,31,53.28631940064515,88.686295,0.600840520709769,0.31033617728718577,0.12688172043010754,0.32710356791576695,-0.01935483870967742,0.8927741234198122
2510808,Patos,PB,737055,0.72,31,59.414481192903224,82.46452,0.7204853530243637,0.8558863190935769,0.20000000000000004,0.11847779253125056,-0.008611415107403706,0.9457892246093078
2510907,Paulista,PB,637041,4.42,30,59.998280196,85.879166,0.6986360398624735,0.4086875403603726,0.23218390804597702,0.07421744084366233,0.027617969954737528,0.8304484474766167
2511004,Pedra Branca,PB,738014,3.52,30,56.87692544866666,109.55,0.5191868905909084,0.5712176047591779,0.03448275862068966,0.8044644884091301,-0.1451616756616947,0.26086758920884423
2511103,Pedra Lavrada,PB,636078,8.67,30,40.618505678000005,86.61895,0.4689332499357075,0.446290273151245,-0.004602994992456255,0.9715313446297843,-0.14022988505747128,0.2871105168950618
2511202,Pedras de Fogo,PB,735203,8.66,31,82.21622249612902,99.28286,0.8281008691720726,0.7467780361753172,0.13978494623655915,0.2792487336967667,-0.02375832101126414,0.851592628620356
2511301,Piancó,PB,737006,2.31,63,51.997335159682535,80.60555,0.6450837868503391,0.2986469507198694,-0.05785970302099334,0.5027219379699166,-0.26509266735633097,0.002204678557353139
2511400,Picuí,PB,636079,1.72,31,44.24004861354839,65.912094,0.6711977400619054,0.27375175991432465,0.10537634408602152,0.4177776715741393,-0.0021505376344086026,1.0
2512002,Pocinhos,PB,736014,3.01,31,32.79177585741935,54.26109,0.604333165171834,0.36300313366351733,-0.01935483870967742,0.8927741234198122,-0.08611415107403705,0.496533019405085
2512200,Prata,PB,737004,0.18,58,48.745505603793106,84.67161,0.5757007191876908,0.40462093711117264,0.196066574784301,0.029747492247972122,-0.057540926532015826,0.5239190178410622
2512408,Puxinanã,PB,735165,0.31,30,43.663182721999995,55.041668,0.7932750651924043,0.8227678091822429,0.19080459770114944,0.1445086040145618,0.11072730647165328,0.39156722270855615
2512788,Riacho de Santo Antônio,PB,736013,2.38,58,36.30891882758621,55.402992,0.6553602495819386,0.6840340140531393,0.005444646098003629,0.9518594596086616,-0.003637474087210004,0.967890422865016
2512804,Riacho dos Cavalos,PB,637044,5.16,31,61.63219086774193,81.472885,0.7564748783354285,0.4061496728980352,0.3548387096774194,0.004663174190549409,0.16129032258064518,0.21037430089015025
2513000,Salgadinho,PB,736072,0.54,31,40.45452540709677,49.15282,0.8230356859249299,0.22021431141285136,-0.07750273596663335,0.5405646143647207,0.04305707553701853,0.7338735106395405
2513406,Santa Luzia,PB,636081,5.41,31,41.32371166000001,76.86774,0.5375950089268153,0.3937007710837645,0.20860215053763445,0.10307401981824373,0.14039007870292447,0.2689375707395075
2513505,Santana de Mangueira,PB,738079,8.68,31,52.21201936838709,75.474594,0.6917827115173931,0.28792745640509904,-0.07526881720430108,0.5663744539910857,-0.12258064516129034,0.3441531311333978
2513604,Santana dos Garrotes,PB,737074,3.31,31,57.267210159354846,84.193146,0.6801885076021922,0.7909675766795146,0.01935483870967742,0.8927741234198122,0.07335529244291802,0.563177201855285
2513703,Santa Rita,PB,734001,8.36,45,73.94629776533334,92.400566,0.8002797048282766,0.638582337482885,0.2707070707070707,0.008750224261221795,-0.00606060606060606,0.9531959032708437
2513802,Santa Teresinha,PB,737075,0.78,31,65.79670940516128,86.36059,0.7618835266497636,0.6304902810023926,0.12688172043010754,0.32710356791576695,-0.004305707553701853,0.9728789489792985
2513901,São Bento,PB,637045,5.03,31,60.934006599354824,92.32903,0.6599658275063365,0.6576297308930485,0.22580645161290322,0.07698972345398847,0.29036588033317773,0.022591905728634235
2513984,São Francisco,PB,638051,4.33,45,58.03975617155557,77.53167,0.7485941739484303,0.5078982368670685,0.21010101010101007,0.04187880189270325,0.027341859772163378,0.791636718956412
2514008,São João do Cariri,PB,736044,3.9,30,54.11629924,77.19849,0.7010020767762685,0.7142981504242455,0.0022988505747126436,1.0,-0.029953996565111603,0.8165323724390502
2514107,São João do Tigre,PB,836000,6.65,61,44.618582778032774,65.426384,0.6819662049031058,0.632211296191066,-0.1355191256830601,0.12276216273594001,-0.1399672161089779,0.11113150987810914
2514206,São José da Lagoa Tapada,PB,638049,2.47,43,59.25575471534883,93.639244,0.6328089819369287,0.5981837716690513,0.1406423034330011,0.18381220775928653,-0.06762753601724966,0.5231739053053375
2514503,São José de Piranhas,PB,738088,1.72,31,69.49916817612903,89.29919,0.7782732490556581,0.44945737030483557,0.04516129032258065,0.7360557234059398,-0.004305707553701853,0.9728789489792985
2514701,São José do Sabugi,PB,636069,5.43,31,45.501742012258056,69.8993,0.6509613437987724,0.5203245262694153,0.10967741935483873,0.3985669255500403,0.034445660429614826,0.7856358911578543
2514909,São Mamede,PB,637037,2.11,51,55.68782189725489,78.102325,0.7130110606044052,0.2736425229707756,0.10827776431512912,0.26232953381287516,-0.1670588235294118,0.08362474264842938
2515203,São Sebastião do Umbuzeiro,PB,837000,0.92,57,45.173378097894734,69.06902,0.6540323874474149,0.6131387259927891,0.13659147869674187,0.13343859028557736,0.03894484654714531,0.6694474017535023
2515302,Sapé,PB,735006,5.04,54,56.065922038518515,82.70474,0.6779045601267624,0.5950238951022706,0.2858141160027952,0.0022784950981322855,0.0608817951077622,0.5162483668066647
2515401,São Vicente do Seridó,PB,636083,7.41,31,39.63562082580645,66.44395,0.5965271888832526,0.721008889760271,-0.01935483870967742,0.8927741234198122,-0.18945113236288152,0.1346795142816712
2515708,Serra Grande,PB,738099,1.85,30,62.32310238333333,85.05125,0.7327711802377687,0.447482258108935,-0.01841197996982502,0.8864868615857423,0.020737382237384958,0.8723923763758188
2516003,Solânea,PB,635068,8.55,31,54.38631403161289,66.80948,0.8140508658535699,0.8789017559914766,0.09677419354838711,0.4577662033034028,0.04516129032258065,0.7360557234059398
2516102,Soledade,PB,736008,3.77,30,40.57410127666666,66.34688,0.6115449960586605,0.3032938376994282,-0.03448275862068966,0.8044644884091301,0.04388037570854561,0.7344623901910576
2516151,Sossêgo,PB,636084,6.26,31,38.11720294516129,52.40736,0.7273253773749878,0.6302818421538326,0.18709677419354842,0.1448297705819313,0.1291712266110556,0.3077605473557973
2516201,Sousa,PB,638123,3.36,30,63.91204750733334,84.50437,0.756316463452188,0.6388509554862271,0.24597701149425286,0.05812973200056986,0.14055336849783137,0.2763084942297481
2516300,Sumé,PB,736077,0.71,31,54.89799095419355,82.86527,0.6624969578135006,0.48189216183982947,0.10967741935483873,0.3985669255500403,-0.07526881720430108,0.5663744539910857
2516508,Taperoá,PB,736000,0.42,38,51.33855456842104,78.967514,0.6501224610370856,0.7109452505657267,0.08392603129445235,0.4582434363235117,0.005693951620154847,0.9598900226186605
2516706,Teixeira,PB,737076,2.85,31,71.70092947935483,94.90928,0.75546806733034,0.6898986542315713,0.20430107526881724,0.11056798682472836,0.13347693416475745,0.2919149247212367
2516904,Uiraúna,PB,638125,2.37,30,56.319123768000004,78.29229,0.7193444457867705,0.7417522672444494,0.18620689655172415,0.15468841862660812,0.029885057471264367,0.831954647948868
2517100,Várzea,PB,636068,4.66,31,44.40329791741935,71.102425,0.6244976617005747,0.23561605164336724,0.23010752688172043,0.07137352126179489,-0.03875136798331667,0.7596200989853985
2600104,Afogados da Ingazeira,PE,737023,3.12,59,45.19918473355931,70.52542,0.6408920925432281,0.4742166580943894,0.14669783752191698,0.10071206830073888,-0.018729900063616238,0.8342250059979599
2600609,Alagoinha,PE,836002,6.85,37,44.614697654054055,74.023224,0.6027121667683092,0.2706594563391076,-0.17117117117117117,0.13596347576397852,-0.06772026283025416,0.5560620515086415
2600708,Aliança,PE,735038,2.27,30,46.65223981999999,66.02187,0.7066179338016891,0.6215454296755847,0.17701149425287357,0.1766361962257359,0.15473606170908188,0.23160375037131653
2601805,Betânia,PE,838005,5.41,30,44.586519603333315,71.86771,0.6203971421870791,0.7266874768883703,-0.1657078197284252,0.19887661183966399,0.025345689401248275,0.8443645308524024
2602209,Bom Jardim,PE,735041,1.58,31,43.74144049548388,73.228325,0.5973295246219064,0.5949997916843291,0.07956989247311828,0.5437185145600891,-0.16792259459437225,0.18486883088631
2602605,Brejo da Madre de Deus,PE,836023,2.71,30,39.76749761533333,62.822918,0.6330094003980011,0.19031199629700452,0.07586206896551725,0.5711717141285221,0.4262684126573574,0.0009612072745601403
2602902,Cabo de Santo Agostinho,PE,835138,2.71,34,72.26387181705883,116.995224,0.6176651434733953,0.6713881499321372,-0.10160427807486631,0.3981145969399529,-0.12299465240641713,0.30636147094795085
2603405,Calumbi,PE,838028,6.84,30,53.31129779933333,75.20261,0.7089022640614626,0.26876018045331784,-0.29195402298850576,0.023647797936800732,0.006912460745794985,0.9573015512516126
2603454,Camaragibe,PE,835048,4.18,56,72.8832488767857,97.99452,0.7437481944790035,0.60692314602453,-0.01038961038961039,0.9099666879188578,0.0038961038961038965,0.966175675454816
2604304,Cedro,PE,739031,4.81,30,59.825240363999995,84.8625,0.7049667192530541,0.5517634298781736,-0.167816091954023,0.20077938911479654,0.07126436781609195,0.5955097487125379
2605806,Frei Miguelinho,PE,735037,3.51,31,51.98276152645162,55.972782,0.9287149850987579,0.5634747123369607,-0.12688172043010754,0.32710356791576695,-0.33333333333333337,0.008071565464983641
2606002,Garanhuns,PE,82893,2.21,31,39.85003782193548,53.438713,0.7457147736127848,0.33137643141747863,-0.10107526881720431,0.43751367774909966,-0.19569892473118283,0.1268163608618809
2606903,Iguaracy,PE,737032,2.56,30,44.652210650666674,76.083336,0.586885553009501,0.2950807686457851,-0.17701149425287357,0.1766361962257359,0.12888385978877515,0.3176703156317403
2608107,João Alfredo,PE,735041,6.86,31,45.050092988387085,73.228325,0.6152003757558979,0.5805500957481912,-0.05806451612903227,0.6611643177577229,-0.16792259459437225,0.18486883088631
2608255,Jucati,PE,836020,5.01,30,41.98107991066666,68.657814,0.6114537799709572,0.6965980109290039,-0.05287356321839081,0.6971651256176505,0.023014974962281276,0.8583784500988312
2608305,Jupi,PE,836020,6.39,30,41.98107991066666,68.657814,0.6114537799709572,0.6965980109290039,-0.05287356321839081,0.6971651256176505,0.023014974962281276,0.8583784500988312
2608750,Lagoa Grande,PE,840003,5.07,30,44.32535763466667,74.68385,0.5935065715742925,0.3897943140806624,0.08505747126436781,0.5239409306655621,-0.15402298850574714,0.24128392444832675
2609303,Mirandiba,PE,838025,4.55,30,40.674125623999984,76.697914,0.5303159295634471,0.3399367508534288,-0.06444192989438757,0.6173367631279292,-0.23271951177509784,0.07146395026934718
2609709,Orobó,PE,735002,7.33,51,46.11744818235293,66.980385,0.6885216963399236,0.5495286776870655,0.10745098039215688,0.2658188554259163,0.12898200654834316,0.18273548034185383
2609808,Orocó,PE,839034,7.66,45,50.059781696888884,69.35708,0.7217688913926684,0.5566632138804546,0.061647304484774366,0.5506742655666821,-0.07579586616980455,0.46312605810601337
2610400,Parnamirim,PE,839014,4.66,62,48.85953875225806,66.8117,0.7313021453841703,0.7169752296150373,-0.14705104984026793,0.09129114658801485,0.003175444239558534,0.9709263309541469
2610608,Paudalho,PE,735066,2.37,54,66.5852636774074,82.960884,0.802610343469469,0.7553756730853783,-0.0034940600978336823,0.9702442038027941,-0.018881123497756808,0.8403529303006606
2610905,Pesqueira,PE,82892,4.14,38,44.56604009105262,75.81841,0.5877996974154658,0.5365411146123262,-0.1664295874822191,0.1413146847719077,-0.15088971793410344,0.1826213336483259
2611200,Poção,PE,836093,3.97,38,42.822450555789466,70.688255,0.6057930043393791,0.49529310933507537,0.055476529160739696,0.6239185944721397,0.034212480209314694,0.7628066099122217
2612109,Salgadinho,PE,735067,5.35,56,47.868251734642854,65.798325,0.7274995531661875,0.586009141455606,0.011688311688311689,0.8987697359744682,0.029249282670138665,0.7504372222509272
2612307,Saloá,PE,836041,9.18,30,34.90636011266667,62.61198,0.5575028911136627,0.3006315098181731,-0.0574712643678161,0.6711542494532579,-0.14482758620689656,0.2712349999889196
2612406,Sanharó,PE,836043,1.18,62,42.01491851580645,65.493195,0.6415157908419793,0.5227107998797378,-0.019566367001586465,0.8221807467648387,-0.0068819519779492406,0.9370573675985715
2612455,Santa Cruz,PE,840019,6.37,30,42.12230421799999,61.003124,0.6904942123015053,0.47234105005219384,0.21839080459770116,0.09369487956659167,0.28805290348078894,0.026695947963311716
2612604,Santa Maria da Boa Vista,PE,840010,9.48,56,44.882358204999996,73.48761,0.6107472849981187,0.4072745185055596,0.10717766073550576,0.24354475377905327,0.1331601239441132,0.1473708609548773
2612802,Santa Terezinha,PE,737068,9.67,30,53.08172246666665,84.69063,0.6267720961311835,-0.14565588032273646,0.0022988505747126436,1.0,-0.011520767909658308,0.9288962925074962
2613503,São José do Belmonte,PE,738029,4.15,31,47.64480444774193,80.59274,0.5911798348280876,0.6353095863086026,0.15268817204301077,0.23631302243273788,-0.09513652501417033,0.4541856382715067
2613909,Serra Talhada,PE,838015,8.75,30,49.935418854666665,74.58854,0.6694784405411472,0.6590689725432656,0.06666666666666667,0.6203016304141579,0.08505747126436781,0.5239409306655621
2614402,Solidão,PE,737022,8.29,63,45.976364285714276,77.13234,0.5960711758146866,0.49572302843862387,0.24686300425315744,0.004251992507568014,-0.08929969927076169,0.3019797407269482
2614501,Surubim,PE,735158,4.28,38,43.35335179473684,51.12097,0.8480541423660564,0.8041626813565487,0.3314366998577525,0.0033977685007622184,0.34566145092460887,0.0022508088918501436
2616209,Vertentes,PE,735159,2.32,38,41.60813594526315,52.84655,0.7873387374364877,0.46535974196737345,0.029871977240398292,0.7917722129874467,-0.07686834687209043,0.49717808870816804
2700409,Atalaia,AL,936110,5.39,35,61.85345553771427,84.03992,0.7360009118460252,0.5805344287454609,0.4016806722689075,0.0006884392022364744,0.411764705882353,0.0005026300645801935
2700706,Batalha,AL,936026,4.21,31,28.985652670967745,68.853325,0.42097680420252237,0.5140012267270382,0.1722283021480741,0.17385847077643313,0.019396596770537525,0.8783888429294412
2700805,Belém,AL,936052,6.95,31,42.40288480580645,71.91885,0.5895934457944375,0.4508818497977421,-0.18279569892473121,0.15452856918581126,-0.25403674566840934,0.044870445411355694
2701100,Branquinha,AL,936053,6.33,31,52.094400127741935,75.841736,0.6868830143570361,0.5615150463856126,-0.13978494623655915,0.2792487336967667,0.1702590160969405,0.17923797997897306
2701704,Capela,AL,936049,6.73,32,52.639752756875,67.16113,0.7837829791202943,0.46874040589780364,0.012096774193548388,0.935919180285607,-0.24696558677079433,0.04776551678908379
2702405,Delmiro Gouveia,AL,937013,5.82,60,39.791073147999995,61.88031,0.6430328663563949,0.3261739417066097,-0.0576271186440678,0.5153378806416345,-0.01923078153522891,0.8283118417882926
2702801,Flexeiras,AL,935001,6.69,33,62.45429720545454,101.32765,0.6163598582082861,0.8064654771324224,0.21590909090909094,0.0798931216501441,0.2803030303030303,0.021897971199001522
2703205,Igreja Nova,AL,1036003,4.16,33,47.63833381212121,72.5625,0.6565145055934017,0.5745231720600903,-0.015151515151515154,0.9143309809510656,-0.022770439475999937,0.8524623223449843
2703502,Jacuípe,AL,835139,4.64,36,72.11667620833333,87.1915,0.827106748085611,0.6163841415243518,0.29841269841269846,0.010445307036211887,0.10476190476190478,0.3686638396222096
2704005,Junqueiro,AL,936022,8.14,34,39.75286220470588,66.99632,0.593358868712232,0.23789714398603917,-0.19429590017825316,0.10612365088343008,-0.06238859180035652,0.6038615003223371
2704906,Mar Vermelho,AL,936031,3.35,33,47.50620262727273,82.545456,0.5755156609232687,0.5706298790520612,-0.1553030303030303,0.21124423821567256,-0.09324558422126886,0.44740810765789363
2705507,Murici,AL,935012,3.81,58,63.776387562413795,79.922585,0.7979770415899003,0.6452689589874301,0.17846339987900783,0.047832238463479636,0.016353737014362393,0.8562640292097528
2706802,Piaçabuçu,AL,1036008,3.0,33,52.191969795151515,80.811554,0.645847867548299,0.5011798543018557,-0.09090909090909091,0.46948232711401844,0.10227272727272728,0.4145111653214576
2707701,Rio Largo,AL,935056,1.66,36,75.1351455,98.56857,0.7622626889555233,0.7130433409089447,0.21269841269841272,0.06797088192281575,0.06349206349206349,0.5858664780327337
2707909,Santa Luzia do Norte,AL,935023,3.51,33,66.32334799454544,110.59091,0.5997178870843094,0.29332562660082756,-0.09090909090909091,0.46948232711401844,0.08728668465799977,0.4758988773876127
2708105,Santana do Mundaú,AL,936045,4.85,34,50.50867725235293,74.721504,0.6759590533594956,0.5493088044674981,-0.14081996434937613,0.2415461158545259,0.028597064344777382,0.812434367367803
2708204,São Brás,AL,1036009,8.86,31,42.799157539354844,58.236393,0.7349211610313078,0.674313701626483,0.023655913978494626,0.8661910987828696,-0.12055981150365189,0.3411290060051084
2708303,São José da Laje,AL,936112,2.24,33,54.05366697757575,69.07556,0.7825295341136708,0.5904814985794942,-0.08712121212121213,0.4886493054379216,-0.20454545454545456,0.09755203714659577
2708402,São José da Tapera,AL,937005,7.79,33,26.868768118181812,35.002132,0.7676323201975863,0.15607397111111473,-0.07575757575757576,0.54855052692644,-0.4268179054496221,0.0005382998751880422
2708907,Satuba,AL,935023,3.21,33,65.63480926909091,110.59091,0.5934918897230291,0.5413973392643727,-0.034090909090909095,0.7938612170038639,0.08728668465799977,0.4758988773876127
2708956,Senador Rui Palmeira,AL,937005,9.74,33,25.967154852121205,35.002132,0.7418735105527673,0.2016679150749732,0.01893939393939394,0.8899902211874436,-0.4268179054496221,0.0005382998751880422
2709004,Tanque d'Arca,AL,936052,2.96,31,47.92124288903226,71.91885,0.6663237855417737,0.5062790087707807,-0.15698924731182798,0.2230787732166901,-0.25403674566840934,0.044870445411355694
2709301,União dos Palmares,AL,936113,4.45,32,55.237066901875,76.80371,0.7191978906699555,0.7587398227642318,-0.2298387096774194,0.06657938997991401,-0.4282837022429124,0.0005843149354658121
2709400,Viçosa,AL,936111,2.81,35,49.23116112571428,63.09589,0.7802593970934252,0.3190891394551999,0.1226890756302521,0.29987357569239914,-0.015126050420168069,0.898297050215243
2800100,Amparo do São Francisco,SE,1036009,9.83,31,42.799157539354844,58.236393,0.7349211610313078,0.674313701626483,0.023655913978494626,0.8661910987828696,-0.12055981150365189,0.3411290060051084
2800308,Aracaju,SE,83096,6.42,37,70.86668117567565,106.41081,0.6659725604197518,0.5764683364140296,0.06906906906906907,0.547421430491585,0.024024024024024027,0.8342436373669592
2801306,Capela,SE,1037078,3.69,40,61.45298211699999,94.21202,0.6522838757399384,0.7802356925821903,0.14615384615384616,0.1841061194960797,0.19768950819867942,0.07273293032342634
2802007,Divina Pastora,SE,1037049,4.72,61,53.28284431147541,65.42746,0.8143804534382123,0.48127079706447196,0.3978142076502732,5.8905031517821865e-06,0.2340076894321974,0.007732996498042117
2802106,Estância,SE,1137017,5.28,62,65.7263815164516,87.144005,0.7542272317054051,0.5012872663520532,0.09360126916975146,0.28232437455827153,0.2412060385869143,0.005608514575182373
2803302,Japaratuba,SE,1036063,3.08,32,66.4548289275,98.10273,0.6774004053176318,0.6132424089351804,0.08467741935483872,0.509200908053861,-0.012096774193548388,0.935919180285607
2805109,Pedrinhas,SE,1137023,1.02,30,50.506953855333336,78.770836,0.6411884969018566,0.5798036188111195,0.0574712643678161,0.6711542494532579,-0.17741982580873797,0.16938057312405397
2805703,Propriá,SE,1036048,4.02,47,56.84791502765957,65.25546,0.8711594818602093,0.7511425009660595,0.17298797409805738,0.08636818483947303,0.008333336905580717,0.934216498160291
2806503,Santa Rosa de Lima,SE,1037049,5.27,61,53.550081210491804,65.42746,0.8184649295920036,0.4992609127580592,0.4043715846994535,4.125513089418187e-06,0.2340076894321974,0.007732996498042117
2807303,Telha,SE,83097,5.65,39,54.29377599076923,73.8282,0.7354069994824849,0.6082064756833387,0.2901484480431849,0.009299917818885436,0.0959460335519333,0.39033849620591277
2900306,Acajutiba,BA,1137042,6.99,33,51.22210609030303,73.2233,0.6995329096825597,0.18342966490463855,-0.011363636363636364,0.9387510257867812,0.00379507324599999,0.9752725161422712
2902054,Araçás,BA,1238010,4.35,59,62.70439598677966,76.95285,0.8148417597044072,0.5066508070948361,0.07305669199298655,0.41367936658966153,-0.10701756215888159,0.23139335302600528
2902302,Aratuípe,BA,1339034,7.21,61,54.757825393114736,88.601036,0.6180269195583041,0.3083315074929447,0.25416781490348983,0.0038071794358904023,-0.05520634259194081,0.5296590553186913
2902401,Aurelino Leal,BA,1439006,4.07,61,46.62781252131146,66.03766,0.7060791288680156,0.5214403385876532,0.05573770491803278,0.5255997613113483,-0.11784103968082026,0.18080490338936794
2902609,Baixa Grande,BA,1140018,2.82,31,45.918393220645164,76.65474,0.5990287566315298,0.5176145397499063,0.07956989247311828,0.5437185145600891,0.11853475804217377,0.3497506313188903
2905107,Caém,BA,1140011,5.8,31,43.29001297677419,76.04738,0.5692505620556261,0.28955430768403995,0.23440860215053763,0.06609182185695187,-0.15102560208836063,0.23394222829537914
2905156,Caetanos,BA,1440022,3.24,31,49.61664339354838,67.14617,0.7389348079503362,0.558443778432009,0.03655913978494624,0.7874429024058983,0.13607038397360374,0.2839461294950293
2905404,Cairu,BA,1339020,6.97,60,62.01112713066666,81.16854,0.7639798178133952,0.2596989216025646,-0.024858757062146894,0.7789950981684823,-0.024411297548676714,0.7837788483452218
2905602,Camacan,BA,1539022,3.49,50,54.693648012800004,74.94025,0.7298301047479357,0.48106698141358506,0.28816326530612246,0.0031491122789416423,0.21087061209168678,0.03089986482861873
2906600,Candiba,BA,1442001,3.75,31,48.50933909225806,87.889114,0.5519379667723845,0.7700240542811847,-0.1655913978494624,0.19819273485292443,-0.11827956989247314,0.36174932276300503
2907905,Cipó,BA,83192,0.73,36,38.37486267111111,66.75278,0.5748803920748891,0.5957633511166308,0.060317460317460325,0.6047415849512238,-0.2634920634920635,0.02375502020175979
2913457,Igrapiúna,BA,1339012,7.76,55,61.96376798472727,94.291374,0.6571520301421967,0.5858855003329727,-0.2134680134680135,0.02137613669926473,-0.14892186669530783,0.108616457462965
2915502,Itajuípe,BA,1439023,6.01,60,52.29983878133333,83.98802,0.6227059243563844,0.4341723206991708,0.15141242937853108,0.0873982232047124,0.01470589176223387,0.868283164261189
2916906,Itiruçu,BA,1340007,5.52,30,44.58445960533333,65.48333,0.6808520544071495,0.6018404350920694,0.09885057471264368,0.45698072495792497,0.11072730647165328,0.39151691977561365
2917201,Ituaçu,BA,1341029,9.89,40,48.9218426165,67.97133,0.7197423314612355,0.38734243904074644,0.14496475079722196,0.18795386661490276,-0.010256410256410258,0.9257380993313142
2917904,Jandaíra,BA,1137027,7.04,55,60.78232791963636,97.15285,0.6256360942070741,0.5996981732700569,-0.0841750841750842,0.36417283766154707,0.054582222634931836,0.5564962230251778
2918001,Jequié,BA,1340003,0.8,56,43.00334574357142,63.463726,0.6776051206630901,0.44677552612286436,0.18831168831168832,0.040404932823283286,-0.07368830460437545,0.4243150974430293
2920304,Malhada de Pedras,BA,1441004,6.82,31,41.397915889032255,78.51865,0.5272367503939366,0.45825417097024795,-0.2688172043010753,0.03426192226790278,-0.1576688576202075,0.214393187582526
2920809,Marcionílio Souza,BA,1340016,9.93,33,49.78593374727272,75.226326,0.6618153032583994,0.5744907322277137,-0.045454545454545456,0.7236547407471661,0.00761917201470824,0.9505410849366622
2921104,Medeiros Neto,BA,1740005,6.47,60,51.62896609933333,74.00682,0.6976244300977666,0.5716456895332073,0.10508474576271186,0.23550597222648306,0.049773787502945414,0.5745907685642468
2921203,Miguel Calmon,BA,1140000,2.53,58,54.20461869448276,74.61509,0.7264565266672909,0.4951047908826536,0.147005444646098,0.10309292066510813,0.17570453357959323,0.051710646825856126
2921302,Milagres,BA,1239010,5.68,31,39.360954425806455,66.69077,0.5902009026009428,0.6257288389176959,-0.24301075268817204,0.05647718404429137,-0.1722283021480741,0.17385847077643313
2921500,Monte Santo,BA,1039013,6.5,33,43.402020753333325,66.81203,0.6496138901447229,0.5059335686725919,-0.09848484848484848,0.4324054356814494,-0.18767780942829296,0.12499742287085208
2922201,Muniz Ferreira,BA,1339034,6.79,61,52.26320158557376,88.601036,0.5898712238899144,0.4261379394457973,0.31256830601092894,0.0003715513192470253,-0.05520634259194081,0.5296590553186913
2922300,Muritiba,BA,83222,5.97,31,51.5388651832258,69.48709,0.7417041697057177,0.8158457083588134,0.22150537634408607,0.08295417244940928,0.1636168870406704,0.19638682290049747
2922409,Mutuípe,BA,1339030,9.66,51,46.22946898862746,66.25913,0.6977071284277171,0.43163785505532687,-0.024332817542992845,0.8011916712546949,-0.04080031698830952,0.672755767135228
2922805,Nova Itarana,BA,1340015,4.54,32,39.603398746875,65.0625,0.6086977713256484,0.2893029701668291,-0.2056451612903226,0.1017413124258045,0.04246733390188143,0.7333445517294261
2923209,Oliveira dos Brejinhos,BA,1242016,4.63,51,41.769236717647054,67.345825,0.6202201338614578,0.4846643451048466,0.1858823529411765,0.054233857953485766,0.19473904360503885,0.0439562559706013
2923605,Paramirim,BA,1342013,7.79,31,47.63018510709677,69.10383,0.6892553739656189,0.16246334930636097,-0.14208834927216113,0.261894082817272,0.008611415107403706,0.9457892246093078
2924207,Pedro Alexandre,BA,1037054,7.56,32,30.510438824999994,55.64795,0.5482760686303929,0.19586552420473227,-0.18145161290322584,0.14999548060147852,-0.012096774193548388,0.935919180285607
2926509,Ribeira do Amparo,BA,1138017,9.05,32,37.33375303375,58.134277,0.6421986260015623,0.4808352196649937,-0.03225806451612904,0.809372857039951,0.1463463001096734,0.24231273167227851
2927804,Santa Cruz da Vitória,BA,1439044,7.5,54,52.44757369962963,69.06742,0.7593677738510721,0.41196181139330923,0.09713487071977636,0.29973779348892693,-0.12312003979998382,0.1891356613722145
2927903,Santa Inês,BA,1339041,3.29,60,43.13021546166666,58.683025,0.7349691873757155,0.5744672467393634,0.1576716649551575,0.07516140947495803,0.0022611648609995845,0.9796459787738853
2929354,São José da Vitória,BA,1539002,2.27,54,53.315061746296294,82.58114,0.6456082180888942,0.457126992573854,0.13766596785464708,0.14164325373061057,0.00909091131373476,0.9227338424159199
2929701,Sátiro Dias,BA,1138016,1.41,30,35.303024172,66.41823,0.5315261360568445,0.7134451089746782,-0.04827586206896552,0.7235302654564064,-0.14482758620689656,0.2712349999889196
2930402,Serra Preta,BA,1239018,9.07,31,41.033761403870976,67.24143,0.6102452025108588,0.5682728928261891,-0.10967741935483873,0.3985669255500403,0.023655913978494626,0.8661910987828696
2930501,Serrinha,BA,83190,0.93,30,44.17291778266665,69.606674,0.6346075041502429,0.5404828439814722,-0.020689655172413793,0.8875122085953918,-0.09907860402306144,0.44283859311882146
2930600,Serrolândia,BA,1140032,5.08,38,53.380482410526305,82.421875,0.647649454838613,0.5991112559068742,0.041251778093883355,0.7154210355044728,0.045551612961238774,0.687439156157688
2933208,Vera Cruz,BA,1338009,5.87,32,78.2654841275,112.6211,0.6949451139164554,0.5756114184234546,0.2298387096774194,0.06657938997991401,-0.00806451612903226,0.9615254547482435
2933257,Vereda,BA,1740006,2.35,60,51.074139971333324,70.22927,0.7272486143073004,0.6240555191895801,0.23163841807909605,0.00892403884509639,0.3005949857098742,0.0007061965809049366
3100302,Abre Campo,MG,2042010,4.67,63,61.04486817460318,78.06122,0.7820127527338323,0.35907126829430264,0.2636968766001023,0.0022542763746024193,0.10404926020631433,0.22855251146910827
3100401,Acaiaca,MG,2043009,6.08,63,60.00157183301587,80.89336,0.7417367081822551,0.5673146397490634,0.17255504352278545,0.04563246610725601,0.059907834101382486,0.4877214152708381
3101201,Aiuruoca,MG,2144018,5.21,51,63.013201713333345,92.82451,0.6788422865710297,0.5950560507971566,0.0054901960784313735,0.9546603204852422,0.15233618733619972,0.11505694070120961
3101607,Alfenas,MG,2145042,7.46,37,54.60197624594594,82.7093,0.6601673343566175,0.5257596445820935,0.09609609609609611,0.4025653652545813,0.19248142063602178,0.09405530620003667
3101706,Almenara,MG,1640001,3.65,48,48.024856542916666,72.702995,0.6605622828131696,0.47412249935469003,0.4024822695035461,5.456270248772147e-05,-0.001776201736136873,0.985815245512312
3102803,Andrelândia,MG,2144019,4.42,52,57.890189165769236,82.81383,0.6990401350007569,0.5826253210011856,-0.030165912518853696,0.752273455610581,-0.07921539605456947,0.40733712116224985
3103504,Araguari,MG,1848010,8.34,44,62.51484866181818,92.06307,0.6790436943369947,0.43922777783912154,-0.03171247357293869,0.7615638097918086,0.057082452431289635,0.5849489730388788
3104106,Arceburgo,MG,2146001,7.11,53,58.54205594943395,74.245636,0.788491541243099,0.32825269882788144,-0.25480945417238166,0.007091940806649338,-0.030478955007256895,0.7473242757302565
3104205,Arcos,MG,2045010,3.91,49,66.08362639673469,86.4315,0.7645780054350929,0.7366047088770235,0.06802721088435373,0.4904540419291169,0.0,1.0
3104601,Astolfo Dutra,MG,2142000,2.15,63,61.52095660126984,87.8871,0.6999998457960415,0.36116265836502365,0.23092677931387606,0.007474676958099909,0.07993853245346784,0.35481050038352435
3104908,Baependi,MG,2144004,9.18,55,61.600084701454556,74.23574,0.8297901274028912,0.6011885208744245,-0.01751431557747766,0.8502863975651571,0.12798922922002906,0.16778718683426674
3105103,Bambuí,MG,2046007,5.96,63,60.92388416507937,79.35535,0.7677350892435076,0.6109017439443173,0.15412186379928314,0.07421948272173705,0.12599232167277327,0.14454482220513495
3105301,Bandeira do Sul,MG,2146028,7.01,42,63.681556619999995,81.724846,0.7792190481295171,0.6130059721596168,-0.09064498915454895,0.3979065142794084,0.09407665505226481,0.3800367760138884
3105608,Barbacena,MG,83689,2.38,37,63.438625324324335,77.87028,0.8146705962604676,0.3988875706022894,0.24624624624624625,0.031957923251845745,-0.12189647309445749,0.2892987126833172
3105707,Barra Longa,MG,2043027,3.59,53,61.364253209433954,79.89714,0.7680406685791694,0.49506017079566444,0.24963715529753266,0.008321925088024148,0.15172414792600505,0.10888519692207035
3105905,Barroso,MG,2143006,2.34,58,64.15121248586208,79.884796,0.8030465818722902,0.6178244553991006,0.13732607380520265,0.12783057285630336,0.18033283730161018,0.04560567259589825
3106309,Belo Oriente,MG,1942032,8.39,37,68.04708211135134,99.20811,0.6859024345161167,0.47796643978210973,-0.048048048048048055,0.6755638982966221,-0.07507507507507508,0.5131478467510788
3107208,Bocaina de Minas,MG,2244058,4.43,54,66.33259602148149,86.20626,0.769463789489991,0.5024762619693552,-0.1013277428371768,0.2793599599055726,-0.004194337900391323,0.9642956940939801
3107406,Bom Despacho,MG,1945008,7.22,48,60.381268157499996,87.45168,0.6904528998809627,0.5493245154656116,-0.17553191489361705,0.07843629714681097,-0.005323870773705593,0.9574670212885028
3107505,Bom Jardim de Minas,MG,2144001,6.91,53,56.75724258792453,70.59799,0.803949815363881,0.6162837810817251,0.15239477503628449,0.10721294586826989,0.0362844702467344,0.7013230204757065
3108008,Bom Sucesso,MG,2144000,1.52,52,59.05765341692307,77.79976,0.7590981545891676,0.4032090379775168,0.007541478129713424,0.9371036021511816,0.018875059291845003,0.8435964282149437
3108305,Borda da Mata,MG,2246127,2.61,37,55.035689338378376,75.43818,0.729546895963952,0.7578673223374369,0.1111111111111111,0.33312567816369987,-0.1021021021021021,0.37380752860253785
3108602,Brasília de Minas,MG,1644027,4.29,47,45.66621666382979,69.607574,0.6560524054487129,0.4033033954920107,-0.08233117483811286,0.4144027085629818,0.18963922294172064,0.06011585267905761
3108701,Brás Pires,MG,2043026,3.42,51,58.85079398980392,73.15367,0.8044817569975276,0.4612936545734718,0.1670588235294118,0.08362474264842938,0.13401831445989348,0.1671190115614578
3108909,Brazópolis,MG,2245070,2.28,47,55.61016303787233,73.861305,0.7528998148566872,0.6423538939757705,-0.18038852913968548,0.07373754991173526,-0.023148158071057544,0.8186508162425239
3109006,Brumadinho,MG,2044008,2.23,63,69.40944100603176,78.27242,0.886767504204965,0.5121438425024696,0.12954429083461338,0.13346793625454378,0.044592540088420424,0.6058257017189226
3109600,Cachoeira da Prata,MG,1944059,5.77,39,56.65960446307692,85.29279,0.6642953324451375,0.5314297421672848,-0.155195681511471,0.16418287375186913,0.14854831205358557,0.18327018230895187
3109709,Cachoeira de Minas,MG,2245066,5.76,49,56.62277027591836,75.62449,0.7487359075283058,0.58610537855198,0.035714285714285705,0.7173273000417575,-0.12265775890728402,0.21444294816693144
3110004,Caeté,MG,1943010,4.97,64,69.954465113125,90.512794,0.7728682503253852,0.7399370997003072,0.2648809523809524,0.0019761448374365966,0.11315137869839549,0.1865046322362206
3110103,Caiana,MG,2041005,3.77,62,54.80706308548386,79.09848,0.6928965377065754,0.49436536646519,0.23426758328926497,0.007127701883759825,0.19141106502299043,0.028292821187382414
3110509,Camanducaia,MG,2246057,7.98,41,55.93730397609755,68.984604,0.8108664952532427,0.04501874235866433,0.03902439024390244,0.7192794042836598,-0.20024434951079756,0.06543562462862725
3110608,Cambuí,MG,2246050,4.88,38,55.22092799210526,72.49967,0.7616714188834599,0.24501606696801845,-0.004267425320056899,0.9699143466954194,-0.08838224054072963,0.4356010647226467
3110707,Cambuquira,MG,2145008,1.73,48,59.52679815375001,83.16198,0.7157934237036343,0.4340085004831791,-0.13829787234042556,0.16558381540756062,0.1303769529527347,0.19135079092124885
3110806,Campanário,MG,1841003,5.25,62,53.102137859032254,78.91453,0.6729069954139321,0.3184163786459758,0.12109994711792704,0.16423612271926735,0.18946817296032586,0.029656982095850597
3111408,Campo Florido,MG,1948007,9.99,49,59.99402006408163,91.06353,0.658815006237857,0.4946138876596262,0.011059124777543394,0.9107742268167417,0.07243305742442964,0.4636669032166786
3111606,Campos Gerais,MG,2145041,2.06,38,53.89078366947368,82.75543,0.6512053926022552,0.21296676671133913,0.029871977240398292,0.7917722129874467,-0.035612571745145954,0.7532572722128655
3112000,Candeias,MG,2045020,1.39,45,59.50616956266666,85.33848,0.6972958845251542,0.5573540813649864,0.06464646464646463,0.5312700355053008,0.07482309183787636,0.46908971283124745
3112307,Capelinha,MG,1742014,3.61,48,57.30042670416666,79.80078,0.7180434302347969,0.646740141942749,-0.030141843971631208,0.7625046564100347,0.09228042674423029,0.35526288322141775
3112505,Capim Branco,MG,83586,9.53,33,68.96555553030302,88.666664,0.7778070395680671,0.702489983096604,0.17045454545454547,0.16917329348523757,0.10606060606060605,0.3970551815721359
3113206,Carandaí,MG,2043018,6.41,50,62.6772389284,87.8845,0.7131774081842028,0.29029813379868435,0.2310204081632653,0.017920592898863996,0.06781048014735634,0.48747416568865487
3113909,Carmo da Cachoeira,MG,2145044,2.71,40,56.021625723499994,76.18672,0.7353200715115614,0.5356880983712812,0.14871794871794874,0.1765289147526533,0.1668807536742099,0.12981289220372685
3114600,Carrancas,MG,2144038,3.5,30,57.256651746666655,77.77666,0.7361675582140654,0.6000886613486062,-0.05287356321839081,0.6971651256176505,-0.1841197996982502,0.15343303463705754
3114808,Carvalhos,MG,2144025,3.75,45,66.66657001822222,90.04708,0.7403523721432094,0.6282141429176229,-0.06464646464646463,0.5312700355053008,-0.19999999999999998,0.05275765250271968
3115003,Cascalho Rico,MG,1847007,1.17,49,60.875334854693875,99.345924,0.6127612706426929,0.18021397989642826,-0.13945578231292516,0.1574638016062906,0.015319154484076869,0.8766884256584643
3115508,Caxambu,MG,83686,1.61,30,65.39730606533334,86.74333,0.7539173862240426,0.7372909933236869,-0.03448275862068966,0.8044644884091301,0.0483872252205649,0.7078233728410741
3115706,Central de Minas,MG,1841018,1.54,46,54.84491157608695,77.6197,0.7065849686680392,0.630043484723117,-0.14975845410628022,0.14222282039779802,-0.10724637681159421,0.29327473345770383
3116159,Chapada Gaúcha,MG,1545002,8.23,40,52.870687116,81.03516,0.6524413546250181,0.7460577803363384,-0.06923076923076923,0.5292470190010741,0.0128369810518623,0.9072355509004347
3116902,Comendador Gomes,MG,1949005,3.18,49,61.19960936979592,90.02067,0.6798395380663782,0.26612608721459796,0.04251700680272108,0.6664743483965756,-0.2074829931972789,0.03544480586571702
3117702,Conceição do Rio Verde,MG,2145001,1.65,55,62.98352941890909,82.70091,0.7615820374110431,0.7801448336788747,-0.1272727272727273,0.17004691550760676,-0.054582222634931836,0.5564962230251778
3117801,Conceição dos Ouros,MG,2245066,4.06,49,56.715540253877535,75.62449,0.7499626262723759,0.5050139394486644,0.028073162896840927,0.7760539435860142,-0.12265775890728402,0.21444294816693144
3117876,Confins,MG,1943009,7.57,59,67.6808623416949,83.80561,0.8075934512178524,0.5878906307661806,0.008184741653390792,0.9270517819887466,0.12394037360848914,0.16562451204876616
3118007,Congonhas,MG,2043013,3.36,55,61.3211734570909,84.72238,0.7237895383128399,0.7018009021856935,0.06666666666666667,0.47232919223868697,-0.04110513062630669,0.6578704121955141
3118304,Conselheiro Lafaiete,MG,2043005,5.84,59,62.46383011864406,75.12669,0.8314465474389794,0.5530198355786138,0.12215078901227353,0.17170279390806664,0.24283223182012345,0.006645222297210205
3118502,Consolação,MG,2245084,4.64,38,55.28345073842106,73.386345,0.7533206730280687,0.7881574161321163,-0.1822064518449551,0.10754398499523095,-0.14366998577524895,0.20416928423667413
3118700,Coqueiral,MG,2145032,4.34,43,57.581407503720925,85.88096,0.6704793294245449,0.748562679395005,-0.16943521594684385,0.10933056125598256,0.027716203285758058,0.7935803640764807
3119203,Coroaci,MG,1842005,1.21,64,57.868928929999996,88.197266,0.6561306466806918,0.5800876696294932,0.001984126984126984,0.981511088183308,0.017365418544773994,0.8393068503894383
3119302,Coromandel,MG,1847008,8.44,33,60.836262412727265,98.20625,0.6194744277705476,0.4509369271771644,-0.2878787878787879,0.01844967750629528,-0.007575757575757577,0.9632278573873886
3119500,Coronel Murta,MG,1642002,2.68,60,55.34291360466666,73.849266,0.7494037051839249,0.6434120023875669,0.004519774011299435,0.9593068549389018,-0.059439686439805635,0.5029936495832166
3119906,Córrego do Bom Jesus,MG,2246050,5.59,38,58.454221344210545,72.49967,0.8062687703715874,0.3371365108231001,-0.01849217638691323,0.8701761346650183,-0.08838224054072963,0.4356010647226467
3120003,Córrego Novo,MG,1942031,6.8,39,68.1255181174359,87.95144,0.7745810525276788,0.6377529594106216,0.009446693657219972,0.9325173009267298,0.05263157894736842,0.6370852349600609
3120102,Couto de Magalhães de Minas,MG,1843003,9.08,62,55.992558708709666,80.71501,0.6937068780773488,0.7549709945030804,0.19359958360265486,0.02620535377341788,0.05927495913842597,0.49629248699729067
3120508,Cristina,MG,2245065,2.48,57,58.59673465614034,89.40383,0.6554163695767486,0.4542833079466168,-0.15914786967418548,0.08037789621997674,0.04636591478696742,0.6104684982587794
3121100,Delfim Moreira,MG,2245064,0.32,42,61.08710358333333,72.24747,0.8455258860307664,0.7125524214183434,0.022067363530778168,0.836860903590011,0.18826266978252476,0.07912936607036672
3121209,Delfinópolis,MG,2046009,7.65,31,56.453843207096774,75.23347,0.7503820491287435,0.6125383135230823,0.32473118279569896,0.009955502074507303,-0.11422440320427654,0.36755087042720824
3121506,Desterro do Melo,MG,2143003,0.15,64,62.6969419509375,95.464554,0.6567562454710747,0.36757042067215523,-0.006450012602344626,0.9399614198026286,0.10385108872982356,0.22588664032827566
3122108,Divino das Laranjeiras,MG,1841019,7.6,40,52.80923050899999,80.208755,0.658397330619358,0.46769688794558206,-0.10512820512820513,0.33938312065834597,0.011575622541394638,0.9164554249264549
3122306,Divinópolis,MG,2044006,4.31,58,59.89980282034482,80.613464,0.743049604669189,0.5022594635922685,0.1767019748056046,0.05013903005005,0.07808718137659622,0.38683622184735955
3122504,Dom Cavati,MG,1942008,1.99,52,60.09874471384615,89.68787,0.6700877973002447,0.5270813715039036,0.07396228521532096,0.4393012867942193,0.0030188687842988148,0.974817941867881
3123908,Entre Rios de Minas,MG,2044007,5.43,64,60.2942547003125,81.94678,0.7357733477106783,0.6614111322712418,0.0496031746031746,0.5623447917058702,0.066567386393165,0.4374938089765996
3125309,Faria Lemos,MG,2042000,4.74,59,55.72903326745763,76.56547,0.7278611996198934,0.3345305982691669,0.021624780829924018,0.8088103623656897,0.2183844118086711,0.014705904208134429
3125903,Ferros,MG,1943003,7.81,56,62.533230353928566,83.78561,0.7463481265161929,0.29836499385054815,0.1272727272727273,0.16598005759021506,0.0656483899929779,0.47530477635952506
3126000,Florestal,MG,1944007,2.47,63,72.62663470793652,88.83154,0.8175770934597613,0.5663981615133308,0.26574500768049153,0.0020823028417681893,0.1651708227439183,0.05612440192785623
3126406,Fortuna de Minas,MG,1944059,6.04,39,56.65960446307692,85.29279,0.6642953324451375,0.5314297421672848,-0.155195681511471,0.16418287375186913,0.14854831205358557,0.18327018230895187
3127388,Goianá,MG,83037,7.48,32,61.07587373312499,89.77813,0.6802979079699906,0.6558530204014689,0.27822580645161293,0.025447698726354634,0.2016129032258065,0.10880747009354542
3128402,Guarani,MG,2143001,0.77,65,57.865178677230766,76.33577,0.7580349152176767,0.618317187477718,0.12211538461538464,0.1504363713206985,-0.0014426545259527944,0.9864490388760753
3128501,Guarará,MG,2142015,3.74,35,51.83735288114285,73.4125,0.7061107298972561,0.08540704425024541,0.226890756302521,0.05521337554271474,-0.17186238546197227,0.14734191580550554
3128709,Guaxupé,MG,2146026,2.19,51,60.49367605490197,74.50073,0.8119876689579999,0.35875604240194137,-0.10274509803921571,0.28732432540211716,-0.025107887377421246,0.7949260010000118
3128907,Guimarânia,MG,1846004,6.28,43,59.054864987906974,80.719185,0.7316087876630673,0.1754554078652948,-0.06533776301218161,0.5369314822780484,0.1573407443682532,0.13723386935930623
3129400,Ibertioga,MG,2143008,2.5,61,60.117197239016384,73.82372,0.814334402639579,0.4775555198188352,0.028969664924483787,0.7415353197641961,0.1844050973079843,0.035964787295681665
3129509,Ibiá,MG,1946007,5.25,51,57.03314869568627,73.93934,0.7713505383023477,0.3231785839978824,-0.003921568627450981,0.9676059703638902,0.04474098709518039,0.6433668196228906
3130408,Ijaci,MG,2144026,4.25,30,67.52162178066668,74.91875,0.9012646971700443,0.6546232956212512,0.04827586206896552,0.7235302654564064,0.17031081472088144,0.18668599994399548
3130507,Ilicínea,MG,2045026,2.75,39,56.81454448358974,78.61554,0.7226884761999339,0.6356087618124882,-0.10121457489878544,0.36426644525529894,-0.0945307440340999,0.3970826141955226
3131000,Inhaúma,MG,1944059,8.25,39,59.47933676820512,85.29279,0.6973547762374445,0.6884957940338158,-0.02834008097165992,0.7994690415380712,0.14854831205358557,0.18327018230895187
3131406,Ipiaçu,MG,1849002,1.87,48,54.639452898749994,88.885414,0.6147178751151536,0.44976257328191266,-0.09751773049645392,0.3282304200991867,-0.0035492471824703953,0.9716372140995609
3131604,Iraí de Minas,MG,1847010,6.9,57,53.106056945964916,72.41381,0.7333691793128927,0.30713124704833505,0.07583829892922465,0.40486421168949227,0.20689659238738078,0.023099934312067378
3132503,Itamarandiba,MG,83488,2.59,37,53.8384778881081,79.35946,0.6784128649379444,0.5809900593265604,0.30930930930930933,0.007054732853301517,0.19548894283345958,0.08902837126833786
3133105,Itanhandu,MG,2244068,3.43,50,68.3411347628,76.13287,0.8976560530221124,0.8118895912827377,-0.0563265306122449,0.563821117884534,0.014711903169187449,0.8803044789734958
3133204,Itanhomi,MG,1941018,4.39,41,59.06649118195122,82.45198,0.7163744370808639,0.558414619247831,-0.025625386099685867,0.8135214578308347,0.08068483774295444,0.4583744352754442
3133303,Itaobim,MG,1641001,3.71,62,50.23530730903226,68.34516,0.7350236103343224,0.625946562088009,0.1782125859333686,0.040661466054108995,0.0947090079657645,0.27690391484569343
3133501,Itapecerica,MG,2045005,7.63,62,61.493085626451595,86.200714,0.7133709535982886,0.6442493448516692,0.13696456901110526,0.11567548243092063,-0.09581794676990867,0.27155442130313734
3133709,Itatiaiuçu,MG,2044016,7.86,54,68.71138506999999,81.297806,0.8451812986288528,0.635420093286484,0.20195667365478684,0.03107928409867902,0.28940931512700135,0.0020103954854118877
3133808,Itaúna,MG,2044002,2.07,51,64.1094437862745,77.21507,0.8302711064192153,0.3697114052041538,0.07921568627450981,0.4120204160001618,-0.04868476090125971,0.6145235660373276
3134608,Jaboticatubas,MG,1943004,9.3,58,60.79744102931034,83.91757,0.7244899913661126,0.4220286219707738,-0.03569267997580156,0.69227384716375,0.11860817486951541,0.18857886785465972
3134707,Jacinto,MG,1640000,5.47,60,46.25134132033334,75.85678,0.6097192723846371,0.4946564033677957,0.261655845427376,0.003146604269356902,0.08990673293332682,0.31051001816225576
3134905,Jacutinga,MG,2246052,1.87,49,60.87827770897959,80.96442,0.7519139930569675,0.5628949880227623,-0.12074829931972789,0.22094594612913188,-0.09531918345647829,0.3342977780197829
3135803,Jequitinhonha,MG,1641002,8.52,63,49.15061411396827,77.74136,0.6322324678279599,0.4187300619557893,0.0645326525641034,0.4548641253457595,-0.08501920893366002,0.3248313060057507
3136553,José Raydan,MG,1842008,5.76,53,54.81060925773585,83.50531,0.6563727410781004,0.48340784412705545,-0.02467343976777939,0.7942437403842433,0.11095079676901455,0.2433121399995709
3136603,Nova União,MG,1943024,6.21,45,62.76935898711111,86.99375,0.7215387069315947,0.426169266944057,0.014141414141414139,0.8910683592007057,0.100050543344142,0.332796717251462
3136652,Juatuba,MG,1944027,2.08,49,73.54558377795918,87.628815,0.8392853883969528,0.7160276355223265,0.15646258503401358,0.11272802555978148,0.035714285714285705,0.7173273000417575
3137007,Ladainha,MG,1741006,9.05,47,55.06258342765956,76.240036,0.722226618831886,0.16095323558006336,0.19148936170212766,0.057658698536602715,-0.19722230676541025,0.05076382548385561
3137205,Lagoa da Prata,MG,2045011,5.17,50,67.8700818868,87.62175,0.774580306617401,0.4922952669534555,-0.017142857142857144,0.8605594803035901,-0.07192485993824976,0.46161826872357714
3138708,Luminárias,MG,2144006,3.54,57,59.160644050175435,76.1125,0.7772789184182417,0.3224135881041222,0.0,1.0,-0.10407525556456124,0.25313282031107576
3139201,Malacacheta,MG,1742017,3.67,47,56.29668293872339,73.57327,0.7651784522946431,0.4162798425456418,0.019426456984273824,0.8472882835192808,0.07959278964170849,0.43029195105591656
3139805,Mar de Espanha,MG,2143013,3.15,61,51.35004837377049,71.40653,0.71912256104179,0.28965588492615724,0.3011751957243503,0.0006060497398203223,0.1079159674329212,0.2201386394027478
3140209,Maripá de Minas,MG,2142015,6.32,35,55.626572059428575,73.4125,0.7577261803592981,0.11006061231339757,0.23885626614314576,0.043715685645873636,-0.17186238546197227,0.14734191580550554
3140407,Marmelópolis,MG,2245087,7.69,44,59.46948495181819,72.287224,0.8226832047563396,0.8367240635905214,-0.1173982184248059,0.26154770333473465,-0.2276339556764782,0.02963759947988795
3140506,Martinho Campos,MG,1945039,9.73,37,57.276447523243235,77.58006,0.7382882329190442,0.1498075183979026,-0.2792792792792793,0.014987875212215045,-0.036036036036036036,0.7536021943195694
3140852,Matias Cardoso,MG,1443009,7.36,32,48.43885891875,70.177734,0.6902311587876764,0.40310980086385595,0.040322580645161296,0.759913005591003,-0.07077888983646904,0.570170862678343
3140902,Matipó,MG,2042017,3.63,57,62.45158120596491,79.066,0.7898664370458433,0.6479217050363949,0.17919799498746872,0.0489782689236733,0.17691356460128418,0.052202497410152225
3141405,Medina,MG,1641011,5.48,45,52.08163158577777,84.81515,0.6140604972389371,0.5695989663611045,-0.01212121212121212,0.9065527219973875,-0.06568975068049727,0.5248538505050578
3142254,Miravânia,MG,1444003,1.28,58,54.670130886206906,83.18599,0.6572035903371487,0.5741581383348852,-0.02722323049001814,0.7627592723287526,0.05567322493875214,0.5371367214179803
3142601,Monsenhor Paulo,MG,2145017,6.51,51,55.36616600039216,79.41201,0.6972014165857553,0.5843080580785467,0.18745098039215688,0.0522329978788468,0.12563809264841216,0.19370984666232127
3143104,Monte Carmelo,MG,1847000,6.8,52,57.59505483692308,81.06575,0.7104733472544864,0.46836189310713294,0.05429864253393665,0.5699280303369774,0.162818527020548,0.08965256953971104
3143203,Monte Santo de Minas,MG,2147054,9.93,56,55.622182301785706,83.89598,0.6629898327454438,0.3500425340496922,-0.21370575989079632,0.020057149814404894,-0.21832363283324402,0.017557968406536215
3143450,Montezuma,MG,1542003,4.26,31,35.32978199548387,31.255545,1.1303524663225493,0.016510264935989526,0.015053763440860218,0.9194760457503081,-0.3587168435396701,0.004961023243506252
3143708,Morro do Pilar,MG,1943025,3.56,62,64.78487382838709,99.126816,0.6535554815134866,0.5664464547184647,0.09465891062929668,0.2769216384504599,0.09899423229819293,0.2559770351115418
3144102,Muzambinho,MG,2146030,2.79,46,61.76098167304347,78.89294,0.7828455150905966,0.7575406216265168,0.006763285024154591,0.9471572444016424,0.05512575111852902,0.5893811507885529
3144409,Natércia,MG,2245090,6.61,39,56.144428894871815,80.47291,0.6976811237007189,0.6764322988246594,-0.30094466936572206,0.006984076433992377,-0.1500001369614732,0.17928836360343658
3145059,Nova Porteirinha,MG,1543013,4.56,55,52.29576040145456,76.56443,0.6830294464374903,0.714711265960103,0.14882154882154883,0.10863508412236261,0.23128814020189742,0.012764078809969534
3145802,Onça de Pitangui,MG,1944011,7.77,62,59.89426137225807,78.78135,0.7602594014199079,0.4608467929064994,0.06504494976203068,0.45499592136466194,0.033853479099917795,0.6974622708160705
3146305,Padre Paraíso,MG,1741013,8.28,45,49.2955987351111,70.984024,0.6944604704557195,0.43679795622139084,0.20202020202020202,0.050410524912396976,-0.01415572007743607,0.8910579986508105
3146909,Papagaios,MG,1944049,6.49,44,56.45330454681816,88.92883,0.6348144087515314,0.7590460308428716,-0.1818181818181818,0.08191994655405699,-0.0909090909090909,0.3843951956470735
3147204,Paraguaçu,MG,2145022,8.12,39,59.07349955538462,74.53486,0.7925620385260203,0.518421783979726,0.12280701754385966,0.2709770075414829,0.06220431998839186,0.5778155698223112
3148202,Patrocínio do Muriaé,MG,2142002,5.72,65,64.32670573723078,91.064896,0.7063831270248782,0.5343051580466046,0.1557692307692308,0.06661113650746185,0.0384985741354652,0.650588570253473
3149150,Pedras de Maria da Cruz,MG,1544017,7.8,48,52.749690844583334,74.427734,0.7087370223955354,0.5841940932423647,-0.001773049645390071,0.9858174865668159,-0.048780492601363315,0.6249397332979749
3149309,Pedro Leopoldo,MG,1944009,0.61,62,67.11311457870968,83.679436,0.8020263759338969,0.5004708058356624,0.005289606109362155,0.9515647313345982,0.12384232534278283,0.15519649603899477
3150109,Piau,MG,2143022,0.38,64,63.5288807265625,80.7332,0.7868990783089025,0.2738117357473655,0.03573201432580911,0.6765651842193094,-0.24937931320424506,0.003629073199700829
3150208,Piedade de Ponte Nova,MG,2042011,7.5,64,58.846140481249996,86.91543,0.6770505734818949,0.6253485926584094,0.23412698412698413,0.006245808084387232,0.21141441809437053,0.013580736272812975
3150539,Pingo-D'água,MG,1942031,6.86,39,68.03854042410256,87.95144,0.7735921239277902,0.5378672368296535,-0.001349527665317139,0.9903483275651745,0.05263157894736842,0.6370852349600609
3150703,Pirajuba,MG,1948010,5.22,33,63.892550354545456,87.805305,0.727661614575241,0.6807280893248382,-0.23863636363636362,0.052251797403235746,-0.17077829606999956,0.1630664918837884
3151107,Pirapetinga,MG,2142007,3.19,64,57.95336738968749,81.61397,0.7100912856471638,0.22606313993858182,0.08432539682539682,0.3246654458927183,-0.13194444444444442,0.12329159799800908
3152501,Pouso Alegre,MG,2245077,3.02,50,57.1302136472,73.50844,0.777192593337864,0.35607902448145096,0.04653061224489796,0.6335067585553412,-0.25664097750693665,0.008616606001405134
3153004,Pratinha,MG,1946010,1.35,49,57.2221315987755,85.43534,0.6697712095307892,0.2947282797692836,-0.010204081632653059,0.9176153329240851,-0.1582979296687943,0.10884448316718337
3153202,Presidente Juscelino,MG,1844009,9.85,49,54.32650311755102,72.78329,0.7464145316969466,0.5955264481982305,0.0510204081632653,0.6050234382823837,0.046788604828068216,0.6354224874169594
3154903,Rio Casca,MG,2042011,8.26,64,60.8309270959375,86.91543,0.6998864112228854,0.5685031706333187,0.1706349206349206,0.046260786678494835,0.21141441809437053,0.013580736272812975
3155405,Rio Novo,MG,2143018,2.41,64,63.672866003437505,84.84609,0.7504513682874814,0.4700219238475145,0.0615079365079365,0.47250504622966194,0.17928993208957336,0.0364656696940396
3155900,Rio Preto,MG,2243202,3.28,64,58.54400744125,87.00859,0.6728531857766632,0.3180903043027702,-0.02876984126984127,0.7368481784667356,-0.09883295425436317,0.248899066462555
3156007,Rio Vermelho,MG,1843012,6.38,39,53.055136167692304,77.606255,0.6836451063955978,0.3494219723374517,-0.06342780026990553,0.5696595221156575,0.17061709137020517,0.12729943690979964
3156700,Sabará,MG,1943006,5.97,62,78.81091289903223,84.74919,0.9299311498414738,0.6645008190196264,0.15282919090428346,0.07918926508808032,0.1709900376059696,0.04975396249841762
3156908,Sacramento,MG,1947008,9.65,46,64.49973408652173,78.841576,0.8180929107163442,0.4789688894768142,-0.02995169082125604,0.7691302888844245,-0.10928438379638208,0.2846206232002818
3157336,Santa Cruz de Minas,MG,2144002,1.62,55,60.83364059709092,78.82534,0.7717523373568582,0.21612777265108543,0.2767676767676768,0.002848128601582898,-0.033041162885985347,0.7220240793131727
3157708,Santa Juliana,MG,1947001,7.38,64,52.580205939687495,80.444046,0.6536245818153289,0.3979532743301649,-0.0763888888888889,0.37227619450417737,-0.024323660254941593,0.7764856511834183
3158003,Santa Maria de Itabira,MG,1943008,7.76,63,58.711729699047616,85.38199,0.6876360074652994,0.4301784598225441,0.08858166922683051,0.3048545828893361,0.06767501072842137,0.4336431500763298
3159209,Santa Rita de Caldas,MG,2246047,3.35,61,56.470550506229515,72.00256,0.7842852779069623,0.39888625545110346,-0.056830601092896164,0.5175134277062021,0.10169493045417925,0.24706529620548467
3159308,Santa Rita de Jacutinga,MG,2244035,5.46,64,59.19977347124999,89.21562,0.6635583788856432,0.37110137586727443,0.1617063492063492,0.05892924575698235,-0.1088742470919311,0.20441753611081315
3159605,Santa Rita do Sapucaí,MG,2245000,3.09,47,57.097306274893604,77.83857,0.7335348855734314,0.6518387252922321,0.0203609461874138,0.8401055580588573,0.11105970647680255,0.2711140296473247
3159902,Santo Antônio do Amparo,MG,2044037,4.8,45,62.98741359022221,92.75917,0.6790424410742117,0.5371025811383926,0.14343434343434344,0.16480556480304343,0.17887824416073872,0.08335310058603657
3160405,Santo Antônio do Monte,MG,2045013,0.48,48,66.60675378,86.491005,0.7701003569474415,0.5585168375183633,0.01595744680851064,0.8728931057545756,0.04085263993114808,0.6826024311726244
3161106,São Francisco,MG,1544012,5.92,64,52.907981663125,78.910065,0.6704845809733363,0.7299721626538633,-0.22872736997545173,0.007564713119617214,-0.09481263487130294,0.2684453067570264
3162104,São Gotardo,MG,1946009,6.85,43,58.29969207767441,83.063805,0.7018663825940333,0.5671282223313916,-0.1362126245847176,0.19800830674339343,0.04767186965150386,0.6526654634789311
3162575,São João do Manteninha,MG,1841006,8.66,53,56.82279975698113,73.273224,0.7754920112755377,0.5930214615555051,-0.055152394775036286,0.5599111983356034,-0.11551042092667373,0.22255988662273896
3162609,São João do Oriente,MG,1942008,7.19,52,61.56556893076922,89.68787,0.6864425649950545,0.5866700286237936,-0.06636500754147813,0.48742216751493617,0.0030188687842988148,0.974817941867881
3162955,São José da Lapa,MG,1943009,7.36,59,70.2976417220339,83.80561,0.8388178449050142,0.5523713923352729,0.011104617182933957,0.9011171312862609,0.12394037360848914,0.16562451204876616
3163201,São José do Alegre,MG,2245083,8.86,47,54.64956113361702,71.13245,0.7682789498274302,0.1623353090315259,-0.3413506012950972,0.0007146472366759575,-0.09086718895867446,0.3687094206030642
3163409,São José do Goiabal,MG,2042031,9.15,44,61.44911181772728,88.64346,0.6932165062674224,0.5628368531232334,-0.11416490486257927,0.27468354061041533,-0.026441040185767088,0.8003690654151174
3163706,São Lourenço,MG,83736,1.39,40,67.59040282499998,83.41499,0.8102908141843181,0.6771624358973335,-0.11794871794871795,0.28376711558125955,-0.044900586530112994,0.6834103151050082
3164100,São Pedro do Suaçuí,MG,1842004,1.96,59,52.72038873084746,79.654335,0.6618646520155436,0.314274412517941,-0.015780245470485097,0.8598491811471064,-0.004685222141406381,0.9582701510108425
3164902,São Sebastião do Rio Verde,MG,2244071,5.77,56,65.13875996714286,74.89241,0.8697645025052569,0.7971267173073093,-0.06363636363636364,0.4885490457319195,0.049382726474186144,0.5911574534515349
3165305,São Vicente de Minas,MG,2144010,5.11,57,55.61708608701755,77.769295,0.7151548213705393,0.32347437160846443,-0.04260651629072682,0.6397118444517712,0.11410660549849484,0.21023486686597237
3165602,Senador Cortes,MG,2142015,8.73,35,47.782492055999995,73.4125,0.6508767995798969,-0.0063523227015609435,0.21008403361344538,0.07586833499439007,-0.17186238546197227,0.14734191580550554
3166402,Seritinga,MG,2144025,9.08,45,61.74393776044445,90.04708,0.6856850558520264,0.5393966775472704,-0.05252525252525252,0.6109761034750767,-0.19999999999999998,0.05275765250271968
3167103,Serro,MG,1843011,6.37,40,56.546753546999994,79.185776,0.7141024130475659,0.5568636759468819,-0.060295073340437454,0.5839420056357454,0.10512820512820513,0.33938312065834597
3167905,Tabuleiro,MG,2143017,1.34,61,61.5581827252459,89.55019,0.6874154049507235,0.6318502259884858,-0.0360655737704918,0.6812834542712984,0.0,1.0
3168101,Tapira,MG,1946011,4.67,49,56.903742792244884,78.276276,0.7269602741162056,0.1766791929075266,0.22108843537414963,0.02501589098112332,0.1811995059705187,0.06634387525651742
3168507,Teixeiras,MG,2042016,8.07,57,62.905383104561395,78.813705,0.7981528434669249,0.5427349239916238,0.2192982456140351,0.015981089850888468,0.2703042901933667,0.0030057447383066817
3168804,Tiradentes,MG,2144009,5.74,54,61.45663161962965,79.88843,0.7692807752328016,0.5671376320383982,0.22711390635918938,0.015323971561639355,0.32855646886398704,0.0004540646196209364
3168903,Tiros,MG,1845004,3.54,47,58.20576051787232,86.18284,0.6753753017595773,0.44487948649937537,-0.19703977798334876,0.05078327783867064,0.045370389819272786,0.6531503345625951
3169406,Três Pontas,MG,2145043,3.59,38,53.85030651578948,78.77763,0.6835735475810915,0.3477949732843634,-0.14082503556187767,0.21327199008742925,0.03846157748475763,0.7342367943516035
3169505,Tumiritinga,MG,1841011,8.09,50,60.8897099972,80.72512,0.7542845348082748,0.7816147347195113,-0.05142857142857143,0.598203283254512,-0.04409963617950228,0.6514720604245545
3169604,Tupaciguara,MG,1848006,9.99,48,59.59088698041668,91.827354,0.6489448307594988,0.519811332708445,-0.04255319148936171,0.6696518028834125,-0.033687943262411355,0.7355549580650622
3169703,Turmalina,MG,1742022,5.43,32,53.924676509375,74.00879,0.7286253050814805,0.13559006937796755,0.09485373144056122,0.44589676726828653,0.30241935483870974,0.014814457626996886
3170305,Umburatiba,MG,1740026,5.43,45,52.7069554231111,84.20695,0.6259216976319949,0.5315139448510979,-0.046464646464646465,0.6527200241315252,0.30738135025289753,0.0029383988564489296
3171204,Vespasiano,MG,1943009,5.48,59,71.05274155389831,83.80561,0.8478279795003846,0.5619564433438266,0.053185271770894216,0.5517810832746601,0.12394037360848914,0.16562451204876616
3171303,Viçosa,MG,83642,3.33,30,57.307922807999994,82.229996,0.6969223614930508,0.6170360384679521,0.3471264367816092,0.00667872064523695,0.06904492488684383,0.5924312723068998
3171402,Vieiras,MG,2142009,6.87,52,59.77574759153845,80.351204,0.7439309515785325,0.448196145036357,-0.07239819004524888,0.4487244188686056,0.21652208254915659,0.02352437721177377
3171501,Mathias Lobato,MG,1841001,4.17,65,59.86939826984615,85.51769,0.7000820119614215,0.48822437237393584,0.15769230769230771,0.0633204967893206,0.0,1.0
3171709,Virgínia,MG,2245080,1.9,46,65.8290298973913,91.672005,0.7180930548320569,0.5667206492099439,-0.07632850241545895,0.45446981266527,-0.02899952006191443,0.7763664793371188
3172103,Volta Grande,MG,2142008,2.2,62,52.96026380322579,82.21352,0.6441795245883553,0.1423159811885785,-0.03702724276553509,0.6706955721837271,0.16309254428271397,0.06134649893050838
3200136,Águia Branca,ES,1840000,1.74,56,62.622374315,91.786385,0.682262130705236,0.6151501206672295,0.08311688311688312,0.3656537678421796,-0.022106650680937725,0.8100820389910619
3200169,Água Doce do Norte,ES,1840007,4.11,59,59.262104413559314,79.369606,0.7466599292438197,0.6619034646173543,0.29047340736411453,0.00115354235898802,0.08606570653049504,0.336323244712442
3200300,Alfredo Chaves,ES,2040011,1.8,63,76.21048625492062,96.667366,0.7883786368295009,0.7424538142680804,0.10291858678955451,0.2332028225411802,0.07633197722963603,0.37682392574227264
3200359,Alto Rio Novo,ES,1941012,5.92,55,56.81140086581818,68.9683,0.8237320765688981,0.37460176225981523,0.06262626262626263,0.4995885832940783,0.053198653198653204,0.5663037170559486
3200706,Atílio Vivácqua,ES,2041000,5.61,62,59.95905163193548,78.87379,0.7601898421332887,0.6146367364202175,0.0809095716552089,0.3527157544124042,0.06347527331234587,0.4660608402339541
3201308,Cariacica,ES,2040014,5.07,53,70.71936488150943,98.536194,0.7176993764427967,0.49690998487245314,0.20464441219158203,0.030530552530065144,0.012368173964877514,0.8962231240655985
3201704,Conceição do Castelo,ES,2041011,3.45,59,57.20489963118643,79.82474,0.7166312272081655,0.2518676315902615,0.23553477498538863,0.008403488039453552,0.13157896986747736,0.14117012258890763
3201803,Divino de São Lourenço,ES,2041016,7.99,61,60.57557493606557,93.94815,0.6447766616669249,0.2448250965413162,0.20437158469945355,0.01994557544160934,0.019693666053986342,0.8227244026738159
3201902,Domingos Martins,ES,2040015,7.37,45,58.01534138044444,73.98125,0.784189828822869,0.4995785454062294,0.13036888981206382,0.20695611541994052,0.03437817733091617,0.7394130634167787
3202009,Dores do Rio Preto,ES,2041014,6.68,62,57.939478323870965,85.57752,0.6770408488313944,0.25875356454745274,0.2179317717057208,0.012329598607763191,0.30015898242286304,0.0005726278754833116
3202207,Fundão,ES,1940007,5.83,63,68.85727434634921,105.21429,0.654447950348137,0.6923404456063293,0.2759856630824372,0.0013893364158840047,0.19118410865495195,0.026935443329742265
3202306,Guaçuí,ES,2041001,2.7,62,57.6845258832258,85.60948,0.6738100110245171,0.3070466633784299,0.08357577652792206,0.3371948325798374,0.07405448553107018,0.39510988507993805
3202405,Guarapari,ES,2040004,8.42,61,65.69191204524589,98.07541,0.6698102282542329,0.40264346274719404,0.14972677595628414,0.08817975999854716,0.08914413718714204,0.31039477462684983
3202603,Iconha,ES,2040017,3.97,64,72.711858269375,109.43242,0.6644453174960968,0.5861454583736682,0.08829365079365079,0.30241668445933045,-0.013409496305868369,0.8756840991438398
3202652,Irupi,ES,2041017,7.1,62,63.30577311387098,90.7132,0.6978672422543098,0.568023730017596,0.017451084082496036,0.841132804108627,0.03069596098239916,0.7246011088673556
3202702,Itaguaçu,ES,1940012,7.85,64,58.291013936875,84.858055,0.6869237558892103,0.6136188052936464,0.10171173719081911,0.23494670479079383,0.0004961548155649713,0.995377306586799
3202801,Itapemirim,ES,2040006,1.69,60,67.76229821366665,86.28782,0.7853054935294146,0.6578649840647847,0.10282485875706214,0.24573019731092705,0.03334275352098312,0.7066898591481281
3202900,Itarana,ES,1940000,8.54,60,58.23984301433334,80.98198,0.7191704063956749,0.6835754565888683,0.05536723163841807,0.5319468085548157,-0.02431439947253493,0.7838789498983657
3203007,Iúna,ES,2041017,5.72,62,63.30577311387098,90.7132,0.6978672422543098,0.568023730017596,0.017451084082496036,0.841132804108627,0.03069596098239916,0.7246011088673556
3203056,Jaguaré,ES,1840008,3.7,42,58.51096163999999,90.56651,0.6460551440271578,0.5715954858163277,-0.10801393728222997,0.3135134146487595,0.14642652094196368,0.1720672938518163
3203130,João Neiva,ES,1940005,4.81,63,70.4460886768254,101.13919,0.6965261260989584,0.5858931397302328,0.23911930363543263,0.0056087477907647565,0.027671030464661947,0.748744152140262
3203163,Laranja da Terra,ES,1941008,3.17,63,50.91142192825397,78.61527,0.6476021807852212,0.34508946341967994,0.1223758320532514,0.15632790826043105,0.029705506735857114,0.7308393312838484
3203304,Mantenópolis,ES,1841009,5.83,54,56.412434047777786,76.14028,0.74090130486917,0.2894817786799806,0.051013277428371764,0.5860222373463067,-0.06652675745334352,0.4784135087429844
3203403,Mimoso do Sul,ES,2141015,3.05,60,63.49775902066666,98.58553,0.6440880015239995,0.549393345299122,0.1096045197740113,0.21596903304708537,0.12150325435612494,0.1702869338642209
3203700,Muniz Freire,ES,2041012,4.47,31,60.1613965967742,82.801414,0.7265745031955273,0.11376797005246549,0.01935483870967742,0.8927741234198122,0.2114358429237049,0.09563952594808563
3203908,Nova Venécia,ES,1840019,8.48,46,63.119087600869555,84.239265,0.7492834519599061,0.5521440764991479,-0.03768115942028986,0.7119354871322096,-0.08220506745745555,0.42089755292538944
3204005,Pancas,ES,1940009,8.98,63,58.46692782031746,84.199394,0.6943865613015523,0.6565149481599508,0.19201228878648233,0.026137775259299764,0.10658470993795713,0.21730288269228648
3204203,Piúma,ES,2040005,8.19,63,69.89904476349206,109.26945,0.6396943196255895,0.7868922794885035,0.13261648745519714,0.12450105437494736,-0.018456821107751282,0.8309073480673989
3204351,Rio Bananal,ES,1940023,5.04,54,66.54228347222221,91.784035,0.7249875609488187,0.6819503803115321,0.04682040531097134,0.6171828711779721,-0.007697698232015911,0.9345870103276009
3204401,Rio Novo do Sul,ES,2040013,7.46,40,73.010600896,89.11172,0.8193153848934831,0.5637769790207617,-0.04102564102564103,0.709272661513508,-0.22593086651277647,0.04028053388143274
3204500,Santa Leopoldina,ES,2040010,2.81,62,68.47614658870968,90.74285,0.7546175333914549,0.7695534751432809,0.13696456901110526,0.11567548243092063,0.13231017664827224,0.12886208016010958
3204658,São Domingos do Norte,ES,1940016,8.91,55,66.80463843636363,92.791466,0.7199437781236305,0.6135162621582724,0.014141414141414144,0.8788317540294767,0.05323451343406931,0.5662832571366944
3204807,São José do Calçado,ES,2141016,3.87,63,58.9676490273016,87.965675,0.6703483920290005,0.405420018715687,0.16845878136200715,0.05101798325988257,0.07071485563191386,0.4130525883064179
3204955,São Roque do Canaã,ES,1940001,9.51,63,63.345308269206335,80.71944,0.7847590481509092,0.5960204257746219,0.22375832053251407,0.009545135168968889,0.13268444364077672,0.12448780388260348
3205002,Serra,ES,2040003,7.15,38,71.61616295157893,92.96382,0.7703659538139703,0.6057205903755909,0.30583214793741115,0.006872511421583141,0.2965081618140607,0.00890410418605568
3205036,Vargem Alta,ES,2041010,6.22,62,72.85408534903226,98.273285,0.741341712696276,0.8118705751822533,-0.0015864621893178215,0.9854615563571196,0.03598836804833005,0.6795623460395667
3205101,Viana,ES,2040001,3.25,61,70.81320215508195,95.00031,0.7453996735811161,0.7452001430062621,0.14863387978142076,0.09052538297018374,0.12356480797120704,0.15959553003628535
3300225,Areal,RJ,2243013,2.69,63,50.671088828253964,76.65021,0.6610691669078972,0.5445573934815351,0.20634920634920634,0.016837865288535377,0.03996926622673392,0.6436118018583035
3300407,Barra Mansa,RJ,2244042,3.75,62,49.46624138903226,78.479935,0.6303043138723892,0.4812493873672426,0.08408249603384454,0.33415477699110885,0.1376755243944988,0.1142427444860326
3300803,Cachoeiras de Macacu,RJ,2242014,5.97,57,79.04456392666668,94.83114,0.8335296305050518,0.3732711920584964,0.03759398496240602,0.6795839487928456,0.14119879316221212,0.12136393053608104
3302007,Itaguaí,RJ,2243250,9.62,30,63.31441919866666,112.94355,0.5605846384063454,0.3500352715341251,-0.10804597701149425,0.41510538282177456,-0.26436781609195403,0.04121914632952683
3302205,Itaperuna,RJ,2141004,2.1,53,63.4624712981132,86.762375,0.7314515236287816,0.2563506230520634,0.015965166908563137,0.8659889922294456,0.16133737972538464,0.08855001958872415
3302403,Macaé,RJ,2241004,4.15,54,68.78691832999999,101.77523,0.6758709172599009,0.6724588768617451,0.2522711390635919,0.007076873326462145,0.18060930703739364,0.054218442696447496
3302601,Mangaratiba,RJ,2244148,1.09,32,66.57831671183769,120.668564,0.5517453311086615,0.4366509965873969,0.036290322580645164,0.7845359999768271,0.217741935483871,0.08268098363531945
3302858,Mesquita,RJ,83790,7.86,38,78.98372772842106,92.89474,0.8502497565739996,0.7741810720217813,0.029871977240398292,0.7917722129874467,0.09544169227699116,0.3995356781956132
3303401,Nova Friburgo,RJ,2242020,4.79,59,62.990817177627115,81.55402,0.7723814753319784,0.7092821249470967,0.18006431637459744,0.04398800158220508,0.15614037757607313,0.08079049181126072
3303708,Paraíba do Sul,RJ,2243003,3.97,65,50.55556628676923,70.58433,0.7162435052615508,0.44272400315480054,0.11012262881439663,0.19481086120172864,0.0019258566069027218,0.981931086705287
3303807,Paraty,RJ,2344008,8.49,56,75.46535827464285,141.69218,0.5326007116659924,0.6616510576713684,0.05844155844155845,0.5247254904970751,0.03248863583828036,0.7237927843358073
3304110,Porto Real,RJ,2244104,2.33,32,54.23410537562499,83.29883,0.6510788518445918,0.021204953252306147,-0.09677419354838711,0.44906494048081386,0.03636371056779445,0.7703073079639684
3304409,Rio Claro,RJ,2244097,1.6,49,60.36790269428571,100.4588,0.6009219892273894,0.8091032064570723,-0.018707482993197275,0.8495940753186882,-0.013617026208068327,0.8902976231868809
3304508,Rio das Flores,RJ,2243008,8.45,63,50.58912488666665,71.636406,0.7061929506294802,0.33311465452724776,0.10755442094017233,0.21292938199264244,-0.11165173221408364,0.19601096346634317
3304706,Santo Antônio de Pádua,RJ,2142058,1.86,57,63.423394297543844,86.774124,0.7309021545546444,0.6690989693807748,0.11654135338345867,0.20040593526387207,0.06520377457056849,0.47401961974661067
3304755,São Francisco de Itabapoana,RJ,2141001,7.97,51,57.098853207058816,73.551285,0.7763134712065781,0.49560292002123435,0.0,1.0,-0.0541601422731131,0.5751592089332696
3304805,São Fidélis,RJ,2141005,3.93,52,56.28774841384616,70.64363,0.7967844748612971,0.43857449857599007,0.24283559577677227,0.01105591348828454,0.05058515890214461,0.5969778442432176
3305554,Seropédica,RJ,83741,1.42,31,57.0691845451613,83.00323,0.687553802990715,0.530171396486594,0.062365591397849474,0.6368807026355434,0.15069976437956484,0.23407741576266128
3305703,Sumidouro,RJ,2242029,6.48,64,54.595892524374996,89.63145,0.6091153769147661,0.3056462458271708,-0.17261904761904762,0.043781102664791655,-0.03773586766313904,0.6596873631490652
3305802,Teresópolis,RJ,2242026,9.37,58,58.313722751034476,68.90032,0.8463490603789666,0.6434556752456881,0.14458560193587416,0.10888859938003664,0.053284914500534755,0.5549609790004081
3305901,Trajano de Moraes,RJ,2242002,6.37,58,61.66761259827586,83.94278,0.7346386781026735,0.4504535686533884,0.13974591651542648,0.12125082299147606,0.02851954873779766,0.7524951459726098
3306008,Três Rios,RJ,2243015,4.66,64,56.92122255843749,78.49355,0.7251706702744697,0.5372476956183415,0.1349206349206349,0.11505686467654225,0.09481263487130294,0.26845066279876983
3306107,Valença,RJ,2243004,9.48,64,51.91424721124999,77.51543,0.6697279427384646,0.4968294210070618,0.14781746031746032,0.08425760526075367,0.05510053649588809,0.5201433546431908
3306156,Varre-Sai,RJ,2041046,5.76,53,56.20557771471698,77.05195,0.7294504392730291,0.3449749116899794,0.11901306240928884,0.20839347063610458,0.0007264806347589542,0.9938791844492709
3500402,Águas da Prata,SP,C3-034,4.13,39,56.79852227692307,74.87435,0.7585844970665537,0.3946364707068641,0.30904183535762486,0.005602466613664651,0.1040541490633643,0.35154559943067076
3500501,Águas de Lindóia,SP,D3-024,3.17,34,66.42963434411764,83.944115,0.7913554701642664,0.5906860853056717,-0.019607843137254905,0.8704642046639156,0.021409464361527526,0.8587914029963251
3500550,Águas de Santa Bárbara,SP,D6-006,3.25,61,59.373008890491796,95.175415,0.6238271602611194,0.34657013422229116,0.11584699453551911,0.18708290041154452,0.3116457546176461,0.00038935073499419913
3500600,Águas de São Pedro,SP,D4-060,8.39,40,54.09501259399999,81.427505,0.6643334124799062,0.5852345284852223,0.2,0.06913119713007558,0.17597977431762143,0.11037344669214894
3500758,Alambari,SP,E4-031,3.16,39,58.17044573128205,78.83846,0.7378434794830802,0.4447694525265513,0.009446693657219972,0.9325173009267298,0.06482108162338279,0.5614478044081466
3500808,Alfredo Marcondes,SP,C8-014,2.53,64,62.139776866874996,92.06875,0.6749280064813892,0.48055026282739444,0.13148102612471738,0.1247014023919009,-0.01488095238095238,0.8620158339723972
3500907,Altair,SP,B6-025,3.7,56,64.8239971775,84.6875,0.7654494131660518,0.7199537579075557,0.13766233766233765,0.13405080423485607,0.1669373261153029,0.06930875291726404
3501004,Altinópolis,SP,C4-039,1.67,53,58.38256805396225,85.72264,0.6810635717575263,0.5322037404139256,0.02467343976777939,0.7942437403842433,-0.010167032455870301,0.9144747018964017
3501103,Alto Alegre,SP,C7-011,4.18,63,60.80736893428571,90.90951,0.6688779912935554,0.4434436399248844,0.17720871259666487,0.04015089984995038,0.29208309934920945,0.0007224896866550846
3501202,Álvares Florence,SP,B7-036,9.23,49,70.22618427959185,86.28163,0.8139181316272623,0.7131178958837061,0.027210884353741496,0.7826750010530144,0.10642835414466541,0.28121250126569386
3501400,Álvaro de Carvalho,SP,D6-093,1.82,49,63.35560047387755,88.22246,0.7181346109845413,0.5036133096723465,0.11054421768707481,0.26246726798831144,0.10633773824560958,0.2812482537873695
3501509,Alvinlândia,SP,D6-105,1.36,36,65.96624699444442,86.272224,0.7646290267016457,0.345527092709018,-0.028571428571428574,0.806320085510995,0.1670649149445288,0.1525471634616569
3501707,Américo Brasiliense,SP,C5-011,6.66,56,61.396430267142854,82.02321,0.7485250979750943,0.6997386894839899,-0.07532467532467534,0.41231071627557536,0.029889544971217933,0.7450880980912846
3501806,Américo de Campos,SP,B6-033,1.18,62,65.94711140967742,86.03225,0.7665394294668582,0.5415681085268881,0.18773135906927554,0.03106032271198972,0.21169628263723558,0.015108524391480868
3501905,Amparo,SP,2246023,2.75,63,64.33323535238094,71.87814,0.8950319581076484,0.6366222419022881,0.044546850998463894,0.6058510598184623,0.031233998975934457,0.7175041333134046
3502309,Anhembi,SP,D5-037,4.87,57,58.01511650736842,77.67369,0.746908199068505,0.3619002316728216,0.22431077694235593,0.013723599390505877,0.2389464839064332,0.00871764430044822
3502507,Aparecida,SP,D2-065,4.2,38,50.36529586421053,74.29474,0.6779120123222732,0.4506241541930078,0.0725462304409673,0.521414094303348,0.1594306453643357,0.1590823296158036
3502705,Apiaí,SP,F5-005,3.56,38,57.07564899842105,69.89474,0.8165943710390657,0.570786198081297,0.021337126600284497,0.8504231288466042,0.11253572671466121,0.3205455137307296
3502903,Araçoiaba da Serra,SP,E4-126,1.18,30,58.525610514666674,72.916664,0.8026369721948989,0.4881060744129739,-0.3517241379310345,0.005952597596458611,-0.4078351840019041,0.0015838314208206803
3503000,Aramina,SP,B4-032,2.76,39,69.65361406974357,91.85384,0.7583091928695372,0.6730464647732047,0.33333333333333337,0.002808761591049874,0.36302294197031043,0.0011376876398307757
3503406,Arealva,SP,D6-087,7.08,50,63.43133552959999,90.686005,0.6994611327551034,0.8823472714231263,-0.030204081632653063,0.7569414118739175,0.08009813947668723,0.4123061198628881
3503802,Artur Nogueira,SP,D4-099,2.67,54,58.746971287407405,74.65,0.7869654398739911,0.634143620906939,0.04961565338923829,0.5963279051053383,0.1314225875455948,0.16073777354559238
3503901,Arujá,SP,E3-050,3.71,42,57.61126568809523,80.921425,0.7119408214041306,0.39622153540436633,0.08478513356562137,0.42886847205388146,0.1383721865685731,0.19711982131552575
3504008,Assis,SP,D7-020,4.61,52,66.33802968192306,96.23846,0.6893089513139488,0.196753672258951,-0.016591251885369532,0.8621769404880528,0.08374199011483059,0.3810644229734046
3504206,Auriflama,SP,B7-045,6.0,54,62.098410008888884,84.20926,0.737429716421135,0.4727059649180924,-0.055924505338550985,0.5506083661402843,-0.029380918588632503,0.7540048634335511
3504305,Avaí,SP,D6-058,2.88,55,61.46262665309091,79.270905,0.7753491272613078,0.34110224851911874,-0.035690235690235696,0.7004184792175702,-0.09372901308473394,0.31288714304815723
3504404,Avanhandava,SP,C6-086,1.2,33,65.83997674666665,75.73334,0.8693658434314434,0.803507565844395,0.14772727272727273,0.2348656206939674,0.06255926980943098,0.6090870918083263
3504602,Bady Bassitt,SP,B6-006,2.09,63,63.97202723746031,87.515884,0.7309761842261474,0.4959485252286928,0.027137736815156167,0.7532569363042105,0.11321722797147357,0.18991962633770154
3504800,Bálsamo,SP,B6-022,4.2,62,64.94048120419355,81.57743,0.796059407938847,0.6646728124218954,-0.021681649920676893,0.8033318877997414,0.010058237506233506,0.9081153415553678
3505104,Barbosa,SP,C6-003,3.33,64,60.343823402187496,87.43437,0.6901613411017435,0.6606460974929107,-0.003968253968253968,0.9630321028547465,-0.04665012981425077,0.5860157451909869
3505906,Batatais,SP,B4-040,4.69,60,60.871604903666665,86.795,0.7013261845478802,0.3932855832672175,0.0903954802259887,0.3075063275339298,0.11585194020002612,0.1910423297284919
3506300,Bernardino de Campos,SP,E6-007,7.8,55,67.1955386629091,94.62363,0.7101348891389404,0.6541531489238893,0.0485011815991689,0.601182579028422,0.0249494495261522,0.7882134242593763
3506409,Bilac,SP,C7-085,5.28,40,69.1218396715,86.4625,0.799442977610488,0.4787459211902619,-0.13846153846153847,0.20827903970656647,-0.1299042085200954,0.23911275581442104
3506904,Bofete,SP,E5-016,3.64,58,60.65182048103448,86.456894,0.7015267115254723,0.6305261328582084,-0.017543859649122803,0.8457596614452907,0.020574887477364922,0.8195866500319523
3507100,Bom Jesus dos Perdões,SP,E3-074,7.04,54,53.519154140740746,85.87407,0.6232283462363085,0.4595223586001099,-0.0027962252669275493,0.9761927135576571,0.18277351258234378,0.051471680705477994
3507605,Bragança Paulista,SP,D3-063,2.66,51,57.7203532572549,76.26667,0.7568227783567539,0.6082712006533247,0.09176470588235296,0.34196049917763627,0.109363248121195,0.2587565091049002
3507753,Brejo Alegre,SP,C7-023,2.74,40,62.749407524999995,80.665,0.7779012807637774,0.5895791595944143,0.0987812903662486,0.3696172423698917,0.007692307692307693,0.9442683124568537
3507803,Brodowski,SP,C4-086,6.09,54,66.89032140592593,103.27593,0.6476854762621795,0.6943054861582133,0.018867924528301883,0.8403616965864907,0.1881119341072808,0.044753945689061755
3508306,Cabrália Paulista,SP,D6-021,5.05,59,60.31247062542373,82.993225,0.7267155909949927,0.44243369311550396,-0.0999415546464056,0.2634592480072716,0.11465345156594257,0.1999051931665099
3508405,Cabreúva,SP,E4-030,5.35,36,57.067627856111116,78.91111,0.7231887615171633,0.6399943249778228,-0.10158730158730159,0.38335174794389937,0.0031746031746031746,0.9782668858470432
3508900,Caiabu,SP,D8-057,7.05,39,64.2646945153846,83.27949,0.7716749509368181,0.6596569246359028,0.29554655870445345,0.00806789673316604,0.12694128484579129,0.2554591898077072
3509106,Caiuá,SP,C8-010,3.35,59,65.404506359661,91.45084,0.7151875656260351,0.7100379741788625,0.11107863672458931,0.21404139700069724,0.2087719655230641,0.019559266785817382
3509254,Cajati,SP,F5-014,2.68,36,70.55260365277776,80.90833,0.8720066424509623,0.5674419716915954,-0.08253968253968255,0.47876736206145687,0.06349206349206349,0.5858664780327337
3509403,Cajuru,SP,C4-099,3.66,43,60.70988973767442,89.655815,0.6771439159117796,0.5945206078639241,-0.24916943521594684,0.01853668656977206,-0.02990033222591362,0.7775092753728947
3509452,Campina do Monte Alegre,SP,E5-018,1.11,35,62.69609281485713,77.50572,0.8089221177467242,0.3657839575319831,-0.018487394957983194,0.8758629604320756,0.001680672268907563,0.9886692774919685
3509700,Campos do Jordão,SP,D2-005,1.68,36,66.93044050277777,85.92222,0.7789654621271954,0.34808199753018115,0.017474191373877464,0.8808879023361145,0.13354547878703568,0.25247128553433484
3509809,Campos Novos Paulista,SP,D6-106,1.05,43,63.601232666976735,85.146515,0.7469622537953177,0.33135082162745677,-0.30454042081949056,0.00400217013087061,-0.22062097815463416,0.037265188506805505
3510104,Cândido Rodrigues,SP,C5-073,1.94,64,65.1380395809375,91.334366,0.7131821519588338,0.2789355288658669,-0.10568097571533888,0.21717971394516267,-0.032298185490136515,0.7064456865012162
3510153,Canitar,SP,D6-083,1.33,61,62.21490558491804,88.00328,0.7069612079539696,0.42911704854166405,0.06504509671723718,0.45897167733669897,0.07929999933825518,0.3668576690627643
3510203,Capão Bonito,SP,F5-041,3.44,37,54.405626887027026,73.597305,0.7392339524775403,0.5129810349453873,-0.0030030030030030034,0.9791315050883376,0.039039039039039033,0.7338181886126929
3510302,Capela do Alto,SP,E4-018,5.18,36,55.80854944888888,74.888885,0.7452180530893918,0.7391002935884788,-0.17460317460317462,0.13405575140993478,-0.26666666666666666,0.022119462108462006
3510401,Capivari,SP,D4-069,4.06,58,61.836082549655174,79.84654,0.7744365719945432,0.665191702884287,0.051421657592256496,0.5685564308735748,0.04903148598065344,0.5868741746186354
3510500,Caraguatatuba,SP,E2-046,5.58,40,78.3351807265,111.36499,0.7034093978874189,0.7056908471401137,-0.014111612909464085,0.8980143776152045,-0.12066762188750563,0.2733651045982659
3510609,Carapicuíba,SP,E3-031,2.37,55,56.19714691672725,81.40728,0.6903209017502716,0.5129186610647275,0.3104377104377105,0.0008179500892065602,0.09296059806507373,0.3164194588493574
3510906,Cássia dos Coqueiros,SP,C4-102,3.81,51,57.50115869882353,69.298035,0.8297660817414491,0.48605784497256826,-0.2501960784313726,0.009570156686836874,-0.047880705487824624,0.6202559965395191
3511003,Castilho,SP,B8-002,8.21,60,58.00774990633334,83.27666,0.6965667441903625,0.3241092548005191,-0.08022598870056497,0.3651127791994121,-0.11318635441464961,0.20204698342791938
3511201,Catiguá,SP,C6-053,1.22,64,59.5228283659375,80.71875,0.7374101849438637,0.6432781858428697,0.018849206349206348,0.8257483833082064,0.19960287895502496,0.019848870775632955
3511300,Cedral,SP,B6-037,1.03,60,64.96024315633332,94.96166,0.6840680921976362,0.5372957094318256,0.08926553672316384,0.31359243966660644,0.15610869716832879,0.07833130622263425
3511409,Cerqueira César,SP,E6-030,2.89,62,67.03038240096775,90.482254,0.7408124733496108,0.6181249831864142,0.22592595754961697,0.009494139456074038,0.3598836804833005,3.6173107157903076e-05
3511508,Cerquilho,SP,E4-053,6.02,36,58.419406173333336,80.55,0.7252564116700982,0.39506336331023606,-0.05714285714285715,0.6238847028662851,0.042891197008608314,0.7130236652556572
3511607,Cesário Lange,SP,E4-049,4.71,37,56.93385686486486,77.53513,0.7342975293430394,0.12122721624412014,-0.2072072072072072,0.07109258503094615,-0.18181823313401538,0.1134944205124542
3511706,Charqueada,SP,D4-054,4.09,36,54.44475447666666,76.09723,0.7154630357679894,0.4272091660219797,0.041269841269841276,0.7232315327840453,0.04932392726933708,0.6727584193521623
3512001,Colina,SP,B5-028,3.5,63,62.28424580730158,82.560326,0.7544089166029546,0.496328601356477,0.01177675371223758,0.8914931680915795,0.05692314428778457,0.5102630470170626
3512506,Coroados,SP,C7-024,3.53,63,64.04320071333333,75.87461,0.8440662818949821,0.36572651314684435,0.20440576452768305,0.017952905435646628,-0.012304547405167524,0.8867967058138044
3512605,Coronel Macedo,SP,E6-012,1.06,37,54.54722855135135,67.659454,0.8062026080293907,0.7686970662260538,0.2522522522522523,0.0280024508788471,0.4162285171745641,0.00029102568984111206
3512704,Corumbataí,SP,D4-043,2.44,64,64.4968652034375,82.762505,0.7793005483894601,0.489117371523646,0.2232142857142857,0.009130469291328838,-0.010424425823546395,0.9031586370795429
3512803,Cosmópolis,SP,D4-052,3.4,40,58.688808133999984,77.3625,0.7586208540167765,0.40385522264691626,0.02564102564102564,0.8157453387131137,0.09364979476280712,0.3950008934899475
3512902,Cosmorama,SP,B6-023,4.05,64,68.02901073249998,88.18437,0.7714406672015316,0.6592223462903634,0.12056562018228802,0.15916843676884795,0.12208438227984776,0.15407659723240488
3513009,Cotia,SP,E3-034,2.99,36,54.01482526444444,67.50001,0.8002195431000568,0.6658198189458014,0.031746031746031744,0.7853007241156084,-0.07466245405202189,0.5220156593843877
3513207,Cristais Paulista,SP,B4-024,3.19,36,64.67302602777777,91.416664,0.7074533581796685,0.6398130454222891,-0.0888888888888889,0.44560053289767665,0.017474191373877464,0.8808879023361145
3513306,Cruzália,SP,D7-057,3.21,30,70.27263466533333,87.55334,0.8026265702167781,0.7007780236140461,0.08505747126436781,0.5239409306655621,-0.01841197996982502,0.8864868615857423
3513405,Cruzeiro,SP,D1-006,4.27,37,59.19280241945946,88.84324,0.6662611944207312,0.6036538182487506,-0.048048048048048055,0.6755638982966221,-0.09309309309309309,0.4174284796470381
3513504,Cubatão,SP,E3-101,2.12,39,125.36124203589742,151.97438,0.8248840470946106,0.5040815485027957,-0.07692307692307693,0.4904950005597932,0.21756776622339805,0.05142913897697927
3514205,Dolcinópolis,SP,B7-041,1.75,54,63.29270020740741,83.14259,0.761254822967166,0.5309215328275516,-0.13626834381551362,0.14573063537049333,0.0692792840881432,0.4601122637395849
3514304,Dourado,SP,D5-023,1.35,64,62.76893458937499,83.01719,0.7560956390586541,0.5107444566161203,-0.06448412698412698,0.4513472333666204,-0.0029791474470899247,0.9722675635028641
3514502,Duartina,SP,D6-020,2.62,39,68.42765115743589,83.80512,0.8165091729219875,0.6872910181563094,0.006747638326585695,0.951769869819974,-0.03511141921266568,0.7531096496310892
3514700,Echaporã,SP,D7-046,1.93,61,62.133969051475404,91.14755,0.6816855456226594,0.6464479065184111,0.10273224043715845,0.2420380072578152,0.06511633999896181,0.45893688519132547
3514908,Elias Fausto,SP,E4-013,4.17,39,53.58017155538461,75.66411,0.7081319370034757,0.6163373449833597,0.2388663967611336,0.03226223074134406,0.1821862348178138,0.10245263659151096
3514957,Embaúba,SP,B5-003,7.93,39,63.00087693897436,72.92307,0.863936124837377,0.55351119059122,-0.2766531713900135,0.013143439348479294,-0.38191632928475033,0.0006183960483975476
3515129,Emilianópolis,SP,C8-026,3.66,65,62.25022775323077,87.903076,0.7081689340599894,0.2815718201513646,0.07019230769230769,0.4084852298799554,-0.08708205298708917,0.3054764518616129
3515194,Espírito Santo do Turvo,SP,D6-041,3.24,34,58.65758502705882,67.21471,0.872689745302837,0.2626672819343759,0.0570919049640734,0.6351902234664795,-0.2808604738295938,0.019878569799010395
3515301,Estrela do Norte,SP,D8-016,5.04,30,67.87983254399998,87.306656,0.7774874877163149,0.5044549681949468,0.14022988505747128,0.2871105168950618,-0.03448275862068966,0.8044644884091301
3515350,Euclides da Cunha Paulista,SP,D9-004,4.07,55,60.814663645818186,77.36908,0.7860331797691611,0.4439220973590295,0.06531986531986533,0.48132355606121213,-0.0060606060606060615,0.9479065905573945
3515400,Fartura,SP,E6-017,0.82,40,64.65147234499999,84.027504,0.7694084590465886,0.5668203295320176,0.11282051282051282,0.3052258816258875,0.04364573557633183,0.6919656350253915
3515608,Fernando Prestes,SP,C5-041,5.02,39,67.4326897302564,85.612816,0.7876471420230149,0.5189192333348696,0.07152496626180838,0.5214354670100881,-0.12280701754385966,0.2709770075414829
3515657,Fernão,SP,D6-005,2.65,39,70.6612524076923,77.95384,0.9064498996709242,0.5170845217035348,-0.08771929824561404,0.4316936766435925,-0.2079676368750198,0.062454572131009696
3515905,Floreal,SP,B7-037,1.61,31,61.68247253935485,77.88387,0.7919800361054131,0.4061334356938719,0.0881720430107527,0.4997789602585872,0.11194839639624818,0.3767278648376645
3516002,Flórida Paulista,SP,C8-030,4.93,63,62.49471438603174,80.91588,0.7723417912797907,0.5946431936913049,-0.017921146953405017,0.8355505685460951,-0.026113671274961593,0.7622819321628749
3516200,Franca,SP,83630,3.25,42,67.22884047761906,82.90715,0.8108931528806611,0.47001748191519455,0.10801393728222997,0.3135134146487595,0.012775842044134728,0.9051079681213975
3516309,Francisco Morato,SP,2346098,6.67,53,55.45179983018868,76.68514,0.7231100837796689,0.647309553303114,-0.02177068214804064,0.8179976817823355,-0.06254560341450595,0.5093758527121285
3516408,Franco da Rocha,SP,2346098,2.12,53,55.45179983018868,76.68514,0.7231100837796689,0.647309553303114,-0.02177068214804064,0.8179976817823355,-0.06254560341450595,0.5093758527121285
3516606,Gália,SP,D6-019,5.08,64,66.75159738937498,87.89844,0.7594173376446536,0.4677211591464735,-0.14087301587301587,0.09988967834897426,-0.1538461727916781,0.07248129141452915
3516804,Gastão Vidigal,SP,B7-043,2.06,30,62.36704900733333,79.246666,0.7869990271019235,0.4031929189446027,-0.12643678160919541,0.33836326458934324,0.055235939909475056,0.6684670013954248
3516853,Gavião Peixoto,SP,2148167,7.0,39,62.38939206256409,74.848564,0.8335416019369759,0.7447052853173519,-0.21997300944669368,0.04863355887498222,-0.21607027207794263,0.05291165620517841
3517000,Getulina,SP,C7-006,9.88,64,58.190803617499995,81.24063,0.7162770996123125,0.5431520185554857,0.1969734617792936,0.021442180902627166,0.2702437178946401,0.0016212968053920848
3517109,Glicério,SP,C7-024,8.81,63,64.02597956603174,75.87461,0.843839313386055,0.1574559161185313,0.2718894009216589,0.001636012865968242,-0.012304547405167524,0.8867967058138044
3517208,Guaiçara,SP,C6-008,5.45,62,58.40862625548387,83.3484,0.700776845715917,0.4198356157647015,-0.08624339831519336,0.32211944649150825,0.03014278159703861,0.7291753851156607
3517505,Guapiaçu,SP,B6-056,6.94,48,64.88050406708332,88.935425,0.7295237438801065,0.18270546032828847,-0.04964539007092199,0.6186741767176529,-0.01244448869159401,0.9009468383861939
3517604,Guapiara,SP,F5-010,6.52,36,53.03136696,67.80833,0.7820775047001223,0.7587212087096841,0.13333333333333333,0.252559317185168,0.28435275053855147,0.014753817202411488
3517802,Guaraçaí,SP,C8-051,5.31,53,60.94681210528301,85.59056,0.7120739887097159,0.4749030436946214,0.16545718432510886,0.080304807614867,0.18670552313305125,0.04866161276966061
3518008,Guarani d'Oeste,SP,B7-014,1.27,62,64.36235273322579,93.3758,0.6892830046368649,0.5450971470700384,0.07456372289793761,0.39175138886773186,0.11531341318409499,0.185445178503862
3518107,Guarantã,SP,C6-002,6.36,38,61.62228142631578,79.63947,0.7737655604044892,0.22990511894204263,0.2716927453769559,0.01633989233292463,0.11253572671466121,0.3205455137307296
3518206,Guararapes,SP,C7-012,4.5,38,64.37165594999999,82.23947,0.7827343102569629,0.5342630796925348,0.24324324324324328,0.031571377192500694,0.1011397037562145,0.37199302226172326
3518404,Guaratinguetá,SP,D2-007,2.58,34,61.92046029058822,75.00294,0.8255738042494042,0.51478718483767,-0.055258467023172914,0.645833696254254,0.016071454195578778,0.8938380420600149
3518503,Guareí,SP,E5-027,4.53,51,64.0791496980392,79.252945,0.8085396667778924,0.6532941595865603,-0.033725490196078435,0.7268978201773355,0.0564927465991978,0.5586697698144809
3518701,Guarujá,SP,E3-045,5.29,39,121.62795586649852,139.09999,0.8743922636362242,0.3386854971009628,0.014844804318488529,0.8941415020528332,-0.18488529014844804,0.09746458904267719
3518909,Guzolândia,SP,B7-053,5.72,40,67.418736325,97.170006,0.6938224997631095,0.39922774785730675,0.0025641025641025645,0.9814093212428494,-0.05003208213355448,0.6495257022519181
3519006,Herculândia,SP,C7-004,9.35,60,66.010727692,89.71833,0.7357551952871221,0.588404669304597,0.025430913702444755,0.7741026729449108,0.11591748585743396,0.19102427694400526
3519055,Holambra,SP,D4-082,1.37,39,57.586075358461535,74.98461,0.7679719104744158,0.7046137476541291,0.2550607287449393,0.02223619303547209,0.22567588173482903,0.04333430659676929
3519105,Iacanga,SP,C5-029,1.2,39,59.17632338717947,76.223076,0.7763570639771672,0.38443187072358187,0.2550607287449393,0.02223619303547209,-0.09878249978550786,0.3770578610977633
3519204,Iacri,SP,C7-046,0.29,40,62.971028976499994,89.494995,0.7036262630557585,0.4970831999774517,0.18461538461538463,0.09339611384155073,0.05641025641025641,0.6081993049051112
3519253,Iaras,SP,2249103,3.32,40,60.37388649799999,78.904686,0.7651495694159561,0.3474500417873417,-0.09230769230769231,0.40153974523166347,-0.006422619500643117,0.9535359224842277
3519303,Ibaté,SP,2148164,2.21,35,61.28960465657143,80.65,0.7599454866334363,0.6327650832464289,-0.06218487394957983,0.5992683277904803,-0.001680672268907563,0.9886692774919685
3519501,Ibirarema,SP,D7-012,1.12,39,62.50524494153848,84.105125,0.7431799741575527,0.4047841722470327,0.1821862348178138,0.10245263659151096,-0.02564102564102564,0.8182156518503111
3519600,Ibitinga,SP,C5-038,1.09,34,62.68023602352942,76.15588,0.8230517841161413,0.2076155971002885,0.27272727272727276,0.02332068549957845,-0.021409464361527526,0.8587914029963251
3519808,Icém,SP,B6-001,3.44,62,64.07572505451613,83.937096,0.7633779149059057,0.5123169672097344,0.02062400846113168,0.8127427567946938,-0.001058481413186178,0.9903067506096417
3519907,Iepê,SP,D8-013,3.36,63,59.16852608095238,87.19207,0.6785998551930488,0.4708707173149435,0.20440576452768305,0.017952905435646628,0.13794888120192839,0.11056690857521272
3520103,Igarapava,SP,B4-026,7.82,38,67.85142625578946,100.56842,0.674679248009122,0.6780357139883637,0.23470839260312945,0.038045491392907325,0.39173828919660547,0.0005445643358246813
3520301,Iguape,SP,F4-043,6.26,48,102.33341353833335,124.32499,0.8231121844369192,0.712819711367842,-0.2375886524822695,0.017219139837294013,-0.1268292807635446,0.20371442705841225
3520608,Indiana,SP,D8-047,2.63,61,66.93680373278688,89.270485,0.749820097757237,0.6547517300833668,0.04699453551912568,0.5925318485686373,-0.00820344820740571,0.9256261917607214
3520707,Indiaporã,SP,A7-002,4.19,40,64.08274123049999,81.1925,0.7892692477543212,0.45765454522596016,0.13076923076923078,0.23467368067816763,0.05009643210501632,0.6494812976136775
3520905,Ipaussu,SP,E6-021,1.89,39,68.37236574102563,90.86666,0.752447211491759,0.5899480220260671,0.21187584345479082,0.05753700343783176,0.1040541490633643,0.35154559943067076
3521101,Ipeúna,SP,D4-074,1.64,50,63.109838508399996,79.98,0.7890702157982455,0.5161769519337015,0.12249898938750632,0.20956133476189276,0.03186275573189033,0.7442334881683467
3521150,Ipiguá,SP,B6-007,7.5,51,67.70892003019607,85.76276,0.7894909505441337,0.6957645432237579,-0.10431372549019609,0.28002905299531267,0.029815616260687728,0.7575845841868147
3521200,Iporanga,SP,2448017,9.48,62,60.53463279354839,79.18701,0.7644515366806666,0.5617814203766754,0.18561607615018513,0.033006624088059724,0.17253247034934702,0.047674292261997396
3521309,Ipuã,SP,B5-052,6.33,54,63.907520598148146,89.85,0.7112690226317033,0.7031451521310634,-0.2550663871418588,0.006468292476253812,0.016777351601565293,0.8578948099222083
3521507,Irapuã,SP,C6-092,2.64,30,63.66828107733332,81.776665,0.7785629468323177,0.5586095263500673,0.03448275862068966,0.8044644884091301,0.055235939909475056,0.6684670013954248
3521606,Irapuru,SP,C8-046,6.03,30,65.53532593133333,81.810005,0.8010673728811293,0.672993387587803,-0.3195402298850575,0.012903514675602273,-0.2735632183908046,0.03443620830880012
3521705,Itaberá,SP,E6-020,1.06,38,53.69905929421052,72.12632,0.7445140606042371,0.15426775548651367,0.09246088193456616,0.4138291070046194,-0.09272505642131423,0.4136568348068794
3521804,Itaí,SP,E6-022,7.67,38,56.43596540894737,71.928955,0.7846070521620944,0.5532621156278511,0.09815078236130868,0.3856892363856862,0.10668563300142248,0.34573570837440937
3521903,Itajobi,SP,C6-040,4.96,59,58.8504539657627,83.55424,0.7043383533999623,0.595090008757675,-0.06253652834599648,0.4840989790080895,0.14921016654007585,0.09537293557918196
3522000,Itaju,SP,C5-055,3.58,35,64.23304751314286,83.04,0.7735193497707701,0.4515130001734876,0.18655462184873947,0.11494310136854001,-0.033641727625795176,0.7763664793371188
3522158,Itaoca,SP,F5-011,3.62,35,54.36722661542857,74.26857,0.7320354579971969,0.640472711658826,-0.23025210084033615,0.05170326494210158,-0.16148029260381686,0.1727328654631718
3522208,Itapecerica da Serra,SP,E3-016,2.46,35,61.592914838285715,76.69143,0.8031264449030779,0.5105952995483055,-0.005042016806722689,0.9660169707693316,-0.008403361344537815,0.9433920568226559
3522653,Itapirapuã Paulista,SP,F6-007,5.4,45,58.4879201808889,71.87334,0.8137638071564443,0.7179060099716934,-0.0101010101010101,0.9220726866982719,0.1212121212121212,0.24044374685974856
3522703,Itápolis,SP,C5-093,3.92,49,59.84519571877551,88.15306,0.6788782499314411,0.5425830328427566,-0.059523809523809514,0.5462502773934574,0.010212769656051245,0.9176092327372722
3523107,Itaquaquecetuba,SP,E3-147,2.93,31,57.68784846064516,71.354836,0.8084644586189991,0.31422196178996076,0.19569892473118283,0.1268163608618809,0.1722283021480741,0.17385847077643313
3523305,Itariri,SP,F4-006,4.86,59,103.04718732745764,102.61187,1.0042423699737997,0.5948075318367892,-0.16656925774400932,0.06235627895922843,0.02283375887543746,0.798664118849533
3523404,Itatiba,SP,2246038,2.92,57,56.77381712771929,82.75165,0.6860747614664909,0.38977470808599823,0.09147869674185465,0.31487665389297825,0.2810541735509763,0.002040614809568315
3523701,Itirapuã,SP,B4-053,5.62,58,59.7218616137931,89.389656,0.6681070745937359,0.3217915068142593,-0.18209316394434358,0.04347643574638419,0.07149356883583449,0.428575634211916
3523800,Itobi,SP,C3-009,8.15,58,60.756359460000006,70.69311,0.8594382326420688,0.2755456152293285,-0.06414523742943182,0.47704550278051605,-0.0006056939634949035,0.9946473600130319
3524204,Jaborandi,SP,B5-029,3.16,55,60.90168295527272,83.761826,0.7270816096354079,0.4710313161571901,0.018861570621899016,0.8389220651869492,0.06745372154302942,0.46780049835870285
3524709,Jaguariúna,SP,2247055,3.23,61,60.74240100360655,80.03033,0.7589922895425593,0.599059446904383,0.10710382513661201,0.22258192651650222,0.06395190181442648,0.466555360913097
3524808,Jales,SP,B7-008,2.44,60,57.787559009000006,75.54666,0.7649253845998434,0.49199757676290845,0.19096045197740114,0.031103998062356697,0.05933879863903777,0.503051560389149
3525805,Júlio Mesquita,SP,C6-023,6.34,38,56.995236795789474,78.67368,0.7244511061617076,0.40306017647608133,0.12944523470839261,0.25260566594829803,0.06832741944185816,0.5461766985234522
3525904,Jundiaí,SP,2346097,1.67,54,55.36743012407407,79.79317,0.6938868593195715,0.42231620406909787,0.08176100628930817,0.38273557169012407,0.14959805178062388,0.11036149943671954
3526001,Junqueirópolis,SP,C8-046,7.28,30,60.21961553666666,81.810005,0.7360910856598794,0.6788089320079075,-0.28735632183908044,0.026031023086731973,-0.2735632183908046,0.03443620830880012
3526100,Juquiá,SP,2447042,4.03,52,75.98397031692306,81.122604,0.936655953132996,0.30107226394236464,-0.0799396681749623,0.40289949414047377,-0.04752923763274169,0.619080959841598
3526308,Lagoinha,SP,E2-049,0.75,38,52.98908279052632,56.92105,0.9309224238830308,0.2885692394842308,-0.22901849217638695,0.04296226381287293,-0.27084880165707464,0.01688380189810775
3526407,Laranjal Paulista,SP,E4-050,2.85,62,62.73307151935484,82.1129,0.7639855818905771,0.6432799275346184,-0.06081438392384982,0.48485242655453664,-0.030712232364926654,0.7245913600634706
3526902,Limeira,SP,D4-064,1.26,57,60.289547047719296,74.11929,0.8134123307753548,0.592301687629593,0.09273182957393485,0.30829334792806884,0.13057148075726172,0.15213117988815478
3527207,Lorena,SP,D2-037,4.99,39,49.698571905128205,71.200005,0.6980136054757794,0.22952532368195888,0.1566509472565084,0.16051550652466295,-0.07692307692307693,0.4904950005597932
3527405,Lucélia,SP,C8-004,7.11,64,62.895538633125,83.54532,0.7528313936010094,0.574151543806629,-0.03968253968253968,0.6430133425645992,0.18912886851291316,0.02728045905445926
3527603,Luís Antônio,SP,C4-096,9.51,51,63.64641547764705,86.52352,0.735596684354069,0.63302273720571,-0.06666666666666667,0.489950255891179,-0.01805338075770437,0.8517992712639268
3527801,Lupércio,SP,D6-105,5.73,36,62.25519874555555,86.272224,0.721613464351559,0.17997108775849827,0.15873015873015875,0.1731696689763711,0.1670649149445288,0.1525471634616569
3527900,Lutécia,SP,D7-007,1.49,58,62.6193553524138,85.75,0.7302548729144466,0.4724104463776467,0.009074410163339382,0.9198522871620822,0.010892587488016721,0.9038918557919885
3528304,Magda,SP,B7-055,3.75,37,62.224711187567564,88.15406,0.7058632458992362,0.3875148777300752,-0.08408408408408408,0.46391387436329534,-0.05112787735644328,0.6564946163043538
3528700,Marabá Paulista,SP,D8-035,9.76,54,63.489417300370356,84.803696,0.7486633311466483,0.5305195380161681,-0.02166317260656883,0.8171031446235839,0.18391612888555706,0.0497398000420141
3528908,Mariápolis,SP,C8-047,1.28,30,71.11036718533333,85.916664,0.827666761864583,0.49186652868611097,0.14022988505747128,0.2871105168950618,0.3977011494252874,0.0017234661675702629
3529500,Mendonça,SP,C6-036,1.72,64,61.120721606249994,85.02031,0.7188955439342226,0.7146710410921224,0.059042423052231584,0.490538485204549,-0.04322987904064426,0.6141880459078636
3529658,Mesópolis,SP,A7-001,8.99,37,60.18475641135136,76.38377,0.7879259352387145,0.49866796951945536,0.21921921921921922,0.05619547553090232,-0.09466569163176007,0.4099168321527369
3529906,Miracatu,SP,2447043,6.31,60,69.34575000966667,89.38718,0.7757908093121183,0.5120666230889788,-0.13619667116198192,0.12426590406383177,-0.01017524187449813,0.9085978033317756
3530003,Mira Estrela,SP,A7-004,8.44,30,65.75917904733333,86.846664,0.7571871583083366,0.4315892069734252,-0.03908045977011494,0.7772097145495372,0.15402298850574714,0.24128392444832675
3530201,Mirante do Paranapanema,SP,D8-008,9.99,62,65.56302145999999,92.925804,0.7055416099763389,0.4337618259679304,0.18455843469063987,0.03401831392926333,0.20687833583583193,0.017546401743829543
3530409,Mirassolândia,SP,B6-007,3.21,51,66.72227523647058,85.76276,0.7779866002207144,0.7087448485657976,-0.04000000000000001,0.6787036470621226,0.029815616260687728,0.7575845841868147
3530805,Mogi Mirim,SP,D3-033,3.95,37,62.22638145621622,81.535126,0.7631849573695123,0.729435438425999,0.24924924924924927,0.02992404657702613,0.1487603725641944,0.19534783013270074
3530904,Mombuca,SP,D4-068,8.6,63,58.73865136603173,78.05078,0.7525696786799522,0.5674648475254988,0.1111111111111111,0.1980781005215797,0.04047131678618286,0.6393751930965832
3531100,Mongaguá,SP,F3-002,3.36,61,105.40901118983608,162.54263,0.6485006992171992,0.6189443833810799,0.04699453551912568,0.5925318485686373,0.11919083246780149,0.17489309963089472
3531209,Monte Alegre do Sul,SP,D3-027,1.03,64,63.40989438374999,83.05937,0.7634285318610811,0.4803856216391006,0.18353174603174602,0.03206172648716232,-0.04614239784754232,0.590013887163346
3531308,Monte Alto,SP,C5-070,3.89,63,64.29759411714285,90.893654,0.707393655990181,0.553206032211881,-0.03737839221710189,0.6650368979055388,0.09121191523536716,0.2910643225128149
3531506,Monte Azul Paulista,SP,B5-033,5.08,54,65.09430833481481,84.55739,0.7698240170274332,0.677102624310507,-0.17260656883298392,0.06537001402615403,-0.06575729398408227,0.4830931523650537
3531605,Monte Castelo,SP,C8-008,5.05,64,55.257237715624996,82.78438,0.6674838781910941,0.5693017004006831,0.20337301587301587,0.017530649675604835,0.022817460317460316,0.7898490613608196
3531704,Monteiro Lobato,SP,D2-020,3.0,60,51.357046363333325,73.204994,0.7015511294469666,0.47760305950538223,-0.12768361581920903,0.14946839626864228,0.04298645284345286,0.6278405375348862
3532009,Morungaba,SP,D3-046,2.5,54,54.107906655555546,84.80556,0.638023125010861,0.39898155237859834,0.04473960427084079,0.6330210706426797,0.10905278541017442,0.24448275260804797
3532058,Motuca,SP,C5-009,2.13,38,65.26775507999999,78.87369,0.8274971913538886,0.4723502184726082,-0.03556187766714083,0.7532950061785179,-0.004273508609417514,0.9699095927016715
3532702,Nipoã,SP,B6-034,2.82,64,60.20477353718749,82.431244,0.7303635210550933,0.63094520384379,0.1225502394445479,0.15241625917609264,0.009431623364161024,0.9123424682925846
3532801,Nova Aliança,SP,C6-031,4.23,38,59.2037714936842,78.82632,0.7510660636185709,0.5183579169075725,0.3143669985775249,0.00546288457868136,0.13798008534850642,0.22266404884545665
3532900,Nova Europa,SP,2148169,1.9,31,67.41126052580645,84.62802,0.796559573742667,0.7350969985171718,-0.20430107526881724,0.11056798682472836,-0.062365591397849474,0.6368807026355434
3533106,Nova Guataporanga,SP,C8-008,8.2,64,56.350860612187496,82.78438,0.6806943766244912,0.5942759528965099,0.17658730158730157,0.03915735222557713,0.022817460317460316,0.7898490613608196
3533254,Novais,SP,B5-003,0.61,39,59.10483969589744,72.92307,0.8105094507727229,0.2746300950827853,0.04183535762483131,0.7076581993665555,-0.38191632928475033,0.0006183960483975476
3533502,Novo Horizonte,SP,C6-094,6.76,30,59.95914023399999,88.12334,0.6804002482966408,0.6457072621706318,-0.2413793103448276,0.0631420828351901,0.0920598998491251,0.47537878657305
3533601,Nuporanga,SP,B4-066,3.86,32,65.58641102062501,92.2875,0.7106749246109049,0.19337340861836566,-0.27822580645161293,0.025447698726354634,0.1088709677419355,0.39311119534185107
3533700,Ocauçu,SP,D6-094,2.25,52,67.29381593346153,82.06539,0.8200023745725872,0.5706134829102938,-0.13574660633484162,0.1554930849967471,-0.08682527274248703,0.36411150224476574
3533809,Óleo,SP,D6-003,0.41,60,64.17160725533333,85.795006,0.7479643676016287,0.3421877504126474,-0.005649717514124294,0.949145976497315,0.027149338637970224,0.759478672869417
3533908,Olímpia,SP,B5-034,3.01,40,64.042742936,86.815,0.7376921169728026,0.6661363823214856,0.11161002937485232,0.3107217176050743,-0.006414369504301857,0.9535422239749798
3534005,Onda Verde,SP,B6-026,5.86,61,65.37390688950819,84.87706,0.7702187957311319,0.6816835925293905,-0.007650273224043716,0.930575487402488,0.0169537929619718,0.8470203975146056
3534104,Oriente,SP,D7-032,1.01,39,63.575563560512805,88.09487,0.7216715622924829,0.5910687158951392,-0.044534412955465584,0.6897482055600529,-0.06351357150620937,0.5696030350641813
3534203,Orindiúva,SP,B6-029,2.66,50,64.7476742516,89.32,0.7248955941874226,0.5120519621284602,0.05389955533050278,0.5808798909288235,0.14133991645171864,0.14783485176512384
3534757,Ouroeste,SP,A7-003,5.1,30,64.38287149466666,86.57,0.7437088104612288,0.5759667086177309,-0.016091954022988506,0.915513464623358,-0.07126436781609195,0.5955097487125379
3534807,Ouro Verde,SP,C8-055,8.7,51,57.744857808627465,87.29804,0.6614679583756435,0.3825003029663215,0.12627450980392158,0.19098323068609635,0.13411764705882356,0.16486373830183088
3535200,Palmeira d'Oeste,SP,B7-042,3.42,51,62.81689602156862,92.97058,0.6756642295762165,0.49009806766519004,-0.18431372549019612,0.05629827186566435,0.04795610822034525,0.6202021526796984
3535309,Palmital,SP,D7-053,5.06,34,68.19315420058822,82.75,0.8240864555962323,0.8607258191722731,0.04812834224598931,0.688965048560342,0.040998217468805706,0.7331320411233753
3535507,Paraguaçu Paulista,SP,D7-043,7.11,62,61.551230731290325,90.779045,0.6780334675266748,0.3201796981873619,0.01850872554204125,0.8316445391372341,0.11219902979773487,0.1978237373126258
3535705,Paraíso,SP,C5-043,0.4,35,62.74415943485714,80.20571,0.7822904175678932,0.5573924804524003,-0.1226890756302521,0.29987357569239914,-0.11774604669028312,0.32012526276467324
3535804,Paranapanema,SP,E5-061,8.81,30,64.30482045933334,85.76,0.7498229810813741,0.5959296106208244,-0.3195402298850575,0.012903514675602273,-0.0828539098642126,0.520626897927621
3536000,Parapuã,SP,C7-067,7.99,58,66.16373581931033,87.69482,0.7544771560345721,0.6303059125415329,-0.03872919995739279,0.6676898120640571,0.04478063745073542,0.6196107246950882
3536109,Pardinho,SP,E5-060,3.36,50,63.872312434799994,75.362,0.8475400446994229,0.618687063588016,-0.06448979591836734,0.5087253411837376,-0.06944446762078661,0.4770454039878632
3536208,Pariquera-Açu,SP,F4-016,5.43,61,83.05274218459016,111.61803,0.7440800076403702,0.8039085035007655,-0.12568306010928962,0.1523527379238944,0.07488385084253356,0.3939056691137761
3536257,Parisi,SP,B7-036,4.84,49,67.62638272204082,86.28163,0.7837865553778817,0.6677936445037614,-0.006802721088435374,0.945022506107728,0.10642835414466541,0.28121250126569386
3536307,Patrocínio Paulista,SP,B4-061,7.87,54,61.12588749629628,94.92592,0.6439325361424889,0.4582578916221456,-0.25087351502445837,0.007400039250278156,-0.020308168064704864,0.828682356707976
3536604,Paulo de Faria,SP,B6-013,7.58,31,64.02887671290323,93.980644,0.6812985507832782,0.5234472545336393,0.24301075268817204,0.05647718404429137,-0.0021505376344086026,1.0
3536703,Pederneiras,SP,D5-018,3.26,59,58.597318618305074,79.57458,0.7363824048246297,0.6437833101785229,-0.05084745762711864,0.5693999896420567,0.004685222141406381,0.9582695564883907
3536802,Pedra Bela,SP,D3-035,2.49,59,57.586639373559315,71.62711,0.8039782239774135,0.38026416453817796,0.29514903565166567,0.0009584723639503354,0.26089509897148155,0.003536442640188258
3537008,Pedregulho,SP,B4-037,6.76,38,67.35268989789473,88.15,0.7640690723995219,0.6207984876908262,0.4736842105263158,2.8335844148834623e-05,0.17806285872572977,0.1160116657293787
3537156,Pedrinhas Paulista,SP,2250028,8.22,50,66.8105562488,90.6,0.7374233705741585,0.6225879549123453,0.04816326530612245,0.6216405436333162,0.13229890853850684,0.1753683791785695
3537503,Pereiras,SP,E4-010,6.11,40,60.055616807,77.49251,0.774986103917389,0.5137267029818479,0.007692307692307693,0.9442683124568537,0.24678744783557985,0.025246746039296695
3537602,Peruíbe,SP,F4-027,4.62,44,102.08272842818182,147.65454,0.6913619298534089,0.7751144003602864,-0.02114164904862579,0.8396937335618206,-0.057082452431289635,0.5849489730388788
3537701,Piacatu,SP,C7-078,5.09,54,61.229904679259256,87.933334,0.6963218798816225,0.6496198061482074,-0.12788259958071277,0.17217338131457682,-0.03988807265680972,0.6706193517577801
3537800,Piedade,SP,E4-130,6.17,51,62.85055611960784,81.68235,0.769450878892473,0.6126933098360267,-0.2094117647058824,0.030110757781604453,-0.021209766946200945,0.826394053252787
3538006,Pindamonhangaba,SP,D2-041,3.32,37,60.74429640864865,78.98648,0.7690467515504227,0.5668857829382403,-0.1111111111111111,0.33312567816369987,-0.12312312312312312,0.2835097640157225
3538105,Pindorama,SP,C5-018,1.76,64,64.74245558999999,93.535934,0.6921666627046424,0.5101989331213875,-0.21031746031746032,0.014029943991210648,0.003972196596119899,0.9630296226486111
3538204,Pinhalzinho,SP,D3-036,1.09,55,57.11178602872728,77.17091,0.7400688069276239,0.7386443850557644,0.14612794612794616,0.1151825539330462,0.060749410164059145,0.5134400220755854
3538303,Piquerobi,SP,C8-001,3.76,60,68.01590685633333,86.63667,0.7850706233494612,0.6520652938533648,0.03899406767708196,0.6598748315470366,0.018089318887996676,0.8382737915002589
3538709,Piracicaba,SP,D4-061,5.11,39,59.92478932717948,74.41795,0.8052464024592781,0.621529681670646,0.10121457489878544,0.36426644525529894,0.06612685560053981,0.5533506465911813
3539004,Pirangi,SP,C5-092,8.14,53,63.0679622471698,81.85472,0.7704865574430019,0.5452738786324429,-0.14078374455732948,0.13672021401929838,-0.21737585885631883,0.021797530977774357
3539202,Pirapozinho,SP,D8-016,4.4,30,67.87983254399998,87.306656,0.7774874877163149,0.5044549681949468,0.14022988505747128,0.2871105168950618,-0.03448275862068966,0.8044644884091301
3539400,Piratininga,SP,D6-022,6.08,33,64.10978650727272,85.86061,0.7466728432169024,0.701014325601122,-0.01893939393939394,0.8899902211874436,0.20284369301845806,0.09729704062581865
3539509,Pitangueiras,SP,2148051,3.28,46,65.3671723747826,86.94769,0.751798813933961,0.5847338203800632,-0.14782608695652175,0.1474417133973958,0.1033816425120773,0.31101610273875624
3539707,Platina,SP,D7-064,3.75,52,66.29181177807692,80.3577,0.8249590846682084,0.36890449494349414,-0.2669683257918552,0.005215053864212809,-0.16150947995998657,0.09125862740444142
3540200,Pontal,SP,2048033,4.47,56,57.535895919999994,87.22499,0.6596262764007902,0.19542778620832052,-0.15454545454545454,0.0925546246100018,-0.06707941538183922,0.4665328430218483
3540259,Pontalinda,SP,B7-038,1.43,56,61.10937935535714,83.69108,0.7301779434543593,0.30765241302392315,0.006493506493506495,0.9436561401949481,0.1351527250872463,0.14152906714306276
3540408,Populina,SP,A7-001,3.34,37,60.91781876270271,76.38377,0.7975230304704211,0.5851692951289112,0.15615615615615613,0.17376548996062569,-0.09466569163176007,0.4099168321527369
3540507,Porangaba,SP,E5-063,0.77,52,59.70311945692307,83.93462,0.7113050230298872,0.5810555542270045,-0.09351432880844646,0.32783032258741485,0.11329318061769841,0.23647899227461022
3540606,Porto Feliz,SP,E4-118,2.92,54,57.18111848666667,81.69444,0.6999389011359675,0.4020932991723448,0.0440251572327044,0.6383512230327439,0.17004915185271513,0.06981956618036882
3540705,Porto Ferreira,SP,2147034,2.8,47,65.78859854595746,81.571144,0.8065180312056973,0.7128819912629382,0.0360777058279371,0.7206069885296805,0.14464572936278794,0.15244978107167917
3540754,Potim,SP,D2-079,6.67,38,57.53914854842105,82.01842,0.7015393664204765,0.6416395305855653,-0.3115220483641537,0.005900733226989013,-0.149572801329613,0.1867486634233554
3540804,Potirendaba,SP,C6-066,3.96,62,64.55528372870967,91.19354,0.7078931465189622,0.6268716731600509,0.1523406559496301,0.08022745879470711,0.03388935985095355,0.6974410459393203
3541000,Praia Grande,SP,F3-010,2.77,39,105.72673312421858,161.96922,0.652758166960874,0.2625766969519963,-0.20107962213225372,0.07147714867836687,0.07022283842533136,0.5292944563205899
3541059,Pratânia,SP,D5-029,7.13,60,61.37378663833332,82.89832,0.740350158767288,0.6154622165402691,-0.04067796610169491,0.6460827820828097,0.09787845717257224,0.26980629706118564
3541109,Presidente Alves,SP,D6-059,2.47,38,63.047294077894726,86.439476,0.7293807989798419,0.46673351859487183,-0.04409672830725463,0.6967369144407922,-0.02995732592073229,0.791707876350351
3541406,Presidente Prudente,SP,C8-014,8.49,64,68.7338090065625,92.06875,0.7465487491217757,0.5715197747911299,0.11262714313324848,0.18845132749745708,-0.01488095238095238,0.8620158339723972
3541604,Promissão,SP,C6-059,3.29,52,60.626289073461535,82.97884,0.7306234502460786,0.37687009980313635,-0.04072398190045249,0.6700217763475729,0.021878537957928712,0.8189867949129106
3541653,Quadra,SP,E5-023,1.76,38,60.162212668421056,88.85789,0.6770610298996165,0.14425175441744872,0.012802275960170698,0.9099139002604909,-0.037010685531006504,0.7437470317923167
3541703,Quatá,SP,D7-001,8.13,60,65.52777260533334,89.63667,0.7310375366632443,0.6273615499225913,-0.020338983050847456,0.8183984030062282,0.05765970395548941,0.5153207922108625
3541802,Queiroz,SP,C7-074,0.35,61,63.00873650819672,88.57704,0.7113438804408935,0.34628227929153,0.12568306010928962,0.1523527379238944,0.3188406869945019,0.0002854372535100303
3541901,Queluz,SP,D1-009,3.75,32,55.836182986875,79.00625,0.7067312277859191,0.5631052062090817,0.11693548387096775,0.3582314281335728,0.05645161290322581,0.6640096326736773
3542008,Quintana,SP,D7-033,7.41,40,68.72271505900001,86.6175,0.7934045062126264,0.35630050445249506,0.28461538461538466,0.009694782271513304,-0.044900586530112994,0.6834103151050082
3542107,Rafard,SP,2247059,8.28,57,60.237143589824555,76.6738,0.7856287997921433,0.5430979339332748,0.12597932301466244,0.1664544939346434,-0.012547061319240013,0.8904854003370289
3542206,Rancharia,SP,D7-036,6.58,56,64.68506993142857,88.16964,0.733643351998807,0.43499232708468016,-0.040259740259740266,0.6612506116064946,-0.10800280820358708,0.24063295750357738
3542602,Registro,SP,F4-005,3.0,40,80.20960724,93.85,0.8546575231124548,0.517553854433113,0.18461538461538463,0.09339611384155073,0.17575372441787088,0.11042181121494433
3542701,Restinga,SP,B4-020,5.85,33,64.61583854121211,82.75455,0.7808131491334916,0.2721647897215973,-0.3333333333333333,0.0060284010707224635,-0.23908961449799934,0.05084746315447948
3542909,Ribeirão Bonito,SP,D5-003,1.48,49,62.99418994040816,84.91225,0.7418740215404679,0.5214405174637151,0.1649659863945578,0.09447540898884033,0.22978731726115303,0.01993715128719372
3543006,Ribeirão Branco,SP,F5-027,3.92,50,57.241453539199995,77.336,0.7401657006236048,0.6043538704086404,0.09877551020408164,0.3114673952484257,0.1642157410797425,0.09267475097428148
3543105,Ribeirão Corrente,SP,B4-022,3.41,51,67.23700545568627,87.92157,0.7647384548537174,0.7842611607755887,0.055686274509803936,0.5641576798797037,0.0667714885343363,0.48989297839573376
3543204,Ribeirão do Sul,SP,D6-032,3.95,55,59.581786054909095,79.80181,0.7466219769367152,0.43972007951312275,-0.17979797979797982,0.05258697345152556,0.0896226618573572,0.33425953356469895
3543501,Riversul,SP,E6-011,2.11,35,61.15011336342857,74.02572,0.8260657842494453,0.41942041847021627,0.3243697478991597,0.006127555574057785,-0.02188555289931924,0.8534989678017465
3543600,Rifaina,SP,B4-038,2.61,56,65.8145128825,86.012505,0.7651737756699599,0.6299677009025373,-0.07662337662337664,0.4042983844668623,-0.05595326208137644,0.5432543936416638
3543808,Rinópolis,SP,C7-045,5.8,36,59.74409933166666,83.14722,0.7185339646138592,0.6077014599548977,0.21587301587301588,0.06396243604375287,-0.04451515959567857,0.7028650528955346
3544004,Rio das Pedras,SP,D4-068,1.94,63,58.64535198571427,78.05078,0.7513743110126047,0.5203531122535504,-0.048643113159242184,0.5731261069874085,0.04047131678618286,0.6393751930965832
3544103,Rio Grande da Serra,SP,E3-149,4.39,31,100.47201337419354,162.6,0.6179090381474542,0.7475453095608225,-0.15268817204301077,0.23631302243273788,-0.03225806451612904,0.813497254103598
3544202,Riolândia,SP,A6-001,6.87,39,58.35197205076922,84.19487,0.6930585207169189,0.693951189224394,0.24426450742240216,0.028558055284765172,0.08372723043020276,0.4532179794263096
3544251,Rosana,SP,D9-001,5.39,39,57.38570974102562,85.10514,0.67429193205531,0.6535139748295398,0.155195681511471,0.16418287375186913,0.15789473684210525,0.1569705653046883
3544301,Roseira,SP,D2-060,1.46,39,54.269126442051274,84.87948,0.6393668697090902,0.3570399754534385,-0.001349527665317139,0.9903483275651745,0.1821862348178138,0.10245263659151096
3544707,Sagres,SP,C7-001,9.59,63,62.37809016063491,84.631744,0.7370531071301356,0.49372287954250527,0.03277849019129061,0.7042450250281918,-0.10248529801726648,0.23551153739919606
3544806,Sales,SP,C6-085,0.42,35,61.41261596571429,83.328575,0.7369934727283259,0.280657405861418,0.2,0.09103361499960656,0.20185036575477108,0.08831689137511846
3545100,Salmourão,SP,C7-075,5.5,63,59.5294072120635,88.84127,0.6700647898515378,0.5255548200474937,-0.03942652329749103,0.6478910762589307,0.1223758320532514,0.15632790826043105
3545209,Salto,SP,E4-127,2.24,47,60.14274303446809,76.95318,0.7815498239376818,0.6976241839144987,0.150786308973173,0.1349708464622474,0.08425929537864946,0.4039534087783764
3545308,Salto de Pirapora,SP,E4-025,1.46,47,61.273696546382965,88.13192,0.6952497647065221,0.1960770023333777,-0.1692876965772433,0.09330943167837955,0.1573345841754703,0.11898628771113759
3545407,Salto Grande,SP,D6-089,5.16,35,59.91607646628572,75.465706,0.7939510506698673,0.5883064697348676,0.18655462184873947,0.11494310136854001,0.3095038941573156,0.008966545561470805
3545506,Sandovalina,SP,D8-004,5.05,64,65.4515455265625,90.47812,0.7233964004208059,0.6097796467011536,0.2852890189498585,0.0008641385835089677,0.15094347065255617,0.07817087670916387
3545704,Santa Albertina,SP,B7-013,2.46,61,60.03209568229508,84.05738,0.7141799470708812,0.4806504818577068,0.14863387978142076,0.09052538297018374,-0.03445448247110398,0.6950091515168303
3545803,Santa Bárbara d'Oeste,SP,D4-087,3.68,40,55.6868760485,75.99251,0.7327942919905538,0.48515329038072164,0.0358974358974359,0.7442511261559122,0.07825530795248266,0.47723213404584885
3546009,Santa Branca,SP,E2-029,3.58,56,50.73679894964285,75.71964,0.6700612573071383,0.4338019908833168,0.16233766233766236,0.07724770202472193,0.1884340878620261,0.040394934274565315
3546207,Santa Cruz da Conceição,SP,D4-032,7.12,37,67.91661557135136,82.61351,0.8221005918156601,0.5592782304719107,-0.07207207207207207,0.5301439440219473,-0.22088661380744015,0.05451019868099049
3546306,Santa Cruz das Palmeiras,SP,C4-029,2.47,32,65.076561515625,79.2,0.821673788171394,0.6358554929058036,0.35080645161290325,0.004410822271776884,0.1876892983823871,0.13147047785875043
3546405,Santa Cruz do Rio Pardo,SP,D6-035,6.81,62,60.69788209741934,89.15324,0.6808264574094518,0.6593900202329958,0.09571655208884189,0.27158979279943707,0.19264361719988438,0.027029734206745006
3546603,Santa Fé do Sul,SP,B7-024,4.48,40,60.73043781849999,80.8575,0.7510798527504348,0.5625668568605684,0.31686985351251173,0.004002040195379854,0.15522774200410494,0.158577813227878
3546702,Santa Gertrudes,SP,D4-059,0.81,58,60.95951788344828,84.73276,0.7194327156680616,0.6566581622879992,0.3146747496538164,0.00048622750895650616,0.3543309686445185,8.690104674283816e-05
3546801,Santa Isabel,SP,E3-049,4.56,60,51.69522936833333,76.14666,0.6788903081164374,0.3503963036531436,0.04180790960451977,0.6369505753796549,-0.030525725623494388,0.7305288522933209
3546900,Santa Lúcia,SP,C5-042,2.14,62,62.53393837935484,86.68064,0.7214291164920885,0.5922708173431127,-0.12744579587519833,0.14323392353738293,0.08311280465677161,0.3402349048353166
3547007,Santa Maria da Serra,SP,D5-062,0.5,35,55.52376834971429,76.38285,0.7269140635551143,0.14957841182648662,0.10588235294117647,0.3709527086192641,0.031932773109243695,0.7872931892354373
3547205,Santana da Ponte Pensa,SP,B7-016,1.24,32,66.2848790925,85.08125,0.7790773726872201,0.5491431191048421,0.0685483870967742,0.5953811594158698,-0.15725806451612906,0.21365159966146846
3547304,Santana de Parnaíba,SP,E3-020,0.07,34,54.578385065882344,78.2206,0.6977495396117184,0.743637497477707,0.05882352941176471,0.6246954163900664,-0.10535731083768309,0.38166399811618335
3547601,Santa Rosa de Viterbo,SP,2147022,2.0,55,64.42715104763636,79.43283,0.8110897017040704,0.5891246442305069,-0.21616161616161622,0.01978964756219599,0.08029706060542202,0.3875758681973568
3547908,Santo Antônio da Alegria,SP,C4-001,4.84,64,55.04372750625,83.36406,0.660281275534869,0.42001286190807174,-0.04365079365079365,0.6101644340816306,0.09183422749314682,0.2837765968563357
3548054,Santo Antônio do Aracanguá,SP,B7-039,8.92,52,62.5929269076923,86.53077,0.7233603419826115,0.3398199818725824,0.01809954751131222,0.8497904282275,0.11027202913455979,0.2492221980301469
3548104,Santo Antônio do Jardim,SP,D3-071,4.13,50,60.602271609599995,83.354,0.7270469841459438,0.4169062417839517,-0.06859943405700354,0.4822597843902895,0.09239587170661728,0.3444744870986792
3548203,Santo Antônio do Pinhal,SP,D2-028,3.99,36,62.88864813055555,70.74167,0.8889901706476676,0.5288229458257047,-0.21269841269841272,0.06797088192281575,-0.0381558510820102,0.7436965314990593
3548401,Santópolis do Aguapeí,SP,C7-076,3.52,30,61.91796944333333,77.65,0.7973981741996171,0.5952086306659917,0.032220964947193786,0.8027310413687202,0.10150003093234884,0.4322305476112688
3548609,São Bento do Sapucaí,SP,2245011,4.53,50,61.0506645076,58.631874,1.0412538480288471,0.7295671899985224,-0.09387755102040816,0.3360703787234419,-0.23067532896644408,0.018309317426391202
3549102,São João da Boa Vista,SP,2146013,1.05,53,58.879299647169816,76.51332,0.7695300496306762,0.32087627223077436,0.009437387191569693,0.9205649783297651,0.19265753376897823,0.04204492512480961
3549409,São Joaquim da Barra,SP,B4-018,5.12,64,63.8626647775,94.245316,0.677621634599205,0.6444092201706698,-0.017857142857142856,0.8347836208311021,-0.08147053260059002,0.34197997247657574
3549508,São José da Bela Vista,SP,B4-021,1.53,62,64.04493583709677,86.795166,0.7378859765711757,0.5715322387971007,0.007932310946589107,0.9274042120837687,0.19888918971201705,0.022377591885082152
3549607,São José do Barreiro,SP,2244135,4.31,43,54.39575633302325,87.920204,0.6186946089481885,0.3496790738436018,-0.19601328903654486,0.06397135691589576,0.08084163898117386,0.44488172534138504
3549805,São José do Rio Preto,SP,B6-020,2.04,58,65.27959414896551,86.396545,0.7555810691163544,0.46992562570502394,0.02480338777979431,0.7832951699140999,0.16898861581507807,0.06124860088792938
3549953,São Lourenço da Serra,SP,E3-154,1.69,52,55.2461289123077,77.75193,0.7105435034736673,0.3163255854745187,-0.027149321266968326,0.7763500333635039,-0.04303513518540661,0.6528305955770521
3550001,São Luiz do Paraitinga,SP,E2-132,4.78,42,61.805323520952385,63.835724,0.9681933526764034,0.26397355276831624,0.1986062717770035,0.06385461811849025,-0.02211880267640081,0.8368231079476324
3550100,São Manuel,SP,D5-047,6.67,64,59.7653072971875,88.20625,0.6775631571394186,0.6412087796859706,-0.15079365079365079,0.07819421341750993,0.0377171262327985,0.6596980676285031
3550308,São Paulo,SP,E3-052,1.85,40,55.310583080499995,74.58,0.7416275371753743,0.5882033880997918,0.2358974358974359,0.03204968816627935,0.01540437726223476,0.8887932052597944
3550407,São Pedro,SP,D4-060,2.87,40,54.09501259399999,81.427505,0.6643334124799062,0.5852345284852223,0.2,0.06913119713007558,0.17597977431762143,0.11037344669214894
3550506,São Pedro do Turvo,SP,D6-095,8.57,45,63.05424908088887,85.03556,0.7415044791863635,0.3301586515412019,-0.21010101010101007,0.04187880189270325,0.08888888888888888,0.38932389121968514
3550803,São Sebastião da Grama,SP,C3-011,8.21,60,60.72729059933333,83.56167,0.7267362148820273,0.6795790359450128,0.09491525423728814,0.28394830591074505,-0.0045325960909933655,0.959297479722403
3550902,São Simão,SP,83669,1.15,35,64.98504487828572,76.81143,0.846033504176538,0.4700999115140706,0.16302521008403362,0.1683456938502612,-0.08585870752809854,0.46880844626228657
3551108,Sarapuí,SP,E4-032,5.1,38,57.21551202052632,70.78422,0.8083088825580236,0.4110665752590169,-0.22617354196301567,0.0456156188816871,0.07971532268216786,0.4813815156179515
3551207,Sarutaiá,SP,E6-002,3.63,61,66.36642068,80.17213,0.8277991785147181,0.4043985216272359,0.0633879781420765,0.470381719656483,0.09299786747715771,0.2900657253300323
3551306,Sebastianópolis do Sul,SP,B6-048,3.95,53,65.71616093396226,89.911316,0.7308997789991071,0.4493084635535926,0.03773584905660378,0.6899841718888637,0.04140939618126039,0.6619165249684709
3551405,Serra Azul,SP,2147011,7.57,46,69.43492204869564,84.97894,0.8170838528083699,0.520511925915264,0.011599808024765772,0.9095367216432657,0.02032917653390783,0.8423669042317008
3551504,Serrana,SP,C4-083,2.9,62,66.07181881548387,83.32096,0.7929795578887461,0.6676303443587679,0.09994711792702275,0.2509679622796227,0.07566138625197945,0.38505186914679
3551603,Serra Negra,SP,D3-012,2.27,62,65.84743408709676,80.39193,0.8190801538543979,0.5222518887009874,0.013220518244315178,0.8793036324098623,-0.06030150964672858,0.48864969177607875
3551801,Sete Barras,SP,F4-025,1.92,58,76.05882966068964,115.52586,0.6583705783216733,0.49127481916292415,-0.15063520871143374,0.09486229820897218,0.06352087114337568,0.4812219817095056
3552007,Silveiras,SP,2244124,7.62,38,53.01456171315789,90.57401,0.5853175773030161,0.6080381479233037,0.21479374110953062,0.057648988271815936,-0.16536032101168768,0.14463015367997079
3552304,Sud Mennucci,SP,B7-046,2.4,30,66.56532493133334,87.896675,0.7573133437428936,0.41474078155389077,0.1632183908045977,0.21370025661362413,-0.03908045977011494,0.7772097145495372
3552403,Sumaré,SP,D4-111,1.01,32,64.85253673312499,75.859375,0.8549047066776518,0.6400962964252842,0.10080645161290325,0.4299375528243448,0.12714436342032676,0.306889342895144
3552551,Suzanápolis,SP,B8-016,6.74,36,61.72436777944444,86.66666,0.7122043272041713,0.7026278558681517,0.25396825396825395,0.029306192567188482,0.17170132986904588,0.14120201137993246
3552601,Tabapuã,SP,B6-009,6.54,62,59.43629945129032,80.9855,0.7339128856965274,0.5288998791931511,-0.13907985193019567,0.11015797072837548,-0.057733123731737016,0.507871023722283
3553005,Taguaí,SP,E6-016,3.14,40,62.56864270050001,82.7,0.7565737002343375,0.5291494457417195,0.16410256410256413,0.13587424025509034,0.13213601178861825,0.23008574182222563
3553203,Taiúva,SP,C5-113,2.15,47,63.20994856723404,81.67234,0.7739456009589296,0.596075039043895,-0.20629047178538393,0.04085376199666647,0.009254975539733546,0.9269297306438562
3553302,Tambaú,SP,C4-079,7.95,30,63.61174557666668,81.619995,0.779364731464819,0.7235339096213,0.029885057471264367,0.831954647948868,-0.05983893490193132,0.6426902687906925
3553401,Tanabi,SP,B6-010,9.36,63,67.0183174015873,93.01588,0.720504065851996,0.5469534147514006,0.06810035842293906,0.4302084984276344,0.27817626601135814,0.0012788018289976977
3553500,Tapiraí,SP,F4-021,5.87,57,68.83745453824561,108.02104,0.637259679655883,0.5622657345894705,0.02380952380952381,0.7936404388893481,-0.0883735549505841,0.33172474198598323
3553609,Tapiratiba,SP,C3-030,1.77,64,61.29378289656249,77.40312,0.7918773991771072,0.7578272244466525,-0.008928571428571428,0.916943023115823,-0.03824189687229127,0.655491535222967
3553658,Taquaral,SP,C5-113,5.71,47,64.23030502340426,81.67234,0.7864388936852005,0.6347688390347996,-0.2173913043478261,0.031157408517868346,0.009254975539733546,0.9269297306438562
3553807,Taquarituba,SP,E6-013,1.52,61,56.124403301311474,84.14918,0.6669631829392104,0.6998495423330018,0.07759562841530054,0.376883078415731,0.1685826027522526,0.05525312276138353
3553856,Taquarivaí,SP,E5-046,3.21,34,58.19852861,63.89118,0.9109008522362461,0.48315779455201535,0.14081996434937613,0.2415461158545259,0.40321157880876846,0.0008060979169523275
3554102,Taubaté,SP,E2-095,2.29,53,50.68763338641509,61.562263,0.8233555836630626,-0.07105242684464126,-0.2286751511803425,0.015677308185686644,0.3160190761201451,0.0008467263537071214
3554201,Tejupá,SP,E6-015,6.21,38,65.11090610947369,82.713165,0.7871891480218326,0.6237616245742781,0.197724039829303,0.08055155245155043,0.10533810497286467,0.35216687459817375
3554508,Tietê,SP,2347056,4.88,52,59.065444435,75.190865,0.785540168719834,0.5318475124405967,-0.021116138763197588,0.8251312583591159,-0.2550944122732498,0.007645203204197327
3554607,Timburi,SP,E6-019,0.79,32,64.50770165124999,88.68125,0.727410817295755,0.5252682680114424,0.16935483870967744,0.1797724415471498,0.217741935483871,0.08268098363531945
3554904,Três Fronteiras,SP,B7-016,7.72,32,66.2848790925,85.08125,0.7790773726872201,0.5491431191048421,0.0685483870967742,0.5953811594158698,-0.15725806451612906,0.21365159966146846
3555000,Tupã,SP,C7-043,1.56,40,68.867944918,85.8975,0.8017456346461778,0.4908251778671488,0.33333333333333337,0.0024514630891520474,0.08997459035672181,0.414618004462175
3555208,Turiúba,SP,B7-050,1.28,52,59.627850299230765,92.43847,0.6450544993597999,0.4649136413045506,-0.1598793363499246,0.0943453732982991,-0.05429864253393665,0.5699280303369774
3555307,Turmalina,SP,B7-041,7.08,54,63.42863464333333,83.14259,0.7628897784141105,0.5093641674021329,-0.09713487071977636,0.29973779348892693,0.0692792840881432,0.4601122637395849
3555406,Ubatuba,SP,E2-052,7.25,45,97.63856365199999,150.02,0.6508369608807125,0.4691866503297773,-0.30707070707070705,0.002941125614038473,-0.11324576061948856,0.27319928217299116
3555505,Ubirajara,SP,D6-040,1.87,58,62.71489663896551,84.86551,0.7389915803654543,0.4318564547350898,-0.0792498487598306,0.3795389263755764,0.16944024981359346,0.060343101004407054
3555802,Urânia,SP,B7-006,6.84,61,60.862961542295075,80.37212,0.7572645679445462,0.2594706753524139,0.1879781420765027,0.032299637486715396,-0.050328257693520645,0.5669477292985131
3556008,Urupês,SP,C6-041,2.78,60,63.33822362,82.61167,0.7666982462648391,0.5025214911657058,0.1175141242937853,0.18463804634691028,-0.11299435028248588,0.20210204418937272
3556354,Vargem,SP,D3-018,1.57,60,55.675259948666664,79.26,0.7024382847350062,0.4656544526944951,0.2689265536723164,0.002398238607116817,0.21882959525281437,0.013571524082917247
3556453,Vargem Grande Paulista,SP,E4-012,6.94,45,55.92848711022223,72.23778,0.7742276809064988,0.38597491255106514,0.04143507350615982,0.6883506959821304,-0.1213347435208806,0.24039874258604021
3556701,Vinhedo,SP,E3-017,1.97,34,58.83248289647059,81.07647,0.7256418948227102,0.33832870741084875,0.19429590017825316,0.10612365088343008,0.1391615183499289,0.2475038211979388
3556909,Vista Alegre do Alto,SP,C5-092,3.09,53,65.78417973584905,81.85472,0.8036699517933222,0.6891880257792783,-0.1393323657474601,0.14081173225474058,-0.21737585885631883,0.021797530977774357
3556958,Vitória Brasil,SP,B7-041,9.08,54,61.384277368888874,83.14259,0.7383012108551503,0.4538223673104371,-0.09853249475890984,0.2928377927852378,0.0692792840881432,0.4601122637395849
3557204,Chavantes,SP,2349005,4.12,62,63.19025817225806,86.65997,0.7291746798359784,0.4677804631567921,0.09148598625066104,0.29334303753664936,0.03704684946151623,0.6706841363278551
4100459,Altamira do Paraná,PR,2452012,1.69,53,82.4780666728302,103.933975,0.7935621292119687,0.4728417152697466,0.14368650217706824,0.12881305871317256,0.3151780061319794,0.0008707053549862337
4100509,Altônia,PR,2353003,6.99,55,73.77604621345455,95.48182,0.7726711416690297,0.5505613629055535,0.2484848484848485,0.007389306671677878,0.10373863842044459,0.263567577000439
4100707,Alto Piquiri,PR,2453008,8.42,58,76.62911761275862,100.65862,0.7612772311558159,0.5382916141931954,0.3497730871152036,0.00010562074398780262,0.1524962248322341,0.09094180324076168
4101002,Ampére,PR,2553012,1.09,59,94.08607964338984,111.4356,0.8443089946690303,0.780709386886436,0.007597895967270602,0.9322507903784016,-0.02338497615254512,0.7936413468762306
4101101,Andirá,PR,2250033,5.88,50,71.16374402240001,82.217995,0.8655494979021451,0.827190360117617,-0.06448979591836734,0.5087253411837376,0.016333198585000843,0.8671316369597475
4101150,Ângulo,PR,2351050,8.77,44,65.33735804272727,96.76818,0.6751946504597275,0.7328043185311377,0.10359408033826638,0.32158905086929157,0.200845665961945,0.05464227881405674
4101507,Arapongas,PR,2351048,4.08,48,71.706965495,92.03333,0.7791412447442058,0.8956411637682395,0.008865248226950355,0.929176957573683,0.11086475591218936,0.26654728824572627
4101853,Ariranha do Ivaí,PR,2451046,5.02,50,82.488651694,97.83001,0.8431835195451818,0.6957959571777089,0.061224489795918366,0.5304204421450839,0.035102040816326535,0.71907980571153
4102109,Astorga,PR,2351051,4.15,50,67.3199250876,96.272,0.6992679373882723,0.5713746134455148,-0.013877551020408163,0.8869199923303159,0.06132469361058669,0.5303628954880308
4102604,Barracão,PR,2653021,7.7,49,96.20009647714286,111.0796,0.8660464987767078,0.6398457933041046,0.16836734693877548,0.08787272389860554,0.15136054421768705,0.1249483089727352
4102901,Bituruna,PR,2651015,2.3,46,81.72385504521738,90.11086,0.9069256754131151,0.8435098247512164,0.21932367149758458,0.03161296666048053,0.23222085416589583,0.023046552822984987
4103040,Boa Ventura de São Roque,PR,2451028,3.91,49,76.23437164367346,90.57959,0.8416285807341137,0.7981259868295358,0.13095238095238093,0.18435832271640407,-0.037510779116351235,0.7044155490030564
4103057,Boa Vista da Aparecida,PR,2553026,5.87,50,93.32547717279998,115.894005,0.8052657884790209,0.8162761756468038,0.019599838302001012,0.8408834182780601,0.08656595250050446,0.37523723640029605
4103206,Bom Sucesso,PR,2351004,6.34,49,73.23784530122448,102.87143,0.7119357210988204,0.7198126218045925,0.23979591836734693,0.015065792926576291,0.2212766758811103,0.025005109122544524
4103305,Borrazópolis,PR,2351020,0.47,40,75.7416432445,97.552505,0.7764192509623195,0.6844453388246218,0.2,0.06913119713007558,0.3198464511320273,0.003711455465326254
4103404,Cafeara,PR,2251037,2.81,51,69.62579529333334,92.07647,0.7561735993013788,0.7951108682295276,0.17176470588235296,0.07527842325833124,0.02667713033851007,0.7824218855694838
4103479,Cafezal do Sul,PR,2353047,2.5,50,74.8511404424,100.76601,0.7428213448638331,0.6232947334907091,0.09224489795918367,0.344542013922306,0.08983259221750463,0.35748573275009676
4103503,Califórnia,PR,2351037,2.82,50,78.0805306404,93.83199,0.8321312172775412,0.6692500711111945,0.14775510204081632,0.13001588338423345,0.0842192458918724,0.3888410387319202
4103602,Cambará,PR,2350017,5.11,49,64.39807157061225,84.46123,0.7624572071712095,0.5458871543477224,0.21352617839718402,0.030490521254929303,0.08081668106666327,0.4128350234610446
4103800,Cambira,PR,2351043,5.41,47,74.24379459234044,95.759575,0.7753145800565535,0.5998989830427006,0.11193339500462536,0.2671607111555042,-0.10472677860832692,0.29999898010954584
4103909,Campina da Lagoa,PR,2452011,2.47,59,79.16552576779662,97.30509,0.8135805049482729,0.4713637824614652,0.20981881940385738,0.018890950689575668,0.10467838047234866,0.2417522495437795
4103958,Campina do Simão,PR,2551009,3.43,46,69.98753890347827,90.743484,0.7712679239878412,0.3028874034573803,0.3410628019323672,0.0008309990454315719,0.3247946246934416,0.0014654405841741946
4104006,Campina Grande do Sul,PR,2548001,4.01,62,68.71814097741932,76.27257,0.9009548649723959,0.37277816598313024,0.12956107879428877,0.13671133011073328,0.034929886635143875,0.6884852198360815
4104055,Campo Bonito,PR,2453014,7.46,55,86.75390876509088,104.29273,0.8318308179564711,0.7350720124807849,0.03164983164983165,0.7329542397090426,0.039757421425444174,0.6684069207561343
4104253,Campo Magro,PR,2549048,7.28,51,62.078528110980386,75.16863,0.8258568240539913,0.76199166988984,0.13882352941176473,0.15053867609637778,0.14039215686274514,0.14598074628418015
4104303,Campo Mourão,PR,83783,1.98,33,77.4059291539394,99.09091,0.7811607310588988,0.6447230951334814,0.07196969696969698,0.5692805907082014,-0.16492898404304535,0.1776018633658658
4104402,Cândido de Abreu,PR,2451038,2.11,50,80.3457044412,88.088005,0.912107208933563,0.7197704779600628,0.09714285714285714,0.31953297149932736,0.07598041751450771,0.436577142437678
4104451,Cantagalo,PR,2552041,8.96,41,87.91450219853658,101.65488,0.8648331004346848,0.6383245737698015,0.026829268292682926,0.8048287916706961,-0.06349211082049679,0.5591298390075912
4104600,Capitão Leônidas Marques,PR,2553024,2.78,50,90.6485784384,107.504005,0.8432111722165521,0.781778764940563,0.007346938775510204,0.9399889743479377,0.0499183173681407,0.6097885048334211
4105003,Catanduvas,PR,2553041,2.66,50,89.67104072080001,104.908,0.8547588665574221,0.892939790814552,0.0024489795918367346,0.9799795286964974,0.06211692449212479,0.524909444071272
4105102,Centenário do Sul,PR,2251069,4.06,51,68.66352041058822,82.46863,0.8326017072714066,0.7508368346843026,0.1419607843137255,0.14152919927157753,0.17176470588235296,0.07527842325833124
4105201,Cerro Azul,PR,2449008,3.63,53,57.63202915999999,74.92641,0.7691818088569898,0.5714322125172003,0.12123412776862603,0.20017784062761834,-0.1197822220468461,0.2056193623465754
4105409,Chopinzinho,PR,2552031,3.56,48,87.57209731416667,98.583336,0.8883052752840865,0.7169630426601287,0.13475177304964542,0.17670115564968858,0.09937892110917107,0.31947410422550526
4105607,Cidade Gaúcha,PR,2352046,1.47,48,75.02141644375,89.50833,0.8381500956965355,0.7572188513910436,0.31205673758865254,0.0017564708661458445,0.2226164298716762,0.025682039640414767
4105706,Clevelândia,PR,2652003,8.05,40,84.01270688100001,95.65875,0.8782542604500327,0.6890931944201241,0.2153846153846154,0.0503035357904399,0.12323501809787808,0.2632889796113038
4106001,Congonhinhas,PR,2350048,4.33,50,72.0400671716,90.385994,0.7970268845575574,0.6424696107057736,0.07918367346938775,0.4171410491079254,0.14384971987649953,0.14091185167725231
4106209,Contenda,PR,2549040,4.47,36,62.11042666388888,76.25833,0.8144739808231726,0.41091502203735886,-0.0031746031746031746,0.9782668858470432,-0.1523809523809524,0.19100703619867698
4106308,Corbélia,PR,2453012,8.3,57,79.35633438421054,103.070175,0.7699252887911708,0.6502521287300235,0.299498746867168,0.0010001668768740686,0.12781954887218047,0.1602279923222878
4106506,Coronel Vivida,PR,2552044,1.08,40,92.9089799105,106.932495,0.8688563734408412,0.8166153571608207,0.06410256410256411,0.5601951093846055,0.10256410256410256,0.3512937543757333
4106605,Cruzeiro do Oeste,PR,2353004,2.11,54,75.55693644851853,94.188896,0.8021851780146948,0.4109255790185529,0.1572327044025157,0.0932318994149497,-0.032179101311359405,0.7314378462493099
4106803,Cruz Machado,PR,2551017,3.89,50,83.8188610692,97.31199,0.8613415682536321,0.9300568673498871,0.036734693877551024,0.7066057206329563,0.059591836734693884,0.5414414999713666
4107256,Douradina,PR,2353033,2.24,50,70.81780169160001,87.687996,0.8076111325860894,0.4518817569508292,0.1836734693877551,0.05982338992618772,0.21577457981474926,0.027205659474477045
4107405,Enéas Marques,PR,2553044,3.34,48,103.01593093125,119.20209,0.8642124745981965,0.8273189174971208,0.04255319148936171,0.6696518028834125,0.11086475591218936,0.26654728824572627
4107504,Engenheiro Beltrão,PR,2352034,3.27,50,79.98671545639999,100.668,0.7945595029041279,0.7678144374374459,0.016333198585000843,0.8671316369597475,0.026133117736001348,0.7889419401830816
4107538,Entre Rios do Oeste,PR,2454003,2.56,62,82.52677273225805,94.63064,0.8720935879706897,0.555553365738197,0.28458080868368396,0.0010834240704647104,0.21428574428008165,0.013890067350288153
4107546,Espigão Alto do Iguaçu,PR,2552039,4.1,50,88.17191150960001,107.19,0.822575888621682,0.8984172063772229,0.02857142857142857,0.7696979437812898,-0.01143323900950059,0.9067712165187978
4107553,Farol,PR,2452029,3.73,49,86.28337821387754,100.230606,0.8608486129055537,0.6383242185192174,0.15136054421768705,0.1249483089727352,0.1743938907227997,0.07720613391497325
4107603,Faxinal,PR,2351022,8.93,30,72.58074798,86.28999,0.8411258967111781,0.514700389430559,0.167816091954023,0.20077938911479654,0.3103448275862069,0.015881470256751497
4107751,Figueira,PR,2350062,4.93,61,65.7526988714754,80.58525,0.8159396189037246,0.4503241800643124,0.2524590163934426,0.0040404464442128085,-0.1017506079455961,0.2470469916055964
4107801,Floraí,PR,2352037,5.11,49,69.29946545142856,83.79795,0.826982818023988,0.47778814215877496,0.13095238095238093,0.18435832271640407,0.07653061224489795,0.43787582308260076
4107850,Flor da Serra do Sul,PR,2653019,9.02,49,93.80811648653061,108.37551,0.8655840740614509,0.7940263360911843,-0.0017006802721088435,0.9862454138892961,-0.022968951461051667,0.8159600392959004
4107900,Floresta,PR,2352010,8.0,48,69.97270467874999,91.72083,0.7628878033900854,0.5493187318764782,0.021276595744680854,0.8310828588350525,-0.026595744680851068,0.7897454223784366
4108205,Formosa do Oeste,PR,2453010,1.86,58,77.10279876206897,97.86207,0.7878721571997754,0.37837183984785233,0.27836612469376065,0.0020304426998156377,0.14597224520227173,0.10592791264976728
4108304,Foz do Iguaçu,PR,2554012,9.48,50,88.88425881799999,112.10799,0.7928450205239159,0.6950560478055763,0.04163265306122449,0.6696650547517953,0.042466316321002194,0.6635712666131403
4108403,Francisco Beltrão,PR,2653015,6.03,38,104.3771785131579,115.26578,0.9055348490888363,0.8411671120643752,0.09246088193456616,0.4138291070046194,0.11957298402325177,0.29091181084344864
4108502,General Carneiro,PR,2651026,3.67,46,75.26561204,85.23043,0.8830837942208706,0.767331885634374,0.19420289855072465,0.05702769184455046,0.08506525884828234,0.40471237142313254
4108650,Goioxim,PR,2552026,7.78,48,82.3013635425,105.41042,0.7807706390174949,0.6768818583262257,-0.06914893617021278,0.48814191558798403,-0.06125171874850036,0.5396466128860116
4108700,Grandes Rios,PR,2451023,2.38,37,72.16355198864865,84.61622,0.8528335726985808,0.7899840506950009,0.1891891891891892,0.09936518330262735,0.16078141277140204,0.16164512090096794
4108957,Guamiranga,PR,2550057,3.55,46,77.64849233521738,84.31522,0.9209308702917344,0.7316791004702983,0.2734299516908213,0.007373507465341151,0.20212775410127307,0.0478136253502651
4109005,Guapirama,PR,2350054,6.29,50,73.3646458856,81.052,0.9051552598050465,0.7150454497631875,-0.04979591836734694,0.609871897204012,-0.05879951490600303,0.5469805630431929
4109302,Guaraniaçu,PR,2552006,3.69,61,82.96966685540984,102.33935,0.810730853841763,0.7581820723191808,0.2240437158469945,0.010729263733366103,0.10060143657832785,0.25218403384521637
4109500,Guaraqueçaba,PR,2548043,6.81,33,95.91594754666666,129.41212,0.7411666242099801,0.6209014971550266,0.034090909090909095,0.7938612170038639,0.07196969696969698,0.5692805907082014
4109658,Honório Serpa,PR,2652022,1.99,47,91.54500190851063,109.32766,0.8373452997863755,0.61798103615333,0.021276595744680854,0.8329493624989518,0.20277786470246406,0.044590374946897236
4109708,Ibaiti,PR,2350063,5.5,40,63.79708817449999,89.68,0.7113859049665727,0.5926707558167271,0.15384615384615388,0.16207578973970704,0.10647853377141082,0.3334932901589983
4109757,Ibema,PR,2553019,3.86,50,93.085968072,104.836,0.8879198879455903,0.8201293214974067,-0.024499797877501263,0.8018492773645293,0.09395427972224071,0.3360365640829621
4109807,Ibiporã,PR,2351011,4.01,41,73.91338245853657,87.54329,0.8443066641316461,0.8037077754694504,-0.036585365853658534,0.7361484532846096,0.0024390243902439024,0.9820779273048683
4109906,Icaraíma,PR,2353031,3.33,49,75.94429029265306,94.91632,0.8001183532182168,0.5350787254803426,0.22033179364490305,0.025573990417767707,0.032368019711644394,0.743206140583478
4110003,Iguaraçu,PR,2351050,5.08,44,70.43117127909092,96.76818,0.7278339911166385,0.6642888002517655,0.06342494714587738,0.5439466543758904,0.200845665961945,0.05464227881405674
4110102,Imbituva,PR,2550048,5.67,47,74.16899182808511,90.140434,0.8228160029707243,0.6839601160798565,0.1988899167437558,0.048649861809807717,0.04817049578588711,0.6334164228829205
4110201,Inácio Martins,PR,2551026,3.25,49,79.32885299306122,98.3347,0.806722873535508,0.8632283500787667,-0.01956614383719216,0.842838841906145,-0.006814319939293557,0.9450143474060348
4110409,Indianópolis,PR,2352044,2.9,40,70.05965376099999,90.7125,0.7723263341052614,0.40750812510184836,0.18974358974358974,0.08464411605692107,0.04233483872839226,0.7006003082133822
4110706,Irati,PR,2550029,6.14,50,79.11767096679999,89.936,0.8797108343463254,0.8156901337809523,0.07265306122448979,0.45659076809174426,0.1649653057085085,0.09107380511526432
4110805,Iretama,PR,2452008,7.37,47,77.48018293957446,98.52766,0.7863800444313351,0.6094695542782524,0.14338575393154487,0.15519461307974539,0.12401667223242953,0.2191121378584424
4111001,Itambaracá,PR,2250032,6.77,50,68.9440275108,86.06999,0.8010228170857658,0.8425720229770868,-0.018775510204081632,0.847435370947764,-0.0040883129073724465,0.9666333273678199
4111100,Itambé,PR,2351028,6.83,50,75.4129705636,92.58401,0.8145356070971047,0.7784826660118751,0.061224489795918366,0.5304204421450839,0.032666397170001686,0.737922305207829
4111258,Itaperuçu,PR,2549053,2.77,51,63.23791652784313,80.039215,0.7900866651228641,0.5736636327530191,0.09101609174315202,0.3460863797924366,0.07067142711473183,0.46473557458195625
4111308,Itaúna do Sul,PR,2252015,9.17,50,71.2988798912,88.53,0.8053640672575447,0.6413461508300831,0.08081632653061226,0.4076020235840996,0.10220782268431117,0.2956748200452253
4111407,Ivaí,PR,2550056,2.34,50,83.27254959959998,90.46199,0.9205252866036118,0.8425638843241038,0.03183673469387755,0.7442507590409662,0.03183673469387755,0.7442507590409662
4111506,Ivaiporã,PR,2451014,4.22,65,76.71489986369232,96.363075,0.7961026530090833,0.8095463554428861,0.20192307692307696,0.017417130286899955,0.09675097257954592,0.25510811790537047
4111555,Ivaté,PR,2353032,2.44,34,72.97760053588235,82.911766,0.8801838871686339,0.6023155504533761,0.008912655971479503,0.940913137581158,0.16934046345811055,0.15903570985034532
4111605,Ivatuba,PR,2352061,2.77,51,70.89208818156862,93.75687,0.7561268935490209,0.542874349623432,0.16320126795323808,0.09112831630049484,0.14907808130343864,0.12276503262594186
4112207,Janiópolis,PR,2452010,4.57,57,79.27923504385966,94.5,0.8389337041678271,0.6583623891299808,0.2380952380952381,0.008900236688477562,0.04700721008009793,0.6056442660086367
4112405,Japurá,PR,2352045,3.21,48,70.49185278583333,97.88333,0.7201619708939889,0.4253936846349733,0.0921985815602837,0.3553008925496006,0.296362139736278,0.0029892618077375153
4112603,Jardim Olinda,PR,2252013,5.1,50,68.2412935264,95.27599,0.7162485651316323,0.6135094640722308,-0.0008163265306122448,0.9933258869658097,0.10788728990737463,0.2694729394220825
4112702,Jataizinho,PR,2350000,6.19,46,68.53315046043478,89.65082,0.7644453457075714,0.47722596898900044,0.2463768115942029,0.01576206978589467,-0.08893186152320426,0.3836946333167891
4112900,Jundiaí do Sul,PR,2350053,4.5,50,71.3424145156,82.088,0.8690967832510139,0.46918765224714204,-0.038367346938775505,0.6942099409152269,0.06859943405700354,0.4822597843902895
4113007,Jussara,PR,2352035,7.93,47,76.98242313914893,100.357445,0.7670823357530338,0.44734258068602817,0.17668825161887144,0.0798500794256258,0.19638740589630901,0.0518429030164429
4113106,Kaloré,PR,2351024,4.09,49,77.22401149918367,90.29388,0.8552519214594781,0.6410028496880068,0.1581632653061224,0.10887077203426464,0.024691378161562375,0.8025849539455923
4113205,Lapa,PR,2549059,3.45,50,71.27319858279999,86.866,0.8204959453213031,0.7942214347215677,-0.07428571428571429,0.44653638988134203,0.11673469387755102,0.23162840695170472
4113254,Laranjal,PR,2452019,2.49,48,86.96568540291666,107.67501,0.807668231029387,0.6769894647807317,-0.06560283687943262,0.5107212905243073,0.013303770709462722,0.8939356676057761
4113403,Leópolis,PR,2350026,7.39,43,69.22199310139536,93.209305,0.7426511038014731,0.7078737308270473,0.1760797342192691,0.09611205744619103,0.17285321212286972,0.1025331568994926
4113429,Lidianópolis,PR,2451002,4.62,58,77.12635850931034,92.43793,0.8343583722293983,0.6287289753446982,0.2583182093163944,0.004179188013793959,-0.03208233033302015,0.7221856438379008
4113452,Lindoeste,PR,2553029,9.89,48,94.10701180291665,117.34792,0.8019486768362015,0.7137571931185267,-0.01773049645390071,0.8589108283955398,0.06297118135812356,0.5279909683394529
4113502,Loanda,PR,2253013,2.41,50,71.5982662672,92.05801,0.7777516498052323,0.355819350447248,0.11020408163265306,0.2587899412662673,0.09799919151000505,0.31546632167208366
4113759,Lunardelli,PR,2451049,5.34,48,79.44669270291665,88.27917,0.8999483711163929,0.8268306361460301,0.13297872340425532,0.1824641932155866,0.29711754584466743,0.0029050430392718062
4113809,Lupionópolis,PR,2251042,3.9,51,69.81617680784314,88.272545,0.7909160987474321,0.7477833565420954,0.18431372549019612,0.05629827186566435,0.14678183485611812,0.1287741538420407
4114005,Mamborê,PR,2452040,7.9,50,80.6612961348,96.135994,0.8390332571007953,0.7539578442573059,0.14938775510204083,0.125826500740307,0.11519611687683427,0.23818820061875268
4114302,Mandirituba,PR,2549062,7.27,47,57.23405507829787,76.04256,0.7526582155424784,0.3929116289902884,0.1692876965772433,0.09330943167837955,0.048215243120929306,0.6333783255143719
4114351,Manfrinópolis,PR,2653016,3.32,48,99.31379980333332,113.0375,0.8785916279461042,0.7775549425235527,-0.01595744680851064,0.8728931057545756,-0.029268295560817992,0.769279923596385
4114500,Manoel Ribas,PR,2451015,4.05,59,77.46550368949153,100.30339,0.7723119158891134,0.7615616665585754,0.3232028053769725,0.0002988019891680918,0.2757615494956678,0.002066272407189812
4114708,Maria Helena,PR,2353023,3.32,49,75.22413180816326,94.63878,0.7948552681277911,0.6265936135913076,0.1717687074829932,0.08164733827648102,0.11224489795918366,0.25519636375357213
4114807,Marialva,PR,2351044,6.43,49,74.14116143102041,88.893875,0.834041280450523,0.3737257539333003,0.028911564625850338,0.7694652766786794,0.08932370012631205,0.3654037451079335
4114906,Marilândia do Sul,PR,2351027,6.2,50,78.1486479076,88.29001,0.8851358063674672,0.6613183233347829,0.018775510204081632,0.847435370947764,0.19109842344450986,0.05029514858358652
4115200,Maringá,PR,2351013,2.52,55,70.5688166,89.76966,0.7861098711237843,0.7101368790628149,0.08148148148148149,0.3797243243055569,0.10778040355370867,0.2454154483236074
4115309,Mariópolis,PR,2652011,3.68,61,90.39984324819672,95.308205,0.9485001168507802,0.811942173045544,0.11584699453551911,0.18708290041154452,0.10606890595758481,0.22731963019470536
4115358,Maripá,PR,2453047,4.39,49,82.59920491999999,99.56939,0.8295642412272144,0.4891153827470754,0.10374149659863945,0.2929739556947437,-0.12165037255297735,0.21769432449322934
4115457,Marquinho,PR,2552008,1.38,58,85.22629432344829,106.110344,0.8031855440707741,0.7607543083294427,0.09981851179673319,0.26837276357102335,-0.007874021525433744,0.9305032666127192
4115507,Marumbi,PR,2351024,7.98,49,77.90899586816326,90.29388,0.8628380878132642,0.5113140456747927,0.10034013605442176,0.30908654982963,0.024691378161562375,0.8025849539455923
4115606,Matelândia,PR,2553020,5.99,50,92.8343736496,114.75001,0.8090140956628521,0.8165035122284396,0.10857142857142857,0.2659120218402897,0.1339322283970069,0.17009934317353137
4115853,Mercedes,PR,2454015,3.35,50,82.94706991560001,99.23,0.8359071561978756,0.5010947192302299,0.11346938775510204,0.24494506040023412,0.09325172873111569,0.3401935507455387
4116208,Morretes,PR,2548027,2.29,36,73.85565785333333,96.227776,0.7675087303326943,0.6966200001131982,0.22539682539682543,0.05309260243265081,0.18124029263954844,0.12040638911803868
4116802,Nova Cantu,PR,2452013,1.17,30,78.94499735666665,100.61666,0.7846115793918993,0.6299420028199951,0.2735632183908046,0.03443620830880012,0.0920598998491251,0.47537878657305
4116901,Nova Esperança,PR,2352062,7.0,52,72.10985356538461,90.700005,0.7950369341344471,0.4970048158786981,0.1990950226244344,0.03722897481638907,0.007558598419917978,0.9370918737354029
4116950,Nova Esperança do Sudoeste,PR,2553044,9.59,48,100.65022350583335,119.20209,0.8443662833361958,0.8254985604481787,-0.014184397163120569,0.8869152028782656,0.11086475591218936,0.26654728824572627
4117057,Nova Laranjeiras,PR,2552047,7.97,50,88.6524403764,105.28,0.8420634631868303,0.5734063403884356,0.12653061224489798,0.1947850486910977,0.04409963617950228,0.6514720604245545
4117107,Nova Londrina,PR,2252020,3.65,42,71.02103520857143,94.11667,0.7546063432617769,0.5238566060955865,0.08246225319396051,0.4416234608634053,-0.08478513356562137,0.42886847205388146
4117206,Nova Olímpia,PR,2353017,5.87,44,73.58702579090908,83.5841,0.8803950372543226,0.6027457719126771,0.26638477801268495,0.010809610004541998,0.13559352465544386,0.1953579952613339
4117297,Novo Itacolomi,PR,2351025,3.24,38,75.62520818210527,91.58158,0.8257687545986471,0.5799643020541133,0.007112375533428165,0.9498783663452921,-0.028469758100774234,0.8014600549547215
4117404,Ourizona,PR,2352016,6.6,47,70.46260251872339,116.48724,0.6048954401309303,0.1382193050393212,0.16743755781683628,0.09694421496667394,0.1184636869085894,0.24044814143396864
4117453,Ouro Verde do Oeste,PR,2453026,2.2,50,85.85812175599999,112.946,0.7601696598866629,0.42829755090122096,0.26040816326530614,0.007621581542762038,0.16659862556700858,0.08791675860311354
4117503,Paiçandu,PR,2352055,9.76,44,69.92912479681817,88.64773,0.78884283219752,0.5714555465256581,0.12684989429175475,0.2248579205920529,0.0327868898303512,0.7538566338702317
4117701,Palmeira,PR,2550042,6.13,50,66.66566972279999,82.49,0.8081667044396936,0.7357127258130415,0.12489795918367345,0.2006073090444609,0.18545757823433603,0.05757031537252966
4117800,Palmital,PR,2452016,6.42,58,79.85348804551724,103.4431,0.7719556748044463,0.3599275130640421,0.2316999395039322,0.010194578488382323,0.10529501238416164,0.24312322687839694
4118006,Paraíso do Norte,PR,2352000,7.02,64,67.9574472603125,86.40938,0.7864591644162408,0.61913602526318,0.2628968253968254,0.002136150014510207,0.23876899148218175,0.005321939878938471
4118105,Paranacity,PR,2252010,6.9,46,65.66139382826088,89.57609,0.7330236822096443,0.27506807289395196,0.21159420289855074,0.038123424050861464,0.0647969355252885,0.5258047725574679
4118204,Paranaguá,PR,2548010,1.1,40,93.082534742,126.728905,0.734501216945206,0.8528592557987256,0.11538461538461539,0.29436542809529453,0.234765923857448,0.032983502076518956
4118303,Paranapoema,PR,2252019,3.12,48,67.26151842208333,86.487495,0.7777022342202241,0.5607905503102389,0.012411347517730497,0.9009727905396868,0.08796112325918172,0.37881065106165646
4118451,Pato Bragado,PR,2454004,5.29,50,85.26264500079998,111.74999,0.762976741135128,0.6381231416054319,0.20979591836734693,0.031573535250242084,0.2179591836734694,0.02552145656208167
4118808,Peabiru,PR,2352029,2.43,49,77.02417767959184,96.28368,0.7999712376823995,0.5828162795331314,0.023809523809523805,0.8092796797798605,0.10463633443367981,0.2890176144192539
4118907,Pérola,PR,2353016,4.96,49,78.34565938979591,98.487755,0.795486297068804,0.4672861721720801,0.18367346938775506,0.06261937462812057,0.084291256482575,0.3934048998242895
4119004,Pérola d'Oeste,PR,2553005,2.07,46,91.93066974349045,111.95217,0.821160220966613,0.5506527615331342,0.16714975845410632,0.10142372495183853,0.04927536231884058,0.6291839666274123
4119202,Pinhalão,PR,2350043,6.13,50,63.0220825936,85.36399,0.7382747926264973,0.6470966715760148,0.07428571428571429,0.44653638988134203,-0.11124767638098013,0.25518468547229434
4119400,Piraí do Sul,PR,2449011,6.07,51,65.08787551607843,83.81568,0.7765596411581649,0.430548373502595,0.11058823529411767,0.25211316243119264,0.09893999796062457,0.30607155371766936
4119608,Pitanga,PR,2451036,6.0,49,83.19702474775511,96.908165,0.8585140866780311,0.6148911038559659,0.15646258503401358,0.11272802555978148,0.12165037255297735,0.21769432449322934
4119707,Planaltina do Paraná,PR,2352060,2.98,51,75.06136256509804,88.3902,0.8492046004250605,0.5542920170869088,0.1670588235294118,0.08362474264842938,0.13747071168833946,0.1551407228801724
4119905,Ponta Grossa,PR,2550003,6.99,59,65.74062354745762,86.55424,0.7595309663428716,0.7033819824116266,0.07071887784921098,0.42878181179586294,0.05970155645277676,0.5047088863876252
4120002,Porecatu,PR,2251023,2.73,45,67.36239156488888,85.611115,0.7868416613517172,0.5543367825879703,0.009095503940376545,0.9298408381292232,0.03238873032823745,0.7542015349255882
4120150,Porto Barreiro,PR,2552037,7.76,41,89.92442382439025,111.83172,0.8041048199465642,0.6510829827333722,0.05121951219512195,0.6371113820272656,0.04151407245955559,0.702510258952358
4120200,Porto Rico,PR,2253002,8.14,51,68.95057372666666,93.41569,0.7381048678961584,0.5277007269951468,-0.0015692429610888279,0.9870389688286918,0.20730285286988004,0.03199477028789195
4120358,Pranchita,PR,2553037,8.68,40,94.2187953055,118.615005,0.794324418852132,0.7327128145611683,0.09230769230769231,0.40153974523166347,0.006414369504301857,0.9535422239749798
4120408,Presidente Castelo Branco,PR,2352062,9.61,52,73.11793207384615,90.700005,0.8061513603481597,0.5261936847660947,0.23529411764705882,0.01381585758630089,0.007558598419917978,0.9370918737354029
4120606,Prudentópolis,PR,2551043,3.12,48,78.88720296833334,91.60624,0.8611553487503835,0.614489472909303,0.14893617021276595,0.13538725477810976,0.056787954919526325,0.569437901504927
4120655,Quarto Centenário,PR,2453043,8.36,46,78.0343687721739,95.42174,0.8177839837847839,0.4737872231939012,0.1632850241545894,0.1095724848709253,0.196515373161109,0.054558021233370835
4121000,Querência do Norte,PR,2353010,5.78,50,70.9724388748,84.41,0.8408060158236751,0.4814938817351091,0.02530612244897959,0.7953956085344034,0.16986526528400878,0.08186757145412892
4121109,Quinta do Sol,PR,2352002,4.58,40,75.56671508100001,86.5875,0.8727208170848416,0.7978323831476064,-0.06410256410256411,0.5601951093846055,-0.03725119310373009,0.7354017548044214
4121257,Ramilândia,PR,2554023,5.72,49,93.02896078040814,113.86735,0.8169941835422787,0.8132829913647127,0.04508720101613846,0.6477657399031633,0.1649659863945578,0.09447540898884033
4121356,Rancho Alegre d'Oeste,PR,2452033,6.82,49,79.99463874122449,105.86939,0.7555974104654228,0.31444058451297574,0.046788604828068216,0.6354224874169594,0.019582817162618435,0.842827314667046
4121406,Realeza,PR,2553047,7.77,48,84.41186010458333,101.36042,0.832789168745531,0.37772940921420467,0.15343682218247004,0.12412400910232889,0.30700988128368917,0.0021014645402335596
4121505,Rebouças,PR,2550038,7.46,50,78.0261466932,92.18999,0.846362485533702,0.8195307624958864,0.0947325517930049,0.33186835013596294,0.14309095175803563,0.14316958763462725
4121752,Reserva do Iguaçu,PR,2552022,9.22,47,84.70332486297872,102.7149,0.8246449853766645,0.7776738290320077,-0.0971322849213691,0.33559890824863325,-0.05738084834634799,0.5696330398304947
4121802,Ribeirão Claro,PR,2349036,6.77,46,64.30119804739131,88.4326,0.7271209559029721,0.3629726016886772,-0.1922705314009662,0.059543037453730054,0.2825353725685066,0.005691020331078068
4121901,Ribeirão do Pinhal,PR,2350033,4.58,50,71.1060640784,84.262,0.8438686857991007,0.808124095908366,0.007346938775510204,0.9399889743479377,0.07513271349100388,0.4415408603837244
4122107,Rio Bom,PR,2351026,4.68,51,78.07259493568627,97.807846,0.7982242537100821,0.7614081939167696,0.10745098039215688,0.2658188554259163,0.07852380790525759,0.41660840237726793
4122172,Rio Branco do Ivaí,PR,2451047,3.53,49,77.75596744530611,97.58162,0.7968300591116714,0.5863280673209721,0.17609529453472944,0.07436319627844284,0.13617026208068328,0.16780961856317722
4122404,Rolândia,PR,2351053,8.91,46,66.96994038391304,93.38479,0.7171397124753199,0.7427380070723998,0.1121314775727358,0.2720495727982182,0.12077294685990339,0.2366035303976659
4122503,Roncador,PR,2452015,3.53,60,78.76921086066666,95.798325,0.8222399629839913,0.636544102540858,0.288135593220339,0.0011429669993615686,0.20853349236004698,0.018597442014115922
4122800,Salgado Filho,PR,2653020,5.66,39,99.58327219128203,112.48718,0.8852855043065697,0.8235201579207497,0.155195681511471,0.16418287375186913,0.05671844642045994,0.6113791307435119
4123006,Salto do Lontra,PR,2553007,2.38,46,84.66875653391303,105.82609,0.8000745201182199,0.7344597449038364,0.1884057971014493,0.06485016657741476,0.31961352770431956,0.0017768989945419805
4123105,Santa Amélia,PR,2350029,2.37,48,70.783399725,85.38333,0.829007238863395,0.667913358161833,0.1400709219858156,0.16022644561987787,-0.08518193237928949,0.3934822672531384
4123402,Santa Fé,PR,2351065,4.69,45,67.11137699377778,90.195564,0.7440651603760209,0.4886611678614405,0.10707070707070705,0.2997703948150152,0.12026277432275656,0.2443625182042417
4123709,Santa Isabel do Ivaí,PR,2353038,4.35,50,71.0779107724,88.732,0.8010403119890236,0.5220193465008086,-0.04979591836734694,0.609871897204012,-0.036734693877551024,0.7066057206329563
4123808,Santa Izabel do Oeste,PR,2553010,5.93,45,85.609548664,105.922226,0.8082302641815239,0.4988507551385285,0.11919191919191918,0.24837156876781552,-0.08194243121674491,0.42806514145062546
4123824,Santa Lúcia,PR,2553028,2.91,50,95.5347563612,108.052,0.884155356997872,0.8437051432319049,0.0024489795918367346,0.9799795286964974,0.01798121498456244,0.8539772204158389
4123857,Santa Maria do Oeste,PR,2451010,5.35,58,77.96622206172412,96.634476,0.8068158024399908,0.7806510245641777,0.2510586811857229,0.005372380641658528,0.0950363370242295,0.2922487966385847
4123956,Santa Mônica,PR,2353041,5.39,50,70.3633661328,86.14801,0.8167729692817772,0.4832115802617665,-0.03183673469387755,0.7442507590409662,0.013077247261499956,0.8935197860929155
4124004,Santana do Itararé,PR,2349061,1.07,50,63.9839643264,80.77,0.7921749038712214,0.41851492197231216,0.12163265306122449,0.21263086217108007,0.13567644033806206,0.16492029771233274
4124053,Santa Terezinha de Itaipu,PR,2554012,3.98,50,87.76595457040001,112.10799,0.7828697789464857,0.7516620567604528,0.06533279434000337,0.503360230476191,0.042466316321002194,0.6635712666131403
4124103,Santo Antônio da Platina,PR,2350012,1.98,42,69.09346565142857,86.61904,0.7976706333906803,0.48683039484141394,-0.16840882694541232,0.1160847860357653,0.024504350929574557,0.819878622674543
4124400,Santo Antônio do Sudoeste,PR,2653014,4.85,48,92.0142541125,104.65209,0.8792395103778906,0.6999473459301451,0.1471631205673759,0.1401010857616015,0.2689749388521103,0.0070728333818696875
4124509,Santo Inácio,PR,2251041,2.79,51,65.92870476509805,82.46666,0.799458898033867,0.41562394255409374,0.1058823529411765,0.27286067931982805,0.1530612716414066,0.11320836065852544
4124608,São Carlos do Ivaí,PR,2352036,5.04,33,67.60574876969697,89.200005,0.7579119428279308,0.5558022410288188,0.07196969696969698,0.5692805907082014,0.017061619038935726,0.8890815606582497
4124707,São Jerônimo da Serra,PR,2350010,4.29,35,67.81685546228572,81.8,0.8290568818117958,0.6270927199513167,0.5966386554621849,4.618766313596566e-07,0.37678734940890596,0.0014654405841741912
4124806,São João,PR,2552029,8.48,49,93.35701896530611,112.83675,0.827363621304218,0.7509064296665319,-0.028911564625850338,0.7694652766786794,0.1378723903566918,0.16255882586516257
4125209,São Jorge d'Oeste,PR,2553052,5.24,44,94.7758218859091,114.63608,0.8267538774696136,0.4653511462484203,0.01163405768173752,0.9114081307916501,0.12684989429175475,0.2248579205920529
4125308,São Jorge do Ivaí,PR,2352016,2.57,47,69.7649790825532,116.48724,0.5989066003721989,0.10951720991178844,0.18408880666049957,0.06801306708832311,0.1184636869085894,0.24044814143396864
4125357,São Jorge do Patrocínio,PR,2353019,6.45,49,78.03035357346937,100.52041,0.7762637919668522,0.6790943117577897,0.18290090978244847,0.0638345721107445,0.26286688894314686,0.007730296159258669
4125407,São José da Boa Vista,PR,2349064,5.38,50,68.55455055559999,78.03999,0.8784540806435676,0.6023352114893409,0.2620408163265306,0.007250391178421061,0.07519417175362475,0.4415089027268184
4125555,São Manoel do Paraná,PR,2352000,7.73,64,68.12557313874998,86.40938,0.7884048545974243,0.6366302805296921,0.3005952380952381,0.0004465334959432862,0.23876899148218175,0.005321939878938471
4125605,São Mateus do Sul,PR,2550001,6.39,56,67.18453417142857,82.86072,0.81081284324773,0.8495822996056882,0.4038961038961039,1.1026051926393258e-05,0.21832363283324402,0.017557968406536215
4125704,São Miguel do Iguaçu,PR,2554006,4.9,62,83.48201374032257,100.84033,0.8278633366107109,0.5500543007514261,0.3178212585933369,0.0002617067167285537,0.07938610598896335,0.3622096570291794
4125803,São Pedro do Ivaí,PR,2351023,2.48,51,76.71259233450982,93.017654,0.8247100275072667,0.696339946356658,0.17647058823529413,0.06762500169727892,0.12166408771496422,0.20802101908990045
4125902,São Pedro do Paraná,PR,2253008,2.54,50,67.27899979399999,89.28999,0.7534886868946462,0.5233110164216601,-0.061224489795918366,0.5304204421450839,0.16258175360631222,0.09596799579238147
4126009,São Sebastião da Amoreira,PR,2350006,8.83,51,70.21188492039215,81.71961,0.8591803497051755,0.6201505843967924,0.1607843137254902,0.09590212691867268,0.07462695777367,0.44028509137379745
4126108,São Tomé,PR,2352045,6.53,48,75.46460212458334,97.88333,0.77096479168856,0.28964370030201986,0.09574468085106384,0.3371013389398836,0.296362139736278,0.0029892618077375153
4126207,Sapopema,PR,2350061,4.68,48,66.10834870833332,89.29791,0.7403123632485495,0.5253892175595718,0.007092198581560284,0.9433147277253919,0.0026631182064565375,0.9787251096438788
4126256,Sarandi,PR,2351044,4.31,49,73.90909635020408,88.893875,0.831430694732467,0.407122383262794,0.013605442176870748,0.8903057229941816,0.08932370012631205,0.3654037451079335
4126900,Tapira,PR,2353034,6.06,49,72.77147296489795,89.88163,0.8096367746152462,0.6005048516806685,0.19387755102040813,0.04937692182703167,0.2197618180422172,0.026128048929166484
4127205,Terra Boa,PR,2352035,2.73,47,76.98242313914893,100.357445,0.7670823357530338,0.44734258068602817,0.17668825161887144,0.0798500794256258,0.19638740589630901,0.0518429030164429
4127304,Terra Rica,PR,2252022,6.66,50,69.7119947652,98.34599,0.7088442813875913,0.7087169314895826,0.03346938775510204,0.7316291780432238,0.23918367346938776,0.014249821906455256
4127403,Terra Roxa,PR,2454006,5.91,56,81.68704271035715,103.557144,0.7888112729351872,0.8311964664711667,0.17792207792207795,0.052805933364019765,0.26454351214992083,0.004018545668378589
4127809,Tomazina,PR,2349033,4.78,63,62.77548448380952,84.31112,0.7445694609337276,0.6582246893918979,0.11418330773169481,0.1859574604699482,-0.07382728443100513,0.3930207614313902
4128005,Ubiratã,PR,2452009,4.49,60,78.63954543099997,94.310005,0.8338409617754515,0.6462437938590804,0.25310734463276835,0.004272459657214494,0.19796392756853287,0.025584810775044715
4128104,Umuarama,PR,2353022,7.49,50,76.4172882552,91.684006,0.8334854879067211,0.7222159242561471,0.0873469387755102,0.37076582276408765,0.06938775510204082,0.47707623559017676
4128401,Uraí,PR,2350023,4.53,51,69.34762824313725,82.78823,0.8376508048620608,0.6238993699850948,0.18745098039215688,0.0522329978788468,0.14593959538126097,0.13084423131716813
4128534,Ventania,PR,2450034,7.56,50,63.81476982399999,86.124,0.7409638360616831,0.7169766948904974,0.017142857142857144,0.8605594803035901,0.01225490605072705,0.9001422538541577
4128559,Vera Cruz do Oeste,PR,2454011,7.23,49,93.77112060408163,112.05918,0.836799980052738,0.7644966894471514,0.14795918367346936,0.13365290217580048,0.020408163265306117,0.8361066583228702
4128658,Virmond,PR,2552040,4.82,48,88.51712139666665,118.4,0.7476108129721544,0.7734500945419506,0.08687943262411349,0.38373888935842804,0.08510638297872342,0.39351964186709343
4128708,Vitorino,PR,2652012,3.63,47,89.4145841187234,110.28512,0.8107583838754483,0.4508448800479659,0.18223866790009255,0.07082789497935076,0.013888894842634525,0.890581553875172
4200101,Abelardo Luz,SC,2652000,7.49,61,79.19007708229506,91.82183,0.862431912279381,0.6752159472727569,0.163432637970201,0.06278831600843142,0.024650855504982,0.7794105992867396
4200200,Agrolândia,SC,2749041,4.9,41,69.84882217707316,84.370575,0.82788131072352,0.7265012982911098,0.242831039706547,0.02539787728160084,0.05247102868030916,0.6290930329438693
4200309,Agronômica,SC,2749013,6.31,63,64.26435076317462,77.93839,0.824553196275246,0.6536327540207278,0.31694828469022013,0.00024127789157793434,0.17627471258969832,0.04131025388683007
4200705,Alfredo Wagner,SC,2749037,4.23,43,68.47129150465118,81.17587,0.8434931358365974,0.5688621116327546,-0.05983380419637798,0.5719624529549827,0.10520487264673312,0.3201182320001086
4201000,Anita Garibaldi,SC,2751001,6.49,52,74.95582003307692,93.834015,0.7988128837808645,0.7527226057734744,0.3357223928026992,0.0004453536783059314,0.163018914352136,0.08827303959935309
4201109,Anitápolis,SC,2749027,3.43,50,74.4517754968,94.2045,0.7903208110806375,0.7455437528010769,-0.10204081632653061,0.2957424139944974,0.013066558868000674,0.8935271929965757
4201257,Apiúna,SC,2749016,9.52,58,67.37972659275863,78.25819,0.8609926928249427,0.7151294777768126,0.23963692473636788,0.007897467295428996,0.12648390301678716,0.16274467045357832
4201505,Armazém,SC,2848000,2.66,57,68.90515739649122,80.7631,0.853176236148556,0.5343495863321954,0.045753684477961985,0.6152927308750936,0.21428571428571433,0.01855880888566024
4201604,Arroio Trinta,SC,2651052,7.43,30,74.80600359733334,90.87625,0.8231633962943586,0.4223358352154244,0.10344827586206898,0.43575827915457105,0.029885057471264367,0.831954647948868
4202438,Bocaina do Sul,SC,2749035,5.49,44,70.15353973045457,86.7146,0.8090164752703308,0.7905644255886852,0.1416490486257928,0.17531844467162083,-0.08778425341674675,0.4011738054444963
4202503,Bom Jardim da Serra,SC,2849009,3.84,48,68.524268585,80.48633,0.8513777455293746,0.7011679161844508,0.13215078904732971,0.18538008490937596,0.15179773776802263,0.1285021718034059
4202701,Botuverá,SC,2749045,4.34,38,63.69095310210526,82.89194,0.7683612569641464,0.39887941454208364,0.07539118065433856,0.5052123660867247,0.131147840802373,0.24729257252031145
4202800,Braço do Norte,SC,2849030,2.01,33,66.33396010545455,78.25398,0.847675197466189,0.5634586938337494,0.007575757575757577,0.9632278573873886,-0.20454545454545456,0.09755203714659577
4202859,Braço do Trombudo,SC,2749041,8.58,41,68.90926211365854,84.370575,0.8167452000124295,0.6504608598154049,0.18536585365853658,0.0877747415695076,0.05247102868030916,0.6290930329438693
4202875,Brunópolis,SC,2750009,9.17,61,70.90134305311474,82.548775,0.8589024282221228,0.6667100955810265,0.15628415300546447,0.07511629264150414,0.17049180327868851,0.05219167445441237
4202909,Brusque,SC,2748000,2.81,54,67.72220454888888,92.28384,0.7338468708780279,0.619332419734055,-0.06638714185883997,0.4784869748380409,-0.09160841400763489,0.32838747911815236
4203402,Campo Belo do Sul,SC,2750001,6.03,35,75.61875455428573,88.75982,0.8519480478895337,0.7413431251326731,0.253781512605042,0.03199955020271605,0.048821618006173684,0.6803946782771013
4203501,Campo Erê,SC,2653001,5.12,45,82.7437099648889,111.947784,0.7391277137886515,0.2980386039893599,-0.11313131313131311,0.27324518730467084,-0.09100105764066045,0.3785922738344968
4203956,Capivari de Baixo,SC,2849027,5.01,36,74.15035201166666,103.311806,0.7177335783770279,0.7943209745830951,0.14603174603174604,0.2101612160619447,0.03492063492063492,0.764436763609262
4204194,Chapadão do Lageado,SC,2749017,8.99,51,65.13365324941176,79.13027,0.8231192902023406,0.6967009795222466,0.1827450980392157,0.0584276963154294,0.0816647602214679,0.39821573638395025
4204301,Concórdia,SC,2752005,8.48,52,71.84192177423077,95.98221,0.7484920703808549,0.6551228755059455,0.18552036199095023,0.052233444236609576,0.015855049805149804,0.8683709445983587
4204400,Coronel Freitas,SC,2652034,7.19,38,74.54967238421052,94.93092,0.7853044051985819,0.5471560158421968,0.23186344238975817,0.0404405605132522,0.09395020173255497,0.40664548394407174
4204509,Corupá,SC,2649064,3.39,40,71.25016093849999,98.503746,0.7233243791036794,0.7514160830067068,-0.05003208213355448,0.6495257022519181,-0.2025641025641026,0.06564157020330871
4204608,Criciúma,SC,2849022,6.79,43,72.97150884093023,89.085754,0.819115349439189,0.3549135201483754,-0.06976744186046512,0.5096893440154853,0.2083102812762789,0.04911329556755293
4205100,Dona Emma,SC,2649053,7.38,41,69.98749521317072,80.23658,0.8722641880391888,0.6976246805706053,-0.2292682926829268,0.03472039769151691,-0.19536034098614394,0.07228215796741856
4205159,Doutor Pedrinho,SC,2649017,7.15,62,65.96605010096773,80.67661,0.8176601342986836,0.640915195979155,0.03754627181385511,0.6662794719715106,0.3145356211166626,0.00030816554086446075
4205456,Forquilhinha,SC,2849006,3.98,43,76.05447949116278,97.90988,0.7767804255779511,0.3020320799782373,-0.0741971207087486,0.483188708909546,0.0011074197120708746,0.9916499549755259
4205704,Garopaba,SC,2748017,9.46,39,82.7870696948718,130.20255,0.6358329600186663,0.7414736445422407,0.04723346828609987,0.6720103466663802,-0.08102635202922848,0.46792125040799337
4205803,Garuva,SC,2648027,2.95,48,96.85610774499999,131.19609,0.7382545259505793,0.6033302768782007,0.026595744680851068,0.7897454223784366,-0.07538803402028876,0.44994107147238704
4206009,Governador Celso Ramos,SC,2748019,6.48,40,75.70215994949999,93.03164,0.813724886313598,0.6433865758879562,0.15384615384615388,0.16207578973970704,0.2424631672626102,0.027651536587745836
4206603,Guarujá do Sul,SC,2653005,8.01,44,82.99497423272727,116.048004,0.7151779545055442,0.44520996975144,0.12896405919661733,0.21722526270238085,0.2582012027665939,0.013582003509395561
4206900,Ibirama,SC,2749022,4.09,30,62.21300693466665,74.16374,0.8388601384188556,0.6763460103436542,0.23218390804597702,0.07421744084366233,0.15898659715328464,0.21816463683017395
4207007,Içara,SC,2849022,3.99,43,74.11057595209301,89.085754,0.8319015363992077,0.4879609991149964,-0.02547065337763012,0.8097840178848456,0.2083102812762789,0.04911329556755293
4207106,Ilhota,SC,2648001,7.2,37,73.5897758291892,83.80574,0.8780994656952466,0.6387165078944247,-0.0676183511655429,0.5561296354857465,0.18646637624114606,0.10479076818132685
4207304,Imbituba,SC,2848007,9.15,44,77.58518483888967,92.17628,0.8417044735238597,0.6015601101349625,0.008456659619450317,0.9355102678363284,-0.09201481984646948,0.3788669849806128
4207502,Indaial,SC,2649001,8.63,39,72.18864408717948,82.65144,0.873410566669478,0.7487732578694063,0.0931174089068826,0.40389553717945137,0.18095885286527696,0.104996293620504
4207650,Iporã do Oeste,SC,2753013,3.59,42,88.96116540999999,109.7247,0.8107669891813201,0.48482957119444814,-0.003484320557491289,0.9740636125002075,0.12674427173087788,0.23743821915137875
4207809,Irani,SC,2751011,2.92,42,75.25024380095238,92.313095,0.8151632628645684,0.6101276136994169,0.22415795586527296,0.03647286744067188,0.08013937282229966,0.4545929496230867
4208104,Itaiópolis,SC,2649054,8.06,38,71.35577197631578,95.08487,0.7504429720313451,0.718344855992646,-0.08108108108108109,0.473621825810155,-0.03840682788051209,0.7342772134186908
4208500,Ituporanga,SC,2749017,5.57,51,67.34525633098039,79.13027,0.8510681778801021,0.7191036158483181,0.036862745098039225,0.7026513175971587,0.0816647602214679,0.39821573638395025
4208807,Jaguaruna,SC,2849020,5.78,47,77.07996209529203,91.51968,0.8422228452785591,0.8677360571660107,0.01017576318223867,0.9196496985789366,-0.055529853238401275,0.5821476772299685
4208906,Jaraguá do Sul,SC,2649012,7.34,45,72.39443260533334,97.354164,0.7436192715236116,0.6770743861572724,0.2435573832923053,0.018390930834648638,0.07287464323853425,0.4811451933855748
4209706,Lebon Régis,SC,2650019,6.46,45,65.54120074044444,82.147224,0.7978504593210003,0.24543469849639685,0.10207176644200346,0.3231224940016353,-0.030364434682722607,0.7691131422005486
4209805,Leoberto Leal,SC,2749034,4.95,45,63.37194655022222,82.486946,0.7682663687029824,0.5511541326168878,-0.008080808080808079,0.9376223821739398,-0.14451745149709402,0.16183137746305587
4210001,Luiz Alves,SC,2648002,4.05,54,73.30467196851852,98.32559,0.7455299322066644,0.601199335912142,0.009084556254367574,0.9227381295166909,-0.04194337900391324,0.6544155109240433
4210050,Macieira,SC,2651036,9.48,45,69.33876890533332,83.58916,0.8295186996401351,0.5492731577397485,0.1111111111111111,0.2819025817283859,0.017180396331822365,0.867915047966955
4210704,Matos Costa,SC,2651011,2.49,33,63.77144744181817,57.639206,1.1063901108625585,0.5571776434854571,0.03787878787878788,0.7702447556690514,0.19981196618843328,0.10352040800108496
4210803,Meleiro,SC,2849024,1.77,41,75.69385715268292,96.90396,0.7811224250244978,0.47622370106351547,-0.03170731707317073,0.7702633874673442,-0.06845986232735528,0.5292526286972604
4210902,Modelo,SC,2653003,0.46,47,79.93640183148936,112.908775,0.7079733315514984,0.43252631271268804,0.24062936403307222,0.01710615242154969,0.2795002612999531,0.00561263095139388
4211108,Monte Castelo,SC,2650015,5.52,40,69.6594991495,84.11953,0.828101385943974,0.5463640392191298,0.13076923076923078,0.23467368067816763,0.12957026398689753,0.2392616218161716
4211306,Navegantes,SC,2648019,8.66,30,74.130553142,101.620834,0.7294818391891363,0.6137350879260197,-0.08045977011494253,0.5473088481323835,-0.01841197996982502,0.8864868615857423
4211892,Painel,SC,2750007,6.87,61,67.34340005934426,82.39991,0.8172751654861342,0.6084558558776022,0.11912568306010929,0.1749098013313366,0.11326959983012685,0.19765266306413765
4212007,Palma Sola,SC,2653013,5.27,42,92.25634475047619,113.3637,0.8138085122940499,0.49115048410225076,0.13124274099883856,0.22071654606499114,0.2220931733999787,0.03843506851587862
4212056,Palmeira,SC,2750003,7.77,31,65.28901957548388,74.61895,0.8749656712083255,0.6585697680944727,0.10967741935483873,0.3985669255500403,-0.07956989247311828,0.5437185145600891
4212106,Palmitos,SC,2753006,3.86,61,83.39742600295084,102.77448,0.8114604305471265,0.4683923419849186,0.03552883434134804,0.6858470711169775,-0.014223203261212356,0.8714568047920905
4212254,Passo de Torres,SC,83948,9.25,31,69.94527957096773,92.30967,0.7577242985908159,0.7421140297229375,0.09472556618144076,0.454490083191722,0.11397849462365593,0.379888807439013
4212304,Paulo Lopes,SC,2748017,8.93,39,82.66980827025641,130.20255,0.63493235224279,0.768553106040224,0.006747638326585695,0.951769869819974,-0.08102635202922848,0.46792125040799337
4212403,Pedras Grandes,SC,2849028,5.45,35,79.60906877542857,91.51108,0.8699391441883535,0.7048213892278486,0.055462184873949584,0.6393217922234354,-0.020185036575477107,0.8646685425149012
4212502,Penha,SC,2648019,7.6,30,75.364491944,101.620834,0.7416244161506971,0.5949348369790199,-0.15402298850574714,0.24128392444832675,-0.01841197996982502,0.8864868615857423
4212809,Balneário Piçarras,SC,2648019,3.4,30,76.598430746,101.620834,0.7537669931122578,0.6153746537672956,-0.12183908045977011,0.3566550991594864,-0.01841197996982502,0.8864868615857423
4213203,Pomerode,SC,2649002,0.99,64,74.94845818125,92.33145,0.8117326981415739,0.6835090257568532,-0.03571428571428571,0.6765754256032608,-0.01637310891364405,0.8483745906613822
4213351,Ponte Alta do Norte,SC,2750010,5.42,61,65.73603877836065,77.18073,0.8517156608351436,0.614885066872812,0.160655737704918,0.06731921255475706,0.21869877517027794,0.012800849017084257
4213708,Pouso Redondo,SC,2749006,4.82,63,65.90417456793651,79.16131,0.8325301336315688,0.5999615977834363,0.2677931387608806,0.0019224402174109845,0.02359583182055976,0.7849555159299868
4213807,Praia Grande,SC,2949001,2.95,46,75.9058534473913,114.86331,0.6608363652354384,0.6860628615901009,0.17294685990338166,0.09011352424310304,-0.06379894413621175,0.5320196066143322
4214102,Presidente Nereu,SC,2749046,7.55,36,68.22060962055556,81.27717,0.8393576088998804,0.6914980110360651,0.04761904761904763,0.6828135424202553,0.14603174603174604,0.2101612160619447
4214805,Rio do Sul,SC,2749039,1.08,45,68.267112168,77.44279,0.8815167256026128,0.5831133783243433,0.1414141414141414,0.1708352985337832,0.11919191919191918,0.24837156876781552
4215109,Rodeio,SC,2649001,8.14,39,72.66297183179488,82.65144,0.8791494591150997,0.7744289205978011,0.12820512820512822,0.2504723290962606,0.18095885286527696,0.104996293620504
4215208,Romelândia,SC,2653004,4.88,50,77.2057181564,102.983,0.7496938026197042,0.6884163980501946,0.09714285714285714,0.31953297149932736,0.0645425052004958,0.5086956822058802
4215406,Salto Veloso,SC,2651052,2.18,30,77.08619249466666,90.87625,0.8482545380030503,0.44927087622556794,0.12643678160919541,0.33836326458934324,0.029885057471264367,0.831954647948868
4215703,Santo Amaro da Imperatriz,SC,2748005,4.18,49,81.00642007183673,108.90076,0.7438554370551851,0.6307179590333983,0.2636054421768707,0.007536716898565068,0.0622072140233337,0.5290999754562717
4215752,São Bernardino,SC,2653001,9.72,45,75.23494095866667,111.947784,0.6720538628422635,0.25746371364163884,0.10707070707070705,0.2997703948150152,-0.09100105764066045,0.3785922738344968
4215901,São Bonifácio,SC,2748018,6.29,47,80.6199997493617,98.23098,0.8207186756711992,0.7353466743395577,-0.09343200740055506,0.35433384416965663,0.014807960863573675,0.8833424346692954
4216701,São José do Cedro,SC,2653005,8.16,44,82.99497423272727,116.048004,0.7151779545055442,0.44520996975144,0.12896405919661733,0.21722526270238085,0.2582012027665939,0.013582003509395561
4217006,São Ludgero,SC,2849002,3.23,60,73.96872885466668,84.751045,0.8727765971086501,0.7828158060048892,-0.00903954802259887,0.9187194892938284,0.04635387965049148,0.6009663375512219
4217550,Serra Alta,SC,2653003,9.43,47,79.93640183148936,112.908775,0.7079733315514984,0.43252631271268804,0.24062936403307222,0.01710615242154969,0.2795002612999531,0.00561263095139388
4217709,Sombrio,SC,2949003,5.5,44,81.79923902999998,98.282814,0.8322842588579258,0.5416196912143447,0.006342494714587738,0.9516096209503428,0.07932312055730127,0.44808680109057675
4218103,Timbé do Sul,SC,2849019,4.28,45,73.48760487733334,108.46027,0.6775531938236131,0.6560345143200655,0.0010106115489307273,0.9921945891147455,0.03941385040829837,0.7028109599110504
4218509,Treze Tílias,SC,2651052,7.57,30,77.08619249466666,90.87625,0.8482545380030503,0.44927087622556794,0.12643678160919541,0.33836326458934324,0.029885057471264367,0.831954647948868
4218608,Trombudo Central,SC,2749013,4.85,63,64.83526449460318,77.93839,0.8318783888035521,0.6459003240405847,0.310371328998783,0.00032526048835315936,0.17627471258969832,0.04131025388683007
4218707,Tubarão,SC,2849027,4.63,36,77.81085401333334,103.311806,0.7531651728204249,0.8080077949550178,0.0380952380952381,0.7437424174128879,0.03492063492063492,0.764436763609262
4218855,União do Oeste,SC,2652021,7.16,43,73.54335789813953,93.898834,0.7832190729776446,0.6661711475221953,0.3421926910299003,0.001221485776704564,0.10963455149501661,0.3001663937035294
4218905,Urubici,SC,2849021,3.81,44,65.26338538727272,73.74588,0.8849766966632192,0.7095106971012586,0.15856236786469344,0.12923150641517167,-0.19777898058953783,0.058562459024077626
4219176,Vargem Bonita,SC,2651001,8.89,61,72.28446848622951,97.6082,0.7405573346500548,0.6250170901922063,0.2880568568906218,0.0010397663220735997,0.0541131476891301,0.5378414004544456
4219200,Vidal Ramos,SC,2749033,1.83,46,67.91903221608696,81.50503,0.8333109511589692,0.43253994206342866,-0.07439613526570048,0.4659724913518163,0.22232965380801062,0.029422975788978244
4219408,Witmarsum,SC,2649053,4.09,41,69.85418152146342,80.23658,0.8706026803841801,0.7041040447114507,-0.2682926829268293,0.013472587734971984,-0.19536034098614394,0.07228215796741856
4300802,Antônio Prado,RS,2851003,4.51,56,74.31874867357142,94.07064,0.7900312810460475,0.8017375206095528,0.30519480519480524,0.0008945755676345126,0.14174264260130662,0.12334683272711203
4301800,Barracão,RS,2751015,5.19,44,80.77595062954545,94.50894,0.8546910929164085,0.810993134687751,0.04228329809725158,0.6857932523617154,0.08245243128964058,0.4301631731067491
4301909,Barra do Ribeiro,RS,3051023,9.7,41,64.76380922780487,89.86235,0.7207001474309955,0.5842869956616902,0.33414634146341465,0.002087090898686184,0.3492066095127323,0.0013147541682609362
4301925,Barra do Rio Azul,RS,2752017,4.96,44,80.96431559818183,104.636505,0.7737673912173351,0.8652248184751166,0.0,1.0,0.027484143763213526,0.7925730702106011
4302006,Barros Cassal,RS,2952001,3.18,32,81.65375167125,117.82187,0.6930271301585713,0.634831914818156,0.052419354838709686,0.6875540197466125,0.20967741935483875,0.09503932348633129
4302238,Boa Vista do Incra,RS,2853015,5.84,59,76.6977179942373,101.31027,0.7570576637096539,0.7924755891638346,0.2577440093512565,0.0039276617810938145,0.14975144694327192,0.0940881317571882
4302584,Bozano,RS,2853010,7.71,58,86.21900025620688,106.55291,0.8091660788683535,0.6729255713592442,0.3539019963702359,8.70286267834363e-05,0.178571461287565,0.04782221058442569
4302600,Braga,RS,2753030,4.77,37,80.18807933297298,95.411995,0.8404402338340488,-0.2286962841821106,0.2642642642642643,0.021341766150916455,0.09609609609609611,0.4025653652545813
4302709,Butiá,RS,3051031,7.57,38,74.35993572631578,88.0541,0.8444801059279465,0.7457289678351005,0.35135135135135137,0.0019011152442292513,0.2716927453769559,0.01633989233292463
4302907,Cacequi,RS,2954001,5.16,61,80.20161489803279,103.56834,0.7743835386237178,0.6354744070325026,0.257447399611922,0.00337818854688959,0.23838166493560298,0.006661759322559473
4303673,Campestre da Serra,RS,2851010,7.28,58,72.36989416172413,86.22112,0.8393522591735377,0.6665979116256527,0.16217852482158232,0.07221177075180973,0.06301128100785412,0.48535918110057186
4304200,Candelária,RS,2952034,4.1,35,85.80907418457143,107.67715,0.7969107340390578,0.7902959011308598,0.15630252100840336,0.1865903464088403,0.16148029260381686,0.1727328654631718
4304655,Capão do Cipó,RS,2954031,9.95,39,87.29371147333333,104.59103,0.8346195133205081,0.6399067452883644,0.08771929824561404,0.4316936766435925,-0.021607027207794262,0.8465171920330673
4304903,Casca,RS,2851005,2.57,52,73.00885782076922,93.72777,0.7789458708131033,0.632744445915884,0.1689291101055807,0.0771276147582647,0.16024228650226113,0.09428384129331426
4305009,Catuípe,RS,2854001,7.55,51,89.14972927921568,113.85318,0.7830236215865265,0.6981596344000711,0.1858823529411765,0.054233857953485766,0.12185568482218877,0.20795100353133966
4305108,Caxias do Sul,RS,2950033,5.87,60,74.09427428833332,87.57938,0.8460242295128151,0.7309535789491413,0.2768361581920904,0.001776934254769516,0.2485875706214689,0.005011582519915258
4305124,Cerrito,RS,3152005,7.05,44,71.964465245,92.6635,0.7766215053029651,0.5896414153897824,-0.10893708556536041,0.297494070226212,0.0708619876978558,0.4979681171613287
4305157,Cerro Grande,RS,2753014,9.6,45,88.50178585599998,106.702774,0.8294234769970533,0.6096476657246626,0.07676767676767676,0.4572054683185859,-0.00202224572534801,0.9843891782652382
4305173,Cerro Grande do Sul,RS,3051004,1.16,43,76.67583237627906,95.90378,0.7995079434240749,0.5679310063677474,0.1539313399778516,0.1457541464430843,0.06090808416389811,0.5648868466104321
4305306,Chapada,RS,2853026,6.42,44,84.8425739540909,104.41662,0.8125389932855648,0.640532237201438,0.3171247357293869,0.0024111158491298365,0.14391542449285563,0.16892059969648876
4305504,Ciríaco,RS,2851028,8.38,58,82.95378503551724,96.971664,0.8554435517243392,0.6051694521847389,0.08892921960072595,0.3240968349460317,0.178571461287565,0.04782221058442569
4305702,Condor,RS,2853023,7.07,44,90.847780245,117.6676,0.772071311768598,0.7489098679015163,0.07399577167019028,0.47894627535395917,0.1627906976744186,0.1193289540448321
4305850,Coqueiros do Sul,RS,2852007,6.62,54,85.13834319555556,108.34259,0.7858252505744696,0.7032435785299741,0.16002795248078266,0.08755621311088427,0.07005274996640957,0.4555469716863868
4306056,Cristal,RS,3152011,2.04,55,71.97623220327273,88.84852,0.8101005342852644,0.779203191041513,0.22289562289562292,0.016265289188622665,0.050539095032344286,0.5861014367753064
4306106,Cruz Alta,RS,2853028,6.49,39,78.52815588102564,107.79455,0.7284984010116178,0.6833718329701935,0.012145748987854251,0.9133041321021824,-0.009446693657219972,0.9325173009267298
4306304,David Canabarro,RS,2851028,4.56,58,74.89493079068964,96.971664,0.7723383034819302,0.6866350233614695,0.15063520871143374,0.09486229820897218,0.178571461287565,0.04782221058442569
4306700,Dona Francisca,RS,2953008,7.13,63,83.18657683650792,108.90467,0.7638476503358693,0.7430087851505702,0.25652841781874036,0.0029637214133133873,0.29661889138227693,0.0005942579604886638
4306809,Encantado,RS,2951010,6.65,60,72.04285961333333,86.74635,0.8305001535827672,0.6108697995097336,0.15254237288135591,0.08506216930623489,0.2524055703446686,0.004441955404417448
4306973,Erebango,RS,2752006,3.1,60,75.81414372966665,98.88541,0.7666868794654645,0.43737898197740155,0.11186440677966102,0.20665036989238916,0.15062326292523331,0.08971612787790846
4307104,Herval,RS,3253004,0.92,53,73.75455816113207,96.674644,0.7629152252414605,0.5042122840188172,0.039187227866473155,0.6787144962045291,0.07994194490897438,0.398738353697801
4307401,Esmeralda,RS,2851043,2.98,44,80.32509197636365,95.65412,0.8397452279276878,0.5784346262208285,0.06131078224101479,0.5574541017653609,-0.008456659619450317,0.9355102678363284
4307500,Espumoso,RS,2852009,8.11,55,83.0073342207273,93.54772,0.8873260894848373,0.7423399134155846,0.12053872053872056,0.1937869094838024,0.016857736166319054,0.8559691412892468
4307559,Estação,RS,2752006,8.39,60,80.60672907666667,98.88541,0.8151529324141773,0.46518438410053353,0.07796610169491525,0.3787758513402161,0.15062326292523331,0.08971612787790846
4307708,Esteio,RS,2951028,3.84,52,75.44401314884615,90.00504,0.8382198442356129,0.8526215703938943,0.30165912518853694,0.0015971292863481504,0.3301776496032964,0.0005906660645148231
4307906,Farroupilha,RS,2951017,8.3,58,79.00533714482759,89.06842,0.8870185053356893,0.6860238100623043,0.1131276467029643,0.2096990618260045,0.304335331963237,0.0007571836285830857
4308508,Frederico Westphalen,RS,2753002,4.35,59,83.85452347525423,95.9874,0.8735993136576561,0.6763322213093258,0.0613676212741087,0.4923057349473271,0.09409701928696668,0.2924063347153958
4308706,Gaurama,RS,2752021,2.58,34,76.49837947058823,100.25846,0.7630117070289552,0.5519408517468274,-0.016042780748663103,0.8938612370762378,0.1360801457817959,0.25959035505903316
4309001,Giruá,RS,2854003,6.68,62,81.29952338612902,93.135254,0.872918899947008,0.6179974863665528,0.43733474352194607,5.080020560161439e-07,0.3414506942905585,8.924225479812024e-05
4309050,Glorinha,RS,2950016,1.8,40,69.195827933,85.622345,0.8081515164841178,0.6771140538695611,0.33076923076923076,0.002647377996494505,0.13213601178861825,0.23008574182222563
4309506,Guarani das Missões,RS,2854006,5.07,58,81.94485957827587,111.74008,0.7333524216887519,0.5289393996403774,0.24016938898971565,0.007743120959797321,0.14830511191679127,0.10027321861847222
4310306,Ilópolis,RS,2852014,0.43,60,81.20195405433333,105.11563,0.7725012274755538,0.8314038622957447,-0.004519774011299435,0.9593068549389018,0.21141891450346115,0.017058606273354576
4310504,Iraí,RS,83881,6.76,31,84.50990844129034,101.51935,0.8324512517650834,0.5807865128296746,0.027956989247311832,0.8397559694413963,0.1530175967453516,0.22739580736490927
4310702,Itatiba do Sul,RS,2752017,4.29,44,78.46453923727272,104.636505,0.7498772932264266,0.8838992212759935,-0.07399577167019028,0.47894627535395917,0.027484143763213526,0.7925730702106011
4311601,Liberato Salzano,RS,2753014,5.57,45,87.87234202266669,106.702774,0.8235244379237953,0.611453668786595,0.03434343434343434,0.7394370950520455,-0.00202224572534801,0.9843891782652382
4311734,Mampituba,RS,2950056,6.77,35,74.62858218228571,86.61321,0.8616304597714819,0.47228206351012153,0.11932773109243698,0.3133096588729015,0.1092436974789916,0.3559586988465744
4311809,Marau,RS,2852016,6.96,52,81.79263647230768,93.28846,0.8767712176521958,0.7457535008327563,0.08144796380090498,0.39408298493602634,0.1895055952901238,0.047608638055494035
4312302,Miraguaí,RS,2753016,5.35,43,80.87295853395348,119.71148,0.6755656106096124,0.4993003087335758,0.25581395348837205,0.015627012792364225,0.16620501165660553,0.11643859851787641
4312609,Muçum,RS,2951070,5.96,30,78.032189354,104.31459,0.7480467402911789,0.8605102318235963,0.13563218390804596,0.303589884403213,0.19999999999999998,0.12567230893543144
4312658,Não-Me-Toque,RS,2852050,1.0,34,85.76574498294116,112.838425,0.7600757031496684,0.4462477307372207,0.19073083778966135,0.11269044747179838,0.2890277688806216,0.01631356634064303
4313037,Nova Esperança do Sul,RS,2954004,9.3,61,92.05493344459019,108.77664,0.8462748241039446,0.6651039393767206,0.19404209524890084,0.027162297182479162,0.04166689209843614,0.6361590426095374
4313300,Nova Prata,RS,2851024,2.03,59,79.31833804881354,94.098206,0.8429314626285581,0.8103785858131781,0.2156633547632963,0.015818747401192334,0.16559402796408415,0.06419355514844476
4313466,Novo Xingu,RS,2753004,8.08,59,83.59940959864406,104.33475,0.8012614373491977,0.7093497293522805,0.10461718293395675,0.2417723820415878,0.10954921699612404,0.221268093173959
4313607,Paim Filho,RS,2751006,4.32,60,77.14352910566667,92.60291,0.833057262319741,0.7001538629183294,0.0711864406779661,0.42161708523611907,0.11704838815848209,0.18673098138097077
4313953,Pantano Grande,RS,3052016,6.61,33,76.60502690121211,92.34868,0.8295194698156406,0.7825645670934211,0.1590909090909091,0.2000889806136233,0.3560606060606061,0.0032418877259062086
4314100,Passo Fundo,RS,83914,5.99,40,86.708214264,99.61,0.8704769976177393,0.7597608622688126,0.2435897435897436,0.02684965929224565,0.1885824634264746,0.08674596519031295
4314902,Porto Alegre,RS,83967,4.74,45,67.47454701155556,79.668884,0.8469372657041713,0.7500514394897335,0.2767676767676767,0.007354398404493263,0.1313131313131313,0.2034791729591292
4315008,Porto Lucena,RS,2755001,6.34,61,83.80875019377048,106.884224,0.7841077673202207,0.5943873310781509,0.12240437158469945,0.16333786896613467,-0.017495902013622236,0.8421524635065976
4315321,Quevedos,RS,2954019,4.66,44,77.99011545545454,109.25923,0.7138080172873644,0.686040807432447,0.07188160676532769,0.49159773393173223,0.24524312896405917,0.01895021600040195
4315800,Roca Sales,RS,2951010,3.6,60,69.761297384,86.74635,0.8041986187458673,0.6258222618607825,0.22937853107344636,0.009613251317669587,0.2524055703446686,0.004441955404417448
4316006,Rolante,RS,2950028,3.28,56,63.11125598321428,78.895424,0.7999355713188006,0.5803708438731293,0.1669373261153029,0.06930875291726404,0.01624960148341037,0.8597427737740322
4316600,Sananduva,RS,2751007,3.29,61,81.88901216688524,97.69703,0.8381934733299244,0.6445990278376771,0.1442622950819672,0.10041407855735608,0.0,1.0
4317400,Santiago,RS,2954020,8.78,44,95.80457240227271,115.591194,0.8288224125066318,0.6557124523405258,0.005288208037153418,0.959665062282642,0.057082452431289635,0.5849489730388788
4317558,Santo Antônio do Palma,RS,2851005,9.17,52,74.74308562423077,93.72777,0.7974486885105384,0.5895846037796001,0.2383107088989442,0.012646204137802536,0.16024228650226113,0.09428384129331426
4317756,Santo Antônio do Planalto,RS,2852006,9.02,58,85.46615386068967,106.047195,0.805925640093152,0.6913571042094449,0.24258923169993948,0.007147292842867069,0.13498791819365083,0.13466716051028438
4317806,Santo Augusto,RS,2753007,6.06,60,81.56485703533332,108.60229,0.7510417972659108,0.5916502411346763,0.16671376760491563,0.059900260418063116,0.15393344200392348,0.08273519021491206
4318903,São Luiz Gonzaga,RS,83907,6.99,36,82.95093050444444,110.46667,0.750913670390857,0.7030973225435726,-0.012698412698412698,0.9132285432239224,-0.030182694191242893,0.7957733549521318
4319208,São Nicolau,RS,2855002,7.38,63,92.47825776253968,113.72162,0.8131985708474063,0.7170574941841685,0.0332821300563236,0.6998515809949715,0.03585147364672411,0.6780075217953322
4319604,São Sepé,RS,3053020,5.68,37,85.74710456648648,108.52973,0.7900793928397478,0.6208085758751137,0.06906906906906907,0.547421430491585,0.030030030030030033,0.793647097181562
4319752,São Vendelino,RS,2951027,1.81,51,78.99649730666665,100.73027,0.7842379158137173,0.5945307575965326,0.016470588235294122,0.8645646933804403,0.13725490196078433,0.15520429973185193
4321436,Terra de Areia,RS,2950038,3.39,44,72.3023361290909,99.96335,0.723288458165377,0.60432857692442,0.053939721978964864,0.6059565492038779,0.2288140728560615,0.028879479486830152
4321808,Três de Maio,RS,2754007,6.08,59,80.63115033355933,99.21016,0.8127307818175301,0.546360470070481,0.08825248392752776,0.323415924768369,0.03863041888120849,0.6659941357403816
4321907,Três Passos,RS,2753009,1.23,56,69.84732682428572,104.0317,0.6714042617214881,0.43639949137593287,0.3480519480519481,0.00015174345846639747,0.15854454289080816,0.08460595566590429
4322103,Tucunduva,RS,2754009,4.96,45,81.48222822666666,111.03791,0.733823501253415,0.3829888510772401,0.2516422756837511,0.014854208486497088,0.09909004054205249,0.3376801237637477
4322301,Tuparendi,RS,2754009,9.75,45,83.43419077600001,111.03791,0.7514027455063177,0.419323884907806,0.21818181818181817,0.03460238829099268,0.09909004054205249,0.3376801237637477
4322376,Unistalda,RS,2955007,2.45,51,89.59565825803921,116.26691,0.7706032677012775,0.5776871821050771,0.15607843137254904,0.10602514239836372,-0.04784313725490197,0.6202790654903347
4322855,Vespasiano Corrêa,RS,2951039,7.99,42,63.426672740476185,95.29539,0.665579673463697,0.003311048944899545,0.1753774680603949,0.10174632263191631,0.05125240135436045,0.6333593511243327
4322905,Viadutos,RS,2752021,9.91,34,77.84040757941177,100.25846,0.7763973913438496,0.634347273709338,0.023172905525846707,0.8471800112091357,0.1360801457817959,0.25959035505903316
5000906,Antônio João,MS,2255002,3.32,38,58.70828776421051,107.08059,0.5482626510653912,0.34940625749698534,0.283072546230441,0.012356054739737776,-0.0042796179886760415,0.9699032505363075
5002209,Bonito,MS,2156000,9.49,44,56.6830255359091,90.95212,0.6232183134626426,0.46903228080360226,0.08879492600422832,0.3955486058703733,-0.14066633378828092,0.17853944710641434
5002407,Caarapó,MS,2254000,4.61,41,66.16444038829269,91.011894,0.7269867411389079,0.49991393637491,0.07804878048780488,0.47223701926578654,0.09279616196841839,0.39325183217125326
5003454,Deodápolis,MS,2254004,9.75,34,60.919341654705875,93.925735,0.6485905204522714,0.21897577906158017,-0.10160427807486631,0.3981145969399529,-0.10892874510336725,0.36573571987597486
5004007,Glória de Dourados,MS,2254003,5.0,46,60.98833314782609,99.32554,0.6140246907876251,0.47494694307342467,0.08506525884828234,0.40471237142313254,0.34992754208043414,0.0006088868209277563
5005806,Nioaque,MS,2155001,9.58,39,57.48466007230768,90.8742,0.6325740502755726,0.39707207915354537,-0.04993252361673414,0.6544532476097242,0.01486487843762347,0.8941260991728647
5006200,Nova Andradina,MS,2153003,6.54,32,53.63777887124999,87.24434,0.6147995330431042,0.4588182236115498,0.1532258064516129,0.22589142408167004,0.16129032258064518,0.20188963843015567
5006358,Paranhos,MS,2355002,7.69,32,69.17960544875001,109.2748,0.6330792044203554,0.7345325116767253,0.1532258064516129,0.22589142408167004,0.26841587833180086,0.031000061830315364
5006408,Pedro Gomes,MS,1754004,9.68,43,54.43504001581396,90.362785,0.6024055125280209,0.3684808125852419,0.07313020512890643,0.4897191532688968,-0.1329640093252844,0.20914525191703093
5007307,Rio Negro,MS,1954003,2.28,41,48.51243476195121,97.61372,0.49698375285600693,0.5638193529201204,0.10975609756097561,0.3120765332353912,0.275609756097561,0.011135488985984038
5007554,Santa Rita do Pardo,MS,2152005,4.51,47,51.598134308936174,81.59788,0.6323465252805425,0.36250232740466976,0.06938020351526365,0.4915888079967865,0.047178538390379283,0.6400040577687545
5007950,Tacuru,MS,2355003,3.09,35,70.77834782514287,97.46446,0.7261964635028642,0.573715114567553,0.34789915966386553,0.0032853394798949675,0.23885626614314576,0.043715685645873636
5100102,Acorizal,MT,1556005,6.06,36,53.09927059777778,86.85069,0.6113856886694187,0.30873271065149127,-0.14920634920634923,0.20041713178109366,0.09841269841269842,0.3983926125572388
5100409,Alto Garças,MT,1653004,7.92,45,48.652574174222224,80.191246,0.606706798824075,0.18287857293230722,0.028282828282828278,0.7841576649247053,-0.11622032812703365,0.2605803039860841
5101308,Arenápolis,MT,1456001,4.31,47,62.78494614297873,98.53578,0.6371791541874586,0.33889176623623285,0.19148936170212766,0.057658698536602715,0.049028677150786314,0.6269430367974564
5101852,Bom Jesus do Araguaia,MT,1251000,7.56,35,51.48538750857143,99.261604,0.5186838140179115,0.5413626483817503,0.1495798319327731,0.20625606734135327,0.055462184873949584,0.6393217922234354
5106257,Nova Xavantina,MT,1452000,5.0,53,57.44947965169811,92.88467,0.6185033746881412,0.25934978799280933,0.11611030478955009,0.21970517861722572,0.1801017177897025,0.057112841086177826
5106315,Novo Santo Antônio,MT,1250001,8.81,50,53.772828906799994,94.58894,0.5684895816322141,0.3844260422724275,0.059591836734693884,0.5414414999713666,0.08336745129206222,0.39347912006478436
5107206,Rio Branco,MT,1558000,4.98,36,47.20824853944444,89.73471,0.5260868194110976,0.11678646164277859,0.009523809523809525,0.9348651076368805,0.14626409581437244,0.21007660781764714
5107578,Rondolândia,MT,1061002,8.27,32,53.8819744675,103.52559,0.5204701078599127,0.355574212166477,-0.11907170542538535,0.3386194667078033,-0.008080824570620988,0.948267253862012
5107909,Sinop,MT,1156001,6.16,38,56.61648628631579,90.36728,0.6265153369647978,0.3433919188035474,0.055476529160739696,0.6239185944721397,-0.1982889668086566,0.08043986104487771
5107958,Tangará da Serra,MT,1458002,8.1,37,47.85167829513513,92.06272,0.51977258160687,0.38322404072695027,0.39039039039039036,0.0006726049503944046,0.3873873873873874,0.0007398986584029253
5201306,Anicuns,GO,1649000,8.0,49,51.59693569959184,81.171555,0.6356529202357615,0.13983947665132102,-0.2534013605442177,0.010207754748271397,0.212186250572741,0.03180992020067352
5201801,Aragoiânia,GO,1649001,5.66,51,54.63816539999999,80.82403,0.6760138877236774,0.28173787304699377,-0.1058823529411765,0.27286067931982805,0.0368916911135698,0.7026326341458025
5203559,Bonfinópolis,GO,1649004,9.56,49,55.93862672244897,79.0523,0.7076154277181335,0.4815859501308732,0.20238095238095236,0.040216249731459625,0.19591169825468974,0.04737793164430151
5203807,Britânia,GO,1551000,4.94,47,62.280611880851055,93.44161,0.6665190206527273,0.3055065847216308,0.19518963922294175,0.052994507733906474,0.14437761841984334,0.1525302930616214
5204003,Cabeceiras,GO,1546005,8.56,49,49.114427905714294,85.26148,0.5760447345751316,0.5154019904521836,-0.16156462585034012,0.1014699409909578,-0.04940381955987829,0.6170489105891174
5204201,Cachoeira de Goiás,GO,1650000,7.81,48,53.65423024416666,80.63854,0.6653670663779175,0.42591124821822474,-0.02749445946622296,0.7829012955446619,-0.22360257249563492,0.02509331668925709
5205000,Carmo do Rio Verde,GO,1549009,9.72,53,57.98106278339623,83.056015,0.6980958907451823,0.4098526144660989,0.022504538687589268,0.8120371626425541,-0.002179441904276863,0.9816389940764471
5205406,Ceres,GO,1549000,9.19,51,60.08383070117648,82.249016,0.7305112421206059,0.4158130128263662,-0.06980392156862746,0.4697555848553878,0.02196940145524359,0.8200898511292445
5205455,Cezarina,GO,1749001,7.31,52,51.791670727692306,91.52956,0.5658464089175315,0.3805422730597741,-0.030165912518853696,0.752273455610581,0.004528303176448222,0.9622347515907916
5205703,Córrego do Ouro,GO,1650001,7.99,47,56.6642683974468,101.17753,0.5600479602928609,0.48911910969322847,-0.1082331174838113,0.2832966676073182,0.026827012025901945,0.7902829924875094
5206305,Cristianópolis,GO,1748000,1.91,42,55.29131555952381,76.9494,0.718541200143121,0.28931033869447387,-0.06387921022067364,0.5511375407029835,0.27890765893707364,0.00929182667764172
5206503,Cromínia,GO,1749009,5.54,39,56.539878083589734,88.700966,0.63742122221331,0.4271369370152641,-0.24966261808367074,0.025226179981382213,0.16329284750337383,0.14327003755601345
5207501,Estrela do Norte,GO,1349000,6.69,50,60.05980546959999,95.5275,0.6287174664052981,0.573100276163615,0.018775510204081632,0.847435370947764,-0.03183673469387755,0.7442507590409662
5208400,Goianápolis,GO,1649004,4.93,49,57.64394071306123,79.0523,0.7291873997089392,0.4602942773952213,0.173469387755102,0.07867157440867804,0.19591169825468974,0.04737793164430151
5208608,Goianésia,GO,1549001,7.75,55,53.076437219272734,80.79535,0.6569244120688592,0.5700442866927526,0.02491582491582492,0.7882352163792096,-0.023584911015094003,0.7994203934412434
5210000,Inhumas,GO,1649006,4.89,62,51.57895761741935,72.24072,0.7139872875144464,0.45068133036485786,0.01639344262295082,0.8506442012050557,-0.10735060814383926,0.2175613624394397
5210307,Israelândia,GO,1650002,5.33,46,58.443638516956526,94.59088,0.6178570035958824,0.4537769043281532,-0.0821256038647343,0.42093919726419227,0.160775289693688,0.1159244485366642
5210406,Itaberaí,GO,1649007,6.44,47,53.41195524297872,89.12207,0.5993123258435719,0.4398348714961821,-0.18593894542090658,0.06529089161804412,-0.19166674882835644,0.05763768081084942
5211206,Itapuranga,GO,1549002,1.98,55,61.367367351636354,87.040344,0.7050450901668923,0.4735921364131505,0.0760942760942761,0.4120291315041149,-0.04662188768045055,0.6163303581866729
5211305,Itarumã,GO,1851002,9.0,48,53.14194879708333,83.21823,0.6385854160804969,0.3724115153891132,-0.13829787234042556,0.16558381540756062,-0.029268295560817992,0.769279923596385
5211800,Jaraguá,GO,1549003,8.23,60,53.487313184,84.40593,0.6336914178824103,0.4997901971962434,0.08361581920903954,0.34520370832704317,-0.12090395480225988,0.1722918377685264
5212105,Joviânia,GO,1749002,1.75,50,54.7174066564,88.50275,0.6182565939429195,0.34457546679723444,-0.08081632653061226,0.4076020235840996,-0.04163265306122449,0.6696650547517953
5212600,Mairipotaba,GO,1749009,8.19,39,55.90444793128205,88.700966,0.6302574879067673,0.31961993461787697,-0.35492577597840763,0.0014652591568232092,0.16329284750337383,0.14327003755601345
5212907,Marzagão,GO,1748004,0.69,47,51.809393678297866,78.89481,0.6566894749501865,0.5813064648048102,0.24884366327474564,0.013630669178977421,0.2601852967186868,0.009962904179703453
5213004,Maurilândia,GO,1850003,6.9,52,55.029300917692304,86.86937,0.6334718581485955,0.3030028935900665,-0.25188536953242835,0.008398385036235656,-0.027935087751930605,0.7702888422810961
5214606,Niquelândia,GO,1448001,6.65,55,58.55815432145453,83.27728,0.7031708097629468,0.32544673538040597,0.16363636363636366,0.07772049070003025,-0.05870457371993039,0.5275960871626104
5214705,Nova América,GO,1549004,5.39,48,58.78105026666666,85.11796,0.690583416241278,0.5074109910588982,0.06737588652482271,0.49936382472146235,0.26156749261230716,0.008947653776258332
5215405,Ouro Verde de Goiás,GO,1649009,4.74,49,53.26511367183673,85.68317,0.6216520215719199,0.1910696181686908,-0.039115646258503396,0.6917270352641101,0.01956614383719216,0.842838841906145
5215702,Palmeiras de Goiás,GO,1649010,1.96,48,50.97108284916667,77.82702,0.6549278602189987,0.40034865713965384,0.05055432869595835,0.612408621141817,0.03726709541593915,0.7089049436331922
5217203,Piranhas,GO,1651002,2.28,49,52.91281197306122,100.46455,0.5266814410908888,0.6027854281460078,-0.04168439339227895,0.6727421014874531,-0.2341423791182639,0.017753521882121405
5217302,Pirenópolis,GO,1548003,6.97,48,51.861316707083326,83.21706,0.6232053743413731,0.07909423672858576,-0.05141843971631206,0.6061992398238221,0.14374451089005102,0.14987410526772385
5218508,Quirinópolis,GO,1850002,7.14,44,50.6823449981818,71.768036,0.7061966287721925,0.6673731258627978,-0.3023255813953488,0.0038197143703968665,-0.5342599527628238,3.577520599244449e-07
5218607,Rialma,GO,1549000,7.57,51,57.7428382027451,82.249016,0.7020489866707276,0.4436725323101105,-0.027450980392156866,0.7761978126513129,0.02196940145524359,0.8200898511292445
5219712,Santo Antônio da Barra,GO,1750003,8.1,46,57.81489130130435,95.25285,0.6069623034013636,0.40357639163338127,0.026086956521739136,0.7982287525164019,0.12657004830917876,0.21485414169376604
5219803,São Domingos,GO,1346005,2.6,44,49.06914807954545,72.44105,0.677366626503272,0.5029002750709227,0.13953488372093023,0.1818493059874977,-0.1608466509037798,0.1241647577556253
5221304,Três Ranchos,GO,1847006,2.14,48,59.47329542791667,78.24167,0.7601230446025227,0.054391310555321384,-0.11347517730496455,0.25525865328062625,-0.17923698271475497,0.07256993412758146
5221403,Trindade,GO,1649012,6.6,48,53.21290428375,93.45937,0.5693693666637372,0.5561040360370479,0.007092198581560284,0.9433147277253919,0.03639594882157268,0.7155198813248869
5221502,Turvânia,GO,1650003,3.58,51,50.914550714509815,88.13075,0.5777160552196395,0.23478571246697091,0.08549019607843139,0.3759835208202311,0.12877904496462245,0.18279324253965656
5300108,Brasília,DF,1547020,2.2,33,55.59575234909091,77.76344,0.7149342957201388,0.51954749150133,0.056818181818181816,0.6556644947844955,0.2765151515151515,0.023819568789772635
