codigo_ibge,nome,uf,lat,lon,n_anos,mk_tau,mk_p,pettitt_ano,pettitt_p,n50_1961_1980,n50_1981_2025,mk_fdr,pettitt_fdr
1100015,Alta Floresta d'Oeste,RO,-12.469747777640206,-62.27436838558712,64,-0.2242063492063492,0.008826107677443379,1979,0.0005231651673167793,0.0,0.5333333333333333,True,True
1100023,Ariquemes,RO,-9.95196598457184,-62.95747225040651,65,0.1125,0.18524939541359853,1999,0.08946573118645543,0.3,5.066666666666666,False,False
1100031,Cabixi,RO,-13.474936568647344,-60.63982158274302,65,0.2918970990844487,0.0005892478282187253,2005,0.0028422709815247326,0.0,3.066666666666667,True,True
1100049,Cacoal,RO,-11.301284357156227,-61.324677560563806,65,0.30824718371191373,0.00028451457139864805,2002,0.00015170273798395626,0.2,2.7111111111111112,True,True
1100056,Cerejeiras,RO,-13.203644083522883,-61.26113230670722,65,0.2620822388814243,0.002032072409715457,1993,0.011412212598447198,0.0,1.6444444444444444,True,True
1100064,Colorado do Oeste,RO,-13.159073262940272,-60.550247733065206,65,0.25192307692307697,0.003011458854391665,2005,0.01294136909450836,0.0,2.466666666666667,True,True
1100072,Corumbiara,RO,-12.926651113053431,-61.09179981153707,65,0.20533782752728105,0.015629672146284617,1985,0.05094663626170904,0.0,2.2666666666666666,True,False
1100080,Costa Marques,RO,-12.147197398884638,-64.05869248422192,27,0.1965811965811966,0.15767953697716028,2008,0.3048000944998473,0.0,0.26666666666666666,False,False
1100098,Espigão d'Oeste,RO,-11.351173376239869,-60.78475486084906,65,0.4413461538461539,2.023653412979973e-07,2002,1.7339981766168695e-05,0.0,0.9111111111111111,True,True
1100106,Guajará-Mirim,RO,-11.305308324691367,-64.5381617536622,27,0.20227920227920232,0.14564934809459568,2012,0.3048000944998473,0.0,0.24444444444444444,False,False
1100114,Jaru,RO,-10.592581468830792,-62.584615877967366,65,-0.019230769230769235,0.8208472385419284,1983,0.25974984352926617,0.25,3.6222222222222222,False,False
1100122,Ji-Paraná,RO,-10.461931382486226,-61.75705354563073,65,0.04038461538461539,0.6343904759318508,1972,0.8025622312742078,0.25,1.2666666666666666,False,False
1100130,Machadinho d'Oeste,RO,-9.20405988024819,-62.01029400396623,65,0.05,0.5560061415710047,2004,0.8898836579770303,0.15,0.9333333333333333,False,False
1100148,Nova Brasilândia d'Oeste,RO,-11.64322762183451,-62.28019811230411,64,0.07341269841269842,0.3911928758844734,2011,0.014985189030114416,0.0,2.066666666666667,False,True
1100155,Ouro Preto do Oeste,RO,-10.610581354038336,-62.17254988888965,65,0.024038461538461543,0.7771237463572624,1990,0.9047890422433168,0.45,3.022222222222222,False,False
1100189,Pimenta Bueno,RO,-11.89445049761683,-60.830684897272086,65,0.40769230769230774,1.5798993248127472e-06,1992,7.112510846125e-05,0.2,3.7555555555555555,True,True
1100205,Porto Velho,RO,-9.156878150206998,-64.30703941457033,28,0.06878306878306878,0.624464399215169,2010,0.35405891724009897,0.0,1.2222222222222223,False,False
1100254,Presidente Médici,RO,-11.166256933859676,-61.87802698949012,64,0.0,1.0,1998,0.6455697296987931,0.25,1.1111111111111112,False,False
1100262,Rio Crespo,RO,-9.645192778672216,-62.79014796951415,65,0.09134615384615387,0.2820779190565359,2002,0.7465872320851034,0.35,3.1333333333333333,False,False
1100288,Rolim de Moura,RO,-11.732570469254846,-61.77156061127959,65,0.24230769230769236,0.004326256244848926,2005,0.00045965486773427624,0.15,3.2888888888888888,True,True
1100296,Santa Luzia d'Oeste,RO,-12.027158728470727,-61.700959435975285,65,0.13942307692307693,0.10063110674807266,2004,0.019460569787467734,0.0,2.488888888888889,False,True
1100304,Vilhena,RO,-12.09454111029052,-60.2481020102264,65,0.3163461538461539,0.00019516704883354148,2002,0.001437064222499949,0.0,0.3111111111111111,True,True
1100320,São Miguel do Guaporé,RO,-11.614370584645153,-62.98391743313216,28,0.20105820105820105,0.13942544877168417,2018,0.611711864327191,0.0,0.2222222222222222,False,False
1100338,Nova Mamoré,RO,-10.381979942032872,-64.62978535535791,27,0.2592592592592593,0.06012990828454466,2014,0.08322902699427606,0.0,0.0,False,False
1100346,Alvorada d'Oeste,RO,-11.311496149462606,-62.54517413754066,64,-0.20094270030381337,0.018952885271068656,1983,0.009545293375213445,0.0,0.8444444444444444,True,True
1100379,Alto Alegre dos Parecis,RO,-12.593468785976544,-61.88057715619442,65,-0.020192307692307693,0.8120531453899646,1974,0.09243219495343426,0.0,0.8444444444444444,False,False
1100403,Alto Paraíso,RO,-9.649534144918258,-63.39421910318383,65,-0.14711538461538462,0.08320523933786642,1975,0.08657956663465231,0.25,2.311111111111111,False,False
1100452,Buritis,RO,-10.05204667948404,-63.94130667377173,27,-0.03133903133903134,0.8364668517952467,2010,0.4357605676462449,0.0,0.3111111111111111,False,False
1100502,Novo Horizonte do Oeste,RO,-11.680998171164257,-62.08318606091561,64,0.11408730158730158,0.1826850714634145,2007,0.005191206629895155,0.0,2.8444444444444446,False,True
1100601,Cacaulândia,RO,-10.331622664605096,-62.98726198341216,65,-0.1432692307692308,0.09158551296933214,1975,0.1348934261598594,0.3,4.488888888888889,False,False
1100700,Campo Novo de Rondônia,RO,-10.484825929088196,-63.79984754839618,64,-0.2470238095238095,0.003911354431675291,1975,5.4371206513017365e-05,0.1,1.1111111111111112,True,True
1100809,Candeias do Jamari,RO,-8.887293411254513,-63.325565102998056,65,0.17420604796298003,0.040408088681569844,1995,0.1567533113111856,0.4,1.2,False,False
1100908,Castanheiras,RO,-11.470778436153124,-61.88009950156026,64,0.1607142857142857,0.06049978702774068,2001,0.007996507816867258,0.15,2.3555555555555556,False,True
1100924,Chupinguaia,RO,-12.53724277661302,-60.89854931633462,65,0.24903846153846157,0.0033613933934444453,1990,0.014652703987493569,0.0,2.1333333333333333,True,True
1100940,Cujubim,RO,-9.171073571969002,-62.56524956224252,65,-0.006730769230769231,0.936826304825977,1977,0.8603610817965768,0.1,0.9777777777777777,False,False
1101005,Governador Jorge Teixeira,RO,-10.748343924774977,-63.18408871604776,28,-0.052910052910052914,0.7099504042154783,2011,0.6335632797565852,0.0,0.6222222222222222,False,False
1101104,Itapuã do Oeste,RO,-9.17021993586848,-63.04503234060857,65,-0.03653846153846154,0.6670026854207679,2009,0.8603610817965768,0.15,1.711111111111111,False,False
1101203,Ministro Andreazza,RO,-11.160431135911628,-61.56899823343572,64,0.1904761904761905,0.026097963972349314,1998,0.001885505073994002,0.15,1.5777777777777777,True,True
1101302,Mirante da Serra,RO,-11.076831763485409,-62.847979455282825,64,-0.2857142857142857,0.0008464944821096178,1975,0.0019333094761177002,0.0,1.0222222222222221,True,True
1101401,Monte Negro,RO,-10.210944626297591,-63.37241531443977,65,-0.21826923076923077,0.010161961215914167,1975,0.005435034567596376,0.35,3.311111111111111,True,True
1101435,Nova União,RO,-10.88937090342274,-62.53245363825599,65,-0.07069007177168692,0.4052752071089083,1983,0.17368521975139947,0.2,2.0444444444444443,False,False
1101450,Parecis,RO,-12.262287215610472,-61.41524087826279,65,0.14622416313946532,0.08522972987577988,1991,0.20895933922108018,0.0,1.7777777777777777,False,False
1101468,Pimenteiras do Oeste,RO,-13.173610203084808,-61.545678670892656,65,0.1355769230769231,0.11037483702198604,2003,0.09243219495343426,0.0,0.0,False,False
1101476,Primavera de Rondônia,RO,-11.878742082315377,-61.315367553124176,65,0.3288461538461539,0.00010777444489636407,1989,0.0020295623064687887,0.05,1.8888888888888888,True,True
1101484,São Felipe d'Oeste,RO,-11.904635925918726,-61.467042773368206,65,0.22115384615384617,0.009207901182984903,1991,0.01796050511307883,0.05,3.0,True,True
1101492,São Francisco do Guaporé,RO,-12.368442112135188,-63.12310066069231,27,0.21367521367521372,0.12367254181775121,2013,0.10578990253059456,0.0,0.28888888888888886,False,False
1101500,Seringueiras,RO,-11.8071125244419,-63.23076887531517,27,0.4245014245014246,0.0015733828999035973,2013,0.01391874344067024,0.0,0.4888888888888889,True,True
1101559,Teixeirópolis,RO,-10.943631323508148,-62.27979283315212,65,-0.024525126941197503,0.7727839694100173,1983,0.8168482142462784,0.25,1.511111111111111,False,False
1101609,Theobroma,RO,-10.121763978538132,-62.342435151984944,65,0.010576923076923078,0.9008794391838973,2015,1.0,0.25,2.5555555555555554,False,False
1101708,Urupá,RO,-11.10407700879754,-62.42459200645391,64,-0.13941950317375693,0.10351743129853462,1983,0.06962474304046884,0.0,0.9333333333333333,False,False
1101757,Vale do Anari,RO,-9.732580108670048,-61.93913086421174,65,-0.06491945366787574,0.44468893429885126,1996,0.7813481324804371,0.0,0.8,False,False
1101807,Vale do Paraíso,RO,-10.384144431702886,-62.09392863843829,65,0.11442307692307693,0.17784832771439973,1990,0.3274473959752802,0.2,2.4444444444444446,False,False
1200013,Acrelândia,AC,-9.933830128829658,-66.95016878588748,28,0.31216931216931215,0.019790294895270025,2008,0.08696645290224647,0.1,1.7333333333333334,True,False
1200054,Assis Brasil,AC,-10.780027072676504,-70.0059549802384,27,0.2706552706552707,0.04934510820544451,2005,0.18492495212583998,0.0,0.17777777777777778,False,False
1200104,Brasiléia,AC,-10.747262237821392,-69.20775911729459,28,0.2380952380952381,0.07856948741357775,2016,0.27136193408369497,0.0,0.9777777777777777,False,False
1200138,Bujari,AC,-9.613948620901848,-68.17372180190031,28,0.5006626908143593,0.00018793078121851688,2011,0.007211222988800843,0.0,0.6,True,True
1200179,Capixaba,AC,-10.474209364760195,-67.83586872474464,28,0.21693121693121692,0.11002080567010249,2006,0.35405891724009897,0.0,1.0888888888888888,False,False
1200203,Cruzeiro do Sul,AC,-7.972588027051483,-72.75529565532868,65,-0.31730769230769235,0.00018658890717207437,1991,0.0003506514665506257,0.5,1.6666666666666667,True,True
1200252,Epitaciolândia,AC,-10.889098948876404,-68.61830739838986,28,0.31216931216931215,0.019790294895270025,2004,0.22487790983053058,0.3,2.311111111111111,True,False
1200302,Feijó,AC,-8.926999865707746,-70.74421903229887,65,-0.0903846153846154,0.28717451712092856,1970,0.05967975380939963,0.0,0.6888888888888889,False,False
1200328,Jordão,AC,-9.242773529238184,-71.9058080719892,65,-0.10096153846153848,0.2344826070931848,1974,0.06619019684698552,0.0,0.2222222222222222,False,False
1200336,Mâncio Lima,AC,-7.50438404407733,-73.43951493328696,65,-0.1759615384615385,0.038259195895726995,1988,0.001840518197403408,0.2,1.2444444444444445,False,True
1200344,Manoel Urbano,AC,-9.382357805718424,-69.85237923425233,28,0.22222222222222218,0.1013683702520773,2018,0.16698098442074444,0.0,0.2,False,False
1200351,Marechal Thaumaturgo,AC,-9.096301286461497,-72.5595036847888,65,-0.14711538461538462,0.08320523933786642,1974,0.031038301874568873,0.0,1.711111111111111,False,False
1200385,Plácido de Castro,AC,-10.24915732513632,-67.34028624897594,28,0.015873015873015872,0.9220645068568977,2022,0.611711864327191,0.0,1.2666666666666666,False,False
1200393,Porto Walter,AC,-8.492013275634845,-72.73389945440947,65,-0.19423076923076926,0.02218417484152764,1976,0.006217636299301284,0.0,1.7333333333333334,True,True
1200401,Rio Branco,AC,-10.06634831179624,-68.37142478297655,28,0.4126984126984127,0.0017335450880481002,2014,0.02158799785260118,0.0,0.6222222222222222,True,True
1200427,Rodrigues Alves,AC,-7.84406279580454,-73.22394868951623,65,-0.2678528569852355,0.0016135724695128988,1991,0.00013921308920197757,0.0,0.4888888888888889,True,True
1200435,Santa Rosa do Purus,AC,-9.410990564027395,-70.39573485878806,65,-0.0375,0.6587873377864597,1969,0.02988229294893045,0.0,0.17777777777777778,False,False
1200450,Senador Guiomard,AC,-9.997381057662391,-67.42749005785318,28,0.21164021164021166,0.11923443683783298,2014,0.16698098442074444,0.4,2.1333333333333333,False,False
1200500,Sena Madureira,AC,-9.772520419912242,-69.3813982756556,28,0.21164021164021166,0.11923443683783298,2012,0.27136193408369497,0.0,0.0,False,False
1200609,Tarauacá,AC,-8.239584458634319,-71.44563726088117,65,-0.12409813845388835,0.14410212934969785,1977,0.014060907443860605,0.0,0.8666666666666667,False,True
1200708,Xapuri,AC,-10.575454637676645,-68.50524960503164,28,0.35978835978835977,0.006816119616607876,2011,0.057390687493765774,0.15,1.0,True,False
1200807,Porto Acre,AC,-9.629362722098024,-67.69873711205905,28,0.43915343915343913,0.0008070389152979472,2011,0.009773257416379482,0.4,1.6888888888888889,True,True
1300029,Alvarães,AM,-3.695074583217455,-65.32437970733704,65,0.26346153846153847,0.001919330513802186,2012,0.02876438730541304,0.0,0.0,True,False
1300060,Amaturá,AM,-3.418441617451837,-68.28657383445434,65,0.14282279806932663,0.09267392141976125,2010,0.3440897276461011,0.0,0.0,False,False
1300086,Anamã,AM,-3.501858972294042,-61.71815972494598,65,-0.36250000000000004,1.9662922370627057e-05,2000,0.00023831817146721104,0.0,0.3111111111111111,True,True
1300102,Anori,AM,-4.199251462723324,-62.09550950642221,65,-0.24903846153846157,0.0033613933934444453,1998,0.00023831817146721104,0.2,0.4,True,True
1300144,Apuí,AM,-7.759587836420236,-59.43240967821672,65,0.06491945366787574,0.44468893429885126,2007,0.15444655733124882,0.0,0.0,False,False
1300201,Atalaia do Norte,AM,-5.714717605118032,-71.74206059702212,65,-0.27939409319285785,0.001004306637414387,1976,0.010485500191296987,0.0,0.0,True,True
1300300,Autazes,AM,-3.7874443913265727,-59.52540474987877,65,-0.2663461538461539,0.0017103144653527128,2010,0.04028960206658344,0.0,1.6222222222222222,True,False
1300409,Barcelos,AM,-0.4650420182462162,-63.43418439841052,65,0.0826923076923077,0.33017658764094726,1982,0.3113955087807632,0.15,0.9111111111111111,False,False
1300508,Barreirinha,AM,-3.129001411393011,-57.172430001673774,65,0.08173076923076925,0.33583089893655294,1996,0.05185908915400302,0.0,1.5777777777777777,False,False
1300607,Benjamin Constant,AM,-5.428320084400526,-70.27418315186432,65,-0.06730769230769232,0.42801444993475524,1970,0.2270165572915539,0.0,0.0,False,False
1300631,Beruri,AM,-4.606738895212351,-61.80428037563528,65,-0.24903846153846157,0.0033613933934444453,1998,0.00048497441951104856,0.25,0.7777777777777778,True,True
1300680,Boa Vista do Ramos,AM,-3.137840197642181,-57.67011291705664,65,0.1557692307692308,0.06661113650746185,1998,0.0015104921756299722,0.0,1.711111111111111,False,True
1300706,Boca do Acre,AM,-8.772488244159746,-68.04879683243603,28,0.48148148148148145,0.00021014000908700618,2015,0.004498696785405508,0.0,0.0,True,True
1300805,Borba,AM,-4.95709609567954,-59.535401555317485,65,-0.029807692307692313,0.7255839366845278,1991,0.5211789320492503,0.0,0.6,False,False
1300839,Caapiranga,AM,-3.0819951754277355,-61.87799532463356,65,-0.350565049806529,3.671815818952421e-05,1995,0.0002974711462466913,0.0,0.4444444444444444,True,True
1300904,Canutama,AM,-7.299711183037261,-64.06151330164187,65,0.13846153846153847,0.10300031496560585,2006,0.09243219495343426,0.25,0.6222222222222222,False,False
1301001,Carauari,AM,-5.119776947230269,-67.33766946952159,65,0.010576923076923078,0.9008794391838973,2016,0.5100406406299057,0.0,0.5777777777777777,False,False
1301100,Careiro,AM,-3.770577372648577,-60.18326386701207,65,0.020192307692307693,0.8120531453899646,2009,0.15216720064717362,0.0,0.0,False,False
1301159,Careiro da Várzea,AM,-3.286044980797419,-59.5987008402025,65,-0.002884615384615385,0.9729024202503425,1971,0.4363521181567188,0.0,0.8666666666666667,False,False
1301209,Coari,AM,-4.437660920677351,-64.1254443267197,65,0.13076923076923078,0.12358551912882432,1970,0.4775403025455924,0.0,0.0,False,False
1301308,Codajás,AM,-3.2876213195337454,-62.97463987663323,65,-0.07115384615384616,0.40209529101557673,1988,0.6664086010224509,0.0,0.8444444444444444,False,False
1301407,Eirunepé,AM,-7.02305218336008,-70.21861760617527,65,-0.031730769230769236,0.7086636717402414,1968,0.33569432777951663,0.15,0.7777777777777778,False,False
1301506,Envira,AM,-7.573586228502947,-70.05552654659576,65,-0.06538461538461539,0.4413305118271882,1968,0.1348934261598594,0.15,0.7111111111111111,False,False
1301605,Fonte Boa,AM,-2.4910221595247264,-66.35847645313763,65,0.17211538461538464,0.04268533710848181,1975,0.04179063319747862,0.6,1.4444444444444444,False,False
1301654,Guajará,AM,-7.229442558545355,-72.84566616185015,65,-0.22842029994252575,0.007162326716989443,1976,0.0026462554447947892,0.5,1.0666666666666667,True,True
1301704,Humaitá,AM,-7.36081325707259,-62.48635293860372,65,-0.02020202253900508,0.8120472338480045,2017,0.488220905503328,0.0,0.6666666666666666,False,False
1301803,Ipixuna,AM,-7.181044960263919,-71.41319460725745,65,-0.24134615384615388,0.0044829332297607605,1976,0.0008648513865648905,0.0,1.488888888888889,True,True
1301852,Iranduba,AM,-3.095133253146229,-60.47990763145836,65,0.026923076923076925,0.751215095177401,2009,0.33569432777951663,0.55,2.6666666666666665,False,False
1301902,Itacoatiara,AM,-3.173932206106936,-58.7755653416029,65,-0.17263765827235106,0.04210611321547513,1992,0.03540000759127232,0.4,1.7777777777777777,False,False
1301951,Itamarati,AM,-6.683241316369864,-68.11461004745965,65,0.06826923076923078,0.4214450879802445,2017,0.35263438243826933,0.15,0.8888888888888888,False,False
1302009,Itapiranga,AM,-2.497197240077781,-58.61348799157112,65,-0.06730769230769232,0.42801444993475524,1975,0.186646930242533,0.0,0.4666666666666667,False,False
1302108,Japurá,AM,-1.6956569370794907,-68.3240705590387,65,0.0375,0.6587873377864597,2013,0.06849092646366872,0.0,0.0,False,False
1302207,Juruá,AM,-3.5252651612262897,-66.30779032652792,65,0.15865384615384617,0.06172624233514096,1975,0.11558351804791793,0.15,0.8444444444444444,False,False
1302306,Jutaí,AM,-4.72131575010524,-68.40493736596292,65,0.1855769230769231,0.02886724751932723,2008,0.007421232664532038,0.0,1.4444444444444444,True,True
1302405,Lábrea,AM,-8.376182329374997,-65.81203530478285,28,-0.042328042328042326,0.7690838378714796,2008,0.4900887439833729,0.0,0.8222222222222222,False,False
1302504,Manacapuru,AM,-3.2914041625024857,-60.958841859098335,65,-0.19615384615384618,0.02089672865779774,1986,0.010939988910983817,0.4,1.8222222222222222,True,True
1302553,Manaquiri,AM,-3.7791934112522494,-60.69721292679201,65,-0.21346153846153848,0.011948725315964503,1980,0.008459197082313663,0.0,0.4444444444444444,True,True
1302603,Manaus,AM,-2.6257964237926235,-60.25971066761735,65,0.003846153846153847,0.9638752961842721,2009,0.5100406406299057,0.2,0.9111111111111111,False,False
1302702,Manicoré,AM,-6.458603909595357,-61.445866011931074,65,0.10192307692307694,0.2300563729738222,2007,0.5439095912556042,0.15,1.5333333333333334,False,False
1302801,Maraã,AM,-2.424984208325075,-65.04038408673227,65,0.03653846153846154,0.6670026854207679,2014,0.3701743102121331,0.0,0.8888888888888888,False,False
1302900,Maués,AM,-4.984069572438416,-58.05942535181135,65,0.024525126941197503,0.7727839694100173,2009,0.9652863406359143,0.0,0.17777777777777778,False,False
1303007,Nhamundá,AM,-1.6797336915418857,-57.65670936358089,65,-0.15096153846153848,0.07545725721395402,1978,0.1662584764648557,0.0,0.5333333333333333,False,False
1303106,Nova Olinda do Norte,AM,-3.989390112164216,-58.59980758301953,65,-0.03461538461538462,0.683552875272655,1991,0.7465872320851034,0.0,1.488888888888889,False,False
1303205,Novo Airão,AM,-2.049572978327319,-61.70416931881229,65,-0.11685501660217633,0.16890256328920294,1984,0.44641878404152746,0.15,1.0888888888888888,False,False
1303304,Novo Aripuanã,AM,-6.822947117403035,-60.474451926871886,65,0.26346153846153847,0.001919330513802186,1980,0.008099400394002452,0.3,0.9555555555555556,True,True
1303403,Parintins,AM,-2.6879638076944503,-56.8546071534091,65,-0.08511661703121487,0.3163043604044854,2004,0.29973965878959424,0.95,1.4,False,False
1303502,Pauini,AM,-7.758270562080488,-68.20004530357193,28,0.3492063492063492,0.008751089181751135,2016,0.02158799785260118,0.0,0.044444444444444446,True,True
1303536,Presidente Figueiredo,AM,-1.3705614432143671,-59.989701365433184,65,0.15340226459298048,0.07091665070747387,2007,0.12301501734761935,0.1,0.7333333333333333,False,False
1303569,Rio Preto da Eva,AM,-2.529734657703832,-59.638440229051405,65,-0.06442307692307693,0.44807654659723983,1982,0.3274473959752802,0.0,1.4222222222222223,False,False
1303601,Santa Isabel do Rio Negro,AM,-0.3206177057900544,-65.52229944601065,65,-0.03653846153846154,0.6670026854207679,1979,0.39761982182042743,0.0,0.37777777777777777,False,False
1303700,Santo Antônio do Içá,AM,-3.053121977159494,-69.09030213004941,65,-0.06203414461597016,0.4651882557870508,1984,0.3233793442109594,0.4,1.711111111111111,False,False
1303809,São Gabriel da Cachoeira,AM,0.3762139635569431,-67.9991569500014,65,-0.11826923076923078,0.16371030112364793,1989,0.031038301874568873,0.9,1.4222222222222223,False,False
1303908,São Paulo de Olivença,AM,-4.503534808468102,-69.4494890286229,65,-0.1514787252250434,0.07452692165114072,1991,0.006500550461868807,0.0,0.2222222222222222,False,True
1303957,São Sebastião do Uatumã,AM,-1.941459608845818,-58.705538945939495,65,-0.03125751472897721,0.712876266353327,1975,0.10852621480054009,0.3,1.6222222222222222,False,False
1304005,Silves,AM,-2.8205232841831465,-58.53714853742951,65,-0.03365384615384616,0.6918859681811715,1975,0.20895933922108018,0.25,0.8444444444444444,False,False
1304062,Tabatinga,AM,-4.028523139922428,-69.67809115888349,65,-0.3028846153846154,0.0003615426350525207,1991,9.12437398857549e-06,0.0,0.7777777777777778,True,True
1304104,Tapauá,AM,-6.097766055601724,-64.96133093606342,65,0.008653846153846154,0.9188321343240562,1993,0.6794395367093345,0.1,0.6888888888888889,False,False
1304203,Tefé,AM,-4.4725397792409645,-65.53159037798754,65,0.23803799678221108,0.005071913207328037,1981,0.022799875341596585,0.0,0.6,True,True
1304237,Tonantins,AM,-2.6921313113853564,-67.82673353848625,65,0.3067307692307693,0.00030388706618984915,2002,0.020251720191003866,0.4,1.6222222222222222,True,True
1304260,Uarini,AM,-3.166154476612657,-65.41072741860827,65,0.15192307692307694,0.07361518372015567,2014,0.05185908915400302,0.0,0.0,False,False
1304302,Urucará,AM,-0.8930364210920566,-59.030096738365785,65,0.05433998714422192,0.5223372393861259,2008,0.03955687337760341,0.05,0.0,False,False
1304401,Urucurituba,AM,-2.813766196392092,-57.7711603652741,65,0.10096153846153848,0.2344826070931848,1997,0.08946573118645543,0.15,1.8,False,False
1400027,Amajari,RR,3.733610091505947,-62.43970392096519,65,0.17788461538461542,0.03619655620523172,2008,0.02876438730541304,0.0,0.4222222222222222,False,False
1400050,Alto Alegre,RR,3.0726174913266027,-62.744541513415065,65,0.08653846153846155,0.308179547467054,2008,0.08377208835709478,0.0,0.0,False,False
1400100,Boa Vista,RR,3.117767969401104,-60.71793666991221,65,0.22553499089062018,0.007925383439467762,1997,0.10347072150717385,0.55,3.0,True,False
1400159,Bonfim,RR,2.787548924540144,-60.10049570477649,65,0.11685501660217633,0.16890256328920294,2005,0.05185908915400302,0.0,1.8222222222222222,False,False
1400175,Cantá,RR,2.2727736499888613,-60.54224304685387,65,0.20673076923076925,0.014916681278871908,1994,0.05185908915400302,0.0,1.7777777777777777,True,False
1400209,Caracaraí,RR,0.989318111214685,-61.472364922549694,65,0.08461538461538462,0.3190539922528327,1997,0.12687530739535213,0.0,0.0,False,False
1400233,Caroebe,RR,0.9147418653299852,-59.3380674737509,65,0.2730769230769231,0.0013014185007797028,1999,0.0003506514665506257,0.0,1.4222222222222223,True,True
1400282,Iracema,RR,2.182351373823441,-62.40270555183484,65,-0.03557692307692308,0.6752581537654916,2015,0.6281471370692552,0.0,0.4888888888888889,False,False
1400308,Mucajaí,RR,2.511059236019101,-61.997719907918864,65,0.14423076923076925,0.08942935902899353,2016,0.11925165071939424,0.0,0.28888888888888886,False,False
1400407,Normandia,RR,3.878814986800534,-60.06551332573106,65,-0.05384615384615385,0.5260317864344628,1976,0.488220905503328,0.0,0.6444444444444445,False,False
1400456,Pacaraima,RR,4.168537621208854,-60.839349497515485,65,0.09807692307692309,0.2481221339531947,1996,0.13083421265918208,0.25,2.2888888888888888,False,False
1400472,Rorainópolis,RR,0.0376422623929292,-61.011289741733634,65,0.036066363148819856,0.671120497037035,2001,0.38372602362607483,0.0,0.7111111111111111,False,False
1400506,São João da Baliza,RR,0.6358286137770475,-59.84496249761692,65,0.2980769230769231,0.00044800760165303284,1997,0.00016061109309200604,0.0,0.6888888888888889,True,True
1400605,São Luiz,RR,0.8845190884555253,-60.1518312211616,65,0.18942307692307694,0.02570858110600464,1997,0.008833456203955271,0.05,1.4444444444444444,True,True
1400704,Uiramutã,RR,4.685402140197906,-60.27927434761208,65,-0.00576923076923077,0.9458360859046578,2015,0.4363521181567188,0.35,1.7333333333333334,False,False
1500107,Abaetetuba,PA,-1.7302330926790117,-48.88302239575332,65,0.16730769230769232,0.048819802579820055,1997,0.18137345418813178,0.6,2.6444444444444444,False,False
1500131,Abel Figueiredo,PA,-4.957279535029408,-48.424656144280725,65,0.18846153846153849,0.026468838133317404,1973,0.06178608302878114,0.0,2.7777777777777777,True,False
1500206,Acará,PA,-2.0351979728915235,-48.4114092521481,65,-0.03461538461538462,0.683552875272655,1982,0.8168482142462784,0.2,1.8222222222222222,False,False
1500305,Afuá,PA,-0.2628544095658583,-50.72587381746953,65,-0.0956960835548687,0.2598973828658927,1990,0.05565131986374875,1.65,1.0444444444444445,False,False
1500347,Água Azul do Norte,PA,-6.773042089085518,-50.4302173040919,65,0.2,0.01851591612496109,1998,0.06849092646366872,0.0,0.6,True,False
1500404,Alenquer,PA,-0.6045753557735309,-55.03892954194957,65,0.1701923076923077,0.0450560990200837,1988,0.10513368645374463,0.0,0.0,False,False
1500503,Almeirim,PA,0.2843379230561908,-53.89342538230597,65,-0.06923076923076923,0.4149352520971258,1991,1.0,0.0,0.022222222222222223,False,False
1500602,Altamira,PA,-6.48114303738874,-53.88527988615456,65,-0.06826923076923078,0.4214450879802445,1993,0.7604002213532476,0.2,0.4666666666666667,False,False
1500701,Anajás,PA,-0.8271438160883163,-49.96124845629753,65,-0.05096153846153847,0.5484350422817794,1989,0.04658952974594933,0.9,0.5777777777777777,False,False
1500800,Ananindeua,PA,-1.3340571315676018,-48.38350596615143,65,-0.08557692307692309,0.3135857504770575,2000,0.28840837545464815,3.35,6.155555555555556,False,False
1500859,Anapu,PA,-3.996794704276904,-51.30168544911667,65,0.22692307692307692,0.00753616048771029,1999,0.05004808403109762,0.0,0.6666666666666666,True,False
1500909,Augusto Corrêa,PA,-1.1048677780951044,-46.50747931960495,65,0.17115384615384618,0.043857193295064656,1973,0.021071406588780116,1.65,3.088888888888889,False,True
1500958,Aurora do Pará,PA,-2.231114172314532,-47.72628586231175,65,-0.04038461538461539,0.6343904759318508,1999,0.7743354696059661,0.4,3.2222222222222223,False,False
1501006,Aveiro,PA,-3.667327625847159,-56.01644007241017,65,0.07596153846153847,0.37105504106368714,2021,0.8750731790180674,0.0,0.06666666666666667,False,False
1501105,Bagre,PA,-2.3731885296948323,-50.18187412925894,65,-0.05337821746025339,0.5297263336668613,1995,0.249575646464008,0.0,0.8888888888888888,False,False
1501204,Baião,PA,-3.129971135779512,-49.699030203448274,65,0.028846153846153848,0.7340951823194757,1996,0.3113955087807632,0.0,1.4444444444444444,False,False
1501253,Bannach,PA,-7.486354534199539,-50.634408122692,65,0.08273209230259224,0.33016108696024526,1997,0.5381703721100797,0.0,1.2,False,False
1501303,Barcarena,PA,-1.498476019670308,-48.63422958723091,65,0.13705217996551547,0.1066314445988412,2010,0.1567533113111856,2.2,3.4444444444444446,False,False
1501402,Belém,PA,-1.2406957247096275,-48.4598520890499,65,-0.031730769230769236,0.7086636717402414,1992,1.0,3.25,4.444444444444445,False,False
1501451,Belterra,PA,-3.191147280367006,-54.9928689714957,65,0.11346153846153846,0.18152087117928373,1980,0.44641878404152746,0.0,0.5777777777777777,False,False
1501501,Benevides,PA,-1.3396164574421623,-48.275586961162645,65,-0.09711538461538463,0.252789642803682,2000,0.13083421265918208,3.3,5.488888888888889,False,False
1501576,Bom Jesus do Tocantins,PA,-5.054314705197295,-48.76354802112264,65,0.15673076923076926,0.06494862597449932,1973,0.12301501734761935,0.0,1.5333333333333334,False,False
1501600,Bonito,PA,-1.3873959400538434,-47.30230694732026,65,0.1764847370082252,0.037731317153570566,2007,0.1348934261598594,1.7,6.177777777777778,False,False
1501709,Bragança,PA,-1.193133010389556,-46.76360084996107,65,0.20480769230769233,0.015876159806045093,1979,0.02663871507995326,2.35,4.5777777777777775,True,True
1501725,Brasil Novo,PA,-3.292016128620188,-52.68535405129356,65,0.22596153846153846,0.007794343351490569,2003,0.03474573545009981,0.0,1.2222222222222223,True,False
1501758,Brejo Grande do Araguaia,PA,-5.735569205303647,-48.43189802385106,65,0.18846153846153849,0.026468838133317404,1993,0.10513368645374463,0.3,1.4666666666666666,True,False
1501782,Breu Branco,PA,-3.733223107205611,-49.37116776402341,65,0.09954316229074281,0.24122696358645712,1972,0.10852621480054009,0.35,2.088888888888889,False,False
1501808,Breves,PA,-1.120987429536074,-50.62806202096875,65,-0.20149074879140694,0.01768450728069802,1989,0.05004808403109762,0.5,0.044444444444444446,True,False
1501907,Bujaru,PA,-1.632992811052044,-48.08979198329106,65,-0.13173076923076923,0.120849081775192,1985,0.2810327034097539,3.55,6.355555555555555,False,False
1501956,Cachoeira do Piriá,PA,-1.9887131371890665,-46.44319468711252,65,-0.19903846153846155,0.01908771528935225,1991,0.015266779927279142,0.75,2.6666666666666665,True,True
1502004,Cachoeira do Arari,PA,-0.869467235319602,-48.87725578158586,65,0.05576923076923077,0.5113605348757182,1981,0.8312453951901982,2.9,1.6444444444444444,False,False
1502103,Cametá,PA,-2.2529783684270184,-49.5135587759704,65,0.025961538461538463,0.759821804319769,1971,1.0,0.75,2.7333333333333334,False,False
1502152,Canaã dos Carajás,PA,-6.424128186786825,-50.08587236199871,65,0.05,0.5560061415710047,2005,0.7604002213532476,0.0,0.4444444444444444,False,False
1502202,Capanema,PA,-1.1421091768171197,-47.117899410123925,65,0.20865384615384616,0.014008663383803684,1979,0.027683537119878636,3.3,5.977777777777778,True,False
1502301,Capitão Poço,PA,-2.042080419354029,-47.23346513241075,65,-0.08461538461538462,0.3190539922528327,1989,0.2667046417839311,0.05,0.26666666666666666,False,False
1502400,Castanhal,PA,-1.268581104640937,-47.877056381197406,65,0.06057692307692309,0.47563877428430523,2016,0.2810327034097539,2.0,6.133333333333334,False,False
1502509,Chaves,PA,-0.032605333963903,-49.83790553984432,65,-0.0903846153846154,0.28717451712092856,1997,0.04179063319747862,0.95,0.6444444444444445,False,False
1502608,Colares,PA,-0.9358440705457468,-48.27379518224112,65,-0.07307692307692308,0.3894966529371431,2000,0.18137345418813178,1.85,4.155555555555556,False,False
1502707,Conceição do Araguaia,PA,-8.182323482557416,-49.51264367239864,65,0.058653846153846154,0.48976100930269273,1972,0.5439095912556042,1.45,0.8666666666666667,False,False
1502756,Concórdia do Pará,PA,-1.8817377624110048,-47.97465018388212,65,-0.11826923076923078,0.16371030112364793,2001,0.12301501734761935,0.25,3.3777777777777778,False,False
1502764,Cumaru do Norte,PA,-8.457461061566601,-51.22070587093221,65,0.1625781813853266,0.05567006743535284,1996,0.019460569787467734,0.0,0.4666666666666667,False,True
1502772,Curionópolis,PA,-6.228884772159195,-49.62465048350485,65,0.11346153846153846,0.18152087117928373,2008,0.17118085708445183,0.0,2.6,False,False
1502806,Curralinho,PA,-1.5835143659485975,-49.98811167511092,65,0.025974028978720816,0.7598143428008464,2005,1.0,0.35,0.9555555555555556,False,False
1502855,Curuá,PA,-1.846049337776389,-55.11321883717122,65,0.12019230769230771,0.1569669882535778,2007,0.186646930242533,0.7,3.2,False,False
1502905,Curuçá,PA,-0.7428823720657393,-47.8638496287241,65,0.1278846153846154,0.13208554084772026,1974,0.2270165572915539,0.05,3.688888888888889,False,False
1502939,Dom Eliseu,PA,-4.186688348728448,-47.89809180830392,65,0.17884615384615388,0.03520128758921378,1973,0.11200893327810173,0.0,1.8222222222222222,False,False
1502954,Eldorado do Carajás,PA,-6.06952342975947,-49.24542698336103,65,0.1283962528097987,0.13063207140014976,2007,0.3035887052227368,0.0,2.977777777777778,False,False
1503002,Faro,PA,-1.1583821393401383,-57.80649045422549,65,0.029807692307692313,0.7255839366845278,2016,0.31934808891406874,0.0,0.5333333333333333,False,False
1503044,Floresta do Araguaia,PA,-7.548274350533507,-49.57601281380604,65,0.02741043599310309,0.746919326862775,1965,0.8898836579770303,0.0,0.8444444444444444,False,False
1503077,Garrafão do Norte,PA,-2.1682385592913174,-47.075978164038325,65,-0.05530175682819045,0.5150014764242006,1989,0.29973965878959424,0.05,0.26666666666666666,False,False
1503093,Goianésia do Pará,PA,-4.027121397486179,-49.00554687499324,65,0.09903846153846155,0.24351526376139854,1968,0.44641878404152746,0.0,0.8444444444444444,False,False
1503101,Gurupá,PA,-1.1493085007186177,-51.55389960109893,65,-0.1451923076923077,0.08731427299935919,1974,0.11558351804791793,0.0,2.4444444444444446,False,False
1503200,Igarapé-Açu,PA,-1.1449127726081474,-47.5659193934141,65,0.18653846153846157,0.028047779175604026,2008,0.17621863751350042,1.95,5.7555555555555555,True,False
1503309,Igarapé-Miri,PA,-2.062543122226113,-49.130711802793,65,0.04230769230769231,0.6183417469175422,1993,0.7743354696059661,0.75,2.6222222222222222,False,False
1503408,Inhangapi,PA,-1.4646406808525534,-47.9227985242435,65,-0.12121213523403049,0.15366212026230522,1994,0.3233793442109594,2.0,6.133333333333334,False,False
1503457,Ipixuna do Pará,PA,-2.805426739677765,-47.921179584725664,65,0.07211538461538462,0.39576568734555584,2020,0.9960061723468323,0.4,4.377777777777778,False,False
1503507,Irituia,PA,-1.8115604339485207,-47.39988140605429,65,0.0009615384615384617,0.9909659293951528,2017,0.7743354696059661,1.0,3.8444444444444446,False,False
1503606,Itaituba,PA,-5.868912428332088,-56.49667078990477,65,-0.10627555007852252,0.21086656133805426,1972,0.35263438243826933,0.0,0.0,False,False
1503705,Itupiranga,PA,-5.1149181336532,-49.86957718258144,65,0.1610964220647287,0.05788148675196118,2019,0.44641878404152746,0.0,0.0,False,False
1503754,Jacareacanga,PA,-7.442570671911651,-57.303919395442456,65,-0.175084195338044,0.03932114576503795,1979,0.026129499169554468,0.8,0.15555555555555556,False,True
1503804,Jacundá,PA,-4.59857801015986,-49.18105136803363,65,0.11204616818233369,0.18712769933068674,1974,0.11558351804791793,0.15,1.1777777777777778,False,False
1503903,Juruti,PA,-2.623206291093011,-56.22132487557059,65,-0.054807692307692314,0.5186693578126838,2005,0.186646930242533,0.0,0.0,False,False
1504000,Limoeiro do Ajuru,PA,-1.8642256355733813,-49.46914034734993,65,0.007213272629763972,0.9323232913816621,1972,1.0,1.7,3.022222222222222,False,False
1504059,Mãe do Rio,PA,-1.9909618127852529,-47.51275415566016,65,0.04423076923076924,0.6024730552878146,2015,0.8898836579770303,0.25,3.511111111111111,False,False
1504109,Magalhães Barata,PA,-0.8099203484936288,-47.635260660130655,65,0.12500000000000003,0.14103164052071637,1981,0.12301501734761935,0.15,4.733333333333333,False,False
1504208,Marabá,PA,-5.630017031962407,-50.01637007493666,65,0.24038461538461542,0.004644733942292503,2005,0.11925165071939424,0.0,0.6222222222222222,True,False
1504307,Maracanã,PA,-0.8100168074050206,-47.49739666899151,65,0.3884615384615385,4.775884288942411e-06,1983,0.0007797178157655067,0.4,6.266666666666667,True,True
1504406,Marapanim,PA,-0.83768196035037,-47.70980052054576,65,0.12500000000000003,0.14103164052071637,1981,0.12301501734761935,0.15,5.644444444444445,False,False
1504422,Marituba,PA,-1.3974199619875378,-48.319773422009575,65,-0.06923076923076923,0.4149352520971258,2000,0.5791296951003588,3.3,5.488888888888889,False,False
1504455,Medicilândia,PA,-3.160191215894665,-53.19500661909163,65,0.14859341617313782,0.08022258263906404,2003,0.12493294124863055,0.0,0.7777777777777778,False,False
1504505,Melgaço,PA,-1.6076277604756166,-51.1038220074559,65,-0.0778846153846154,0.35906697866031423,1985,0.39761982182042743,0.0,1.8444444444444446,False,False
1504604,Mocajuba,PA,-2.576694629556668,-49.466368970348896,65,0.10865384615384616,0.20073052452038787,2008,0.1348934261598594,0.75,2.977777777777778,False,False
1504703,Moju,PA,-2.683482865235004,-49.073981715096416,65,0.0903846153846154,0.28717451712092856,1990,0.3701743102121331,0.0,2.2444444444444445,False,False
1504752,Mojuí dos Campos,PA,-3.070380080881829,-54.57520167696343,65,0.08415484734724633,0.3218036242674923,2003,0.3440897276461011,0.15,0.7555555555555555,False,False
1504802,Monte Alegre,PA,-1.0742298863773458,-54.35307015709896,65,0.04711538461538462,0.5790206953061717,2001,0.6407607168142557,0.0,0.044444444444444446,False,False
1504901,Muaná,PA,-1.3557148774032843,-49.3092769483148,65,-0.004327963577858383,0.9593627468414274,1968,0.6664086010224509,0.6,0.8888888888888888,False,False
1504950,Nova Esperança do Piriá,PA,-2.39253079601231,-46.899937370079215,65,-0.04711538461538462,0.5790206953061717,1986,0.35263438243826933,0.0,0.8222222222222222,False,False
1504976,Nova Ipixuna,PA,-4.980991320428688,-49.23078993184888,65,0.10673076923076924,0.2088161029308362,1973,0.23329562826712694,0.3,1.8888888888888888,False,False
1505007,Nova Timboteua,PA,-1.1563910489158478,-47.39215389819656,65,0.2173076923076923,0.010499001925212305,1973,0.05004808403109762,0.95,5.444444444444445,True,False
1505031,Novo Progresso,PA,-8.060533963119894,-55.61215575128097,65,0.08653846153846155,0.308179547467054,2002,0.13083421265918208,0.0,0.0,False,False
1505064,Novo Repartimento,PA,-4.502961102908391,-50.27134269018473,65,0.14807692307692308,0.08121025824359357,1969,0.10513368645374463,0.0,0.5333333333333333,False,False
1505106,Óbidos,PA,-0.1695335766623019,-55.67440898226299,65,0.14282279806932663,0.09267392141976125,1998,0.0732972202658319,0.0,0.0,False,False
1505205,Oeiras do Pará,PA,-2.27894595042197,-49.90235809460115,65,0.006730769230769231,0.936826304825977,1995,0.5911658771176894,0.75,1.488888888888889,False,False
1505304,Oriximiná,PA,0.2551628063108547,-57.15006504175825,65,0.0697283020877184,0.4116952528369112,2018,0.4775403025455924,0.0,0.0,False,False
1505403,Ourém,PA,-1.4959320992281142,-47.13913668019613,65,0.1278846153846154,0.13208554084772026,2008,0.29592667730419125,2.0,4.555555555555555,False,False
1505437,Ourilândia do Norte,PA,-7.5200765097311395,-51.43033950501527,65,0.07165184145565545,0.3989153751074145,1984,0.5672409199242981,0.25,0.08888888888888889,False,False
1505486,Pacajá,PA,-3.6842063611711646,-50.63146702319885,65,0.11826923076923078,0.16371030112364793,1969,0.3701743102121331,0.15,1.6666666666666667,False,False
1505494,Palestina do Pará,PA,-5.927143076614482,-48.37020257562819,65,0.21826923076923077,0.010161961215914167,1993,0.06178608302878114,0.3,1.0888888888888888,True,False
1505502,Paragominas,PA,-3.202940594353752,-47.60228857479403,65,0.1759615384615385,0.038259195895726995,1980,0.2397071069526228,0.05,2.5555555555555554,False,False
1505536,Parauapebas,PA,-6.151699240915074,-50.4895942652536,65,0.057692307692307696,0.49690584756476786,2005,0.6033483431563663,0.0,0.1111111111111111,False,False
1505551,Pau d'Arco,PA,-7.7370147625066785,-50.12367655489125,65,-0.0903846153846154,0.28717451712092856,2009,0.3274473959752802,0.0,1.8666666666666667,False,False
1505601,Peixe-Boi,PA,-1.1308860438144526,-47.27194597060889,65,0.219764372786809,0.009673288046277258,1979,0.0051949151795271575,2.3,6.555555555555555,True,True
1505635,Piçarra,PA,-6.540984626771658,-49.01195127566198,65,0.27692307692307694,0.0011103654133599575,2005,0.01241227887176321,0.0,1.6666666666666667,True,True
1505650,Placas,PA,-3.889805322590967,-54.50065055657544,65,0.03942307692307693,0.6424804021960624,1968,1.0,0.15,2.577777777777778,False,False
1505700,Ponta de Pedras,PA,-1.117748428889871,-49.0772048254225,65,0.009615384615384618,0.9098500327472845,1984,0.8750731790180674,1.25,1.0444444444444445,False,False
1505809,Portel,PA,-2.5655619489445045,-50.955689990939234,65,0.024525126941197503,0.7727839694100173,1976,0.8750731790180674,0.15,1.7777777777777777,False,False
1505908,Porto de Moz,PA,-2.1846001616045063,-52.54772494714227,65,0.06250000000000001,0.46174282539108646,2012,0.2148498852809811,0.0,0.9111111111111111,False,False
1506005,Prainha,PA,-2.120193133775095,-53.66018334051155,65,0.04230769230769231,0.6183417469175422,2015,0.25293286153182654,0.3,1.5777777777777777,False,False
1506104,Primavera,PA,-0.9527963331956608,-47.13135363162618,65,0.25727339046158165,0.0024545435651663955,1979,0.0026462554447947892,2.7,5.488888888888889,True,True
1506112,Quatipuru,PA,-0.8601559230876049,-47.015530335400456,65,0.26730769230769236,0.0016454351395933779,1979,0.002462803962555173,2.45,4.888888888888889,True,True
1506138,Redenção,PA,-8.069354622149474,-50.19816395095936,65,-0.15192307692307694,0.07361518372015567,2004,0.16144984740732568,0.0,1.2666666666666666,False,False
1506161,Rio Maria,PA,-7.340715669819533,-49.895013451800025,65,0.08846153846153848,0.2975531675111377,1965,0.8603610817965768,0.0,1.4,False,False
1506187,Rondon do Pará,PA,-4.516997396369414,-48.459872142359806,65,0.19615384615384618,0.02089672865779774,1993,0.13083421265918208,0.0,0.15555555555555556,True,False
1506195,Rurópolis,PA,-4.241004277863611,-55.21077078526625,65,-0.06634615384615386,0.43464303240459945,2008,0.7059061814503923,0.1,1.6666666666666667,False,False
1506203,Salinópolis,PA,-0.6840197286274091,-47.351743307980975,65,0.43653846153846154,2.7395329624552836e-07,1991,0.00023831817146721104,0.15,4.044444444444444,True,True
1506302,Salvaterra,PA,-0.7966920632352316,-48.62986715311325,65,-0.020192307692307693,0.8120531453899646,2000,0.4166794406211764,2.15,2.1777777777777776,False,False
1506351,Santa Bárbara do Pará,PA,-1.1942798816046494,-48.25050616111829,65,-0.05576923076923077,0.5113605348757182,2000,0.6535150821111455,3.3,7.133333333333334,False,False
1506401,Santa Cruz do Arari,PA,-0.5833888872275939,-49.31388111725574,65,-0.11346153846153846,0.18152087117928373,1999,0.006217636299301284,1.55,0.4222222222222222,False,True
1506500,Santa Izabel do Pará,PA,-1.3651698514105444,-48.12945863101287,65,-0.11826923076923078,0.16371030112364793,2005,0.12687530739535213,3.3,6.222222222222222,False,False
1506559,Santa Luzia do Pará,PA,-1.6566608185303102,-46.92689432142778,65,0.08750000000000001,0.302835364563549,2000,0.5439095912556042,1.4,3.422222222222222,False,False
1506583,Santa Maria das Barreiras,PA,-8.633866616321917,-50.31432713195048,65,0.007692307692307694,0.9278246057348423,1964,1.0,0.0,0.5333333333333333,False,False
1506609,Santa Maria do Pará,PA,-1.3745127404404165,-47.52168053759117,65,0.19134615384615386,0.024244568973916657,2013,0.1567533113111856,2.65,6.933333333333334,True,False
1506708,Santana do Araguaia,PA,-9.363915886588387,-50.61120869241652,65,0.13846153846153847,0.10300031496560585,2012,0.0954805823504146,0.0,1.3777777777777778,False,False
1506807,Santarém,PA,-2.6793359738596747,-55.23821260422752,65,0.05576923076923077,0.5113605348757182,2003,0.9348700819203165,0.45,1.3777777777777778,False,False
1506906,Santarém Novo,PA,-0.913340391166832,-47.33295422394244,65,0.2778846153846154,0.0010668362682036238,1977,0.003768064279825467,1.1,6.488888888888889,True,True
1507003,Santo Antônio do Tauá,PA,-1.093084338119853,-48.18296811217402,65,-0.08653846153846155,0.308179547467054,2005,0.4264390421954524,2.6,6.644444444444445,False,False
1507102,São Caetano de Odivelas,PA,-0.864985146437754,-48.0257217186606,65,0.09665785323883723,0.25513858177221016,1990,0.488220905503328,0.75,5.844444444444444,False,False
1507151,São Domingos do Araguaia,PA,-5.657585102476546,-48.73059497957319,65,0.22842029994252575,0.007162326716989443,2007,0.036065047811419726,0.0,0.5111111111111111,True,False
1507201,São Domingos do Capim,PA,-1.882527103711496,-47.77146819988553,65,-0.002884615384615385,0.9729024202503425,2007,0.8312453951901982,0.25,3.6222222222222222,False,False
1507300,São Félix do Xingu,PA,-7.229518851355023,-52.2523935488415,65,0.09903846153846155,0.24351526376139854,1986,0.39761982182042743,0.0,0.0,False,False
1507409,São Francisco do Pará,PA,-1.2060106135812505,-47.746794193398905,65,0.10192307692307694,0.2300563729738222,2016,0.24625239477921027,2.0,6.466666666666667,False,False
1507458,São Geraldo do Araguaia,PA,-6.189150022660058,-48.74824904646936,65,0.1836538461538462,0.030568176043374543,2007,0.0374280118542835,0.5,1.0666666666666667,True,False
1507466,São João da Ponta,PA,-0.870372210407249,-47.96450363899024,65,0.1355769230769231,0.11037483702198604,2006,0.3701743102121331,0.75,5.844444444444444,False,False
1507474,São João de Pirabas,PA,-0.7838417398711806,-47.217979909182745,65,0.42173600642020026,6.866059723750612e-07,1979,0.00012053616483888974,1.5,4.4222222222222225,True,True
1507508,São João do Araguaia,PA,-5.447366165506837,-48.69668778444993,65,0.24711538461538465,0.00361484293919508,1993,0.07838680053058594,0.3,1.711111111111111,True,False
1507607,São Miguel do Guamá,PA,-1.5515181627760652,-47.61076367120348,65,0.06538461538461539,0.4413305118271882,2016,0.18137345418813178,1.65,5.933333333333334,False,False
1507706,São Sebastião da Boa Vista,PA,-1.434092041827071,-49.68030851597181,65,-0.10673076923076924,0.2088161029308362,1980,0.39761982182042743,0.55,0.5111111111111111,False,False
1507755,Sapucaia,PA,-6.838930889911674,-49.5699127738476,65,0.14859341617313782,0.08022258263906404,1990,0.11200893327810173,0.0,1.8,False,False
1507805,Senador José Porfírio,PA,-4.169282064102204,-51.77405037388633,65,0.17115384615384618,0.043857193295064656,2003,0.05185908915400302,0.0,0.0,False,False
1507904,Soure,PA,-0.4479722500141849,-48.69777691761197,65,0.06634615384615386,0.43464303240459945,1974,0.28840837545464815,1.65,0.6666666666666666,False,False
1507953,Tailândia,PA,-2.9077286096070427,-48.73667421874834,65,0.23996153615014815,0.004726933269919407,2003,0.008277522134492668,0.0,1.4,True,True
1507961,Terra Alta,PA,-1.002536077277186,-47.84821241501863,65,0.043269230769230775,0.610384513874678,1984,1.0,1.75,7.533333333333333,False,False
1507979,Terra Santa,PA,-1.951541296092853,-56.45838917485293,65,-0.21153846153846156,0.012738072274857487,2000,0.0011753288348386205,0.0,1.7555555555555555,True,True
1508001,Tomé-Açu,PA,-2.635899281462243,-48.26756044972145,65,0.25000000000000006,0.0032408345715186702,2003,0.007421232664532038,0.0,3.111111111111111,True,True
1508035,Tracuateua,PA,-1.0410976443319886,-46.93899251224661,65,0.2173076923076923,0.010499001925212305,1979,0.013490690078320355,2.6,4.711111111111111,True,True
1508050,Trairão,PA,-5.130173997587453,-56.00347261389183,65,-0.057692307692307696,0.49690584756476786,2000,0.9047890422433168,0.0,2.311111111111111,False,False
1508084,Tucumã,PA,-6.820137459438173,-51.39134627670833,65,0.17500000000000002,0.03932745024003653,1990,0.1476898403483945,0.15,1.3333333333333333,False,False
1508100,Tucuruí,PA,-3.8561995643284814,-49.82113735958237,65,0.1125,0.18524939541359853,1969,0.22086846274676056,0.35,1.1555555555555554,False,False
1508126,Ulianópolis,PA,-3.809797570341855,-47.49351816512394,65,0.21784083341887195,0.010328034880916924,1973,0.09861252850976931,0.0,2.3555555555555556,True,False
1508159,Uruará,PA,-3.583536314180636,-53.8073744015927,65,-0.09423076923076924,0.26715785444604245,1986,0.2810327034097539,0.15,0.7777777777777778,False,False
1508209,Vigia,PA,-0.933517618621788,-48.10493323022957,65,0.04134615384615385,0.6263439932763901,2017,1.0,1.5,5.488888888888889,False,False
1508308,Viseu,PA,-1.5229999915604162,-46.453002741479054,65,0.08750000000000001,0.302835364563549,1973,0.18137345418813178,1.1,4.088888888888889,False,False
1508357,Vitória do Xingu,PA,-3.135197788563665,-51.97401806061424,65,0.15,0.07733678360610473,2012,0.20895933922108018,0.9,1.2222222222222223,False,False
1508407,Xinguara,PA,-6.91792476072807,-49.6350326607321,65,0.18033181574409932,0.03374937209755177,1989,0.16384004642757882,0.0,1.6444444444444444,False,False
1600055,Serra do Navio,AP,1.6517360114730937,-52.268162142301385,65,-0.11826923076923078,0.16371030112364793,1974,0.06849092646366872,0.0,0.0,False,False
1600105,Amapá,AP,1.7465609621446347,-50.59233591030987,65,0.36634615384615393,1.6034472386638018e-05,1999,0.00011375263429501414,0.15,1.6222222222222222,True,True
1600154,Pedra Branca do Amapari,AP,1.1574430276411432,-52.51939710408869,65,-0.09088723513502604,0.2846107812127473,1972,0.036065047811419726,0.0,0.0,False,False
1600204,Calçoene,AP,2.4238545086989847,-51.40682284511768,65,0.2971153846153846,0.000467469124277752,1982,0.0009106077957510727,0.1,1.1111111111111112,True,True
1600212,Cutias,AP,1.035609934449566,-50.48692724502404,65,0.10723731976249104,0.20676564463432057,1998,0.3035887052227368,0.0,0.0,False,False
1600238,Ferreira Gomes,AP,0.9570221223023736,-51.41726887512248,65,-0.09134615384615387,0.2820779190565359,1974,0.10513368645374463,0.9,1.4444444444444444,False,False
1600253,Itaubal,AP,0.5383786226680494,-50.64031062358965,65,-0.13173076923076923,0.120849081775192,1992,0.0810416956090477,0.0,0.8,False,False
1600279,Laranjal do Jari,AP,1.1009738472065171,-53.31023121916329,65,-0.15051695554107486,0.07638759276875527,1973,0.036065047811419726,0.0,0.0,False,False
1600303,Macapá,AP,0.562905653704529,-50.69183857333386,65,-0.13173076923076923,0.120849081775192,1992,0.0810416956090477,0.0,0.8,False,False
1600402,Mazagão,AP,-0.0668930683471048,-51.951169049267925,65,-0.2384615384615385,0.004984294489621833,1992,0.008833456203955271,0.0,1.3333333333333333,True,True
1600501,Oiapoque,AP,3.111838786406561,-51.89906914045191,65,0.2557692307692308,0.002596549603187962,1984,0.016564659416996794,0.0,0.0,True,True
1600535,Porto Grande,AP,0.5856265018352551,-51.66995993121855,65,-0.2692307692307693,0.001522419555560495,1979,0.0028422709815247326,1.65,2.977777777777778,True,True
1600550,Pracuúba,AP,1.62589981450973,-51.278434350743936,65,0.23750000000000004,0.005162356812227657,1982,0.011412212598447198,0.0,1.488888888888889,True,True
1600600,Santana,AP,0.1297245509140335,-51.37829157742544,65,-0.24765569362189638,0.003549369620187313,1991,0.0003804860681651944,1.3,2.1777777777777776,True,True
1600709,Tartarugalzinho,AP,1.2975785855108182,-50.99259418354106,65,0.09423076923076924,0.26715785444604245,1984,0.09861252850976931,0.25,2.4444444444444446,False,False
1600808,Vitória do Jari,AP,-0.9963842617643842,-52.06125827965608,65,-0.058653846153846154,0.48976100930269273,1979,0.3701743102121331,0.0,0.9555555555555556,False,False
1700251,Abreulândia,TO,-9.47880357449757,-49.31143581831489,65,0.28612648098063753,0.0007555697077897094,1993,0.0017522531245164833,0.6,1.9777777777777779,True,True
1700301,Aguiarnópolis,TO,-6.488537418101555,-47.51345514661573,65,0.2625,0.0019940551290711004,1994,0.000740156073171146,0.8,1.2222222222222223,True,True
1700350,Aliança do Tocantins,TO,-11.331220588313906,-48.9082796722514,65,0.1091608591304281,0.19873811491004922,1977,0.05094663626170904,0.35,1.6222222222222222,False,False
1700400,Almas,TO,-11.42923729416638,-47.21089551326117,65,0.24326923076923082,0.004174560184218526,1988,0.014652703987493569,1.05,3.2222222222222223,True,True
1700707,Alvorada,TO,-12.407466025395598,-49.1117391074829,64,0.19742063492063494,0.02111836527604214,1976,0.016984015751798063,0.7,1.8222222222222222,True,True
1701002,Ananás,TO,-6.232707449809463,-48.18661825596392,65,0.25000000000000006,0.0032408345715186702,1993,0.025628914308205172,0.8,1.9111111111111112,True,True
1701051,Angico,TO,-6.435874474265603,-47.91315478280252,65,0.1432692307692308,0.09158551296933214,1984,0.17118085708445183,0.65,1.8444444444444446,False,False
1701101,Aparecida do Rio Negro,TO,-9.98660201791357,-48.00006106392405,65,0.12121213523403049,0.15366212026230522,1974,0.31934808891406874,0.9,2.7777777777777777,False,False
1701309,Aragominas,TO,-6.945462356811391,-48.63245325724746,65,0.2625,0.0019940551290711004,1990,0.031038301874568873,0.5,1.7777777777777777,True,False
1701903,Araguacema,TO,-8.938947835246347,-49.505460003105725,65,0.0956960835548687,0.2598973828658927,1990,0.6218936233037753,0.35,1.0444444444444445,False,False
1702000,Araguaçu,TO,-12.83998995250248,-49.69633706516855,65,0.14615384615384616,0.08523973864681578,1975,0.01869710762272877,0.7,3.1333333333333333,False,True
1702109,Araguaína,TO,-7.331391331193678,-48.587542417639405,65,0.15821111301282312,0.06251496407922592,1992,0.2270165572915539,1.1,2.8,False,False
1702158,Araguanã,TO,-6.791018750865416,-48.5245047518889,65,0.3461538461538462,4.5778176066647814e-05,2007,0.004964549597557599,1.0,3.6444444444444444,True,True
1702208,Araguatins,TO,-5.665790061772677,-48.10485040067913,65,0.27362347508904666,0.0012757496898913772,2015,0.043340125789311776,0.3,1.9333333333333333,True,False
1702307,Arapoema,TO,-7.723458344283818,-48.99977419153928,65,0.05241644777628486,0.5371681928213778,1977,0.27023411846283146,0.65,1.8,False,False
1702406,Arraias,TO,-12.817029698760903,-47.04761905467221,65,0.11300793786630221,0.1833710915902007,1967,0.6535150821111455,1.25,2.111111111111111,False,False
1702554,Augustinópolis,TO,-5.497923870678743,-47.92806692662579,65,0.1701923076923077,0.0450560990200837,1976,0.04829200871359571,1.4,2.511111111111111,False,False
1702703,Aurora do Tocantins,TO,-12.646664893938114,-46.43287463284366,65,0.037989902516756914,0.6546898017710854,2015,0.17118085708445183,1.4,2.1333333333333333,False,False
1702901,Axixá do Tocantins,TO,-5.649362549784301,-47.76611048019912,65,0.1351286405975784,0.11163777107250235,1975,0.186646930242533,1.95,2.7777777777777777,False,False
1703008,Babaçulândia,TO,-7.174470464914145,-47.85677654602237,65,0.18653846153846157,0.028047779175604026,2006,0.16144984740732568,2.9,3.6444444444444444,True,False
1703057,Bandeirantes do Tocantins,TO,-7.902971952765927,-48.6755218757248,65,0.14711538461538462,0.08320523933786642,1997,0.16144984740732568,1.15,2.8222222222222224,False,False
1703073,Barra do Ouro,TO,-7.71770889112916,-47.57862426765529,65,-0.025,0.7684583572208751,1967,0.39761982182042743,3.3,4.066666666666666,False,False
1703107,Barrolândia,TO,-9.865804878917745,-48.79121549746753,65,0.25192307692307697,0.003011458854391665,1988,0.05967975380939963,0.8,2.0444444444444443,True,False
1703206,Bernardo Sayão,TO,-7.983491992855985,-48.96912939906872,65,0.10192307692307694,0.2300563729738222,1977,0.1348934261598594,2.1,2.577777777777778,False,False
1703305,Bom Jesus do Tocantins,TO,-9.012419327501783,-47.87923828102681,65,0.23076923076923078,0.006578413612826367,1977,0.009222685932882982,0.8,2.1777777777777776,True,True
1703602,Brasilândia do Tocantins,TO,-8.289902904809056,-48.44275213310539,65,0.21346153846153848,0.011948725315964503,2010,0.10182967849068571,1.3,3.066666666666667,True,False
1703701,Brejinho de Nazaré,TO,-11.029214182247712,-48.624196752695966,65,0.20961538461538465,0.01357322433412817,1973,0.053726377031536474,1.75,1.8666666666666667,True,False
1703800,Buriti do Tocantins,TO,-5.337638214948201,-48.1362984398496,65,0.1451923076923077,0.08731427299935919,1973,0.09243219495343426,0.3,2.2888888888888888,False,False
1703826,Cachoeirinha,TO,-6.089964794606238,-47.841323298853965,65,0.18846153846153849,0.026468838133317404,2006,0.043340125789311776,0.3,1.2444444444444445,True,False
1703842,Campos Lindos,TO,-8.20370663108901,-46.8044833673743,65,0.14134615384615387,0.09602308626391638,2003,0.12687530739535213,0.65,1.0222222222222221,False,False
1703867,Cariri do Tocantins,TO,-11.932996773432691,-49.20285298260762,65,0.12500000000000003,0.14103164052071637,1972,0.04829200871359571,0.8,2.2444444444444445,False,False
1703883,Carmolândia,TO,-7.045197245028206,-48.37457739751062,65,0.26730769230769236,0.0016454351395933779,2012,0.043340125789311776,0.95,2.8,True,False
1703891,Carrasco Bonito,TO,-5.337093625692448,-48.01004087844763,65,0.16442307692307695,0.05284397831918954,1976,0.04658952974594933,0.3,1.9111111111111112,False,False
1703909,Caseara,TO,-9.401535313233516,-49.84857546286075,65,0.14038461538461539,0.09830553419312299,1999,0.036065047811419726,0.0,2.488888888888889,False,False
1704105,Centenário,TO,-9.07372823208952,-47.44473660254136,65,0.21880260310284047,0.009995887504353922,1984,0.08946573118645543,0.2,1.8666666666666667,True,False
1704600,Chapada de Areia,TO,-10.165806754735552,-49.19561024812777,65,0.1447463374372637,0.08836161353687573,1985,0.00864448741560127,0.45,1.8222222222222222,False,True
1705102,Chapada da Natividade,TO,-11.541040273872923,-47.84638606975614,65,0.21442307692307694,0.011570560282309688,1975,0.011412212598447198,0.85,2.4444444444444446,True,True
1705508,Colinas do Tocantins,TO,-8.076470173181832,-48.5301187058357,65,0.13269230769230772,0.11816028735144751,1978,0.4775403025455924,0.8,1.9555555555555555,False,False
1705557,Combinado,TO,-12.846344046704091,-46.50368108453843,65,0.0504929084083478,0.5522078519617892,2011,0.3274473959752802,2.35,3.066666666666667,False,False
1705607,Conceição do Tocantins,TO,-12.17099021570793,-47.303640828514446,65,0.13461538461538464,0.11292366071592867,1985,0.186646930242533,0.65,2.022222222222222,False,False
1706001,Couto Magalhães,TO,-8.436727927693624,-49.16235932681307,65,0.05051721305880864,0.5521951110064673,1973,0.7534782860978246,1.45,0.8888888888888888,False,False
1706100,Cristalândia,TO,-10.636432219302144,-49.31235005399432,65,0.12409813845388835,0.14410212934969785,1979,0.14991503165091513,0.4,2.6222222222222222,False,False
1706258,Crixás do Tocantins,TO,-11.171923391937629,-49.07270883747709,65,0.13609041028154692,0.10911190299897842,1973,0.06733218398429211,0.75,1.7333333333333334,False,False
1706506,Darcinópolis,TO,-6.763484018498317,-47.76785175958921,65,0.10627555007852252,0.21086656133805426,1994,0.2148498852809811,0.35,1.2444444444444445,False,False
1707009,Dianópolis,TO,-11.694824200098347,-46.79576168333696,64,0.1884920634920635,0.02769524240028,1971,0.14111255129611186,1.05,4.355555555555555,True,False
1707108,Divinópolis do Tocantins,TO,-9.695137596172792,-49.354944005070266,65,0.15961538461538463,0.06016535794097843,1984,0.13083421265918208,0.35,1.5555555555555556,False,False
1707207,Dois Irmãos do Tocantins,TO,-9.270920267641491,-49.06694911040921,65,0.16634615384615387,0.05013161313138197,1991,0.06619019684698552,0.6,1.8666666666666667,False,False
1707306,Dueré,TO,-11.427256908995222,-49.39141503266392,65,0.25000000000000006,0.0032408345715186702,1975,0.001300071683545282,1.15,2.9555555555555557,True,True
1707405,Esperantina,TO,-5.3262358270655605,-48.54024430902886,65,0.24134615384615388,0.0044829332297607605,1973,0.05565131986374875,0.0,1.8444444444444446,True,False
1707553,Fátima,TO,-10.809785287024134,-48.8723810407689,65,0.036066363148819856,0.671120497037035,1977,0.1567533113111856,0.4,0.8666666666666667,False,False
1707652,Figueirópolis,TO,-12.263421469155224,-49.28258316857233,65,0.18269230769230774,0.03145044869191862,1976,0.036065047811419726,0.45,1.8222222222222222,True,False
1707702,Filadélfia,TO,-7.496676677862049,-47.79369748424896,65,0.1076923076923077,0.20474428938111378,2008,0.4166794406211764,2.1,2.688888888888889,False,False
1708205,Formoso do Araguaia,TO,-11.95819046812804,-50.0976450329951,65,0.33653846153846156,7.402320460146379e-05,1976,0.0008648513865648905,0.0,1.5555555555555556,True,True
1708254,Tabocão,TO,-9.07134036182078,-48.54594020042072,65,0.2461538461538462,0.003747978450523647,1974,0.019460569787467734,0.2,1.9111111111111112,True,True
1708304,Goianorte,TO,-8.873211190905261,-49.01123622613451,65,0.19572013068759578,0.021210258269198,1990,0.032846101674306516,0.65,2.7777777777777777,True,False
1709005,Goiatins,TO,-8.094096939544148,-47.48149326666491,65,-0.003846153846153847,0.9638752961842721,1967,0.6794395367093345,0.8,2.2888888888888888,False,False
1709302,Guaraí,TO,-8.738427909122251,-48.44166630815904,65,0.29959125655619695,0.0004201388669719709,1974,0.014354064965957853,0.5,2.8666666666666667,True,True
1709500,Gurupi,TO,-11.65156619652296,-48.88730376025046,65,0.18802597321584755,0.026853754628495104,1977,0.004429006031742941,0.45,1.5333333333333334,True,True
1709807,Ipueiras,TO,-11.134999365686893,-48.40356117784237,65,0.0451923076923077,0.5946081162160604,1973,0.17118085708445183,1.85,2.0,False,False
1710508,Itacajá,TO,-8.571551137863985,-47.66932217760184,65,0.3288461538461539,0.00010777444489636407,2003,0.0015104921756299722,0.45,1.1555555555555554,True,True
1710706,Itaguatins,TO,-5.802706471130005,-47.59508209314711,65,0.1355769230769231,0.11037483702198604,2007,0.3440897276461011,1.65,1.6888888888888889,False,False
1710904,Itapiratins,TO,-8.316118114644446,-48.03328999004241,65,0.2153846153846154,0.011203053689114175,2003,0.08946573118645543,0.9,2.2444444444444445,True,False
1711100,Itaporã do Tocantins,TO,-8.451223376648404,-48.75262659124558,65,0.09184900481899458,0.27954505705217947,1973,0.2810327034097539,0.4,2.0,False,False
1711506,Jaú do Tocantins,TO,-12.747699897222097,-48.64547918143293,65,0.12506013952717432,0.14101889957605582,1969,0.4363521181567188,0.35,1.9111111111111112,False,False
1711803,Juarina,TO,-8.140807228823926,-49.11033726613148,65,0.13076923076923078,0.12358551912882432,1974,0.12301501734761935,1.8,1.8,False,False
1711902,Lagoa da Confusão,TO,-11.035042007052782,-50.160454391762464,65,0.3163461538461539,0.00019516704883354148,1996,0.00014326382524497397,0.0,0.8444444444444444,True,True
1711951,Lagoa do Tocantins,TO,-10.34190240251158,-47.48119684789313,65,0.13416687091360988,0.11420955038938597,1976,0.11558351804791793,0.8,2.8,False,False
1712009,Lajeado,TO,-9.850493678928768,-48.29098036712209,65,0.16153846153846155,0.057141691282258024,2016,0.1567533113111856,0.8,1.9111111111111112,False,False
1712157,Lavandeira,TO,-12.81254572205543,-46.41062686833516,65,0.06923076923076923,0.4149352520971258,2011,0.13905464099683393,1.75,2.911111111111111,False,False
1712405,Lizarda,TO,-9.524726407315107,-46.93911909944905,65,0.10819908944645958,0.2027229342358049,1997,0.11925165071939424,0.85,2.2222222222222223,False,False
1712454,Luzinópolis,TO,-6.206006406435871,-47.830708539634536,65,0.24903846153846157,0.0033613933934444453,2006,0.002980308205688745,1.1,2.2,True,True
1712504,Marianópolis do Tocantins,TO,-9.787589607162923,-49.700046363161896,65,0.19519230769230772,0.021532075658869866,1986,0.05565131986374875,0.0,1.6,True,False
1712702,Mateiros,TO,-10.582868899158324,-46.50247061400813,65,0.2611204691974558,0.002110810335381959,1986,0.0015873987178454797,0.0,0.6,True,True
1712801,Maurilândia do Tocantins,TO,-6.023204737931744,-47.58996705160913,65,0.15384615384615388,0.07004133687461596,2007,0.1348934261598594,1.35,1.8,False,False
1713205,Miracema do Tocantins,TO,-9.754018007668495,-48.551508474332906,65,0.2509615384615385,0.0031242280963713507,2014,0.05565131986374875,0.55,1.2666666666666666,True,False
1713304,Miranorte,TO,-9.416178869957566,-48.6836528769474,65,0.23707622709824253,0.00525280038024018,1993,0.05864988548208383,0.8,1.9777777777777779,True,False
1713601,Monte do Carmo,TO,-10.747511874651584,-48.01723189796244,65,0.13416687091360988,0.11420955038938597,1968,0.3035887052227368,1.85,1.6888888888888889,False,False
1713700,Monte Santo do Tocantins,TO,-9.99947961566538,-49.06729463234125,65,0.12980769230769232,0.1263700865857364,1979,0.11558351804791793,0.8,1.8444444444444446,False,False
1713809,Palmeiras do Tocantins,TO,-6.6002674716703575,-47.642720771974616,65,0.17115384615384618,0.043857193295064656,1994,0.053726377031536474,1.15,2.066666666666667,False,False
1713957,Muricilândia,TO,-7.00328604006975,-48.78660299019908,65,0.2625,0.0019940551290711004,1990,0.015903853144033468,0.3,1.711111111111111,True,True
1714203,Natividade,TO,-11.798154065168752,-47.648775208574726,65,0.2855769230769231,0.0007713869357615674,1985,0.0002519655793723025,0.35,1.4444444444444444,True,True
1714302,Nazaré,TO,-6.330389666382033,-47.78144922397974,65,0.23076923076923078,0.006578413612826367,1993,0.015903853144033468,1.1,2.0,True,True
1714880,Nova Olinda,TO,-7.637893859500682,-48.36071112045952,65,0.10819908944645958,0.2027229342358049,2007,0.44136624814539166,0.8,1.9111111111111112,False,False
1715002,Nova Rosalândia,TO,-10.549929413053317,-48.9732374257612,65,0.04615384615384616,0.5867904254454406,1977,0.23329562826712694,0.85,2.8222222222222224,False,False
1715101,Novo Acordo,TO,-10.155076735858506,-47.383012931435545,65,0.17692307692307696,0.037215712459128636,1976,0.08377208835709478,0.8,1.9555555555555555,False,False
1715150,Novo Alegre,TO,-12.914287573147307,-46.55963310762749,65,0.05288461538461539,0.5334472631525882,2011,0.22086846274676056,1.3,2.311111111111111,False,False
1715259,Novo Jardim,TO,-11.778980685304084,-46.57032401035233,65,0.15673076923076926,0.06494862597449932,1971,0.13905464099683393,0.75,3.8,False,False
1715507,Oliveira de Fátima,TO,-10.674428591977872,-48.87577915069574,65,0.0826923076923077,0.33017658764094726,1977,0.1662584764648557,0.4,1.9111111111111112,False,False
1715705,Palmeirante,TO,-7.885872821486628,-48.15626280437072,65,0.13269230769230772,0.11816028735144751,2003,0.4363521181567188,0.8,2.7111111111111112,False,False
1715754,Palmeirópolis,TO,-13.01976285525178,-48.34878717930192,65,0.17744650669219372,0.03670010772113383,1991,0.1662584764648557,0.1,1.3111111111111111,False,False
1716109,Paraíso do Tocantins,TO,-10.21825497487458,-48.82731231368148,65,0.15288461538461542,0.07181004824924186,1978,0.04658952974594933,0.45,1.9555555555555555,False,False
1716208,Paranã,TO,-12.696226307573088,-47.81353560964533,65,0.18750000000000003,0.0272484408923059,2009,0.06619019684698552,1.25,1.7555555555555555,True,False
1716307,Pau d'Arco,TO,-7.545005285059335,-48.98844837121362,65,0.18942307692307694,0.02570858110600464,1978,0.09243219495343426,0.65,2.6444444444444444,True,False
1716505,Pedro Afonso,TO,-9.22693915450314,-48.03417478751363,65,0.30480769230769234,0.0003315439544841348,1974,0.0051949151795271575,0.7,2.1777777777777776,True,True
1716604,Peixe,TO,-11.996516318101694,-48.555181182721526,65,0.24711538461538465,0.00361484293919508,1977,0.05565131986374875,0.95,2.6,True,False
1716653,Pequizeiro,TO,-8.379548864410916,-48.91708833247239,65,0.060606067617015244,0.4756246293310803,1973,0.4264390421954524,1.75,1.8444444444444446,False,False
1716703,Colméia,TO,-8.836501679677735,-48.7656435074732,65,0.29134615384615387,0.0006018054223742369,1990,0.01190277071465173,0.4,1.8666666666666667,True,True
1717008,Pindorama do Tocantins,TO,-11.159693901107902,-47.55882358258103,65,0.1451923076923077,0.08731427299935919,1976,0.04028960206658344,0.35,2.4,False,False
1717206,Piraquê,TO,-6.738600166074929,-48.23959622916615,65,0.2028846153846154,0.016889495653524298,1987,0.01241227887176321,1.35,4.4222222222222225,True,True
1717503,Pium,TO,-10.209602104190308,-49.87193754831809,65,0.32459726833937874,0.00013264444071617955,1997,0.006795167961004818,0.05,1.4444444444444444,True,True
1717800,Ponte Alta do Bom Jesus,TO,-12.05744015667378,-46.59319104646607,65,0.049531138724379274,0.5598044313596797,2014,0.44641878404152746,1.35,3.2888888888888888,False,False
1717909,Ponte Alta do Tocantins,TO,-10.74957923069453,-47.32456821672367,64,0.24162739518014104,0.004779347452424864,1976,0.007819899402244066,0.5,2.066666666666667,True,True
1718006,Porto Alegre do Tocantins,TO,-11.510848432882026,-47.04675114141607,65,0.31057692307692314,0.0002549309139161262,1985,0.0006666083254009841,1.05,3.9555555555555557,True,True
1718204,Porto Nacional,TO,-10.543450198110977,-48.49656592068763,65,0.09615384615384617,0.25751798224906275,1969,0.18137345418813178,1.55,2.022222222222222,False,False
1718303,Praia Norte,TO,-5.474836155956959,-47.7819575800637,65,0.15480769230769234,0.06830853679511892,1975,0.05763530883303764,1.95,2.3777777777777778,False,False
1718402,Presidente Kennedy,TO,-8.46185438798324,-48.46159871219915,65,0.24711538461538465,0.00361484293919508,1997,0.031038301874568873,1.3,3.066666666666667,True,False
1718451,Pugmil,TO,-10.42250884551395,-48.88237607045786,65,0.15096153846153848,0.07545725721395402,1979,0.025628914308205172,0.85,2.8222222222222224,False,True
1718501,Recursolândia,TO,-8.69725247553993,-47.11308543316331,65,0.15821111301282312,0.06251496407922592,2003,0.04916326394719958,1.1,1.3555555555555556,False,False
1718550,Riachinho,TO,-6.459941469437539,-48.136269084669685,65,0.2384615384615385,0.004984294489621833,1994,0.015266779927279142,1.35,3.6,True,True
1718659,Rio da Conceição,TO,-11.33698588514501,-46.73755703495437,65,0.3063236443439767,0.000310522089898399,1975,0.014060907443860605,0.7,2.8,True,True
1718709,Rio dos Bois,TO,-9.235864313198348,-48.45252927996408,65,0.22596153846153846,0.007794343351490569,1974,0.033468923782858755,0.65,2.088888888888889,True,False
1718758,Rio Sono,TO,-9.64737459477128,-47.4959472992319,65,0.24230769230769236,0.004326256244848926,1991,0.024653148270964056,0.8,2.888888888888889,True,True
1718808,Sampaio,TO,-5.329712558577591,-47.91881267287288,65,0.1577681760188968,0.06331202820795943,1976,0.13083421265918208,0.3,1.9111111111111112,False,False
1718840,Sandolândia,TO,-12.400945377607002,-49.87609245109724,65,0.2538461538461539,0.0027969856672858465,1976,0.021071406588780116,0.0,2.1333333333333333,True,True
1718865,Santa Fé do Araguaia,TO,-7.093208932819822,-48.97484043630679,65,0.2759615384615385,0.001155531811201797,1990,0.009627408979904085,0.3,2.5555555555555554,True,True
1718881,Santa Maria do Tocantins,TO,-8.82470577234321,-47.84829786522787,65,0.3086538461538462,0.0002784022343653123,1991,0.009627408979904085,0.55,2.1777777777777776,True,True
1718899,Santa Rita do Tocantins,TO,-10.970067125616705,-49.29498693099551,65,0.17500000000000002,0.03932745024003653,1977,0.015903853144033468,0.75,2.5555555555555554,False,True
1718907,Santa Rosa do Tocantins,TO,-11.397310284974372,-48.10821050757813,65,0.17359942795631958,0.04097402076403402,1976,0.013490690078320355,0.5,1.711111111111111,False,True
1719004,Santa Tereza do Tocantins,TO,-10.298953090518603,-47.7416235304546,65,0.09711538461538463,0.252789642803682,1976,0.1975562773493669,1.25,3.2888888888888888,False,False
1720002,Santa Terezinha do Tocantins,TO,-6.472720682660546,-47.75106906344104,65,0.22019230769230771,0.00951664515111635,1994,0.08377208835709478,1.45,2.9555555555555557,True,False
1720101,São Bento do Tocantins,TO,-5.9759975269106,-47.93985761076589,65,0.22115384615384617,0.009207901182984903,1989,0.05967975380939963,0.6,2.3333333333333335,True,False
1720150,São Félix do Tocantins,TO,-10.068641890766012,-46.6779127955454,65,0.17788461538461542,0.03619655620523172,1988,0.04658952974594933,0.0,0.0,False,False
1720200,São Miguel do Tocantins,TO,-5.543486051072059,-47.59773598171212,65,0.14711538461538462,0.08320523933786642,1973,0.23329562826712694,1.65,1.6888888888888889,False,False
1720259,São Salvador do Tocantins,TO,-12.577406990139542,-48.36413021962293,65,0.15,0.07733678360610473,1968,0.4264390421954524,0.25,1.5777777777777777,False,False
1720309,São Sebastião do Tocantins,TO,-5.241037109729474,-48.331682705617446,65,0.17211538461538464,0.04268533710848181,1973,0.05763530883303764,0.0,1.9111111111111112,False,False
1720499,São Valério,TO,-11.803990262973205,-48.169866114165984,65,0.18653846153846157,0.028047779175604026,1972,0.019460569787467734,1.55,3.2,True,True
1720655,Silvanópolis,TO,-11.130740211743872,-48.00480307816645,65,0.14962717391704272,0.07827323230058765,1973,0.09243219495343426,0.85,2.088888888888889,False,False
1720804,Sítio Novo do Tocantins,TO,-5.63507639630913,-47.68405912332936,65,0.1278846153846154,0.13208554084772026,1975,0.36132902060287403,1.95,2.7555555555555555,False,False
1720853,Sucupira,TO,-12.113283132054606,-48.83432987107828,65,0.2605769230769231,0.0021515738117853294,1976,0.06849092646366872,0.95,2.6444444444444444,True,False
1720903,Taguatinga,TO,-12.387328370805244,-46.56566848110676,65,0.06349207083687311,0.45486632161966034,2015,0.3398734186798964,1.7,3.2666666666666666,False,False
1720937,Taipas do Tocantins,TO,-12.139718702182744,-46.99374551820969,65,0.15,0.07733678360610473,2009,0.24625239477921027,0.65,2.688888888888889,False,False
1720978,Talismã,TO,-12.682173746439384,-49.04832139359681,65,0.09954316229074281,0.24122696358645712,1974,0.1662584764648557,1.0,2.6,False,False
1721000,Palmas,TO,-10.220190101625809,-48.15199359683462,65,0.16250000000000003,0.05567791074662766,1976,0.3035887052227368,0.45,1.8666666666666667,False,False
1721109,Tocantínia,TO,-9.603329083626967,-48.14089543509581,65,0.18942307692307694,0.02570858110600464,1974,0.06619019684698552,1.15,2.311111111111111,True,False
1721208,Tocantinópolis,TO,-6.256829940952829,-47.53806192753204,65,0.17219819211818616,0.04267869078315606,2006,0.03812622858322327,0.8,1.6,False,False
1721257,Tupirama,TO,-8.93855172542253,-48.259637132003895,65,0.17263765827235106,0.04210611321547513,1974,0.027683537119878636,0.1,1.0222222222222221,False,False
1721307,Tupiratins,TO,-8.356601858911342,-48.210722422912006,65,0.24423076923076928,0.004027705527632766,2003,0.053726377031536474,1.35,3.2666666666666666,True,False
1722081,Wanderlândia,TO,-6.910017465839693,-48.00195744405006,65,0.1937965913196587,0.022514456634614544,1994,0.032846101674306516,0.8,1.9555555555555555,True,False
1722107,Xambioá,TO,-6.545436559544117,-48.451009226769656,65,0.2890117900325431,0.0006676086746386853,1994,0.0031990023147593274,1.0,2.8222222222222224,True,True
2100055,Açailândia,MA,-4.785822249318076,-47.33221876488204,65,0.09711538461538463,0.252789642803682,1976,0.4775403025455924,0.3,2.2666666666666666,False,False
2100105,Afonso Cunha,MA,-4.214801620593044,-43.2973965988494,65,-0.075,0.3771411397870088,2009,0.488220905503328,0.75,4.022222222222222,False,False
2100154,Água Doce do Maranhão,MA,-2.9465093781964304,-42.16626765303633,65,-0.0903846153846154,0.28717451712092856,1982,0.1975562773493669,2.95,2.511111111111111,False,False
2100204,Alcântara,MA,-2.3791990772844183,-44.53983351781696,65,0.1,0.23896882733943936,1973,0.0954805823504146,3.55,2.688888888888889,False,False
2100303,Aldeias Altas,MA,-4.50283393387402,-43.38335952982435,65,-0.025,0.7684583572208751,1986,0.8168482142462784,2.3,2.8,False,False
2100402,Altamira do Maranhão,MA,-4.167042281096276,-45.5027848614125,65,0.1980769230769231,0.0196748921067039,1981,0.07580582880191701,2.35,2.511111111111111,True,False
2100436,Alto Alegre do Maranhão,MA,-4.210637341344176,-44.395836287541336,65,0.19572013068759578,0.021210258269198,1976,0.006080438084738512,3.9,5.355555555555555,True,True
2100477,Alto Alegre do Pindaré,MA,-3.870209936780706,-46.00162657208513,65,0.19860543973950134,0.019377417533906423,1990,0.1947831444025897,0.4,2.0444444444444443,True,False
2100501,Alto Parnaíba,MA,-9.508174273717158,-46.21345797030807,65,0.06491945366787574,0.44468893429885126,2003,0.11200893327810173,1.6,0.5111111111111111,False,False
2100550,Amapá do Maranhão,MA,-1.6730562588340614,-45.947992896135815,65,-0.03655604078486633,0.6669926544890206,1973,0.8973247084478042,3.0,2.8222222222222224,False,False
2100600,Amarante do Maranhão,MA,-5.278189790304267,-46.58191532487715,65,-0.19134615384615386,0.024244568973916657,2010,0.05185908915400302,1.4,0.4,True,False
2100709,Anajatuba,MA,-3.255710429881016,-44.59892831464242,65,0.30055302624016544,0.00040252551857556057,2001,0.00080023307716624,3.5,3.3555555555555556,True,True
2100808,Anapurus,MA,-3.5439560728224966,-43.10774394444492,65,0.25288461538461543,0.002902414552430826,1983,0.0025837459785470547,1.45,2.7555555555555555,True,True
2100832,Apicum-Açu,MA,-1.535520498005227,-45.08737902607919,65,0.1355769230769231,0.11037483702198604,1987,0.17118085708445183,2.05,1.7777777777777777,False,False
2100873,Araguanã,MA,-3.07907714908353,-45.787239566323954,65,0.027884615384615386,0.7426392261972599,1969,0.5911658771176894,2.9,3.2666666666666666,False,False
2100907,Araioses,MA,-2.972178592494934,-42.0170073152746,65,-0.0793459989274037,0.3502298635679155,1982,0.41185713587235795,3.9,2.911111111111111,False,False
2100956,Arame,MA,-5.027583042249111,-45.94585542167784,65,0.17937004606013077,0.03470957048841507,1976,0.15444655733124882,0.7,0.9111111111111111,False,False
2101004,Arari,MA,-3.5333620506508123,-44.72739891455393,65,0.2986294868722284,0.00043846987029448414,2002,0.0011459368637864575,3.5,4.222222222222222,True,True
2101103,Axixá,MA,-2.843813931858347,-44.09862551749114,65,0.23515268773030545,0.0056321602382857685,1971,0.07708717209636004,2.7,2.111111111111111,True,False
2101202,Bacabal,MA,-4.17113249213605,-44.76195943588005,65,0.2509615384615385,0.0031242280963713507,1976,0.02371045067341545,2.75,4.511111111111111,True,True
2101251,Bacabeira,MA,-2.9363807026021624,-44.357973890248594,65,0.27939409319285785,0.001004306637414387,2002,0.007585745827374609,2.9,1.9333333333333333,True,True
2101301,Bacuri,MA,-1.6832140820868138,-45.16260148935599,65,0.1601346523807602,0.05939319528936734,1984,0.10852621480054009,2.05,1.7777777777777777,False,False
2101350,Bacurituba,MA,-2.699515533523256,-44.695080667728405,65,0.12019230769230771,0.1569669882535778,2015,0.39761982182042743,3.15,2.2,False,False
2101400,Balsas,MA,-8.236293169911182,-46.34220993445851,65,0.07692307692307694,0.36503027183830394,2003,0.5911658771176894,1.3,1.3333333333333333,False,False
2101509,Barão de Grajaú,MA,-6.592836774926022,-43.18803761658005,65,0.3086538461538462,0.0002784022343653123,2001,0.005435034567596376,4.15,3.488888888888889,True,True
2101608,Barra do Corda,MA,-5.503942206801444,-45.182995665777405,65,0.13365384615384618,0.11551864505727938,1997,0.5791296951003588,3.9,3.511111111111111,False,False
2101707,Barreirinhas,MA,-2.8397455933538107,-42.910183624487495,65,0.01490743010151221,0.8606822507735123,1979,0.8898836579770303,1.4,1.7555555555555555,False,False
2101731,Belágua,MA,-3.101305593741439,-43.46238612841943,65,0.1730769230769231,0.04154006700988516,1984,0.07085942951772722,0.45,1.5777777777777777,False,False
2101772,Bela Vista do Maranhão,MA,-3.7577327312541824,-45.26553788365919,65,0.21303198499902928,0.012140504533272456,1981,0.02417772552321365,3.75,4.311111111111111,True,True
2101806,Benedito Leite,MA,-7.120532208751734,-44.56825151426462,65,0.08557692307692309,0.3135857504770575,1996,0.3113955087807632,3.3,3.4,False,False
2101905,Bequimão,MA,-2.43099497531078,-44.78568467161984,65,0.02307692307692308,0.7858169534357987,1973,0.7883903763393662,3.05,2.977777777777778,False,False
2101939,Bernardo do Mearim,MA,-4.680141052951651,-44.68788381160147,65,0.1605769230769231,0.058637341033104036,1976,0.024653148270964056,1.65,1.4222222222222223,False,True
2101970,Boa Vista do Gurupi,MA,-1.7620400944146684,-46.17877745373811,65,-0.0826923076923077,0.33017658764094726,1992,0.4264390421954524,1.55,2.8,False,False
2102002,Bom Jardim,MA,-3.900106158328614,-46.41790961818537,65,0.19519230769230772,0.021532075658869866,2004,0.11925165071939424,0.05,2.2888888888888888,True,False
2102036,Bom Jesus das Selvas,MA,-4.600761229566869,-46.68863029357974,65,0.17788461538461542,0.03619655620523172,1976,0.036065047811419726,0.0,3.088888888888889,False,False
2102077,Bom Lugar,MA,-4.346722946346374,-45.02098098975192,65,0.326923076923077,0.00011824234847146927,2003,0.005435034567596376,2.2,4.933333333333334,True,True
2102101,Brejo,MA,-3.687017663316712,-42.82848026389351,65,0.08365384615384616,0.3245842756703249,1984,0.08657956663465231,2.55,3.2,False,False
2102150,Brejo de Areia,MA,-4.365097329429149,-45.65003585975733,65,0.2855769230769231,0.0007713869357615674,1981,0.013490690078320355,1.0,2.2444444444444445,True,True
2102200,Buriti,MA,-3.9004933611993065,-43.00150986234226,65,-0.007692307692307694,0.9278246057348423,2011,0.6281471370692552,3.2,4.044444444444444,False,False
2102309,Buriti Bravo,MA,-5.789177305631331,-43.83054080934056,65,0.027884615384615386,0.7426392261972599,1967,0.6664086010224509,1.7,2.1777777777777776,False,False
2102325,Buriticupu,MA,-4.493804108649754,-46.34246257660924,65,0.23750000000000004,0.005162356812227657,1976,0.04028960206658344,0.0,3.1333333333333333,True,False
2102358,Buritirana,MA,-5.518146038590606,-47.06173389897112,65,0.06876653240374986,0.4181752515439001,2015,0.7059061814503923,2.5,2.2444444444444445,False,False
2102374,Cachoeira Grande,MA,-3.145259167671676,-43.91926583043569,65,0.32980769230769236,0.00010287450331358499,1994,9.007209464277884e-05,2.35,3.5555555555555554,True,True
2102408,Cajapió,MA,-2.874408590194686,-44.59892320412345,65,0.24903846153846157,0.0033613933934444453,2002,0.016564659416996794,2.4,1.2666666666666666,True,True
2102507,Cajari,MA,-3.3907196672249147,-45.05276711555515,65,0.2028846153846154,0.016889495653524298,1995,0.01241227887176321,3.0,2.6,True,True
2102556,Campestre do Maranhão,MA,-6.176234228112415,-47.263827766785695,65,0.22692307692307692,0.00753616048771029,2007,0.007101915496690558,1.45,2.1333333333333333,True,True
2102606,Cândido Mendes,MA,-1.6172480912503349,-45.67671964310022,65,0.057692307692307696,0.49690584756476786,1973,0.05565131986374875,2.8,1.7777777777777777,False,False
2102705,Cantanhede,MA,-3.621653007355953,-44.26272734116948,65,0.2923076923076923,0.0005771694903292472,1979,0.0023471190382498494,4.95,6.866666666666666,True,True
2102754,Capinzal do Norte,MA,-4.682186506477409,-44.30621543035595,65,0.17211538461538464,0.04268533710848181,1976,0.04028960206658344,2.8,3.3555555555555556,False,False
2102804,Carolina,MA,-7.37638508691033,-47.21138562872703,65,0.09954316229074281,0.24122696358645712,2012,0.07838680053058594,3.5,3.422222222222222,False,False
2102903,Carutapera,MA,-1.350265408389851,-46.02946759191058,65,0.0951923076923077,0.26230733102894765,1973,0.44641878404152746,2.8,2.0,False,False
2103000,Caxias,MA,-4.866181056720354,-43.29902033101855,65,-0.04711538461538462,0.5790206953061717,1983,0.33569432777951663,2.2,1.8444444444444446,False,False
2103109,Cedral,MA,-1.977436367084776,-44.59368146949348,65,0.19230769230769235,0.023540058261177936,1983,0.0015873987178454797,1.1,1.7555555555555555,True,True
2103125,Central do Maranhão,MA,-2.2549410721154595,-44.85794356574007,65,0.08461538461538462,0.3190539922528327,1984,0.37917085700952197,3.5,4.622222222222222,False,False
2103158,Centro do Guilherme,MA,-2.428633437098225,-46.116972248208114,65,-0.07884615384615386,0.3531652909023054,1991,0.5672409199242981,0.45,2.3333333333333335,False,False
2103174,Centro Novo do Maranhão,MA,-3.070141291257813,-46.53361551048769,65,0.14038461538461539,0.09830553419312299,1969,0.18137345418813178,0.0,1.5555555555555556,False,False
2103208,Chapadinha,MA,-3.848721956211088,-43.45398740684384,65,0.10435201071058546,0.21924422185845227,2001,0.7883903763393662,1.75,3.7111111111111112,False,False
2103257,Cidelândia,MA,-5.057180873996635,-47.82981083535789,65,0.05288461538461539,0.5334472631525882,1976,0.25974984352926617,0.3,2.511111111111111,False,False
2103307,Codó,MA,-4.606961402274335,-43.88575762783367,65,0.057692307692307696,0.49690584756476786,1976,0.488220905503328,2.45,3.8444444444444446,False,False
2103406,Coelho Neto,MA,-4.24810430165297,-43.11192161912498,65,-0.03510459346485133,0.6793958106420221,2009,0.9047890422433168,1.65,1.8444444444444446,False,False
2103505,Colinas,MA,-6.055745800505992,-44.18140428174351,65,0.12500000000000003,0.14103164052071637,1973,0.12301501734761935,4.9,5.311111111111111,False,False
2103554,Conceição do Lago-Açu,MA,-3.79709762405594,-44.838467541503846,65,0.2576923076923077,0.002409327973634356,2002,0.017249952653633677,2.65,6.177777777777778,True,True
2103604,Coroatá,MA,-4.102202207598865,-44.14528063069847,65,0.15769230769230771,0.0633204967893206,1976,0.04658952974594933,4.45,6.777777777777778,False,False
2103703,Cururupu,MA,-1.6730950060420302,-44.82056498785551,65,0.17884615384615388,0.03520128758921378,1976,0.015266779927279142,1.05,0.9111111111111111,False,True
2103752,Davinópolis,MA,-5.598829072164359,-47.300229505545325,65,0.11877855597011341,0.16199762096821635,2005,0.5045285117349871,2.3,2.8444444444444446,False,False
2103802,Dom Pedro,MA,-5.021285267174195,-44.39712673899411,65,0.04711538461538462,0.5790206953061717,2006,0.8312453951901982,1.5,1.3555555555555556,False,False
2103901,Duque Bacelar,MA,-4.099135500057042,-43.0098758817416,65,-0.026923076923076925,0.751215095177401,2009,1.0,1.75,2.1555555555555554,False,False
2104008,Esperantinópolis,MA,-4.899120564045774,-44.89044557236511,65,0.16250000000000003,0.05567791074662766,1976,0.03474573545009981,1.9,4.155555555555556,False,False
2104057,Estreito,MA,-6.782455015739316,-47.20122011018622,65,0.26153846153846155,0.0020714413844396006,2006,0.0008648513865648905,0.9,0.7111111111111111,True,True
2104073,Feira Nova do Maranhão,MA,-7.0186215520936654,-46.626706997972136,65,0.20480769230769233,0.015876159806045093,2003,0.001061823793324569,0.25,2.6666666666666665,True,True
2104081,Fernando Falcão,MA,-6.173679744844585,-45.30587160231627,65,0.12217413630731644,0.15042329375665267,2002,0.24296293834878846,2.7,3.2222222222222223,False,False
2104099,Formosa da Serra Negra,MA,-6.514167736511499,-46.18623004395016,65,0.05096153846153847,0.5484350422817794,2015,0.28840837545464815,1.9,2.4,False,False
2104107,Fortaleza dos Nogueiras,MA,-6.941952630126272,-46.08198399404749,65,0.11826923076923078,0.16371030112364793,2001,0.08946573118645543,0.5,1.9777777777777779,False,False
2104206,Fortuna,MA,-5.668405069174801,-44.02959519981649,65,0.09423076923076924,0.26715785444604245,1977,0.2667046417839311,4.25,4.4,False,False
2104305,Godofredo Viana,MA,-1.3702654131376224,-45.76265846867863,65,0.009615384615384618,0.9098500327472845,1973,0.9500382475590613,2.45,2.0,False,False
2104404,Gonçalves Dias,MA,-5.152177811177799,-44.171892970480656,65,0.02741043599310309,0.746919326862775,2002,1.0,2.05,1.6444444444444444,False,False
2104503,Governador Archer,MA,-4.99948465342887,-44.22143123497012,65,-0.09615384615384617,0.25751798224906275,1983,0.5439095912556042,1.5,1.3555555555555556,False,False
2104552,Governador Edison Lobão,MA,-5.718541081695017,-47.32492554641048,65,0.10819908944645958,0.2027229342358049,2003,0.7261024027961221,2.3,2.8444444444444446,False,False
2104602,Governador Eugênio Barros,MA,-5.385296128123724,-44.06716055080599,65,0.008653846153846154,0.9188321343240562,1991,1.0,1.75,1.7777777777777777,False,False
2104628,Governador Luiz Rocha,MA,-5.53710121868183,-44.09326360608624,65,0.04038461538461539,0.6343904759318508,1991,1.0,2.2,1.7777777777777777,False,False
2104651,Governador Newton Bello,MA,-3.4190472515543253,-45.9259177901953,65,0.027884615384615386,0.7426392261972599,1969,0.44641878404152746,2.2,1.8666666666666667,False,False
2104677,Governador Nunes Freire,MA,-2.0617143691631408,-45.8182231019948,65,-0.13269230769230772,0.11816028735144751,2004,0.22086846274676056,0.45,1.8666666666666667,False,False
2104701,Graça Aranha,MA,-5.414666882282568,-44.31802532839976,65,0.07884615384615386,0.3531652909023054,1991,0.6794395367093345,1.95,1.8888888888888888,False,False
2104800,Grajaú,MA,-5.840174675203374,-46.01485456306414,65,0.11538461538461539,0.1742313882480251,2019,0.4070731221914113,3.15,3.533333333333333,False,False
2104909,Guimarães,MA,-2.146251071054465,-44.66228181986967,65,0.18750000000000003,0.0272484408923059,1983,0.0035966352221085086,1.8,1.8444444444444446,True,True
2105005,Humberto de Campos,MA,-2.668604904748343,-43.57552556717831,65,0.18129358542806784,0.032811980665743,1972,0.06733218398429211,0.0,0.08888888888888889,True,False
2105104,Icatu,MA,-2.6506809302489622,-43.86228640844596,65,0.21826923076923077,0.010161961215914167,1972,0.01241227887176321,1.2,1.8,True,True
2105153,Igarapé do Meio,MA,-3.6564074704104175,-45.1235665113687,65,0.22884615384615387,0.0070426804278188836,1983,0.02876438730541304,3.4,4.377777777777778,True,False
2105203,Igarapé Grande,MA,-4.592041236222381,-44.826274817203405,65,0.21634615384615385,0.010845950917060442,1976,0.019460569787467734,2.75,4.488888888888889,True,True
2105302,Imperatriz,MA,-5.339680261157845,-47.57522775223805,65,0.0826923076923077,0.33017658764094726,1976,0.3701743102121331,1.95,1.6444444444444444,False,False
2105351,Itaipava do Grajaú,MA,-5.185052132039551,-45.6780174953492,65,0.016346153846153847,0.8473606749709596,2019,1.0,2.3,0.3333333333333333,False,False
2105401,Itapecuru Mirim,MA,-3.38745559466384,-44.27727615387472,65,0.3432692307692308,5.294548427660294e-05,1994,0.0005999556251600211,5.85,5.4,True,True
2105427,Itinga do Maranhão,MA,-4.27104183957816,-47.260401189716895,65,0.15961538461538463,0.06016535794097843,1976,0.1476898403483945,0.0,1.8222222222222222,False,False
2105450,Jatobá,MA,-5.852284915393001,-44.29405496837546,65,0.08177009122930627,0.3358154096314989,1977,0.41185713587235795,4.35,4.155555555555556,False,False
2105476,Jenipapo dos Vieiras,MA,-5.392419752486732,-45.57584008528065,65,-0.03942307692307693,0.6424804021960624,1985,0.46701295818182675,4.75,2.3333333333333335,False,False
2105500,João Lisboa,MA,-5.229352568072794,-47.12636762496752,65,-0.03461538461538462,0.683552875272655,2011,0.3440897276461011,0.0,1.8,False,False
2105609,Joselândia,MA,-5.016060530540783,-44.75563506159626,65,0.07211538461538462,0.39576568734555584,1976,0.3883192024619521,2.55,2.4444444444444446,False,False
2105658,Junco do Maranhão,MA,-1.918325291347428,-46.11777171177192,65,-0.23076923076923078,0.006578413612826367,1992,0.0009586199975089164,1.2,2.3333333333333335,True,True
2105708,Lago da Pedra,MA,-4.738943956273715,-45.205266668814055,65,0.16730769230769232,0.048819802579820055,2006,0.1567533113111856,1.8,3.422222222222222,False,False
2105807,Lago do Junco,MA,-4.522477407133912,-44.97654437622698,65,0.2971153846153846,0.000467469124277752,2003,0.01241227887176321,2.75,4.888888888888889,True,True
2105906,Lago Verde,MA,-3.989352999712804,-44.881955084101286,65,0.22457322120665163,0.008195462675085008,2003,0.11925165071939424,2.9,4.444444444444445,True,False
2105922,Lagoa do Mato,MA,-6.032224304074119,-43.49569098184509,65,0.12115384615384618,0.15367530699707593,1991,0.1662584764648557,2.55,3.977777777777778,False,False
2105948,Lago dos Rodrigues,MA,-4.588633253099709,-44.93099942122576,65,0.19519230769230772,0.021532075658869866,1976,0.03474573545009981,2.75,4.888888888888889,True,False
2105963,Lagoa Grande do Maranhão,MA,-4.929706381972839,-45.40308235365448,65,0.24134615384615388,0.0044829332297607605,2006,0.017249952653633677,0.95,1.3333333333333333,True,True
2105989,Lajeado Novo,MA,-6.103500202806661,-46.92951477460127,65,0.219764372786809,0.009673288046277258,1988,0.024653148270964056,0.65,1.4222222222222223,True,True
2106003,Lima Campos,MA,-4.556883559362458,-44.46472537363098,65,0.20480769230769233,0.015876159806045093,1976,0.01241227887176321,1.65,2.2444444444444445,True,True
2106102,Loreto,MA,-7.2204370779954115,-45.2196621897947,65,0.06442307692307693,0.44807654659723983,2000,0.29592667730419125,3.5,5.733333333333333,False,False
2106201,Luís Domingues,MA,-1.3870536928330142,-45.88983329384192,65,0.017792739153417798,0.8340777553187662,1973,1.0,2.8,2.0,False,False
2106300,Magalhães de Almeida,MA,-3.2992444255021454,-42.18332571435538,65,0.1028846153846154,0.22568988273148238,1992,0.1662584764648557,4.5,3.8444444444444446,False,False
2106326,Maracaçumé,MA,-1.984216756015902,-45.99391069085807,65,-0.18269230769230774,0.03145044869191862,1993,0.05185908915400302,1.2,1.9111111111111112,True,False
2106359,Marajá do Sena,MA,-4.705068033717011,-45.62850065994122,65,0.11538461538461539,0.1742313882480251,1978,0.2270165572915539,0.9,2.2444444444444445,False,False
2106375,Maranhãozinho,MA,-2.41228107138425,-45.94681218029047,65,0.043269230769230775,0.610384513874678,2006,0.8025622312742078,0.45,1.8666666666666667,False,False
2106409,Mata Roma,MA,-3.6259392364151775,-43.227334255359466,65,0.25480769230769235,0.0026950653954550177,1983,0.007753572228438996,1.45,3.111111111111111,True,True
2106508,Matinha,MA,-3.071462973859417,-45.00169131141797,65,0.11396970755027075,0.17967065085919276,2012,0.24625239477921027,2.5,2.9555555555555557,False,False
2106607,Matões,MA,-5.3886518850702245,-43.30727418410456,65,0.06153846153846155,0.46866229579159335,1976,0.6926060465695535,3.1,3.488888888888889,False,False
2106631,Matões do Norte,MA,-3.7567095601074247,-44.47772635683684,65,0.1759615384615385,0.038259195895726995,1978,0.05763530883303764,3.35,4.8,False,False
2106672,Milagres do Maranhão,MA,-3.4963771693006547,-42.79499277675223,65,0.10384615384615385,0.22138288217168667,1984,0.04493933338415746,4.15,4.4222222222222225,False,False
2106706,Mirador,MA,-6.453695585679226,-44.95039128135996,65,-0.005289733261826912,0.950342853534446,1982,0.7465872320851034,1.9,1.7333333333333334,False,False
2106755,Miranda do Norte,MA,-3.5314634377255283,-44.52681439519471,65,0.3259615384615385,0.000123828975594542,1983,0.00037028525240877117,3.55,3.2,True,True
2106805,Mirinzal,MA,-2.0586551513175024,-44.84328345173648,65,0.14230769230769233,0.09378325044585276,1984,0.015903853144033468,2.4,1.9555555555555555,False,True
2106904,Monção,MA,-3.4906685133742075,-45.32108169384694,65,0.12403846153846156,0.14411498395127648,1969,0.46701295818182675,5.0,4.911111111111111,False,False
2107001,Montes Altos,MA,-5.857983397966745,-47.041513905533954,65,0.1404521566997496,0.09829475295975701,1976,0.45663907784026875,1.4,2.9555555555555557,False,False
2107100,Morros,MA,-2.9739453276518315,-43.776873703358966,65,0.3038461538461539,0.00034623950677222057,2002,0.005946011397210716,0.45,1.6,True,True
2107209,Nina Rodrigues,MA,-3.4376707874739503,-43.813125444374855,65,0.3201923076923077,0.00016293221273826002,1993,0.0019328966388049253,1.8,3.4,True,True
2107258,Nova Colinas,MA,-7.1443060290697975,-46.2645209558448,65,0.1028846153846154,0.22568988273148238,2003,0.16144984740732568,0.85,4.377777777777778,False,False
2107308,Nova Iorque,MA,-6.749931540378396,-44.039995888565024,65,0.11442307692307693,0.17784832771439973,1996,0.02876438730541304,5.1,1.1111111111111112,False,False
2107357,Nova Olinda do Maranhão,MA,-2.895833599528169,-45.95509423074586,65,-0.01730769230769231,0.8385020825980152,1969,0.6664086010224509,1.2,1.8444444444444446,False,False
2107407,Olho d'Água das Cunhãs,MA,-4.094624378080344,-45.12035377565678,65,0.21495552436696636,0.011384174466299673,2002,0.13696117762157364,2.9,4.377777777777778,True,False
2107456,Olinda Nova do Maranhão,MA,-2.975550600802152,-45.00891792384963,65,0.010576923076923078,0.9008794391838973,1991,1.0,1.95,2.8222222222222224,False,False
2107506,Paço do Lumiar,MA,-2.5052832344941427,-44.12409547419796,65,0.14711538461538462,0.08320523933786642,1971,0.01190277071465173,1.95,1.8888888888888888,False,True
2107605,Palmeirândia,MA,-2.6921625335053143,-45.02320476644572,65,0.056263526512158976,0.507719593512991,2015,0.44641878404152746,3.25,3.6666666666666665,False,False
2107704,Paraibano,MA,-6.403756439824687,-43.92388151839452,65,0.17884615384615388,0.03520128758921378,1996,0.04028960206658344,4.15,2.888888888888889,False,False
2107803,Parnarama,MA,-5.638103104875621,-43.46267430334942,65,0.07596153846153847,0.37105504106368714,1976,0.186646930242533,2.9,4.2,False,False
2107902,Passagem Franca,MA,-6.152640632309438,-43.75836745356024,65,0.1855769230769231,0.02886724751932723,1991,0.027683537119878636,1.6,2.1333333333333333,True,False
2108009,Pastos Bons,MA,-6.63209948773278,-44.180522391886655,65,0.032692307692307694,0.7002565367900856,1998,0.5211789320492503,4.15,1.7555555555555555,False,False
2108058,Paulino Neves,MA,-2.854667291349987,-42.61104282026063,65,-0.07980769230769232,0.3473253208868534,1989,0.6156758708469371,2.15,1.9333333333333333,False,False
2108108,Paulo Ramos,MA,-4.521988748522516,-45.39437833055586,65,0.30247656560810254,0.0003693489252300334,1977,0.015266779927279142,0.95,3.111111111111111,True,True
2108207,Pedreiras,MA,-4.617990243072429,-44.58147115647038,65,0.17840827637616224,0.03569300464505452,1976,0.01907542990884968,3.2,3.2222222222222223,False,True
2108256,Pedro do Rosário,MA,-2.9888579867291383,-45.43073361828952,65,-0.07115384615384616,0.40209529101557673,1986,0.3035887052227368,3.75,3.2666666666666666,False,False
2108306,Penalva,MA,-3.251640902622116,-45.29773222114966,65,-0.0903846153846154,0.28717451712092856,1989,0.46701295818182675,3.95,4.6,False,False
2108405,Peri Mirim,MA,-2.57067956765399,-44.8957369788465,65,0.11634615384615385,0.17066966756527835,2015,0.3274473959752802,2.4,2.022222222222222,False,False
2108454,Peritoró,MA,-4.419856759308223,-44.28116212066312,65,0.18461538461538465,0.029707245169198246,1976,0.014060907443860605,4.5,5.311111111111111,True,True
2108504,Pindaré-Mirim,MA,-3.6931669898591633,-45.44008154036758,65,0.20918490626315517,0.013787908453336235,1992,0.07838680053058594,3.45,3.4444444444444446,True,False
2108603,Pinheiro,MA,-2.498115394233225,-45.12692559917088,65,0.10384615384615385,0.22138288217168667,2015,0.488220905503328,4.0,3.8444444444444446,False,False
2108702,Pio Xii,MA,-3.8515171213305153,-45.09313209369893,65,0.19711538461538464,0.02027778283736401,1978,0.13905464099683393,3.0,3.3777777777777778,True,False
2108801,Pirapemas,MA,-3.7828380178470153,-44.17261455043279,65,0.19711538461538464,0.02027778283736401,1978,0.007421232664532038,5.5,7.0,True,True
2108900,Poção de Pedras,MA,-4.786918827698341,-44.91179788362721,65,0.16634615384615387,0.05013161313138197,1976,0.019460569787467734,1.9,4.155555555555556,False,True
2109007,Porto Franco,MA,-6.368744117838267,-47.17997577562299,65,0.264423076923077,0.001847185243478315,1993,0.002462803962555173,1.5,1.7777777777777777,True,True
2109056,Porto Rico do Maranhão,MA,-1.8838846024551208,-44.63312851447971,65,0.19423076923076926,0.02218417484152764,1983,0.002980308205688745,1.7,1.8666666666666667,True,True
2109106,Presidente Dutra,MA,-5.283083860514618,-44.45710517675018,65,0.058653846153846154,0.48976100930269273,2012,0.9806103528349323,1.95,1.6444444444444444,False,False
2109205,Presidente Juscelino,MA,-3.0896868044908965,-44.07784577264188,65,0.3355769230769231,7.761522123078333e-05,1994,4.965114118840959e-05,2.3,2.2222222222222223,True,True
2109239,Presidente Médici,MA,-2.318936263903617,-45.77340550743669,65,-0.057692307692307696,0.49690584756476786,1968,0.9500382475590613,0.95,1.8666666666666667,False,False
2109270,Presidente Sarney,MA,-2.5865416394591167,-45.361571144038805,65,0.1076923076923077,0.20474428938111378,1997,0.5911658771176894,2.75,4.444444444444445,False,False
2109304,Presidente Vargas,MA,-3.3811274936865745,-43.98521872806204,65,0.31442307692307697,0.00021344672684781043,1994,0.000740156073171146,2.85,3.1333333333333333,True,True
2109403,Primeira Cruz,MA,-2.7092443244225843,-43.36283660153023,65,0.057692307692307696,0.49690584756476786,1972,0.6407607168142557,0.0,0.8888888888888888,False,False
2109452,Raposa,MA,-2.437806372763042,-44.08970688003628,65,0.07019230769230769,0.4084852298799554,1971,0.014652703987493569,1.95,0.9777777777777777,False,True
2109502,Riachão,MA,-7.597807419708771,-46.65951222359071,65,0.014423076923076924,0.865134745405447,2003,0.6535150821111455,1.55,2.088888888888889,False,False
2109551,Ribamar Fiquene,MA,-5.958357667709041,-47.31617546520383,65,0.22115384615384617,0.009207901182984903,2007,0.02988229294893045,2.0,2.6222222222222222,True,False
2109601,Rosário,MA,-2.95611622087097,-44.20190080524596,65,0.21634615384615385,0.010845950917060442,1971,0.07580582880191701,2.7,2.111111111111111,True,False
2109700,Sambaíba,MA,-7.431505076602418,-45.55614504508971,65,0.03846153846153847,0.6506129639327536,2015,1.0,2.2,3.577777777777778,False,False
2109759,Santa Filomena do Maranhão,MA,-5.518902808540882,-44.61842222907779,65,0.08896369576708898,0.2949275602756358,1976,1.0,2.3,2.3333333333333335,False,False
2109809,Santa Helena,MA,-2.418936674525883,-45.3712125631637,65,0.10339024102661692,0.2235215426039271,2000,0.15444655733124882,2.35,3.688888888888889,False,False
2109908,Santa Inês,MA,-3.873443468038417,-45.436680942958674,65,0.20384615384615387,0.016375942740005898,1993,0.0954805823504146,4.15,4.311111111111111,True,False
2110005,Santa Luzia,MA,-4.269626896064088,-45.93153977470308,65,0.21495552436696636,0.011384174466299673,1990,0.04028960206658344,0.75,1.7333333333333334,True,False
2110039,Santa Luzia do Paruá,MA,-2.5398183842309456,-45.77228336391369,65,0.048569369040410745,0.5674513346859593,2006,0.6599445534483355,1.3,2.7333333333333334,False,False
2110104,Santa Quitéria do Maranhão,MA,-3.34528639588216,-42.88001863160083,65,-0.01730769230769231,0.8385020825980152,2011,0.3113955087807632,1.35,2.488888888888889,False,False
2110203,Santa Rita,MA,-3.159539439420781,-44.328698145075045,65,0.3548076923076924,2.9395150064842076e-05,1994,1.627423149713677e-05,2.2,1.3333333333333333,True,True
2110237,Santana do Maranhão,MA,-3.197196568528371,-42.61466594622773,65,-0.020192307692307693,0.8120531453899646,2010,0.8898836579770303,1.6,3.7777777777777777,False,False
2110278,Santo Amaro do Maranhão,MA,-2.6232934978269085,-43.18412132926765,65,0.025961538461538463,0.759821804319769,1969,0.5324687972967159,0.7,1.4222222222222223,False,False
2110302,Santo Antônio dos Lopes,MA,-4.826333603904618,-44.48115434226807,65,0.11346153846153846,0.18152087117928373,1973,0.31934808891406874,3.15,1.711111111111111,False,False
2110401,São Benedito do Rio Preto,MA,-3.375346916497541,-43.61845816994661,65,0.3134615384615385,0.00022317824389906426,1993,0.0034324144822200546,2.85,3.888888888888889,True,True
2110500,São Bento,MA,-2.798306250588372,-44.99926780004508,65,-0.03846153846153847,0.6506129639327536,1991,0.5100406406299057,3.4,3.8444444444444446,False,False
2110609,São Bernardo,MA,-3.311940307221652,-42.4060452927674,65,0.1605769230769231,0.058637341033104036,1983,0.020251720191003866,2.7,4.288888888888889,False,True
2110658,São Domingos do Azeitão,MA,-6.8332484477374615,-44.61737849666997,65,0.14423076923076925,0.08942935902899353,1996,0.07085942951772722,4.45,2.3777777777777778,False,False
2110708,São Domingos do Maranhão,MA,-5.6381807684106064,-44.33647847566626,65,0.01826923076923077,0.8296639093428102,1991,1.0,4.65,4.266666666666667,False,False
2110807,São Félix de Balsas,MA,-7.091612578942052,-44.88340069974181,65,0.2076923076923077,0.014456386522445592,2001,0.01190277071465173,3.0,3.8222222222222224,True,True
2110856,São Francisco do Brejão,MA,-5.158465597028141,-47.35371258433757,65,0.013461538461538462,0.8740480196882481,1996,0.6033483431563663,1.4,2.311111111111111,False,False
2110906,São Francisco do Maranhão,MA,-6.20863224596657,-43.11390941149273,65,0.00576923076923077,0.9458360859046578,2002,0.8457507342183549,3.3,2.8222222222222224,False,False
2111003,São João Batista,MA,-3.006092681389934,-44.76449785622675,65,0.12551094375789312,0.13950276666432346,1976,0.3113955087807632,2.3,1.2222222222222223,False,False
2111029,São João do Carú,MA,-3.510786448146737,-46.3791178720888,65,0.0125,0.8829773063503712,1969,0.5791296951003588,0.05,0.0,False,False
2111052,São João do Paraíso,MA,-6.463342783000723,-46.90042316073848,65,0.1995672094234699,0.018798012993590994,2007,0.007753572228438996,0.7,0.5555555555555556,True,True
2111078,São João do Soter,MA,-5.040159229493684,-43.76659280586658,65,0.006251502945795442,0.9413293183026061,1983,1.0,2.6,1.3555555555555556,False,False
2111102,São João dos Patos,MA,-6.559490129900062,-43.638048970015504,65,0.25673076923076926,0.002501336776851813,1996,0.0002519655793723025,5.85,3.311111111111111,True,True
2111201,São José de Ribamar,MA,-2.574244548087844,-44.13065861881152,65,0.1606541792387547,0.05862924936823807,1971,0.03812622858322327,2.7,2.111111111111111,False,False
2111250,São José dos Basílios,MA,-5.039728141417089,-44.56841670957569,65,0.01730769230769231,0.8385020825980152,1976,0.5791296951003588,2.5,2.5555555555555554,False,False
2111300,São Luís,MA,-2.633659716564705,-44.28088996233922,65,0.16686704016853987,0.04946841313982987,1982,0.14117402774158275,2.9,2.1333333333333333,False,False
2111409,São Luís Gonzaga do Maranhão,MA,-4.377385151242949,-44.623103076961726,65,0.27403846153846156,0.001251000300597849,1976,0.0010089899659976474,2.45,4.311111111111111,True,True
2111508,São Mateus do Maranhão,MA,-3.9901509940252975,-44.52755170456631,65,0.2586538461538462,0.0023204267726038646,1996,0.01241227887176321,4.65,7.977777777777778,True,True
2111532,São Pedro da Água Branca,MA,-5.133524898834576,-48.368831782675166,65,0.1514787252250434,0.07452692165114072,1974,0.06619019684698552,0.0,2.7777777777777777,False,False
2111573,São Pedro dos Crentes,MA,-6.819589302129826,-46.707328386598064,65,0.17937004606013077,0.03470957048841507,2002,0.02876438730541304,0.7,2.022222222222222,False,False
2111607,São Raimundo das Mangabeiras,MA,-7.01389221807346,-45.69093067912101,65,0.1759615384615385,0.038259195895726995,1998,0.004964549597557599,0.9,1.8444444444444446,False,True
2111631,São Raimundo do Doca Bezerra,MA,-5.089666135558344,-45.146215914869366,65,0.07115384615384616,0.40209529101557673,1967,0.5100406406299057,3.75,3.9555555555555557,False,False
2111672,São Roberto,MA,-5.018716526994513,-45.03502694797327,65,0.1807692307692308,0.03328067640475118,1976,0.031038301874568873,1.45,3.088888888888889,True,False
2111706,São Vicente Ferrer,MA,-2.87725072643429,-44.94152349309667,65,0.03895167220072545,0.6465361262504953,1976,1.0,2.7,2.8666666666666667,False,False
2111722,Satubinha,MA,-3.938633895733899,-45.25923600539506,65,0.20480769230769233,0.015876159806045093,1981,0.02988229294893045,3.3,4.266666666666667,True,False
2111748,Senador Alexandre Costa,MA,-5.261017679598999,-43.98466483422679,65,0.03221928441294574,0.7044510772633225,1992,1.0,2.7,2.0,False,False
2111763,Senador La Rocque,MA,-5.388534913570702,-47.14428595750936,65,0.058653846153846154,0.48976100930269273,1973,0.9197857474393305,1.85,2.0444444444444443,False,False
2111789,Serrano do Maranhão,MA,-1.8732702838107989,-45.01735194927107,65,0.1937965913196587,0.022514456634614544,1988,0.027683537119878636,2.05,1.7777777777777777,True,False
2111805,Sítio Novo,MA,-6.2276446333988575,-46.59574583366176,65,0.03846153846153847,0.6506129639327536,2015,0.3883192024619521,0.65,2.2888888888888888,False,False
2111904,Sucupira do Norte,MA,-6.509751569290093,-44.33893424731544,65,0.12019230769230771,0.1569669882535778,1998,0.36132902060287403,4.6,2.022222222222222,False,False
2111953,Sucupira do Riachão,MA,-6.406710547984175,-43.48521421576866,65,0.28750000000000003,0.0007104655262034,1996,0.0003506514665506257,2.75,3.4,True,True
2112001,Tasso Fragoso,MA,-8.33169810252622,-45.88612608912731,65,-0.003366193893889853,0.9683878455456475,1970,0.6407607168142557,2.85,3.3777777777777778,False,False
2112100,Timbiras,MA,-4.153013045737051,-43.81344604802276,65,0.042798750936599565,0.6143517810089612,1976,0.3113955087807632,2.9,5.777777777777778,False,False
2112209,Timon,MA,-5.185581733119832,-42.98106509260828,65,-0.01153846153846154,0.8919214874063491,1987,0.5672409199242981,4.9,3.088888888888889,False,False
2112233,Trizidela do Vale,MA,-4.539275418386228,-44.681806165162,65,0.24903846153846157,0.0033613933934444453,1976,0.0035966352221085086,3.2,4.533333333333333,True,True
2112274,Tufilândia,MA,-3.7580792255764,-45.581261477035326,65,0.21634615384615385,0.010845950917060442,1982,0.08657956663465231,3.8,4.355555555555555,True,False
2112308,Tuntum,MA,-5.610279257169716,-44.73068298645865,65,0.15192307692307694,0.07361518372015567,1984,0.25293286153182654,3.05,2.422222222222222,False,False
2112407,Turiaçu,MA,-1.7654109949433765,-45.46304102572467,65,0.04134615384615385,0.6263439932763901,1976,1.0,2.15,1.8222222222222222,False,False
2112456,Turilândia,MA,-2.1589089615839376,-45.43753742071642,65,0.268814626669204,0.0015520823767712767,1988,0.024653148270964056,0.75,1.8222222222222222,True,True
2112506,Tutóia,MA,-2.9229454362824607,-42.39050487462843,65,-0.051923076923076926,0.5409152127109731,1978,0.33569432777951663,0.75,1.0666666666666667,False,False
2112605,Urbano Santos,MA,-3.26029861128941,-43.2809717350274,65,0.2009615384615385,0.017959163268484925,1984,0.0051949151795271575,1.15,2.933333333333333,True,True
2112704,Vargem Grande,MA,-3.710890379526233,-43.85381057549159,65,0.27019230769230773,0.001464141683299972,1993,0.005435034567596376,3.05,5.777777777777778,True,True
2112803,Viana,MA,-3.156305578377551,-45.00256863186848,65,0.11396970755027075,0.17967065085919276,2012,0.24625239477921027,1.4,2.022222222222222,False,False
2112852,Vila Nova dos Martírios,MA,-5.074759329945484,-48.08045155639319,65,0.1451923076923077,0.08731427299935919,1973,0.08377208835709478,0.0,1.8666666666666667,False,False
2112902,Vitória do Mearim,MA,-3.5680662609387315,-44.92216397384141,65,0.18173076923076925,0.03235447625285426,1995,0.05185908915400302,2.65,4.333333333333333,True,False
2113009,Vitorino Freire,MA,-4.243888330350469,-45.31245940509283,65,0.18461538461538465,0.029707245169198246,1981,0.17118085708445183,2.0,2.488888888888889,True,False
2114007,Zé Doca,MA,-3.259927996337326,-45.9125817328197,65,0.03653846153846154,0.6670026854207679,1969,0.2148498852809811,2.95,2.8222222222222224,False,False
2200053,Acauã,PI,-8.305899219841635,-41.00161078440454,65,-0.027884615384615386,0.7426392261972599,1993,0.4070731221914113,9.05,2.8666666666666667,False,False
2200103,Agricolândia,PI,-5.768285536676484,-42.6824119566631,65,-0.0451923076923077,0.5946081162160604,1974,1.0,6.05,5.444444444444445,False,False
2200202,Água Branca,PI,-5.914030763769256,-42.62810409770746,65,-0.05288461538461539,0.5334472631525882,2014,0.9500382475590613,4.9,4.333333333333333,False,False
2200251,Alagoinha do Piauí,PI,-6.929175217511412,-40.91973980995413,65,-0.032692307692307694,0.7002565367900856,1992,0.9806103528349323,6.0,3.111111111111111,False,False
2200277,Alegrete do Piauí,PI,-7.200420329462742,-40.79752289897464,65,0.12596153846153849,0.1379992597344832,2003,0.11558351804791793,10.0,6.2,False,False
2200301,Alto Longá,PI,-5.379412602531677,-42.15465637721927,65,0.1451923076923077,0.08731427299935919,1984,0.35263438243826933,5.85,3.533333333333333,False,False
2200400,Altos,PI,-5.014737766716394,-42.46965699320904,65,-0.18129358542806784,0.032811980665743,1992,0.08657956663465231,8.55,4.111111111111111,True,False
2200459,Alvorada do Gurguéia,PI,-8.456014324088496,-43.96824321567541,65,0.016346153846153847,0.8473606749709596,2001,0.6407607168142557,5.9,3.3777777777777778,False,False
2200509,Amarante,PI,-6.370341822549376,-42.78782559371623,65,-0.0375,0.6587873377864597,1981,0.6535150821111455,4.45,3.577777777777778,False,False
2200608,Angical do Piauí,PI,-6.106838050037696,-42.750469164547845,65,-0.07403846153846154,0.3832884041626353,1981,0.9047890422433168,4.0,3.7555555555555555,False,False
2200707,Anísio de Abreu,PI,-9.214069948330788,-43.04194820592385,65,-0.17980769230769234,0.03422947131578442,1997,0.020251720191003866,6.6,3.3555555555555556,False,True
2200806,Antônio Almeida,PI,-7.219390157001808,-44.20272380361215,65,-0.03510459346485133,0.6793958106420221,1988,0.4166794406211764,3.7,2.2666666666666666,False,False
2200905,Aroazes,PI,-6.124476341940794,-41.83029795175075,65,0.007692307692307694,0.9278246057348423,1993,1.0,6.5,3.4,False,False
2200954,Aroeiras do Itaim,PI,-7.250333836402143,-41.534264021329776,65,0.14570810712123222,0.086266932465999,1970,0.39761982182042743,6.0,4.5777777777777775,False,False
2201002,Arraial,PI,-6.618104206444573,-42.52029862957077,65,0.15192307692307694,0.07361518372015567,2003,0.10513368645374463,6.9,3.488888888888889,False,False
2201051,Assunção do Piauí,PI,-5.879942399204412,-41.06879420878595,65,0.12596153846153849,0.1379992597344832,2002,0.0954805823504146,4.4,3.3555555555555556,False,False
2201101,Avelino Lopes,PI,-10.179598826183822,-43.94236316973439,65,-0.1355769230769231,0.11037483702198604,1985,0.18137345418813178,3.15,1.4444444444444444,False,False
2201150,Baixa Grande do Ribeiro,PI,-8.505331393360775,-45.16100244562353,65,0.19519230769230772,0.021532075658869866,1998,0.007421232664532038,0.0,0.26666666666666666,True,True
2201176,Barra d'Alcântara,PI,-6.52957012156806,-42.10648965797934,65,0.10480769230769232,0.21713510541441583,2015,0.25974984352926617,4.35,3.088888888888889,False,False
2201200,Barras,PI,-4.189939156107436,-42.36802839411175,65,-0.07596153846153847,0.37105504106368714,1974,0.5791296951003588,7.1,5.733333333333333,False,False
2201309,Barreiras do Piauí,PI,-10.003358174127346,-45.71030381725696,65,-0.024038461538461543,0.7771237463572624,2003,0.8312453951901982,3.35,1.3111111111111111,False,False
2201408,Barro Duro,PI,-5.801799612717504,-42.50277267321771,65,0.0014426545259527944,0.9864490388760753,1965,0.9197857474393305,5.3,4.5777777777777775,False,False
2201507,Batalha,PI,-4.017520329123309,-42.05783142189591,65,-0.07596153846153847,0.37105504106368714,1974,0.1975562773493669,8.2,6.866666666666666,False,False
2201556,Bela Vista do Piauí,PI,-7.996085476917957,-41.85583664891952,65,0.12980769230769232,0.1263700865857364,1972,0.35263438243826933,5.2,2.6666666666666665,False,False
2201572,Belém do Piauí,PI,-7.389918668291552,-40.9824517396416,65,-0.09230769230769233,0.27704301780334584,1992,0.18137345418813178,5.85,3.066666666666667,False,False
2201606,Beneditinos,PI,-5.499402088148269,-42.39994546031995,65,0.06442307692307693,0.44807654659723983,2002,0.3883192024619521,4.45,3.6444444444444444,False,False
2201705,Bertolínia,PI,-7.744871918539646,-43.877222316327135,65,-0.13461538461538464,0.11292366071592867,1985,0.06619019684698552,5.0,2.066666666666667,False,False
2201739,Betânia do Piauí,PI,-8.113493150462915,-40.75118449605223,65,0.0004808848419842648,0.9954828199188704,1967,0.5324687972967159,7.45,2.6,False,False
2201770,Boa Hora,PI,-4.354223917550297,-42.10594971476967,65,-0.08076923076923077,0.3415471640207668,1989,0.31934808891406874,7.3,4.6,False,False
2201804,Bocaina,PI,-6.905967187750349,-41.30414787913164,65,-0.08846153846153848,0.2975531675111377,2010,0.2810327034097539,5.45,3.022222222222222,False,False
2201903,Bom Jesus,PI,-9.24610778324931,-44.53997940359945,65,0.03125751472897721,0.712876266353327,2001,0.8898836579770303,2.35,1.3111111111111111,False,False
2201919,Bom Princípio do Piauí,PI,-3.1573688169663434,-41.63066540675526,65,0.049038461538461545,0.5636278829337915,1999,0.488220905503328,7.8,4.8,False,False
2201929,Bonfim do Piauí,PI,-9.17137412647085,-42.87583886824993,65,-0.22980769230769232,0.006806990933687693,1997,0.032233482480051354,6.8,3.2444444444444445,True,False
2201945,Boqueirão do Piauí,PI,-4.540004820390901,-42.11163081602964,65,0.018754508837386327,0.8252500634516793,2002,0.6535150821111455,7.2,4.533333333333333,False,False
2201960,Brasileira,PI,-4.120846021089996,-41.63651355971036,65,-0.10192307692307694,0.2300563729738222,1975,0.36132902060287403,6.1,3.7555555555555555,False,False
2201988,Brejo do Piauí,PI,-8.3822859692655,-42.79095160494039,65,0.014423076923076924,0.865134745405447,1979,0.9197857474393305,4.9,1.8444444444444446,False,False
2202000,Buriti dos Lopes,PI,-3.239331956647602,-41.80414909173597,65,0.01009858168166956,0.9053617169758577,1981,0.9197857474393305,7.55,3.1555555555555554,False,False
2202026,Buriti dos Montes,PI,-5.162413924412975,-41.19988331520244,65,0.13269230769230772,0.11816028735144751,2001,0.003275128172611387,6.7,4.266666666666667,False,True
2202059,Cabeceiras do Piauí,PI,-4.432002629284345,-42.33371687943239,65,-0.2057692307692308,0.015389839986918645,1990,0.01190277071465173,9.05,5.333333333333333,True,True
2202075,Cajazeiras do Piauí,PI,-6.78187349820838,-42.45930228657716,65,0.09807692307692309,0.2481221339531947,2017,0.2810327034097539,6.4,4.5777777777777775,False,False
2202083,Cajueiro da Praia,PI,-2.9926613475526422,-41.361531067765085,65,0.12500000000000003,0.14103164052071637,2000,0.031038301874568873,6.4,5.311111111111111,False,False
2202091,Caldeirão Grande do Piauí,PI,-7.307989716243208,-40.6228165208754,65,0.11826923076923078,0.16371030112364793,2002,0.06395574274390818,10.75,6.777777777777778,False,False
2202109,Campinas do Piauí,PI,-7.656538989874847,-41.87141758622747,65,0.13365384615384618,0.11551864505727938,1972,0.22086846274676056,5.95,2.7111111111111112,False,False
2202117,Campo Alegre do Fidalgo,PI,-8.28280545955367,-41.821520213035214,65,0.18129358542806784,0.032811980665743,1994,0.27739799868909476,6.05,3.577777777777778,True,False
2202133,Campo Grande do Piauí,PI,-7.183154225524009,-41.065276262139626,65,-0.05576923076923077,0.5113605348757182,1992,0.25974984352926617,5.4,3.3777777777777778,False,False
2202174,Campo Largo do Piauí,PI,-3.8811669341635984,-42.54600455273312,65,0.08030776861137222,0.34442077838054097,1999,0.8824663355199679,6.15,4.622222222222222,False,False
2202208,Campo Maior,PI,-4.876979589618302,-42.14497768609327,65,-0.19423076923076926,0.02218417484152764,1978,0.11558351804791793,5.0,1.6888888888888889,True,False
2202251,Canavieira,PI,-7.557838859652852,-43.55872878181045,65,-0.17884615384615388,0.03520128758921378,1992,0.02371045067341545,2.55,2.088888888888889,False,True
2202307,Canto do Buriti,PI,-8.342346163057822,-43.33742842787616,65,-0.1076923076923077,0.20474428938111378,1981,0.09243219495343426,4.45,1.6888888888888889,False,False
2202406,Capitão de Campos,PI,-4.522688474284168,-41.901112138459766,65,-0.03846153846153847,0.6506129639327536,1984,0.5439095912556042,7.15,4.044444444444444,False,False
2202455,Capitão Gervásio Oliveira,PI,-8.529264998994186,-41.901170807256776,65,0.14423076923076925,0.08942935902899353,2006,0.33569432777951663,4.85,2.5555555555555554,False,False
2202505,Caracol,PI,-9.08908944002444,-43.34677320356836,65,-0.18269230769230774,0.03145044869191862,2005,0.02663871507995326,3.2,1.9111111111111112,True,True
2202539,Caraúbas do Piauí,PI,-3.5647335220671272,-41.82424645018566,65,0.07019230769230769,0.4084852298799554,1998,0.10852621480054009,9.5,4.622222222222222,False,False
2202554,Caridade do Piauí,PI,-7.70361442996471,-40.95579958883098,65,-0.07211538461538462,0.39576568734555584,1986,0.25974984352926617,5.25,2.2888888888888888,False,False
2202604,Castelo do Piauí,PI,-5.326541534893497,-41.566958484435375,65,0.08076923076923077,0.3415471640207668,2002,0.05565131986374875,4.3,2.7555555555555555,False,False
2202653,Caxingó,PI,-3.391909036484294,-41.85060492825565,65,0.036066363148819856,0.671120497037035,1992,0.07085942951772722,8.4,4.555555555555555,False,False
2202703,Cocal,PI,-3.4536566368575112,-41.542307397196566,65,0.11057692307692309,0.19287584940313707,2000,0.10852621480054009,9.05,4.644444444444445,False,False
2202711,Cocal de Telha,PI,-4.616685304334474,-41.9577000863495,65,-0.03942307692307693,0.6424804021960624,1990,0.6281471370692552,7.85,3.9555555555555557,False,False
2202729,Cocal dos Alves,PI,-3.63028172518697,-41.42087468350993,65,0.008653846153846154,0.9188321343240562,2012,1.0,11.35,8.11111111111111,False,False
2202737,Coivaras,PI,-5.099921810090076,-42.28424530956445,65,-0.08846153846153848,0.2975531675111377,1978,0.3113955087807632,5.1,2.1333333333333333,False,False
2202752,Colônia do Gurguéia,PI,-8.181420751433748,-43.69616945970118,65,-0.11826923076923078,0.16371030112364793,1989,0.12687530739535213,3.75,2.111111111111111,False,False
2202778,Colônia do Piauí,PI,-7.293773895054272,-42.1871221836194,65,0.26346153846153847,0.001919330513802186,1998,0.0011753288348386205,8.6,5.688888888888889,True,True
2202802,Conceição do Canindé,PI,-7.914535244385096,-41.58086299280615,65,-0.016346153846153847,0.8473606749709596,2004,1.0,4.25,2.2222222222222223,False,False
2202851,Coronel José Dias,PI,-8.897241574873307,-42.3343080950931,65,-0.03846153846153847,0.6506129639327536,1978,0.8898836579770303,7.45,2.3777777777777778,False,False
2202901,Corrente,PI,-10.391598724540568,-45.13960414672336,65,-0.006730769230769231,0.936826304825977,2006,0.5324687972967159,5.5,1.6666666666666667,False,False
2203008,Cristalândia do Piauí,PI,-10.741841354042286,-45.11363103567616,65,-0.09903846153846155,0.24351526376139854,1993,0.053726377031536474,8.4,4.311111111111111,False,False
2203107,Cristino Castro,PI,-8.782163717979286,-43.96141480981303,65,-0.013945660417543677,0.8695872401053337,2007,0.9348700819203165,4.5,2.466666666666667,False,False
2203206,Curimatá,PI,-9.94065235303885,-44.30651168413905,65,-0.03991344188469398,0.6384246783001847,1980,0.45150972815622337,3.35,1.8666666666666667,False,False
2203230,Currais,PI,-8.82263792303208,-44.67326633275425,65,-0.02211538461538462,0.7945369497506702,1965,1.0,2.9,1.288888888888889,False,False
2203255,Curralinhos,PI,-5.616080311341806,-42.84667870160583,65,-0.07884615384615386,0.3531652909023054,1983,0.22086846274676056,5.85,4.622222222222222,False,False
2203271,Curral Novo do Piauí,PI,-7.887806504392134,-40.77079907641659,65,-0.01009858168166956,0.9053617169758577,1968,1.0,8.65,3.0,False,False
2203305,Demerval Lobão,PI,-5.339306211776578,-42.67165783387275,65,0.007692307692307694,0.9278246057348423,1989,0.8457507342183549,7.0,4.822222222222222,False,False
2203354,Dirceu Arcoverde,PI,-9.329573095298375,-42.46006316067528,65,-0.17115384615384618,0.043857193295064656,1979,0.1348934261598594,7.65,2.577777777777778,False,False
2203404,Dom Expedito Lopes,PI,-6.960022384560516,-41.698246773704646,65,0.14615384615384616,0.08523973864681578,1998,0.19204067398614047,5.7,5.311111111111111,False,False
2203420,Domingos Mourão,PI,-4.255212751177359,-41.30985253113174,65,-0.07403846153846154,0.3832884041626353,1968,0.37917085700952197,8.25,7.955555555555556,False,False
2203453,Dom Inocêncio,PI,-8.917837327623568,-41.9224380296705,65,0.09326923076923078,0.2720697041296738,1996,0.8025622312742078,3.75,1.8666666666666667,False,False
2203503,Elesbão Veloso,PI,-6.184892273008143,-42.1935005021998,65,0.051923076923076926,0.5409152127109731,1976,1.0,5.3,3.1555555555555554,False,False
2203602,Eliseu Martins,PI,-7.970262985828883,-43.659376565302665,65,-0.17744650669219372,0.03670010772113383,1989,0.017602022491475668,5.5,2.6444444444444444,False,True
2203701,Esperantina,PI,-3.8233158748821023,-42.18966335690589,65,0.0668429930358128,0.4313139754533907,1984,0.9122762079475144,8.85,7.333333333333333,False,False
2203750,Fartura do Piauí,PI,-9.47567287321274,-42.78400662350647,65,-0.2538461538461539,0.0027969856672858465,1997,0.008833456203955271,8.55,3.5555555555555554,True,True
2203800,Flores do Piauí,PI,-7.6728748189268625,-42.86083185307985,65,-0.007213272629763972,0.9323232913816621,2006,0.9576525512483973,5.55,3.422222222222222,False,False
2203859,Floresta do Piauí,PI,-7.473162785996716,-41.8043409632197,65,0.24519230769230774,0.003885555986180738,1998,0.01869710762272877,5.8,3.2444444444444445,True,True
2203909,Floriano,PI,-7.005751953892793,-43.079329761565006,65,0.1653846153846154,0.05147284370845172,2003,0.05763530883303764,6.35,3.7333333333333334,False,False
2204006,Francinópolis,PI,-6.423126266615598,-42.23414095666031,65,0.020192307692307693,0.8120531453899646,2017,0.8457507342183549,2.65,1.2666666666666666,False,False
2204105,Francisco Ayres,PI,-6.669137301826983,-42.72149452847341,65,0.13173076923076923,0.120849081775192,2003,0.17621863751350042,6.6,4.977777777777778,False,False
2204154,Francisco Macedo,PI,-7.320866453026572,-40.78386353293018,65,0.15288461538461542,0.07181004824924186,2002,0.1348934261598594,5.9,3.6,False,False
2204204,Francisco Santos,PI,-7.013048648534149,-41.14728439971043,65,-0.08557692307692309,0.3135857504770575,1992,0.31934808891406874,6.3,3.6444444444444444,False,False
2204303,Fronteiras,PI,-7.077095710377583,-40.58369471730529,65,0.05,0.5560061415710047,2003,0.6281471370692552,10.25,7.644444444444445,False,False
2204352,Geminiano,PI,-7.18741434111847,-41.33283231335318,65,0.06153846153846155,0.46866229579159335,2014,0.9500382475590613,7.0,5.311111111111111,False,False
2204402,Gilbués,PI,-9.621880470455968,-45.40777035113958,65,0.004807692307692309,0.9548528001763662,2003,0.6156758708469371,5.45,2.6666666666666665,False,False
2204501,Guadalupe,PI,-6.842426001170382,-43.70462603405436,65,0.16301996143266576,0.05495392567929945,1991,0.010710564522778371,6.4,3.4,False,True
2204550,Guaribas,PI,-9.063187620365538,-43.67082482334075,65,0.05530175682819045,0.5150014764242006,1987,0.5911658771176894,3.15,1.6444444444444444,False,False
2204600,Hugo Napoleão,PI,-6.0357266314402445,-42.49806798488616,65,0.01730769230769231,0.8385020825980152,2003,1.0,5.8,3.6444444444444444,False,False
2204659,Ilha Grande,PI,-2.828714874343257,-41.81415856746904,65,0.03653846153846154,0.6670026854207679,2016,0.37917085700952197,3.15,1.8666666666666667,False,False
2204709,Inhuma,PI,-6.672731653132726,-41.68602596209644,65,0.05002405581086972,0.555993480155333,2014,0.5496863595993209,6.9,3.6666666666666665,False,False
2204808,Ipiranga do Piauí,PI,-6.819022419252713,-41.79095446220354,65,0.1836538461538462,0.030568176043374543,2001,0.07085942951772722,6.5,5.444444444444445,True,False
2204907,Isaías Coelho,PI,-7.65009826277753,-41.64981099239669,65,0.1,0.23896882733943936,1972,0.18137345418813178,5.05,3.311111111111111,False,False
2205003,Itainópolis,PI,-7.4100238127673,-41.48134994042663,65,0.030769230769230774,0.7171064503042393,1975,1.0,6.0,3.7111111111111112,False,False
2205102,Itaueira,PI,-7.504952038859367,-43.13365399196057,65,-0.05,0.5560061415710047,2006,0.25974984352926617,4.8,2.2444444444444445,False,False
2205151,Jacobina do Piauí,PI,-7.896696007776728,-41.25243847550664,65,-0.036066363148819856,0.671120497037035,1994,0.45150972815622337,5.7,2.7333333333333334,False,False
2205201,Jaicós,PI,-7.391452862480995,-41.20661395403224,65,-0.06107237493200163,0.47213633598456584,1992,0.41185713587235795,6.35,4.066666666666666,False,False
2205250,Jardim do Mulato,PI,-6.145882002454255,-42.52700168654505,65,0.0019230769230769234,0.9819330169178719,1981,1.0,4.7,3.2444444444444445,False,False
2205276,Jatobá do Piauí,PI,-4.841569097211355,-41.91839132594531,65,-0.08846153846153848,0.2975531675111377,1989,0.488220905503328,4.1,2.088888888888889,False,False
2205300,Jerumenha,PI,-7.114982613891191,-43.50156179988867,65,0.16826923076923078,0.047536931202069026,1991,0.005946011397210716,4.6,2.466666666666667,False,True
2205359,João Costa,PI,-8.541648453192721,-42.48158528833567,65,0.09615384615384617,0.25751798224906275,2013,0.7193378849388556,6.75,2.6444444444444444,False,False
2205409,Joaquim Pires,PI,-3.53976925161361,-42.08244677272465,65,0.08942307692307694,0.29233290665128286,1984,0.186646930242533,6.95,5.8,False,False
2205458,Joca Marques,PI,-3.5456133919133,-42.42627654564596,65,0.0451923076923077,0.5946081162160604,2001,0.6033483431563663,4.2,5.066666666666666,False,False
2205508,José de Freitas,PI,-4.713877573082584,-42.52490036357999,65,-0.1764847370082252,0.037731317153570566,1975,0.020657942651907565,7.45,3.8,False,True
2205516,Juazeiro do Piauí,PI,-4.958209679667642,-41.58959837972261,65,-0.08365384615384616,0.3245842756703249,1979,0.4363521181567188,3.45,2.0,False,False
2205524,Júlio Borges,PI,-10.425283290271915,-44.174473106732975,65,-0.054807692307692314,0.5186693578126838,1980,0.6535150821111455,3.55,1.0,False,False
2205532,Jurema,PI,-9.014451479510267,-43.16573555902999,65,-0.22553499089062018,0.007925383439467762,1997,0.010264723464201625,1.8,1.5555555555555556,True,True
2205540,Lagoinha do Piauí,PI,-5.82006617085027,-42.62737083689676,65,-0.0451923076923077,0.5946081162160604,1974,1.0,3.9,4.022222222222222,False,False
2205557,Lagoa Alegre,PI,-4.489974931804692,-42.56494351807511,65,-0.10050493197471135,0.23671069122216515,1975,0.12884232732690057,7.25,4.511111111111111,False,False
2205565,Lagoa do Barro do Piauí,PI,-8.568724826546879,-41.59997007014236,65,0.252464542041739,0.002956019316058704,1984,0.06849092646366872,6.2,2.2,True,False
2205573,Lagoa de São Francisco,PI,-4.3640332780242,-41.58146045086105,65,-0.19134615384615386,0.024244568973916657,1978,0.07580582880191701,7.25,3.2,True,False
2205581,Lagoa do Piauí,PI,-5.461279185281983,-42.607690570685534,65,-0.015384615384615387,0.8562385953808652,1974,0.7743354696059661,5.9,4.933333333333334,False,False
2205599,Lagoa do Sítio,PI,-6.490089869539064,-41.486362449055626,65,-0.1432692307692308,0.09158551296933214,1986,0.0374280118542835,7.55,3.311111111111111,False,False
2205607,Landri Sales,PI,-7.295732052185499,-43.92779622943127,65,-0.0019230769230769234,0.9819330169178719,1996,1.0,5.35,3.0,False,False
2205706,Luís Correia,PI,-3.082190063592809,-41.48166456907132,65,0.13269230769230772,0.11816028735144751,2001,0.02663871507995326,8.3,5.933333333333334,False,True
2205805,Luzilândia,PI,-3.60660083094138,-42.3638228111355,65,-0.002404424209921324,0.9774169949689459,2011,0.6599445534483355,5.95,6.377777777777778,False,False
2205854,Madeiro,PI,-3.56494878716545,-42.52923815425305,65,0.008653846153846154,0.9188321343240562,1995,0.29592667730419125,4.35,4.555555555555555,False,False
2205904,Manoel Emídio,PI,-8.206279808694232,-44.00761195018211,65,-0.11685501660217633,0.16890256328920294,1982,0.06395574274390818,7.15,3.0,False,False
2205953,Marcolândia,PI,-7.429490599922984,-40.73618985187162,65,0.2076923076923077,0.014456386522445592,2002,0.04493933338415746,6.15,3.7555555555555555,True,False
2206001,Marcos Parente,PI,-7.076290001194,-43.89451914759021,65,0.02211538461538462,0.7945369497506702,1991,0.6281471370692552,5.0,2.6,False,False
2206050,Massapê do Piauí,PI,-7.535793207133715,-41.09544043622832,65,-0.0341428237808828,0.6877099400485152,1984,0.7954618589657908,5.05,3.2222222222222223,False,False
2206100,Matias Olímpio,PI,-3.707410454251964,-42.58424969210593,65,0.07453715050756103,0.38019950221802634,2002,0.3035887052227368,6.05,6.377777777777778,False,False
2206209,Miguel Alves,PI,-4.240526371767468,-42.773493654194695,65,-0.010576923076923078,0.9008794391838973,2011,1.0,4.55,3.933333333333333,False,False
2206308,Miguel Leão,PI,-5.700979310211319,-42.70136732421665,65,-0.04230769230769231,0.6183417469175422,1981,0.5555005761215098,5.15,4.466666666666667,False,False
2206357,Milton Brandão,PI,-4.698785134437184,-41.48992334481348,65,-0.11012262881439663,0.19481086120172864,1985,0.31934808891406874,4.25,2.466666666666667,False,False
2206407,Monsenhor Gil,PI,-5.610951238557382,-42.60976849472545,65,-0.03653846153846154,0.6670026854207679,1979,0.5439095912556042,5.95,5.511111111111111,False,False
2206506,Monsenhor Hipólito,PI,-6.918820174614066,-41.03806996951995,65,-0.1076923076923077,0.20474428938111378,2001,0.4775403025455924,6.65,3.577777777777778,False,False
2206605,Monte Alegre do Piauí,PI,-9.604182192791502,-45.030377494951146,65,-0.028846153846153848,0.7340951823194757,2003,0.4264390421954524,5.2,2.8,False,False
2206654,Morro Cabeça No Tempo,PI,-9.811168623907763,-43.92205642179873,65,0.03461538461538462,0.683552875272655,2003,0.6664086010224509,3.0,1.0666666666666667,False,False
2206670,Morro do Chapéu do Piauí,PI,-3.705551317030461,-42.26347727685645,65,-0.05673076923076923,0.5041058574582591,2011,0.25293286153182654,5.4,5.355555555555555,False,False
2206696,Murici dos Portelas,PI,-3.356693961906642,-42.01245650839217,65,0.06057692307692309,0.47563877428430523,1991,0.27379852014261447,7.5,5.2,False,False
2206704,Nazaré do Piauí,PI,-7.052207680228608,-42.745615274606834,65,0.12211538461538464,0.1504363713206985,2001,0.22086846274676056,6.6,6.0,False,False
2206720,Nazária,PI,-5.445496425823843,-42.867853034857525,65,-0.09473431387090017,0.2647172793344432,1989,0.10513368645374463,7.25,4.488888888888889,False,False
2206753,Nossa Senhora de Nazaré,PI,-4.643536593000307,-42.18894979930938,65,0.02933397536104015,0.7298312391106343,2003,0.6992395368865147,7.15,4.044444444444444,False,False
2206803,Nossa Senhora dos Remédios,PI,-4.026135922218049,-42.60611940280157,65,-0.06250000000000001,0.46174282539108646,2011,0.5211789320492503,7.05,6.044444444444444,False,False
2206902,Novo Oriente do Piauí,PI,-6.501075866957597,-41.976782549805584,65,0.0375,0.6587873377864597,2017,0.7059061814503923,7.5,3.466666666666667,False,False
2206951,Novo Santo Antônio,PI,-5.27852326745017,-41.92268443156447,65,0.04087521156866251,0.6303562737244601,2000,0.4070731221914113,4.95,2.577777777777778,False,False
2207009,Oeiras,PI,-6.966222378884064,-42.164913969148685,65,0.17500000000000002,0.03932745024003653,2001,0.024653148270964056,4.7,2.8666666666666667,False,True
2207108,Olho d'Água do Piauí,PI,-5.857745674345148,-42.552170464541845,65,-0.058653846153846154,0.48976100930269273,2014,0.8603610817965768,5.9,4.911111111111111,False,False
2207207,Padre Marcos,PI,-7.377774951973302,-40.88106112771597,65,0.06730769230769232,0.42801444993475524,1965,0.6926060465695535,5.9,3.6,False,False
2207306,Paes Landim,PI,-7.812717971115952,-42.2851616543936,65,0.17211538461538464,0.04268533710848181,1987,0.2397071069526228,6.35,2.3777777777777778,False,False
2207355,Pajeú do Piauí,PI,-7.903805385027802,-42.83345445543633,65,0.04038461538461539,0.6343904759318508,2015,1.0,4.8,3.066666666666667,False,False
2207405,Palmeira do Piauí,PI,-8.556997289695996,-44.4644332651428,65,-0.05433998714422192,0.5223372393861259,2007,0.8312453951901982,5.4,2.533333333333333,False,False
2207504,Palmeirais,PI,-5.883252666115989,-42.95583134253466,65,-0.027884615384615386,0.7426392261972599,2002,1.0,5.6,4.444444444444445,False,False
2207553,Paquetá,PI,-7.13155575424062,-41.68567036904656,65,0.14423076923076925,0.08942935902899353,1996,0.29592667730419125,5.3,5.355555555555555,False,False
2207603,Parnaguá,PI,-10.315646504497703,-44.56840698622851,65,-0.025,0.7684583572208751,2010,0.6664086010224509,3.7,1.711111111111111,False,False
2207702,Parnaíba,PI,-2.958979719373429,-41.753428346316205,65,0.04134615384615385,0.6263439932763901,2016,0.45663907784026875,4.1,2.311111111111111,False,False
2207751,Passagem Franca do Piauí,PI,-5.872898484021183,-42.41333193657879,65,-0.04134615384615385,0.6263439932763901,1992,0.9960061723468323,7.5,5.4,False,False
2207777,Patos do Piauí,PI,-7.67384731110778,-41.29611711890596,65,-0.036066363148819856,0.671120497037035,1984,0.8240330923923569,5.7,3.3555555555555556,False,False
2207793,Pau d'Arco do Piauí,PI,-5.245164995476854,-42.470943581033175,65,0.018754508837386327,0.8252500634516793,2003,1.0,7.55,3.7333333333333334,False,False
2207801,Paulistana,PI,-8.110338922218661,-41.14500093669846,65,-0.12980769230769232,0.1263700865857364,1993,0.12301501734761935,4.9,2.5555555555555554,False,False
2207850,Pavussu,PI,-7.925286735643752,-43.33721411093109,65,-0.15673076923076926,0.06494862597449932,1981,0.11558351804791793,5.45,2.9555555555555557,False,False
2207900,Pedro Ii,PI,-4.495437158124491,-41.39693967662742,65,-0.13269230769230772,0.11816028735144751,1980,0.11200893327810173,6.05,4.711111111111111,False,False
2207934,Pedro Laurentino,PI,-8.072990000249582,-42.26544836233828,65,0.13705217996551547,0.1066314445988412,1973,0.3569629104065479,7.15,3.3777777777777778,False,False
2207959,Nova Santa Rita,PI,-8.119428871892868,-42.02370470235287,65,0.13942307692307693,0.10063110674807266,1973,0.4775403025455924,5.5,2.933333333333333,False,False
2208007,Picos,PI,-7.05890385919549,-41.52237625143839,65,0.11826923076923078,0.16371030112364793,1996,0.3701743102121331,6.4,5.222222222222222,False,False
2208106,Pimenteiras,PI,-6.344772968750055,-41.16624160033383,65,0.00576923076923077,0.9458360859046578,2003,0.3113955087807632,4.05,1.288888888888889,False,False
2208205,Pio Ix,PI,-6.790267321415822,-40.71814463863564,65,0.08511661703121487,0.3163043604044854,2002,0.6281471370692552,12.75,7.466666666666667,False,False
2208304,Piracuruca,PI,-3.853550055829537,-41.61445273206734,65,0.07838422924343516,0.3561007184129188,1992,0.4166794406211764,8.55,4.533333333333333,False,False
2208403,Piripiri,PI,-4.33093259977432,-41.77134320761988,65,-0.036066363148819856,0.671120497037035,1974,1.0,7.35,5.0,False,False
2208502,Porto,PI,-3.949881081528732,-42.70762227768264,65,-0.01731601931914721,0.8384969774151849,2009,0.5045285117349871,5.2,4.044444444444444,False,False
2208551,Porto Alegre do Piauí,PI,-6.956327882526936,-44.05712025202802,65,0.008653846153846154,0.9188321343240562,1991,0.6033483431563663,5.2,1.6222222222222222,False,False
2208601,Prata do Piauí,PI,-5.725250512285633,-42.16670699224372,65,0.0856180955224501,0.313570239963503,1982,0.5972388986848808,4.55,3.7333333333333334,False,False
2208650,Queimada Nova,PI,-8.515983133279295,-41.35116546427369,65,0.0951923076923077,0.26230733102894765,1983,0.3701743102121331,7.35,2.911111111111111,False,False
2208700,Redenção do Gurguéia,PI,-9.52441192705612,-44.45484746944332,65,-0.059615384615384626,0.4826718288253318,1981,0.37917085700952197,1.2,0.5777777777777777,False,False
2208809,Regeneração,PI,-6.352517940373327,-42.49047120683694,65,0.07692307692307694,0.36503027183830394,2003,0.19204067398614047,5.65,3.8444444444444446,False,False
2208858,Riacho Frio,PI,-9.930483426598196,-44.81296114736416,65,0.059615384615384626,0.4826718288253318,2004,0.11200893327810173,5.6,2.911111111111111,False,False
2208874,Ribeira do Piauí,PI,-7.927681212012782,-42.6136693706539,65,0.12500000000000003,0.14103164052071637,2015,0.3440897276461011,6.7,3.3333333333333335,False,False
2208908,Ribeiro Gonçalves,PI,-7.973819669651677,-45.34538613289146,65,0.10480769230769232,0.21713510541441583,2010,0.4775403025455924,1.3,2.311111111111111,False,False
2209005,Rio Grande do Piauí,PI,-7.771034277155792,-43.15217838244361,65,-0.15821111301282312,0.06251496407922592,1992,0.04179063319747862,4.55,3.022222222222222,False,False
2209104,Santa Cruz do Piauí,PI,-7.237085356012367,-41.77454518227921,65,0.1557692307692308,0.06661113650746185,1996,0.10182967849068571,6.25,5.511111111111111,False,False
2209153,Santa Cruz dos Milagres,PI,-5.907980889472309,-41.86857826368457,65,0.07884615384615386,0.3531652909023054,1976,0.6407607168142557,6.1,3.6222222222222222,False,False
2209203,Santa Filomena,PI,-8.990359475941112,-45.67563100650543,65,0.21923076923076926,0.00983458779839209,1977,0.0034324144822200546,1.85,2.911111111111111,True,True
2209302,Santa Luz,PI,-9.045288897699974,-44.10543842473947,65,-0.07357538082359251,0.3863773062896759,2007,0.9122762079475144,3.2,2.311111111111111,False,False
2209351,Santana do Piauí,PI,-6.940738333393557,-41.4950605324596,65,0.06349207083687311,0.45486632161966034,1996,1.0,7.35,4.8,False,False
2209377,Santa Rosa do Piauí,PI,-6.809216693871069,-42.2275552066907,65,0.06299591429993869,0.458297395183652,2003,0.22392622853748595,4.7,3.0444444444444443,False,False
2209401,Santo Antônio de Lisboa,PI,-6.906670700966962,-41.20741306837027,65,-0.08846153846153848,0.2975531675111377,2010,0.2810327034097539,5.3,2.888888888888889,False,False
2209450,Santo Antônio dos Milagres,PI,-6.050061396098962,-42.70270600670274,65,-0.07403846153846154,0.3832884041626353,1981,0.9047890422433168,4.0,3.8666666666666667,False,False
2209500,Santo Inácio do Piauí,PI,-7.458193359797962,-42.01429543290661,65,0.2760943080330694,0.0011551086900462794,1991,0.0055588659505267455,6.2,2.911111111111111,True,True
2209559,São Braz do Piauí,PI,-8.962793789475656,-43.00788426837766,65,-0.16153846153846155,0.057141691282258024,2005,0.1348934261598594,3.55,2.066666666666667,False,False
2209609,São Félix do Piauí,PI,-5.9355877228676,-42.102984420899006,65,0.06442307692307693,0.44807654659723983,2002,0.8025622312742078,4.35,3.488888888888889,False,False
2209658,São Francisco de Assis do Piauí,PI,-8.193513808777805,-41.58349872581991,65,-0.0125,0.8829773063503712,1981,0.8312453951901982,6.55,2.688888888888889,False,False
2209708,São Francisco do Piauí,PI,-7.198575589074733,-42.50098176666486,65,0.07403846153846154,0.3832884041626353,2001,0.25293286153182654,7.25,3.6,False,False
2209757,São Gonçalo do Gurguéia,PI,-10.088277245196656,-45.32157587284788,65,0.07984608908273437,0.34730986672577613,2009,0.4775403025455924,6.85,2.533333333333333,False,False
2209807,São Gonçalo do Piauí,PI,-6.002817167371288,-42.65225473617221,65,-0.054807692307692314,0.5186693578126838,2014,0.8603610817965768,4.9,4.355555555555555,False,False
2209856,São João da Canabrava,PI,-6.692005389479839,-41.39156051012754,65,-0.06923076923076923,0.4149352520971258,1970,0.36132902060287403,8.85,4.555555555555555,False,False
2209872,São João da Fronteira,PI,-3.992293053065054,-41.28385066940316,65,0.18461538461538465,0.029707245169198246,1988,0.06619019684698552,9.95,10.6,True,False
2209906,São João da Serra,PI,-5.542452262436249,-41.87781409598985,65,0.051923076923076926,0.5409152127109731,2000,0.36132902060287403,6.0,4.444444444444445,False,False
2209955,São João da Varjota,PI,-6.95654281018332,-41.88216324936055,65,0.14903846153846154,0.0792542785402758,2001,0.05565131986374875,5.0,4.511111111111111,False,False
2209971,São João do Arraial,PI,-3.818894534635228,-42.44943534802989,65,-0.04615384615384616,0.5867904254454406,2011,0.11558351804791793,6.95,6.266666666666667,False,False
2210003,São João do Piauí,PI,-8.320356563210655,-42.25744377814283,65,0.16634615384615387,0.05013161313138197,1998,0.18137345418813178,6.8,2.933333333333333,False,False
2210052,São José do Divino,PI,-3.7744418053637614,-41.86102999370344,65,0.13031979217773576,0.12496570969020453,1998,0.031038301874568873,8.45,5.088888888888889,False,False
2210102,São José do Peixe,PI,-7.482451854617354,-42.58237362898179,65,0.07596153846153847,0.37105504106368714,1979,0.7059061814503923,6.05,3.3555555555555556,False,False
2210201,São José do Piauí,PI,-6.814955494039703,-41.491030222923705,65,0.08846153846153848,0.2975531675111377,1999,0.49905447699339966,7.45,3.911111111111111,False,False
2210300,São Julião,PI,-7.081498878062746,-40.82047762407132,65,0.0009615384615384617,0.9909659293951528,1992,1.0,7.5,4.4222222222222225,False,False
2210359,São Lourenço do Piauí,PI,-9.171468613386596,-42.535395112430834,65,-0.11300793786630221,0.1833710915902007,1981,0.3074739463256514,9.25,3.1777777777777776,False,False
2210375,São Luis do Piauí,PI,-6.7644656102581,-41.263304518637646,65,-0.15340226459298048,0.07091665070747387,2010,0.1662584764648557,7.15,3.088888888888889,False,False
2210383,São Miguel da Baixa Grande,PI,-5.818781651404217,-42.27298403469816,65,0.02307692307692308,0.7858169534357987,2002,0.7883903763393662,5.3,4.511111111111111,False,False
2210391,São Miguel do Fidalgo,PI,-7.5967040879042065,-42.332663643922885,65,0.1807692307692308,0.03328067640475118,1975,0.19204067398614047,6.05,3.2444444444444445,True,False
2210409,São Miguel do Tapuio,PI,-5.740898286129083,-41.43961454617484,65,0.0009615384615384617,0.9909659293951528,2002,0.17118085708445183,5.5,2.111111111111111,False,False
2210508,São Pedro do Piauí,PI,-5.818199838715317,-42.786618821083046,65,-0.1557692307692308,0.06661113650746185,1982,0.2667046417839311,5.8,5.311111111111111,False,False
2210607,São Raimundo Nonato,PI,-8.96562427592769,-42.715632610003176,65,-0.09326923076923078,0.2720697041296738,1998,0.6926060465695535,6.75,2.511111111111111,False,False
2210623,Sebastião Barros,PI,-10.654289736266836,-44.83335477073192,65,-0.10576923076923078,0.21294627515560105,1992,0.46701295818182675,5.5,1.9555555555555555,False,False
2210631,Sebastião Leal,PI,-7.744953961113646,-44.092709722643455,65,-0.14807692307692308,0.08121025824359357,1985,0.03883579920096674,4.25,1.6222222222222222,False,False
2210656,Sigefredo Pacheco,PI,-4.975548408434296,-41.80519336184724,65,-0.1836538461538462,0.030568176043374543,1989,0.1348934261598594,4.2,2.111111111111111,True,False
2210706,Simões,PI,-7.670986264912937,-40.74191045283472,65,0.11204616818233369,0.18712769933068674,2002,0.4775403025455924,5.95,2.2222222222222223,False,False
2210805,Simplício Mendes,PI,-7.798979167445225,-42.02120814259041,65,0.1558441738723249,0.06660241415374084,1986,0.17118085708445183,5.85,1.8444444444444446,False,False
2210904,Socorro do Piauí,PI,-7.896634877028198,-42.47643482967953,65,0.15096153846153848,0.07545725721395402,1973,0.27379852014261447,4.25,1.7555555555555555,False,False
2210938,Sussuapara,PI,-7.018997740787173,-41.356233236123,65,0.006251502945795442,0.9413293183026061,1989,1.0,8.05,5.6,False,False
2210953,Tamboril do Piauí,PI,-8.48576840322514,-43.082023948196735,65,0.11923076923076925,0.16031184519331876,1993,0.37917085700952197,1.5,0.9777777777777777,False,False
2210979,Tanque do Piauí,PI,-6.66207361958225,-42.266316672103,65,0.07407408264301862,0.38327315715077037,2003,0.3315523547768502,4.65,4.2444444444444445,False,False
2211001,Teresina,PI,-5.102482136993899,-42.74064169399435,65,-0.09620010732859562,0.2575027292155577,1987,0.03883579920096674,5.85,3.0444444444444443,False,False
2211100,União,PI,-4.595334897282724,-42.79501110249858,65,-0.10096153846153848,0.2344826070931848,1972,0.22086846274676056,3.35,2.0444444444444443,False,False
2211209,Uruçuí,PI,-7.791694469444114,-44.56954456429442,65,0.007692307692307694,0.9278246057348423,1979,0.49905447699339966,4.0,2.2222222222222223,False,False
2211308,Valença do Piauí,PI,-6.36706125190664,-41.798927914826905,65,-0.004327963577858383,0.9593627468414274,1989,1.0,5.5,2.488888888888889,False,False
2211357,Várzea Branca,PI,-9.322714209880006,-42.92167007931393,65,-0.2591969298295187,0.002276741163607241,1997,0.00635765663596522,7.75,3.8666666666666667,True,True
2211407,Várzea Grande,PI,-6.553776957345298,-42.22537612820868,65,0.058653846153846154,0.48976100930269273,2017,0.7193378849388556,2.65,2.2444444444444445,False,False
2211506,Vera Mendes,PI,-7.597803437363071,-41.51859855937224,65,0.12403846153846156,0.14411498395127648,1971,0.46701295818182675,4.85,3.2,False,False
2211605,Vila Nova do Piauí,PI,-7.202047281600634,-40.93615104674921,65,-0.08365384615384616,0.3245842756703249,1992,0.3113955087807632,4.95,3.088888888888889,False,False
2211704,Wall Ferraz,PI,-7.26562309618299,-41.87770034828195,65,0.1855769230769231,0.02886724751932723,1998,0.12301501734761935,5.6,5.111111111111111,True,False
2300101,Abaiara,CE,-7.360572442715563,-39.03689877240747,65,0.20192307692307696,0.017417130286899955,1994,0.06395574274390818,20.7,28.244444444444444,True,False
2300150,Acarape,CE,-4.216770601436084,-38.66218841088258,65,0.18461538461538465,0.029707245169198246,1993,0.043340125789311776,34.15,42.4,True,False
2300200,Acaraú,CE,-2.9681563854783053,-40.087960955202014,65,0.15199616957918105,0.07360594926389838,1983,0.12112132426494894,6.35,12.8,False,False
2300309,Acopiara,CE,-6.121989505837654,-39.49366382447726,65,0.15096153846153848,0.07545725721395402,2003,0.2397071069526228,18.4,22.244444444444444,False,False
2300408,Aiuaba,CE,-6.605099292583893,-40.29843051895655,65,0.16634615384615387,0.05013161313138197,1993,0.07838680053058594,13.85,12.422222222222222,False,False
2300507,Alcântaras,CE,-3.592256136668133,-40.54300612708155,65,-0.09711538461538463,0.252789642803682,1996,0.11925165071939424,19.0,31.355555555555554,False,False
2300606,Altaneira,CE,-6.985615422965347,-39.69919366794656,65,0.19615384615384618,0.02089672865779774,1978,0.08946573118645543,14.55,19.22222222222222,True,False
2300705,Alto Santo,CE,-5.516694553858307,-38.19857500500729,65,0.23365384615384616,0.005933512117906358,2001,0.025628914308205172,17.6,18.666666666666668,True,True
2300754,Amontada,CE,-3.2394623384598304,-39.78502617836695,65,0.1,0.23896882733943936,2001,0.24625239477921027,12.05,15.044444444444444,False,False
2300804,Antonina do Norte,CE,-6.756572174180592,-39.9813880352717,65,0.14089925870138958,0.0971535930581724,2003,0.45663907784026875,15.65,16.266666666666666,False,False
2300903,Apuiarés,CE,-3.9683333669437424,-39.330714655146416,65,0.16634615384615387,0.05013161313138197,1983,0.11925165071939424,23.8,25.822222222222223,False,False
2301000,Aquiraz,CE,-3.976498343771953,-38.39388701881419,65,0.23076923076923078,0.006578413612826367,2000,0.01294136909450836,18.15,27.91111111111111,True,True
2301109,Aracati,CE,-4.680929663534379,-37.68556830431596,65,-0.013461538461538462,0.8740480196882481,1977,0.488220905503328,10.25,13.155555555555555,False,False
2301208,Aracoiaba,CE,-4.482949343846721,-38.71348399496226,65,0.16923076923076924,0.04628252141634792,2008,0.01294136909450836,29.75,32.82222222222222,False,True
2301257,Ararendá,CE,-4.772977594232984,-40.74615317968534,65,0.2,0.01851591612496109,2003,0.032233482480051354,14.8,17.555555555555557,True,False
2301307,Araripe,CE,-7.239200610509872,-40.07658551694988,65,0.12115384615384618,0.15367530699707593,1987,0.1567533113111856,16.9,13.222222222222221,False,False
2301406,Aratuba,CE,-4.417321973428,-39.02497780530095,65,0.0451923076923077,0.5946081162160604,1980,0.7604002213532476,27.0,27.844444444444445,False,False
2301505,Arneiroz,CE,-6.239280860228281,-40.15486324699205,65,0.1451923076923077,0.08731427299935919,1991,0.1567533113111856,16.35,13.377777777777778,False,False
2301604,Assaré,CE,-6.909651725567955,-39.86915452888654,65,0.11300793786630221,0.1833710915902007,2016,0.5268049561095464,15.65,18.066666666666666,False,False
2301703,Aurora,CE,-6.988884270379159,-38.96909309527384,65,0.2923076923076923,0.0005771694903292472,1977,0.002980308205688745,26.8,35.44444444444444,True,True
2301802,Baixio,CE,-6.711403708360625,-38.75299812067968,65,0.2,0.01851591612496109,1993,0.04179063319747862,23.25,31.177777777777777,True,False
2301851,Banabuiú,CE,-5.262102109701929,-38.903658858605525,65,0.07211538461538462,0.39576568734555584,2001,0.7883903763393662,26.15,17.488888888888887,False,False
2301901,Barbalha,CE,-7.403713945038267,-39.344565914108095,65,0.2326923076923077,0.006141854588758913,2001,0.007101915496690558,19.75,22.08888888888889,True,True
2301950,Barreira,CE,-4.322113978175683,-38.6203866589558,65,0.22211538461538463,0.008908128193386117,1982,0.04493933338415746,30.45,38.68888888888889,True,False
2302008,Barro,CE,-7.125568050153367,-38.79398546583499,65,0.3182692307692308,0.00017836611312142312,2001,0.005685274032837622,20.5,32.06666666666667,True,True
2302057,Barroquinha,CE,-2.970633492870596,-41.173595008295145,65,0.2168790637349034,0.01066996892255798,1994,0.06966661204712811,5.95,6.5777777777777775,True,False
2302107,Baturité,CE,-4.383326828962618,-38.85101295436048,65,0.03365384615384616,0.6918859681811715,1982,0.35263438243826933,29.95,33.6,False,False
2302206,Beberibe,CE,-4.401687005293648,-38.11283002734226,65,0.1653846153846154,0.05147284370845172,1991,0.04493933338415746,14.35,20.0,False,False
2302305,Bela Cruz,CE,-3.0534260452797115,-40.30800494443729,65,0.12500000000000003,0.14103164052071637,1984,0.2148498852809811,12.55,19.444444444444443,False,False
2302404,Boa Viagem,CE,-5.087784375883403,-39.8079381988484,65,-0.02741043599310309,0.746919326862775,1982,0.6599445534483355,13.85,12.311111111111112,False,False
2302503,Brejo Santo,CE,-7.555695117914457,-38.9213865314839,65,0.14230769230769233,0.09378325044585276,2000,0.003768064279825467,18.5,22.6,False,True
2302602,Camocim,CE,-2.9497730820131154,-40.80081537864071,65,-0.06491945366787574,0.44468893429885126,1991,0.36132902060287403,12.1,12.71111111111111,False,False
2302701,Campos Sales,CE,-6.936633070062599,-40.27119234107817,65,0.0903846153846154,0.28717451712092856,1968,0.7465872320851034,16.4,16.42222222222222,False,False
2302800,Canindé,CE,-4.40225768809325,-39.43026833424121,65,-0.1028846153846154,0.22568988273148238,1989,0.45663907784026875,14.35,14.911111111111111,False,False
2302909,Capistrano,CE,-4.467812376109242,-38.907964141114746,65,0.13993748901742104,0.0994574753434585,1999,0.12687530739535213,28.8,30.42222222222222,False,False
2303006,Caridade,CE,-4.203783842658376,-39.10985246557342,65,0.0028860032198578687,0.9729015520304373,1965,0.9197857474393305,32.25,30.08888888888889,False,False
2303105,Cariré,CE,-3.951862544964877,-40.52162854418574,65,0.16250000000000003,0.05567791074662766,2000,0.1975562773493669,21.5,35.888888888888886,False,False
2303204,Caririaçu,CE,-7.021900530900927,-39.2749566551977,65,0.2625,0.0019940551290711004,1998,0.008459197082313663,22.85,28.8,True,True
2303303,Cariús,CE,-6.642005326409101,-39.4641057297134,65,0.19903846153846155,0.01908771528935225,2005,0.019460569787467734,23.95,26.844444444444445,True,True
2303402,Carnaubal,CE,-4.13015859689892,-41.01021866958188,65,0.1855769230769231,0.02886724751932723,1999,0.022799875341596585,14.0,21.022222222222222,True,True
2303501,Cascavel,CE,-4.239086679202241,-38.29701446249426,65,0.2951923076923077,0.0005087805753050551,2001,0.0027101605930681836,18.05,28.133333333333333,True,True
2303600,Catarina,CE,-6.252735855652117,-39.9096424831093,65,0.20245251847537546,0.017149753242072147,2002,0.0732972202658319,14.05,14.022222222222222,True,False
2303659,Catunda,CE,-4.629551213880512,-40.17500009104874,65,0.09954316229074281,0.24122696358645712,1972,0.7743354696059661,11.85,13.866666666666667,False,False
2303709,Caucaia,CE,-3.783553407606067,-38.809686196830725,65,0.1432692307692308,0.09158551296933214,2014,0.1662584764648557,32.65,34.2,False,False
2303808,Cedro,CE,-6.569744716156447,-39.09313378136371,65,0.09134615384615387,0.2820779190565359,2003,0.5324687972967159,26.25,34.17777777777778,False,False
2303907,Chaval,CE,-3.092565671133836,-41.23265724127388,65,0.2028846153846154,0.016889495653524298,1999,0.006217636299301284,7.9,7.266666666666667,True,True
2303931,Choró,CE,-4.772339328318644,-39.19113297547084,65,-0.06153846153846155,0.46866229579159335,1992,0.5791296951003588,25.3,20.977777777777778,False,False
2303956,Chorozinho,CE,-4.302266915034361,-38.46832882990155,65,0.3336538461538462,8.529937546529697e-05,1999,0.0007797178157655067,25.35,35.4,True,True
2304004,Coreaú,CE,-3.641533760277962,-40.72622897736994,65,-0.028846153846153848,0.7340951823194757,1965,0.7328989927313598,20.7,34.333333333333336,False,False
2304103,Crateús,CE,-5.1992811760057664,-40.71948864086074,65,0.13942307692307693,0.10063110674807266,1994,0.05185908915400302,14.65,12.955555555555556,False,False
2304202,Crato,CE,-7.235539610557094,-39.48993848955998,65,0.2,0.01851591612496109,2001,0.02876438730541304,17.8,19.88888888888889,True,False
2304236,Croatá,CE,-4.387672559854877,-40.97511466439133,65,0.025961538461538463,0.759821804319769,1974,1.0,13.85,19.666666666666668,False,False
2304251,Cruz,CE,-2.8964486327116385,-40.323398840878696,65,0.07838422924343516,0.3561007184129188,1984,0.8457507342183549,5.55,12.28888888888889,False,False
2304269,Deputado Irapuan Pinheiro,CE,-5.887087307488066,-39.26619863109845,64,0.24007936507936506,0.00504551969469952,1992,0.012118977978141847,17.7,17.68888888888889,True,True
2304277,Ereré,CE,-5.985040753417284,-38.3119631401152,65,0.25288461538461543,0.002902414552430826,1998,0.001300071683545282,18.35,16.2,True,True
2304285,Eusébio,CE,-3.875893613327682,-38.457586130353214,65,0.21495552436696636,0.011384174466299673,1999,0.05468155507098239,19.6,27.42222222222222,True,False
2304301,Farias Brito,CE,-6.909446146940746,-39.549093742523006,65,0.2384615384615385,0.004984294489621833,2002,0.014652703987493569,18.25,22.42222222222222,True,True
2304350,Forquilha,CE,-3.822401655891767,-40.2254993807009,65,0.013461538461538462,0.8740480196882481,2016,0.5672409199242981,17.35,27.133333333333333,False,False
2304400,Fortaleza,CE,-3.785731522818355,-38.52803772515991,65,0.09711538461538463,0.252789642803682,1973,0.5211789320492503,17.35,22.377777777777776,False,False
2304459,Fortim,CE,-4.464333445911471,-37.87370045294914,65,0.18461538461538465,0.029707245169198246,2005,0.032233482480051354,8.4,12.533333333333333,True,False
2304509,Frecheirinha,CE,-3.710762168261072,-40.82270154308152,65,0.1355769230769231,0.11037483702198604,1993,0.1662584764648557,16.85,26.377777777777776,False,False
2304608,General Sampaio,CE,-4.063935247745393,-39.45111196205288,65,0.043269230769230775,0.610384513874678,1983,0.7883903763393662,18.65,21.733333333333334,False,False
2304657,Graça,CE,-4.045617121452987,-40.7738722917634,65,0.12884615384615386,0.1292032674393662,1993,0.15216720064717362,18.6,29.488888888888887,False,False
2304707,Granja,CE,-3.230492409566358,-41.00160854630468,65,0.30192307692307696,0.00037747641617255206,1999,0.007753572228438996,12.9,14.488888888888889,True,True
2304806,Granjeiro,CE,-6.911606229835484,-39.25200126439666,65,0.21153846153846156,0.012738072274857487,2002,0.11925165071939424,22.2,25.42222222222222,True,False
2304905,Groaíras,CE,-3.912402819095972,-40.365311473892255,65,0.14134615384615387,0.09602308626391638,2012,0.3274473959752802,18.15,30.42222222222222,False,False
2304954,Guaiúba,CE,-4.1023650277965285,-38.669904017573366,65,0.18461538461538465,0.029707245169198246,1993,0.043340125789311776,35.85,43.422222222222224,True,False
2305001,Guaraciaba do Norte,CE,-4.232748226455447,-40.91522280554033,65,0.12211538461538464,0.1504363713206985,1994,0.03474573545009981,15.3,24.08888888888889,False,False
2305100,Guaramiranga,CE,-4.2466624623412645,-38.956577743754245,65,0.08030776861137222,0.34442077838054097,1985,0.10182967849068571,32.45,32.48888888888889,False,False
2305209,Hidrolândia,CE,-4.432606478646724,-40.40507681929029,65,0.18653846153846157,0.028047779175604026,2001,0.015266779927279142,14.95,22.444444444444443,True,True
2305233,Horizonte,CE,-4.102160316114087,-38.46504734374188,65,0.24134615384615388,0.0044829332297607605,1999,0.005685274032837622,29.35,38.55555555555556,True,True
2305266,Ibaretama,CE,-4.779924045103551,-38.72480643721594,65,0.25631162077761316,0.002548129962268554,1993,0.02235634331590263,21.45,20.266666666666666,True,True
2305308,Ibiapina,CE,-3.9511254707064416,-41.00614282389945,65,0.15480769230769234,0.06830853679511892,1999,0.04658952974594933,13.1,18.288888888888888,False,False
2305332,Ibicuitinga,CE,-4.974598177439533,-38.55690293664736,65,0.2230769230769231,0.008617102831198334,1993,0.01796050511307883,19.7,17.266666666666666,True,True
2305357,Icapuí,CE,-4.738647981320441,-37.41044048969762,65,0.09134615384615387,0.2820779190565359,2012,0.44641878404152746,6.75,8.044444444444444,False,False
2305407,Icó,CE,-6.388978541567305,-38.78335017895824,65,-0.07019230769230769,0.4084852298799554,1992,0.6033483431563663,20.0,26.511111111111113,False,False
2305506,Iguatu,CE,-6.358484843192582,-39.28178537005888,65,-0.18417889447997343,0.03013242649560815,2000,0.025628914308205172,22.55,27.155555555555555,True,True
2305605,Independência,CE,-5.473614709005703,-40.34126604998621,65,0.06346153846153847,0.4548807770395934,1994,0.8168482142462784,17.7,24.555555555555557,False,False
2305654,Ipaporanga,CE,-4.909666487631092,-40.80414758537739,65,0.20245251847537546,0.017149753242072147,2001,0.008833456203955271,12.05,14.244444444444444,True,True
2305704,Ipaumirim,CE,-6.80917446356694,-38.74310147121924,65,0.20192307692307696,0.017417130286899955,1993,0.0374280118542835,25.15,33.28888888888889,True,False
2305803,Ipu,CE,-4.36967774453788,-40.66915091086883,65,0.19903846153846155,0.01908771528935225,2003,0.010485500191296987,15.55,26.866666666666667,True,True
2305902,Ipueiras,CE,-4.5727720613678144,-40.876808609388505,65,0.16250000000000003,0.05567791074662766,2003,0.07838680053058594,12.0,19.11111111111111,False,False
2306009,Iracema,CE,-5.778151854048281,-38.33828760289387,65,0.28076923076923077,0.0009455404204488631,1998,0.0043284807176985265,17.25,18.488888888888887,True,True
2306108,Irauçuba,CE,-3.865791392690653,-39.817668134744935,65,0.1855769230769231,0.02886724751932723,2012,0.020251720191003866,19.2,21.133333333333333,True,True
2306207,Itaiçaba,CE,-4.717579382318089,-37.84739255526932,65,0.075,0.3771411397870088,2001,0.032233482480051354,11.25,14.822222222222223,False,False
2306256,Itaitinga,CE,-3.9980708596357375,-38.5499405683646,65,0.2625,0.0019940551290711004,1993,0.01190277071465173,27.0,34.2,True,True
2306306,Itapajé,CE,-3.732849464575222,-39.57497755464949,65,0.18653846153846157,0.028047779175604026,1993,0.1476898403483945,17.95,25.466666666666665,True,False
2306405,Itapipoca,CE,-3.395209169239065,-39.59825650251721,65,0.03461538461538462,0.683552875272655,1999,1.0,16.3,20.822222222222223,False,False
2306504,Itapiúna,CE,-4.595493793353902,-38.952166448793605,65,0.16730769230769232,0.048819802579820055,1998,0.022799875341596585,28.6,26.57777777777778,False,True
2306553,Itarema,CE,-3.0499211038749223,-39.88900615403397,65,0.1476316464891693,0.08219793384601028,2002,0.11378463739200534,7.95,14.422222222222222,False,False
2306603,Itatira,CE,-4.62549600702224,-39.578279663103295,65,-0.13461538461538464,0.11292366071592867,1991,0.36132902060287403,13.65,11.955555555555556,False,False
2306702,Jaguaretama,CE,-5.491791536074902,-38.74795508416692,65,0.01202212104960662,0.8874458134252069,1977,1.0,17.6,12.955555555555556,False,False
2306801,Jaguaribara,CE,-5.611006392852325,-38.52502306337297,65,0.1355769230769231,0.11037483702198604,2003,0.2667046417839311,17.75,20.155555555555555,False,False
2306900,Jaguaribe,CE,-5.9613271667562895,-38.704942840266334,65,0.11730769230769231,0.16716277228271015,1981,0.6407607168142557,17.6,18.066666666666666,False,False
2307007,Jaguaruana,CE,-4.865698712408125,-37.74659648649443,65,-0.17884615384615388,0.03520128758921378,1989,0.01241227887176321,14.6,15.488888888888889,False,True
2307106,Jardim,CE,-7.59045679226124,-39.2480277683911,65,0.14423076923076925,0.08942935902899353,2000,0.11200893327810173,18.25,20.733333333333334,False,False
2307205,Jati,CE,-7.6919369959548,-38.99226242302292,65,0.17980769230769234,0.03422947131578442,2000,0.004531670941802023,15.6,17.488888888888887,False,True
2307254,Jijoca de Jericoacoara,CE,-2.87781239809806,-40.49533286406658,65,-0.01826923076923077,0.8296639093428102,1997,0.4264390421954524,9.5,14.2,False,False
2307304,Juazeiro do Norte,CE,-7.182745920047545,-39.2860714033404,65,0.07596153846153847,0.37105504106368714,2001,0.28840837545464815,20.45,28.355555555555554,False,False
2307403,Jucás,CE,-6.45799867990448,-39.60717787862411,65,-0.020192307692307693,0.8120531453899646,2019,0.8898836579770303,18.2,21.044444444444444,False,False
2307502,Lavras da Mangabeira,CE,-6.777950563783827,-38.99459149070569,65,0.1605769230769231,0.058637341033104036,2005,0.009627408979904085,21.1,30.155555555555555,False,True
2307601,Limoeiro do Norte,CE,-5.158232287850749,-38.04598939000834,65,0.1855769230769231,0.02886724751932723,2001,0.06849092646366872,17.85,19.57777777777778,True,False
2307635,Madalena,CE,-4.857930093294503,-39.50894239382679,65,-0.07692307692307694,0.36503027183830394,1974,0.4775403025455924,20.65,16.733333333333334,False,False
2307650,Maracanaú,CE,-3.874510380214939,-38.62711043348837,65,0.23557692307692307,0.0055358278705207545,1998,0.007101915496690558,29.95,34.91111111111111,True,True
2307700,Maranguape,CE,-4.006683294954902,-38.81214386249166,65,0.13269230769230772,0.11816028735144751,1999,0.1476898403483945,40.05,43.22222222222222,False,False
2307809,Marco,CE,-3.1894952989020013,-40.2614559063309,65,0.07115384615384616,0.40209529101557673,1993,0.3113955087807632,12.1,21.066666666666666,False,False
2307908,Martinópole,CE,-3.169626938399344,-40.64877702044053,65,0.08846153846153848,0.2975531675111377,1994,0.4264390421954524,13.5,18.711111111111112,False,False
2308005,Massapê,CE,-3.484275127459788,-40.38760613268368,65,0.07403846153846154,0.3832884041626353,2017,0.2810327034097539,18.7,29.11111111111111,False,False
2308104,Mauriti,CE,-7.397749140997619,-38.717366525092814,65,0.051923076923076926,0.5409152127109731,1993,0.8603610817965768,19.65,24.77777777777778,False,False
2308203,Meruoca,CE,-3.578583891886037,-40.450832500418,65,0.06057692307692309,0.47563877428430523,2016,0.2667046417839311,18.95,28.8,False,False
2308302,Milagres,CE,-7.272130321662695,-38.9430359354087,65,0.2230769230769231,0.008617102831198334,2001,0.010939988910983817,21.4,29.266666666666666,True,True
2308351,Milhã,CE,-5.640881141583295,-39.17113270272986,65,0.11730769230769231,0.16716277228271015,1981,0.17621863751350042,17.9,16.68888888888889,False,False
2308377,Miraíma,CE,-3.560524870597731,-39.90860780545017,65,0.1076923076923077,0.20474428938111378,2015,0.24625239477921027,20.2,20.488888888888887,False,False
2308401,Missão Velha,CE,-7.306429490770448,-39.15292751642652,65,-0.006730769230769231,0.936826304825977,2014,0.9047890422433168,22.05,29.42222222222222,False,False
2308500,Mombaça,CE,-5.788056796172717,-39.74840726300167,65,0.06299591429993869,0.458297395183652,2000,0.44136624814539166,18.85,17.4,False,False
2308609,Monsenhor Tabosa,CE,-4.914600204946186,-40.04461772944487,65,0.0951923076923077,0.26230733102894765,1999,0.8898836579770303,14.4,11.866666666666667,False,False
2308708,Morada Nova,CE,-5.034629561631573,-38.43299389939179,65,0.17884615384615388,0.03520128758921378,1998,0.07580582880191701,14.5,21.155555555555555,False,False
2308807,Moraújo,CE,-3.461131719804685,-40.67967260481742,65,0.11012262881439663,0.19481086120172864,1984,0.4722574582366629,20.9,29.733333333333334,False,False
2308906,Morrinhos,CE,-3.2840564802226946,-40.08934867521308,65,0.16686704016853987,0.04946841313982987,1993,0.0880127125950143,13.5,20.377777777777776,False,False
2309003,Mucambo,CE,-3.897829940061068,-40.75590202665091,65,0.08076923076923077,0.3415471640207668,2006,0.20895933922108018,18.4,30.91111111111111,False,False
2309102,Mulungu,CE,-4.319360482432059,-38.99315556932406,65,0.06153846153846155,0.46866229579159335,1976,0.20319531429857648,29.25,29.8,False,False
2309201,Nova Olinda,CE,-7.093315004022337,-39.66505716808059,65,0.10384615384615385,0.22138288217168667,1978,0.5911658771176894,17.7,18.68888888888889,False,False
2309300,Nova Russas,CE,-4.679821675690294,-40.52867937145895,65,0.06730769230769232,0.42801444993475524,2007,0.8457507342183549,13.3,17.666666666666668,False,False
2309409,Novo Oriente,CE,-5.592663548924374,-40.77092834767456,65,0.042798750936599565,0.6143517810089612,2002,0.5439095912556042,12.95,12.511111111111111,False,False
2309458,Ocara,CE,-4.526444307453756,-38.50728916835158,65,0.2461538461538462,0.003747978450523647,1993,0.02663871507995326,21.5,27.266666666666666,True,True
2309508,Orós,CE,-6.244217663509818,-38.94475887763095,65,0.05145467809231633,0.5446622327825313,2003,0.8096911373093236,18.1,20.8,False,False
2309607,Pacajus,CE,-4.183784284215975,-38.49829764913297,65,0.24134615384615388,0.0044829332297607605,1999,0.005685274032837622,31.15,40.84444444444444,True,True
2309706,Pacatuba,CE,-3.952388237239859,-38.5971858610062,65,0.23557692307692307,0.0055358278705207545,1998,0.007101915496690558,27.8,33.333333333333336,True,True
2309805,Pacoti,CE,-4.198883223963837,-38.90209398422228,65,0.013945660417543677,0.8695872401053337,2013,0.6664086010224509,33.2,37.44444444444444,False,False
2309904,Pacujá,CE,-4.005907493603405,-40.68539658304646,65,0.08415484734724633,0.3218036242674923,2000,0.45150972815622337,18.75,32.13333333333333,False,False
2310001,Palhano,CE,-4.708332521623105,-38.02811223903731,65,0.007692307692307694,0.9278246057348423,2001,0.7059061814503923,18.05,21.822222222222223,False,False
2310100,Palmácia,CE,-4.125787838458356,-38.84191362778315,65,0.013945660417543677,0.8695872401053337,2013,0.6664086010224509,36.25,39.51111111111111,False,False
2310209,Paracuru,CE,-3.4807735807575297,-39.03885611354413,65,0.22596153846153846,0.007794343351490569,1993,0.006217636299301284,17.3,17.08888888888889,True,True
2310258,Paraipaba,CE,-3.422240706333917,-39.17932291437644,65,0.17263765827235106,0.04210611321547513,1993,0.12687530739535213,15.95,19.88888888888889,False,False
2310308,Parambu,CE,-6.304035442132209,-40.62762235919437,65,0.11923076923076925,0.16031184519331876,1991,0.6794395367093345,9.25,8.555555555555555,False,False
2310407,Paramoti,CE,-4.159774167068219,-39.37695138759248,65,0.08750000000000001,0.302835364563549,1983,0.4775403025455924,18.35,18.755555555555556,False,False
2310506,Pedra Branca,CE,-5.497021932985543,-39.84668619951002,65,0.23461538461538461,0.005731560186271848,1984,0.015266779927279142,15.15,20.644444444444446,True,True
2310605,Penaforte,CE,-7.780352786616791,-39.0539255675659,65,0.20629959721124957,0.015150007777086407,1995,0.04575797757288368,14.7,13.511111111111111,True,False
2310704,Pentecoste,CE,-3.853866243930401,-39.14600966509662,65,-0.057692307692307696,0.49690584756476786,1974,0.5324687972967159,27.8,29.288888888888888,False,False
2310803,Pereiro,CE,-6.0408170731026525,-38.48860039669338,65,0.1980769230769231,0.0196748921067039,1999,0.033468923782858755,16.8,17.355555555555554,True,False
2310852,Pindoretama,CE,-4.054702421045118,-38.30568467169449,65,0.2951923076923077,0.0005087805753050551,2001,0.0027101605930681836,19.05,28.6,True,True
2310902,Piquet Carneiro,CE,-5.862963325771018,-39.451702119964445,65,0.24477038456999078,0.003955471297471759,2000,0.004531670941802023,18.35,16.488888888888887,True,True
2310951,Pires Ferreira,CE,-4.259133602755855,-40.58425250773154,65,0.0951923076923077,0.26230733102894765,2003,0.1567533113111856,16.4,28.11111111111111,False,False
2311009,Poranga,CE,-4.799477363991068,-41.07740013281318,65,0.16826923076923078,0.047536931202069026,2002,0.022799875341596585,9.05,10.555555555555555,False,True
2311108,Porteiras,CE,-7.542077402780469,-39.1066579238956,65,0.1855769230769231,0.02886724751932723,1993,0.04658952974594933,18.5,23.333333333333332,True,False
2311207,Potengi,CE,-7.072655551803138,-40.03634535113954,65,0.08653846153846155,0.308179547467054,2002,0.44641878404152746,15.45,15.088888888888889,False,False
2311231,Potiretama,CE,-5.749571015875223,-38.16764943066608,65,0.2057692307692308,0.015389839986918645,1998,0.025628914308205172,17.25,15.955555555555556,True,True
2311264,Quiterianópolis,CE,-5.871532183220782,-40.76090341018248,65,0.20533782752728105,0.015629672146284617,2002,0.24625239477921027,8.75,9.155555555555555,True,False
2311306,Quixadá,CE,-4.954531379175007,-38.94700927741865,65,0.04038461538461539,0.6343904759318508,1999,0.4070731221914113,27.9,19.933333333333334,False,False
2311355,Quixelô,CE,-6.175424233819117,-39.12067907463111,65,0.111137868729379,0.1909266159329286,2006,0.0732972202658319,18.0,22.177777777777777,False,False
2311405,Quixeramobim,CE,-5.245563056138461,-39.33319505058358,65,-0.054807692307692314,0.5186693578126838,1985,0.6664086010224509,23.0,21.822222222222223,False,False
2311504,Quixeré,CE,-5.088137100084451,-37.86218001834657,65,0.06346153846153847,0.4548807770395934,2001,0.4775403025455924,14.7,16.866666666666667,False,False
2311603,Redenção,CE,-4.245738103949823,-38.76224268555553,65,0.0903846153846154,0.28717451712092856,1993,0.49905447699339966,32.05,38.53333333333333,False,False
2311702,Reriutaba,CE,-4.120827372357436,-40.613213223415606,65,0.16826923076923078,0.047536931202069026,2001,0.005435034567596376,18.1,30.866666666666667,False,True
2311801,Russas,CE,-4.843935163613506,-38.14814093709309,65,0.06538461538461539,0.4413305118271882,1998,0.3274473959752802,16.05,23.466666666666665,False,False
2311900,Saboeiro,CE,-6.484309753311074,-39.88857585980287,65,0.19134615384615386,0.024244568973916657,2002,0.04179063319747862,14.9,17.88888888888889,True,False
2311959,Salitre,CE,-7.204758604010761,-40.36634633818336,65,0.17263765827235106,0.04210611321547513,2002,0.07708717209636004,15.15,10.333333333333334,False,False
2312007,Santana do Acaraú,CE,-3.4609984471804505,-40.16469353060919,65,0.21303198499902928,0.012140504533272456,2016,0.06619019684698552,16.75,25.955555555555556,True,False
2312106,Santana do Cariri,CE,-7.222142311265576,-39.75641314909547,65,0.16686704016853987,0.04946841313982987,1994,0.12112132426494894,12.95,13.28888888888889,False,False
2312205,Santa Quitéria,CE,-4.340851649076531,-40.041904147867214,65,0.06057692307692309,0.47563877428430523,2015,0.7059061814503923,11.25,11.311111111111112,False,False
2312304,São Benedito,CE,-4.0408955544766085,-40.969528131607554,65,0.20192307692307696,0.017417130286899955,1994,0.004531670941802023,13.0,21.733333333333334,True,True
2312403,São Gonçalo do Amarante,CE,-3.600604135154123,-39.06046945524264,65,0.18461538461538465,0.029707245169198246,2000,0.05763530883303764,20.65,20.955555555555556,True,False
2312502,São João do Jaguaribe,CE,-5.325972111200569,-38.27321841758432,65,0.08223130797930928,0.33298824821049444,1976,0.4618068254280374,15.15,18.333333333333332,False,False
2312601,São Luís do Curu,CE,-3.6463188177497177,-39.264409964548015,65,0.17788461538461542,0.03619655620523172,1999,0.033468923782858755,22.55,27.77777777777778,False,False
2312700,Senador Pompeu,CE,-5.5877809681238695,-39.43352814804955,65,0.21442307692307694,0.011570560282309688,2000,0.014060907443860605,20.8,21.8,True,True
2312809,Senador Sá,CE,-3.270217376209359,-40.46101289878441,65,0.12454917407392459,0.14256051443382467,2015,0.13083421265918208,15.1,26.333333333333332,False,False
2312908,Sobral,CE,-3.8112017872508543,-40.22775129797966,65,0.013461538461538462,0.8740480196882481,2016,0.5672409199242981,18.15,26.644444444444446,False,False
2313005,Solonópole,CE,-5.776470636214359,-39.00244136664685,65,-0.02644866630913456,0.7555108636114545,2010,0.4313763868606389,18.9,16.866666666666667,False,False
2313104,Tabuleiro do Norte,CE,-5.324010064811588,-38.0442517698888,65,0.22884615384615387,0.0070426804278188836,1999,0.019460569787467734,16.9,20.244444444444444,True,True
2313203,Tamboril,CE,-4.920097703910387,-40.335779644348754,65,0.003846153846153847,0.9638752961842721,1978,0.5439095912556042,13.6,14.866666666666667,False,False
2313252,Tarrafas,CE,-6.730169313200061,-39.73781325023819,65,0.18750000000000003,0.0272484408923059,1968,0.2667046417839311,16.5,19.333333333333332,True,False
2313302,Tauá,CE,-5.936625633706695,-40.25879555877501,65,0.06634615384615386,0.43464303240459945,1983,0.8025622312742078,14.6,23.155555555555555,False,False
2313351,Tejuçuoca,CE,-3.9319847329299296,-39.58336709517653,65,0.1836538461538462,0.030568176043374543,1983,0.06178608302878114,20.45,24.4,True,False
2313401,Tianguá,CE,-3.736058876105507,-41.05489543123674,65,-0.11826923076923078,0.16371030112364793,2011,0.10852621480054009,14.65,17.822222222222223,False,False
2313500,Trairi,CE,-3.337478196020459,-39.35356007872307,65,0.11781678628614486,0.16542298135557165,1989,0.2667046417839311,15.8,18.333333333333332,False,False
2313559,Tururu,CE,-3.5510075049130307,-39.40569516391937,65,0.10865384615384616,0.20073052452038787,2000,0.27379852014261447,21.65,26.42222222222222,False,False
2313609,Ubajara,CE,-3.8665484821172456,-41.00453925820336,65,0.15480769230769234,0.06830853679511892,1999,0.04658952974594933,12.8,18.355555555555554,False,False
2313708,Umari,CE,-6.623286098692355,-38.73022327110009,65,0.22692307692307692,0.00753616048771029,1990,0.031038301874568873,22.6,32.0,True,False
2313757,Umirim,CE,-3.6869935716457616,-39.38466689833227,65,0.16250000000000003,0.05567791074662766,1993,0.12301501734761935,25.5,30.511111111111113,False,False
2313807,Uruburetama,CE,-3.62117835412652,-39.514777912836415,65,0.19134615384615386,0.024244568973916657,2001,0.02988229294893045,20.0,27.022222222222222,True,False
2313906,Uruoca,CE,-3.3208540714771733,-40.68032224502938,65,0.17884615384615388,0.03520128758921378,1994,0.03883579920096674,13.65,21.42222222222222,False,False
2313955,Varjota,CE,-4.167851889089794,-40.49395876535577,65,0.18225535511203636,0.031896971793190156,2000,0.01907542990884968,16.9,28.333333333333332,True,True
2314003,Várzea Alegre,CE,-6.771700799730477,-39.297914227415134,65,0.2278846153846154,0.007285672235717852,1998,0.025628914308205172,23.9,28.488888888888887,True,True
2314102,Viçosa do Ceará,CE,-3.546169462768403,-41.1360422173223,65,0.03365384615384616,0.6918859681811715,2011,0.9652863406359143,12.25,11.88888888888889,False,False
2400109,Acari,RN,-6.409401910418611,-36.65009532964406,65,-0.1125,0.18524939541359853,1976,0.11200893327810173,20.3,10.0,False,False
2400208,Açu,RN,-5.526664636724031,-37.01413496207798,65,-0.009615384615384618,0.9098500327472845,1967,0.5911658771176894,14.0,7.133333333333334,False,False
2400307,Afonso Bezerra,RN,-5.471432861275932,-36.599900207960914,65,0.04230769230769231,0.6183417469175422,2001,0.5100406406299057,13.6,6.044444444444444,False,False
2400406,Água Nova,RN,-6.208645099745058,-38.30871221758843,65,0.08942307692307694,0.29233290665128286,1999,0.15216720064717362,19.4,19.57777777777778,False,False
2400505,Alexandria,RN,-6.364437378828949,-37.98923322130322,65,0.06538461538461539,0.4413305118271882,2005,0.4166794406211764,19.4,13.622222222222222,False,False
2400604,Almino Afonso,RN,-6.154407690809542,-37.762866311879485,65,-0.032692307692307694,0.7002565367900856,1982,0.4070731221914113,20.45,10.622222222222222,False,False
2400703,Alto do Rodrigues,RN,-5.36234442940345,-36.723467369113024,65,0.04711538461538462,0.5790206953061717,2001,0.6156758708469371,12.6,6.088888888888889,False,False
2400802,Angicos,RN,-5.646269747459186,-36.55700608823033,65,0.025961538461538463,0.759821804319769,2006,1.0,15.05,6.311111111111111,False,False
2400901,Antônio Martins,RN,-6.21967164157703,-37.92493274987933,65,-0.0903846153846154,0.28717451712092856,1982,0.0732972202658319,21.3,12.88888888888889,False,False
2401008,Apodi,RN,-5.628212527800589,-37.835693592225226,65,-0.10050493197471135,0.23671069122216515,1986,0.23648472833616008,18.05,10.044444444444444,False,False
2401107,Areia Branca,RN,-5.001063711472361,-37.0461043933896,65,0.17980769230769234,0.03422947131578442,1998,0.06178608302878114,8.4,6.311111111111111,False,False
2401206,Arês,RN,-6.193586849819382,-35.20807105548194,65,0.22403846153846155,0.008334606052782998,2002,0.002130695499501793,9.5,5.866666666666666,True,True
2401305,Campo Grande,RN,-5.881028107444845,-37.32474253100473,65,-0.06349207083687311,0.45486632161966034,1978,0.49905447699339966,13.3,5.822222222222222,False,False
2401404,Baía Formosa,RN,-6.434691617538426,-35.044838449899224,65,0.21014667594712372,0.01335854016535057,1999,0.0030516237988249344,7.45,8.311111111111112,True,True
2401453,Baraúna,RN,-5.092617339961004,-37.618278142374685,65,-0.11826923076923078,0.16371030112364793,1979,0.45663907784026875,12.9,11.066666666666666,False,False
2401503,Barcelona,RN,-5.960949222967988,-35.92194996791206,65,0.12070209533805047,0.15530790708588585,1994,0.18137345418813178,19.6,7.533333333333333,False,False
2401602,Bento Fernandes,RN,-5.6759199247285474,-35.811835171628616,65,0.11685501660217633,0.16890256328920294,1973,0.17118085708445183,16.95,5.466666666666667,False,False
2401651,Bodó,RN,-5.9628428502390936,-36.44174281067893,65,-0.28076923076923077,0.0009455404204488631,1985,0.003768064279825467,14.1,3.7333333333333334,True,True
2401701,Bom Jesus,RN,-6.000815133612824,-35.59079682932853,65,0.3028846153846154,0.0003615426350525207,1993,0.004743582837762857,17.0,6.844444444444444,True,True
2401800,Brejinho,RN,-6.218120815219656,-35.3835391579796,65,0.21923076923076926,0.00983458779839209,1996,0.004531670941802023,14.2,10.911111111111111,True,True
2401859,Caiçara do Norte,RN,-5.191772358655792,-36.08324910790127,65,0.10576923076923078,0.21294627515560105,1995,0.33569432777951663,6.4,1.2222222222222223,False,False
2401909,Caiçara do Rio do Vento,RN,-5.766109955285261,-36.026506060530025,65,0.051923076923076926,0.5409152127109731,1996,0.7743354696059661,14.35,3.9555555555555557,False,False
2402006,Caicó,RN,-6.467601140181681,-37.037979420601005,65,-0.04423076923076924,0.6024730552878146,1978,0.6664086010224509,19.6,10.511111111111111,False,False
2402105,Campo Redondo,RN,-6.237840597374784,-36.20888850344938,65,-0.10673076923076924,0.2088161029308362,1987,0.15216720064717362,15.0,8.0,False,False
2402204,Canguaretama,RN,-6.394937524837099,-35.14838866982121,65,0.13653846153846155,0.10787167378640108,1999,0.020251720191003866,9.1,10.955555555555556,False,True
2402303,Caraúbas,RN,-5.767249820074333,-37.58377366670319,65,0.03653846153846154,0.6670026854207679,1999,0.4070731221914113,19.2,8.244444444444444,False,False
2402402,Carnaúba dos Dantas,RN,-6.5532740054799925,-36.54883904984733,65,-0.12019230769230771,0.1569669882535778,1981,0.186646930242533,15.25,12.688888888888888,False,False
2402501,Carnaubais,RN,-5.264083772991998,-36.8572744929604,65,0.01009858168166956,0.9053617169758577,1968,1.0,12.95,6.644444444444445,False,False
2402600,Ceará-Mirim,RN,-5.595437010548689,-35.39519011876621,65,0.10480769230769232,0.21713510541441583,1966,0.5100406406299057,12.1,4.688888888888889,False,False
2402709,Cerro Corá,RN,-5.98929715983522,-36.32711474004158,65,-0.2461538461538462,0.003747978450523647,1982,0.0025837459785470547,16.2,5.533333333333333,True,True
2402808,Coronel Ezequiel,RN,-6.357212992433463,-36.19588713198222,65,0.01202212104960662,0.8874458134252069,2018,0.6535150821111455,14.65,9.622222222222222,False,False
2402907,Coronel João Pessoa,RN,-6.255445712085822,-38.42282934833952,65,-0.022601587573260445,0.7901703835633029,1980,1.0,15.65,17.42222222222222,False,False
2403004,Cruzeta,RN,-6.35590941397332,-36.8249637853594,65,-0.08030776861137222,0.34442077838054097,1979,0.6599445534483355,21.25,8.222222222222221,False,False
2403103,Currais Novos,RN,-6.223541291978661,-36.443500671592105,65,-0.12884615384615386,0.1292032674393662,1978,0.17621863751350042,17.55,7.866666666666666,False,False
2403202,Doutor Severiano,RN,-6.115377740058244,-38.401331963010016,65,0.1278846153846154,0.13208554084772026,1999,0.021920496091912347,17.45,18.2,False,True
2403251,Parnamirim,RN,-5.914254927469641,-35.23005122760429,65,0.08223130797930928,0.33298824821049444,2019,0.4166794406211764,8.6,4.377777777777778,False,False
2403301,Encanto,RN,-6.134128997623971,-38.30641321489856,65,0.08942307692307694,0.29233290665128286,1999,0.15216720064717362,17.6,16.666666666666668,False,False
2403400,Equador,RN,-6.881901322356476,-36.66607124019024,65,0.07357538082359251,0.3863773062896759,1998,0.33569432777951663,17.85,20.08888888888889,False,False
2403509,Espírito Santo,RN,-6.30567631113107,-35.30455445110055,65,0.12980769230769232,0.1263700865857364,2002,0.05185908915400302,12.65,11.977777777777778,False,False
2403608,Extremoz,RN,-5.680936962667041,-35.268490580285984,65,0.07211538461538462,0.39576568734555584,2019,0.6535150821111455,9.15,4.866666666666666,False,False
2403707,Felipe Guerra,RN,-5.5397469545012745,-37.65588419621927,65,0.002884615384615385,0.9729024202503425,1999,1.0,16.4,7.933333333333334,False,False
2403756,Fernando Pedroza,RN,-5.7604915998065165,-36.392105075276255,65,-0.0009615384615384617,0.9909659293951528,1974,1.0,14.05,4.377777777777778,False,False
2403806,Florânia,RN,-6.169666266058209,-36.818458400292826,65,-0.1730769230769231,0.04154006700988516,1979,0.033468923782858755,19.0,6.822222222222222,False,False
2403905,Francisco Dantas,RN,-6.052956164838064,-38.108556150663006,65,0.026923076923076925,0.751215095177401,2003,0.3883192024619521,20.95,15.755555555555556,False,False
2404002,Frutuoso Gomes,RN,-6.1611473603057645,-37.83899071179009,65,-0.032692307692307694,0.7002565367900856,1982,0.4070731221914113,20.6,11.866666666666667,False,False
2404101,Galinhos,RN,-5.175687217544835,-36.20797105373021,65,0.17937004606013077,0.03470957048841507,1995,0.04829200871359571,9.1,2.6666666666666665,False,False
2404200,Goianinha,RN,-6.287804814856966,-35.21392573434852,65,0.11346153846153846,0.18152087117928373,1999,0.0810416956090477,10.0,7.866666666666666,False,False
2404309,Governador Dix-Sept Rosado,RN,-5.395124897347191,-37.536722001806176,65,0.03318105409691427,0.6960619964561211,1993,0.46701295818182675,14.7,7.488888888888889,False,False
2404408,Grossos,RN,-4.947515933089398,-37.21043269560111,65,0.1278846153846154,0.13208554084772026,1995,0.1476898403483945,6.9,5.7555555555555555,False,False
2404507,Guamaré,RN,-5.174830818039339,-36.34392376635365,65,0.04711538461538462,0.5790206953061717,2003,1.0,8.4,3.466666666666667,False,False
2404606,Ielmo Marinho,RN,-5.784094970576316,-35.550352086007486,65,0.14423076923076925,0.08942935902899353,1972,0.18137345418813178,16.2,7.044444444444444,False,False
2404705,Ipanguaçu,RN,-5.538159972923802,-36.802633608588096,65,-0.020192307692307693,0.8120531453899646,2001,0.6535150821111455,16.6,6.777777777777778,False,False
2404804,Ipueira,RN,-6.7741641494369,-37.186236211156775,65,-0.051923076923076926,0.5409152127109731,1981,0.1567533113111856,19.65,17.533333333333335,False,False
2404853,Itajá,RN,-5.69001627000653,-36.80807363847624,65,-0.03653846153846154,0.6670026854207679,1969,0.8750731790180674,18.2,7.7555555555555555,False,False
2404903,Itaú,RN,-5.818441208543816,-37.91647073674449,65,-0.09908611054845348,0.24350015465717179,1988,0.15444655733124882,21.45,12.066666666666666,False,False
2405009,Jaçanã,RN,-6.411029649419942,-36.21437234736963,65,0.01202212104960662,0.8874458134252069,2018,0.6535150821111455,14.85,10.28888888888889,False,False
2405108,Jandaíra,RN,-5.357031722041689,-36.13824675438639,65,0.12019230769230771,0.1569669882535778,1995,0.31934808891406874,11.45,3.3555555555555556,False,False
2405207,Janduís,RN,-5.996944391194994,-37.47478254457675,65,0.00576923076923077,0.9458360859046578,2005,0.9047890422433168,17.1,8.088888888888889,False,False
2405306,Januário Cicco,RN,-6.151814588943428,-35.60044526480028,65,0.14615384615384616,0.08523973864681578,1995,0.20895933922108018,16.6,9.022222222222222,False,False
2405405,Japi,RN,-6.432839514040644,-35.89901136774914,65,0.030769230769230774,0.7171064503042393,2003,1.0,14.35,12.933333333333334,False,False
2405504,Jardim de Angicos,RN,-5.613908464183194,-35.986862881831925,65,0.07019230769230769,0.4084852298799554,2010,0.7883903763393662,13.3,3.7333333333333334,False,False
2405603,Jardim de Piranhas,RN,-6.334315400841516,-37.28581172916679,65,0.19423076923076926,0.02218417484152764,2004,0.017249952653633677,15.4,9.444444444444445,True,True
2405702,Jardim do Seridó,RN,-6.587753521733871,-36.80657673690909,65,-0.08896369576708898,0.2949275602756358,1980,0.02988229294893045,18.3,11.755555555555556,False,False
2405801,João Câmara,RN,-5.475432103022509,-35.87398644917534,65,0.13076923076923078,0.12358551912882432,1995,0.20319531429857648,12.7,2.7555555555555555,False,False
2405900,João Dias,RN,-6.287950238301139,-37.83791858685351,65,0.05096153846153847,0.5484350422817794,1994,0.5672409199242981,19.5,13.488888888888889,False,False
2406007,José da Penha,RN,-6.340550271228479,-38.28303030493473,65,-0.043760520620568094,0.606417246907927,1978,0.5613521338716706,15.6,18.555555555555557,False,False
2406106,Jucurutu,RN,-6.057962035895415,-37.02138436943543,65,-0.023563357257228974,0.7814635234129889,1974,0.25974984352926617,19.15,7.733333333333333,False,False
2406155,Jundiá,RN,-6.256254120713953,-35.34035612831999,65,0.12980769230769232,0.1263700865857364,2002,0.05185908915400302,13.7,12.4,False,False
2406205,Lagoa d'Anta,RN,-6.384715386429145,-35.62626162149529,65,0.12980769230769232,0.1263700865857364,2002,0.10852621480054009,17.6,16.822222222222223,False,False
2406304,Lagoa de Pedras,RN,-6.192391146740842,-35.45082428598567,65,0.21923076923076926,0.00983458779839209,1996,0.004531670941802023,16.15,10.11111111111111,True,True
2406403,Lagoa de Velhos,RN,-6.010495721652999,-35.8443881093708,65,0.170714118904414,0.04444982558960847,1996,0.05967975380939963,15.8,6.666666666666667,False,False
2406502,Lagoa Nova,RN,-6.092423982976108,-36.51927727155151,65,-0.26730769230769236,0.0016454351395933779,1989,0.005946011397210716,15.85,5.088888888888889,True,True
2406601,Lagoa Salgada,RN,-6.147197008263488,-35.50494245935148,65,0.2932692307692308,0.0005534752478120442,1996,0.001840518197403408,14.4,7.866666666666666,True,True
2406700,Lajes,RN,-5.698180019725273,-36.18053927703532,65,-0.0778846153846154,0.35906697866031423,1986,0.1567533113111856,13.95,4.222222222222222,False,False
2406809,Lajes Pintadas,RN,-6.14803874990398,-36.13396876216507,65,0.043269230769230775,0.610384513874678,2018,0.9348700819203165,16.05,7.911111111111111,False,False
2406908,Lucrécia,RN,-6.103531670237185,-37.82454663895405,65,-0.09807692307692309,0.2481221339531947,1977,0.3274473959752802,20.4,9.333333333333334,False,False
2407005,Luís Gomes,RN,-6.373432587657904,-38.4026507812746,65,0.13609041028154692,0.10911190299897842,2005,0.23013963059190432,17.55,20.08888888888889,False,False
2407104,Macaíba,RN,-5.926762200502347,-35.42865381783379,65,0.17359942795631958,0.04097402076403402,1996,0.0732972202658319,16.3,6.333333333333333,False,False
2407203,Macau,RN,-5.196021535313947,-36.52345358725026,65,0.0009615384615384617,0.9909659293951528,2003,1.0,7.65,3.7777777777777777,False,False
2407252,Major Sales,RN,-6.405140441071042,-38.317661537729805,65,-0.043760520620568094,0.606417246907927,1978,0.5613521338716706,18.8,22.044444444444444,False,False
2407302,Marcelino Vieira,RN,-6.280302067461158,-38.157337823789874,65,-0.03557692307692308,0.6752581537654916,1982,0.4264390421954524,18.8,16.866666666666667,False,False
2407401,Martins,RN,-6.08016427752318,-37.90592243148791,65,-0.05576923076923077,0.5113605348757182,1982,0.2667046417839311,19.0,10.488888888888889,False,False
2407500,Maxaranguape,RN,-5.451611836568294,-35.35444295906874,65,0.15384615384615388,0.07004133687461596,1996,0.33569432777951663,9.2,4.066666666666666,False,False
2407609,Messias Targino,RN,-6.092700661194734,-37.48542365441387,65,0.1125,0.18524939541359853,2003,0.16144984740732568,17.35,9.622222222222222,False,False
2407708,Montanhas,RN,-6.5048194516225335,-35.29098522167969,65,0.11012262881439663,0.19481086120172864,2006,0.1567533113111856,15.2,21.755555555555556,False,False
2407807,Monte Alegre,RN,-6.098714780531052,-35.405131688790945,65,0.27211538461538465,0.0013537062494211646,1996,0.0009586199975089164,15.65,6.266666666666667,True,True
2407906,Monte das Gameleiras,RN,-6.429859313357461,-35.80897916873482,65,0.12070209533805047,0.15530790708588585,2002,0.3440897276461011,17.85,16.6,False,False
2408003,Mossoró,RN,-5.175863882304391,-37.32551401163557,65,-0.07019230769230769,0.4084852298799554,1977,1.0,11.3,6.2444444444444445,False,False
2408102,Natal,RN,-5.803202640699364,-35.228635788313625,65,0.10192307692307694,0.2300563729738222,1996,0.37917085700952197,9.9,4.888888888888889,False,False
2408201,Nísia Floresta,RN,-6.054868974290868,-35.17309258620129,65,0.21250000000000002,0.012337808021518988,1996,0.004531670941802023,9.1,4.2444444444444445,True,True
2408300,Nova Cruz,RN,-6.448646324286258,-35.42890753722758,65,0.20865384615384616,0.014008663383803684,1995,0.02876438730541304,18.9,20.77777777777778,True,False
2408409,Olho d'Água do Borges,RN,-5.978978651484594,-37.71013975655606,65,-0.09665785323883723,0.25513858177221016,1979,0.22086846274676056,20.25,10.155555555555555,False,False
2408508,Ouro Branco,RN,-6.683732376649907,-36.92103624098323,65,-0.05530175682819045,0.5150014764242006,1980,0.19204067398614047,18.35,13.266666666666667,False,False
2408607,Paraná,RN,-6.450918716744407,-38.2842052903117,65,0.11730769230769231,0.16716277228271015,2005,0.15216720064717362,16.9,20.377777777777776,False,False
2408706,Paraú,RN,-5.784410276303353,-37.11056601564892,65,-0.0903846153846154,0.28717451712092856,1977,0.36132902060287403,14.75,6.022222222222222,False,False
2408805,Parazinho,RN,-5.285819228909905,-35.93626212960508,65,0.15288461538461542,0.07181004824924186,1995,0.06619019684698552,8.9,2.066666666666667,False,False
2408904,Parelhas,RN,-6.713828112072987,-36.61942223107793,65,-0.10192307692307694,0.2300563729738222,1980,0.1567533113111856,15.4,16.88888888888889,False,False
2408953,Rio do Fogo,RN,-5.37714925828245,-35.399877577698035,65,0.10673076923076924,0.2088161029308362,2019,0.6535150821111455,8.4,2.4,False,False
2409100,Passa E Fica,RN,-6.442720454007594,-35.61450916290565,65,0.17692307692307696,0.037215712459128636,2002,0.0810416956090477,15.85,19.555555555555557,False,False
2409209,Passagem,RN,-6.283868591141904,-35.39574482313016,65,0.3615384615384616,2.0685359114100676e-05,1996,0.0002663486608165839,13.7,12.422222222222222,True,True
2409308,Patu,RN,-6.086856788762511,-37.621303506716416,65,-0.026923076923076925,0.751215095177401,1982,0.7059061814503923,19.35,10.311111111111112,False,False
2409332,Santa Maria,RN,-5.7889682021145,-35.720396791722216,65,0.2755470144569837,0.001178531160027997,1972,0.008459197082313663,16.3,5.844444444444444,True,True
2409407,Pau dos Ferros,RN,-6.1174305602819805,-38.16969801737856,65,0.13365384615384618,0.11551864505727938,1998,0.0374280118542835,20.55,16.977777777777778,False,False
2409506,Pedra Grande,RN,-5.145988661286307,-35.87350854350816,65,0.18846153846153849,0.026468838133317404,1993,0.10513368645374463,6.4,1.1777777777777778,True,False
2409605,Pedra Preta,RN,-5.524516278561321,-36.07953048628763,65,0.0826923076923077,0.33017658764094726,1995,0.3883192024619521,12.15,2.888888888888889,False,False
2409704,Pedro Avelino,RN,-5.474940096987653,-36.33161989293161,65,0.0451923076923077,0.5946081162160604,2002,1.0,12.95,5.2444444444444445,False,False
2409803,Pedro Velho,RN,-6.465221717588385,-35.22453800109522,65,0.14134615384615387,0.09602308626391638,1998,0.1348934261598594,10.55,15.688888888888888,False,False
2409902,Pendências,RN,-5.292929890644993,-36.62400063115696,65,-0.03125751472897721,0.712876266353327,1992,1.0,11.2,5.2,False,False
2410009,Pilões,RN,-6.286712479903477,-38.02935978085641,65,-0.007692307692307694,0.9278246057348423,1982,0.44641878404152746,18.65,14.311111111111112,False,False
2410108,Poço Branco,RN,-5.57143813296702,-35.69453934494764,65,0.16442307692307695,0.05284397831918954,1996,0.1975562773493669,15.45,5.888888888888889,False,False
2410207,Portalegre,RN,-6.0327726143189855,-38.014875563673655,65,0.003366193893889853,0.9683878455456475,1977,0.5211789320492503,21.95,16.11111111111111,False,False
2410256,Porto do Mangue,RN,-5.08831921967649,-36.84154672290949,65,-0.05384615384615385,0.5260317864344628,1969,0.7328989927313598,6.75,2.8444444444444446,False,False
2410306,Serra Caiada,RN,-6.10928146409883,-35.7237116277139,65,0.16590527048457135,0.0507948130900441,2007,0.20606160692352832,15.3,7.333333333333333,False,False
2410405,Pureza,RN,-5.407274287143293,-35.58207275954687,65,0.15096153846153848,0.07545725721395402,2007,0.29592667730419125,10.1,3.3555555555555556,False,False
2410504,Rafael Fernandes,RN,-6.196824511124411,-38.22374011479318,65,0.0375,0.6587873377864597,1999,0.9047890422433168,19.6,18.11111111111111,False,False
2410603,Rafael Godeiro,RN,-6.069012208736634,-37.73031497527857,65,-0.020192307692307693,0.8120531453899646,2006,1.0,19.5,9.511111111111111,False,False
2410702,Riacho da Cruz,RN,-5.923500433076979,-37.96645657213232,65,0.006730769230769231,0.936826304825977,2006,0.9197857474393305,21.0,13.11111111111111,False,False
2410801,Riacho de Santana,RN,-6.27703426188406,-38.33616121296614,65,-0.01202212104960662,0.8874458134252069,2014,1.0,16.1,16.42222222222222,False,False
2410900,Riachuelo,RN,-5.798443666622879,-35.84958131153785,65,0.19423076923076926,0.02218417484152764,1991,0.017249952653633677,18.8,5.866666666666666,True,True
2411007,Rodolfo Fernandes,RN,-5.858566832061609,-38.08112782284659,65,0.058187065880096034,0.49331957372660373,1998,0.4215400673099624,19.65,13.955555555555556,False,False
2411056,Tibau,RN,-4.888365339174652,-37.32084178850855,65,0.17403846153846156,0.04042092332408574,1995,0.11200893327810173,6.05,5.888888888888889,False,False
2411106,Ruy Barbosa,RN,-5.856820709131101,-35.94052747537535,65,0.1283962528097987,0.13063207140014976,1995,0.18399525890800408,17.8,6.488888888888889,False,False
2411205,Santa Cruz,RN,-6.248176442900555,-36.006486567648885,65,-0.028846153846153848,0.7340951823194757,1977,0.6407607168142557,16.1,10.022222222222222,False,False
2411403,Santana do Matos,RN,-5.904263182641299,-36.63455244707393,65,-0.08173076923076925,0.33583089893655294,1986,0.8168482142462784,17.5,5.4,False,False
2411429,Santana do Seridó,RN,-6.732198272979765,-36.7650701938342,65,-0.09711538461538463,0.252789642803682,1980,0.011412212598447198,16.65,14.688888888888888,False,True
2411502,Santo Antônio,RN,-6.339450215868188,-35.50530321111092,65,0.24326923076923082,0.004174560184218526,2002,0.021920496091912347,16.3,15.511111111111111,True,True
2411601,São Bento do Norte,RN,-5.143957668910007,-35.98895995917003,65,0.1605769230769231,0.058637341033104036,1994,0.10182967849068571,4.55,0.6888888888888889,False,False
2411700,São Bento do Trairí,RN,-6.38315051588602,-36.04837101317633,65,-0.00576923076923077,0.9458360859046578,1982,0.6156758708469371,16.6,12.644444444444444,False,False
2411809,São Fernando,RN,-6.321290394876051,-37.15110767557557,65,0.08557692307692309,0.3135857504770575,2001,0.1567533113111856,17.8,7.644444444444445,False,False
2411908,São Francisco do Oeste,RN,-5.985183833531882,-38.1836471686613,65,0.16590527048457135,0.0507948130900441,1998,0.014652703987493569,19.15,14.933333333333334,False,True
2412005,São Gonçalo do Amarante,RN,-5.787646119145053,-35.364641448034284,65,0.049038461538461545,0.5636278829337915,2019,0.5672409199242981,12.45,5.333333333333333,False,False
2412104,São João do Sabugi,RN,-6.690424011948052,-37.188534980476746,65,0.05433998714422192,0.5223372393861259,2006,0.11200893327810173,16.9,15.133333333333333,False,False
2412203,São José de Mipibu,RN,-6.063985063386674,-35.2894022917506,65,0.19423076923076926,0.02218417484152764,1996,0.01190277071465173,13.05,5.2444444444444445,True,True
2412302,São José do Campestre,RN,-6.3011894782941145,-35.74023976614503,65,0.11826923076923078,0.16371030112364793,2002,0.20319531429857648,17.1,10.933333333333334,False,False
2412401,São José do Seridó,RN,-6.486673976093116,-36.85855904481888,65,-0.01153846153846154,0.8919214874063491,1977,0.9500382475590613,19.9,9.444444444444445,False,False
2412500,São Miguel,RN,-6.214397140685233,-38.47438274281241,65,0.10673076923076924,0.2088161029308362,1999,0.3113955087807632,18.0,21.2,False,False
2412559,São Miguel do Gostoso,RN,-5.193874879865708,-35.737232768946335,65,0.06346153846153847,0.4548807770395934,2007,0.8898836579770303,8.35,1.5777777777777777,False,False
2412609,São Paulo do Potengi,RN,-5.93405507316675,-35.75445801608285,65,0.19230769230769235,0.023540058261177936,1996,0.032233482480051354,18.2,7.222222222222222,True,False
2412708,São Pedro,RN,-5.89259994941126,-35.63023580231711,65,0.33862437779665655,6.726931784613173e-05,1991,0.00022537116101560133,20.8,7.977777777777778,True,True
2412807,São Rafael,RN,-5.837371969511247,-36.87852795359808,65,-0.15192307692307694,0.07361518372015567,1992,0.33569432777951663,15.85,7.0,False,False
2412906,São Tomé,RN,-5.9881895100323455,-36.12851632174024,65,-0.07165184145565545,0.3989153751074145,1977,0.27023411846283146,14.75,5.111111111111111,False,False
2413003,São Vicente,RN,-6.207738201109086,-36.65987307117279,65,-0.19615384615384618,0.02089672865779774,1981,0.05185908915400302,17.55,6.333333333333333,True,False
2413102,Senador Elói de Souza,RN,-6.041267520145105,-35.682496385233634,65,0.16590527048457135,0.0507948130900441,2007,0.20606160692352832,17.8,7.266666666666667,False,False
2413201,Senador Georgino Avelino,RN,-6.157932797074339,-35.1214565188388,65,0.22115384615384617,0.009207901182984903,1999,0.003124511435185525,8.6,4.377777777777778,True,True
2413300,Serra de São Bento,RN,-6.4287320059740845,-35.71885049981648,65,0.11685501660217633,0.16890256328920294,2002,0.33569432777951663,16.8,16.866666666666667,False,False
2413359,Serra do Mel,RN,-5.171257455768077,-37.02425599188841,65,0.05,0.5560061415710047,1983,0.6156758708469371,9.95,5.733333333333333,False,False
2413409,Serra Negra do Norte,RN,-6.587243273133761,-37.35996206141508,65,0.1634615384615385,0.05424550401058549,2003,0.004964549597557599,17.65,14.644444444444444,False,True
2413508,Serrinha,RN,-6.255165253441332,-35.57441124827573,65,0.12692307692307694,0.135017381575575,2002,0.2810327034097539,18.15,11.533333333333333,False,False
2413557,Serrinha dos Pintos,RN,-6.144473899439684,-37.99307282901743,65,-0.06395768398390722,0.45146415908406734,1982,0.08239735584295661,19.55,13.533333333333333,False,False
2413607,Severiano Melo,RN,-5.769241763137156,-37.972780836307344,65,-0.08750000000000001,0.302835364563549,1987,0.23329562826712694,20.45,12.488888888888889,False,False
2413706,Sítio Novo,RN,-6.087869709320111,-35.92745395495593,65,0.1278846153846154,0.13208554084772026,1994,0.2667046417839311,18.75,6.222222222222222,False,False
2413805,Taboleiro Grande,RN,-5.935817547803003,-38.05127946852792,65,-0.007692307692307694,0.9278246057348423,1998,0.8603610817965768,20.5,13.488888888888889,False,False
2413904,Taipu,RN,-5.596572187033726,-35.585238195331854,65,0.13705217996551547,0.1066314445988412,1971,0.16384004642757882,14.05,5.533333333333333,False,False
2414001,Tangará,RN,-6.216922309554211,-35.83546338580538,65,0.14423076923076925,0.08942935902899353,1996,0.1348934261598594,18.0,10.2,False,False
2414100,Tenente Ananias,RN,-6.440530202125792,-38.163946940803605,65,0.12980769230769232,0.1263700865857364,2006,0.20895933922108018,17.85,18.0,False,False
2414159,Tenente Laurentino Cruz,RN,-6.158975684333127,-36.72278428774987,65,-0.2153846153846154,0.011203053689114175,1985,0.031038301874568873,18.0,5.377777777777778,True,False
2414209,Tibau do Sul,RN,-6.2416469528484,-35.099779433525605,65,0.14230769230769233,0.09378325044585276,1999,0.031038301874568873,7.6,5.888888888888889,False,False
2414308,Timbaúba dos Batistas,RN,-6.477751621340482,-37.247228470464194,65,-0.002884615384615385,0.9729024202503425,1977,0.37917085700952197,15.4,10.311111111111112,False,False
2414407,Touros,RN,-5.280856909931771,-35.6078456512709,65,0.10870612128131305,0.20071609190872286,2007,0.3883192024619521,8.85,2.1333333333333333,False,False
2414456,Triunfo Potiguar,RN,-5.918398175810039,-37.15154600068753,65,-0.07599808478959053,0.37103970778827833,1978,0.186646930242533,15.45,6.822222222222222,False,False
2414506,Umarizal,RN,-5.991852307611971,-37.832573201302445,65,-0.1375,0.10541366817859947,1979,0.16144984740732568,19.65,10.311111111111112,False,False
2414605,Upanema,RN,-5.610088062267308,-37.291928348237455,65,0.002884615384615385,0.9729024202503425,1993,0.6156758708469371,15.25,9.488888888888889,False,False
2414704,Várzea,RN,-6.351405563159009,-35.368404523332906,65,0.21442307692307694,0.011570560282309688,1999,0.020251720191003866,14.55,14.533333333333333,True,True
2414753,Venha-Ver,RN,-6.320756582053761,-38.526815825422,65,0.009136811997701031,0.9143383485646237,1967,0.9348700819203165,21.45,23.377777777777776,False,False
2414803,Vera Cruz,RN,-6.037025608768969,-35.435504063220975,65,0.27211538461538465,0.0013537062494211646,1996,0.0009586199975089164,14.8,5.911111111111111,True,True
2414902,Viçosa,RN,-5.987061220226338,-37.9550490532927,65,-0.07019230769230769,0.4084852298799554,1986,0.2148498852809811,20.65,13.022222222222222,False,False
2415008,Vila Flor,RN,-6.303011841360493,-35.08712114553248,65,0.14230769230769233,0.09378325044585276,1999,0.031038301874568873,7.55,6.222222222222222,False,False
2500106,Água Branca,PB,-7.470543076598111,-37.66267494550624,65,0.12980769230769232,0.1263700865857364,1984,0.18137345418813178,15.3,14.733333333333333,False,False
2500205,Aguiar,PB,-7.074172010330496,-38.213782951569854,65,0.22115384615384617,0.009207901182984903,1993,0.011412212598447198,18.75,23.155555555555555,True,True
2500304,Alagoa Grande,PB,-7.059124696527443,-35.60290723822588,65,0.20192307692307696,0.017417130286899955,1995,0.02663871507995326,15.2,37.53333333333333,True,True
2500403,Alagoa Nova,PB,-7.061658623122317,-35.76699623880833,65,0.3134615384615385,0.00022317824389906426,1995,0.0006666083254009841,16.4,35.22222222222222,True,True
2500502,Alagoinha,PB,-6.961962678282833,-35.52227453368089,65,0.264423076923077,0.001847185243478315,1999,0.0015104921756299722,15.95,38.666666666666664,True,True
2500536,Alcantil,PB,-7.689946663301741,-36.046733789203735,65,0.043269230769230775,0.610384513874678,1998,0.8750731790180674,21.55,19.177777777777777,False,False
2500577,Algodão de Jandaíra,PB,-6.887863520513356,-35.97218292680435,65,0.027884615384615386,0.7426392261972599,1970,1.0,17.3,30.488888888888887,False,False
2500601,Alhandra,PB,-7.348745609513438,-34.93325209808238,65,0.28750000000000003,0.0007104655262034,1995,5.947199361189405e-05,12.65,15.733333333333333,True,True
2500700,São João do Rio do Peixe,PB,-6.7328768769746965,-38.41785602376803,65,0.19903846153846155,0.01908771528935225,1999,0.0019328966388049253,19.55,24.755555555555556,True,True
2500734,Amparo,PB,-7.560611169902295,-37.03932917982272,65,0.28461538461538466,0.0008036342229777386,1996,1.2605507238978863e-05,15.85,15.466666666666667,True,True
2500775,Aparecida,PB,-6.78935707082562,-38.06794876424722,65,0.2461538461538462,0.003747978450523647,2002,0.0003506514665506257,14.95,18.955555555555556,True,True
2500809,Araçagi,PB,-6.861262442150201,-35.35446524022303,65,0.26730769230769236,0.0016454351395933779,1993,7.112510846125e-05,15.55,32.955555555555556,True,True
2500908,Arara,PB,-6.858098905042216,-35.73119428700083,65,0.2865384615384616,0.0007403444303979486,1999,0.00041269922621206914,15.05,34.422222222222224,True,True
2501005,Araruna,PB,-6.5241557593885,-35.7551230830036,65,0.14038461538461539,0.09830553419312299,2002,0.1975562773493669,16.65,20.155555555555555,False,False
2501104,Areia,PB,-6.9503658080891535,-35.70537767991062,65,0.26346153846153847,0.001919330513802186,1999,0.001437064222499949,18.3,39.37777777777778,True,True
2501153,Areia de Baraúnas,PB,-7.111956050827912,-36.96190791737861,65,0.007213272629763972,0.9323232913816621,2002,0.4775403025455924,17.3,20.333333333333332,False,False
2501203,Areial,PB,-7.049184852745857,-35.9315977839638,65,0.15961538461538463,0.06016535794097843,1998,0.04658952974594933,16.95,31.155555555555555,False,False
2501302,Aroeiras,PB,-7.535538725738202,-35.69084966302928,65,0.06153846153846155,0.46866229579159335,1999,0.35263438243826933,21.45,23.6,False,False
2501351,Assunção,PB,-7.073633239196475,-36.710221859059935,65,0.12500000000000003,0.14103164052071637,2001,0.07580582880191701,17.0,23.355555555555554,False,False
2501401,Baía da Traição,PB,-6.663105181063453,-34.988700424642495,65,0.3490384615384616,3.953754112601504e-05,1995,2.8624805327441824e-05,5.45,11.266666666666667,True,True
2501500,Bananeiras,PB,-6.700177659358656,-35.59623658641532,65,0.15096153846153848,0.07545725721395402,1996,0.06619019684698552,15.9,28.57777777777778,False,False
2501534,Baraúna,PB,-6.620563350464916,-36.26128257879304,65,0.1557692307692308,0.06661113650746185,2001,0.09861252850976931,12.8,13.133333333333333,False,False
2501575,Barra de Santana,PB,-7.564760472081997,-35.96605049180507,65,0.1447463374372637,0.08836161353687573,1998,0.04255924393991513,19.7,23.31111111111111,False,False
2501609,Barra de Santa Rosa,PB,-6.79114730855091,-36.075979330655656,65,0.07884615384615386,0.3531652909023054,2007,0.8898836579770303,15.8,25.666666666666668,False,False
2501708,Barra de São Miguel,PB,-7.70030332635664,-36.286512507554285,65,0.12403846153846156,0.14411498395127648,2017,0.28840837545464815,18.45,18.488888888888887,False,False
2501807,Bayeux,PB,-7.131744192778588,-34.9219818805129,65,0.2620822388814243,0.002032072409715457,2006,0.000740156073171146,9.95,18.355555555555554,True,True
2501906,Belém,PB,-6.705546189132175,-35.49832873685276,65,0.20384615384615387,0.016375942740005898,1995,0.10513368645374463,17.5,31.844444444444445,True,False
2502003,Belém do Brejo do Cruz,PB,-6.148924958484979,-37.36588414200643,65,0.18653846153846157,0.028047779175604026,2003,0.07580582880191701,19.0,11.11111111111111,True,False
2502052,Bernardino Batista,PB,-6.481059660392193,-38.55576381018541,65,0.030769230769230774,0.7171064503042393,2007,0.7328989927313598,21.65,26.644444444444446,False,False
2502102,Boa Ventura,PB,-7.431221407609644,-38.188247493599405,65,0.08076923076923077,0.3415471640207668,1998,0.5672409199242981,16.7,19.644444444444446,False,False
2502151,Boa Vista,PB,-7.271507051335988,-36.2185885207319,65,0.12403846153846156,0.14411498395127648,1998,0.1476898403483945,15.8,24.88888888888889,False,False
2502201,Bom Jesus,PB,-6.8228776023206335,-38.63028362659781,65,0.17692307692307696,0.037215712459128636,2004,0.027683537119878636,21.75,30.066666666666666,False,False
2502300,Bom Sucesso,PB,-6.474748991573405,-37.94781508224952,65,0.12884615384615386,0.1292032674393662,2001,0.11558351804791793,14.35,12.533333333333333,False,False
2502409,Bonito de Santa Fé,PB,-7.289216918100284,-38.47818113787485,65,0.2668910873012669,0.0016772977887184847,1993,0.0041336894831218215,19.1,21.8,True,True
2502508,Boqueirão,PB,-7.506544867165064,-36.14974025595125,65,0.18173076923076925,0.03235447625285426,1998,0.007101915496690558,18.9,21.488888888888887,True,True
2502607,Igaracy,PB,-7.155240445672986,-38.12446840921628,65,0.01730769230769231,0.8385020825980152,1966,0.9960061723468323,17.55,22.288888888888888,False,False
2502706,Borborema,PB,-6.794080872556732,-35.600985954399384,65,0.2480769230769231,0.003486022546985994,1999,0.0005999556251600211,15.7,34.17777777777778,True,True
2502805,Brejo do Cruz,PB,-6.329688645297823,-37.49704767291647,65,0.17753192017809893,0.03669207262040496,2004,0.01241227887176321,16.85,13.6,False,True
2502904,Brejo dos Santos,PB,-6.398487443749404,-37.84652432339979,65,0.1514787252250434,0.07452692165114072,2004,0.04829200871359571,16.65,13.2,False,False
2503001,Caaporã,PB,-7.486727282321569,-34.91900531054966,65,0.24711538461538465,0.00361484293919508,1995,0.0035966352221085086,12.95,14.4,True,True
2503100,Cabaceiras,PB,-7.45093406252539,-36.29884964514216,65,0.06299591429993869,0.458297395183652,2001,0.7534782860978246,16.1,18.666666666666668,False,False
2503209,Cabedelo,PB,-7.028173765960595,-34.84749038030863,65,0.35769230769230775,2.530404618976737e-05,1999,7.112510846125e-05,7.85,15.2,True,True
2503308,Cachoeira dos Índios,PB,-6.946059551743591,-38.695651657579226,65,0.2697763963531725,0.0014927567142938166,2003,0.0053137330234803055,24.55,31.91111111111111,True,True
2503407,Cacimba de Areia,PB,-7.1386645020244295,-37.173573551176325,65,0.30576923076923085,0.00031743366486994637,1994,0.000101257074974498,18.8,21.955555555555556,True,True
2503506,Cacimba de Dentro,PB,-6.624660294747327,-35.81361296457562,65,0.08846153846153848,0.2975531675111377,1993,0.8457507342183549,15.45,26.333333333333332,False,False
2503555,Cacimbas,PB,-7.20942787751102,-37.09041179312923,65,0.23557692307692307,0.0055358278705207545,1994,0.0051949151795271575,14.9,20.622222222222224,True,True
2503605,Caiçara,PB,-6.606339091426045,-35.41173549166119,65,0.19423076923076926,0.02218417484152764,1995,0.05565131986374875,15.5,25.755555555555556,True,False
2503704,Cajazeiras,PB,-6.919802281764185,-38.54098066352636,65,0.28942307692307695,0.0006540400210720651,2002,0.0008212527759359447,22.35,30.755555555555556,True,True
2503753,Cajazeirinhas,PB,-6.958907188905765,-37.80345500594591,65,0.2605769230769231,0.0021515738117853294,2001,0.002462803962555173,13.35,16.244444444444444,True,True
2503803,Caldas Brandão,PB,-7.121017246237699,-35.33925557922486,65,0.24669392393792786,0.0036803162266953134,1998,5.4350678262267e-05,17.2,33.48888888888889,True,True
2503902,Camalaú,PB,-7.899853538936776,-36.79697343325451,65,0.10480769230769232,0.21713510541441583,1993,0.4264390421954524,18.95,15.11111111111111,False,False
2504009,Campina Grande,PB,-7.263559723121439,-35.96549307473623,65,0.20865384615384616,0.014008663383803684,1998,0.004531670941802023,15.95,26.333333333333332,True,True
2504033,Capim,PB,-6.90086164984706,-35.16870943189674,65,0.3375,7.058880382338688e-05,1996,5.761865471303383e-06,12.2,30.044444444444444,True,True
2504074,Caraúbas,PB,-7.774108442405597,-36.50245375205508,65,0.15673076923076926,0.06494862597449932,1998,0.11558351804791793,18.45,15.088888888888889,False,False
2504108,Carrapateira,PB,-7.04441327241484,-38.33753590401929,65,0.20490622860990865,0.015872794280533828,1993,0.0021829955706988763,21.05,25.555555555555557,True,True
2504157,Casserengue,PB,-6.755134010530068,-35.84318394877494,65,0.0826923076923077,0.33017658764094726,2002,0.9806103528349323,14.65,28.57777777777778,False,False
2504207,Catingueira,PB,-7.138505403979259,-37.59073164757231,65,0.12500000000000003,0.14103164052071637,2001,0.017249952653633677,17.0,17.488888888888887,False,True
2504306,Catolé do Rocha,PB,-6.32111862486913,-37.70438221196476,65,0.12500000000000003,0.14103164052071637,1994,0.17621863751350042,16.2,13.533333333333333,False,False
2504355,Caturité,PB,-7.415969315131294,-36.05771150031261,65,0.2332291483623684,0.006036064101030109,1998,0.002775489561608165,13.05,23.08888888888889,True,True
2504405,Conceição,PB,-7.503691810213052,-38.52826101564066,65,0.1375,0.10541366817859947,1992,0.10852621480054009,15.9,17.2,False,False
2504504,Condado,PB,-6.904994177823455,-37.61551711870826,65,0.2903846153846154,0.0006274171861465684,1998,0.0005395957194361724,16.6,18.066666666666666,True,True
2504603,Conde,PB,-7.282084465962306,-34.860644594223615,65,0.28942307692307695,0.0006540400210720651,1995,0.0003320015767270666,8.35,13.866666666666667,True,True
2504702,Congo,PB,-7.795004843788745,-36.6464934365662,65,0.06826923076923078,0.4214450879802445,2003,0.7604002213532476,19.7,15.822222222222223,False,False
2504801,Coremas,PB,-7.050493798243107,-37.97540784113924,65,0.05384615384615385,0.5260317864344628,1966,0.9197857474393305,16.75,19.022222222222222,False,False
2504850,Coxixola,PB,-7.645262227321478,-36.63415036938751,65,0.13173076923076923,0.120849081775192,1995,0.4166794406211764,16.1,15.88888888888889,False,False
2504900,Cruz do Espírito Santo,PB,-7.148972847276595,-35.10270257298813,65,0.23365384615384616,0.005933512117906358,1998,0.0002519655793723025,15.5,24.933333333333334,True,True
2505006,Cubati,PB,-6.860610722573713,-36.32670488479287,65,0.022601587573260445,0.7901703835633029,2001,0.31934808891406874,14.2,17.91111111111111,False,False
2505105,Cuité,PB,-6.548634094853535,-36.07836795026866,65,0.08076923076923077,0.3415471640207668,2018,0.46701295818182675,13.85,15.0,False,False
2505204,Cuitegi,PB,-6.899176285085658,-35.5227580501658,65,0.2951923076923077,0.0005087805753050551,1998,0.00010733238976163048,16.55,36.77777777777778,True,True
2505238,Cuité de Mamanguape,PB,-6.905991921863939,-35.252118848595714,65,0.3288461538461539,0.00010777444489636407,1995,8.008236232223721e-06,15.3,33.666666666666664,True,True
2505279,Curral de Cima,PB,-6.7338780397262665,-35.28477710540935,65,0.23803799678221108,0.005071913207328037,1993,0.006795167961004818,12.65,26.91111111111111,True,True
2505303,Curral Velho,PB,-7.537906573082216,-38.16792415952872,65,0.04038461538461539,0.6343904759318508,1985,1.0,16.9,18.711111111111112,False,False
2505352,Damião,PB,-6.643234896681286,-35.93003977056351,65,0.057692307692307696,0.49690584756476786,2002,0.6156758708469371,16.6,22.755555555555556,False,False
2505402,Desterro,PB,-7.300053605345469,-37.09293996392359,65,0.37307692307692314,1.1167635142820231e-05,1994,4.39845283175301e-05,15.55,20.355555555555554,True,True
2505501,Vista Serrana,PB,-6.757031856895416,-37.57538884016081,65,0.2582351601455502,0.0023641123563395636,1998,0.0011753288348386205,15.55,17.355555555555554,True,True
2505600,Diamante,PB,-7.423748345267296,-38.31552693117493,65,0.06299591429993869,0.458297395183652,2016,0.3657327946342626,17.75,20.533333333333335,False,False
2505709,Dona Inês,PB,-6.609432087259279,-35.64826703411791,65,0.15096153846153848,0.07545725721395402,1995,0.15216720064717362,16.75,24.2,False,False
2505808,Duas Estradas,PB,-6.720804655682475,-35.39561708274023,65,0.26346153846153847,0.001919330513802186,1996,0.004531670941802023,17.8,30.666666666666668,True,True
2505907,Emas,PB,-7.086562129599478,-37.745054273652,65,0.26730769230769236,0.0016454351395933779,2001,7.112510846125e-05,16.65,18.266666666666666,True,True
2506004,Esperança,PB,-6.998163928523087,-35.89036771120169,65,0.17403846153846156,0.04042092332408574,1998,0.06619019684698552,16.7,32.13333333333333,False,False
2506103,Fagundes,PB,-7.391413422908394,-35.77990054698226,65,0.19519230769230772,0.021532075658869866,1999,0.025628914308205172,17.95,28.333333333333332,True,True
2506202,Frei Martinho,PB,-6.414468297308389,-36.44973466663447,65,0.03365384615384616,0.6918859681811715,2001,0.5791296951003588,17.05,10.244444444444444,False,False
2506251,Gado Bravo,PB,-7.589675744710085,-35.81240223817011,65,0.00576923076923077,0.9458360859046578,1998,0.9047890422433168,21.3,24.155555555555555,False,False
2506301,Guarabira,PB,-6.877845784785395,-35.448123326461726,65,0.27073816603714107,0.0014355266326915256,1998,0.00041269922621206914,15.55,36.75555555555555,True,True
2506400,Gurinhém,PB,-7.149660560608263,-35.43586779361761,65,0.27403846153846156,0.001251000300597849,1998,0.0003142895023838398,20.6,35.51111111111111,True,True
2506509,Gurjão,PB,-7.26147426523792,-36.45787082025287,65,0.1076923076923077,0.20474428938111378,2001,0.0374280118542835,15.9,20.533333333333335,False,False
2506608,Ibiara,PB,-7.491925543984291,-38.40387519816274,65,0.3317307692307693,9.369852852119804e-05,1992,0.0015104921756299722,16.9,18.11111111111111,True,True
2506707,Imaculada,PB,-7.370840046191126,-37.55822914916087,65,0.07980769230769232,0.3473253208868534,2001,0.45663907784026875,15.5,15.911111111111111,False,False
2506806,Ingá,PB,-7.278410936509805,-35.62094306223521,65,0.1125,0.18524939541359853,2009,0.37917085700952197,19.25,32.6,False,False
2506905,Itabaiana,PB,-7.348346759312812,-35.3542231874539,65,0.1995672094234699,0.018798012993590994,1999,0.007753572228438996,22.05,24.711111111111112,True,True
2507002,Itaporanga,PB,-7.286538599315326,-38.18639901805704,65,0.3403846153846154,6.116757608356162e-05,1993,7.547044454887226e-05,18.4,19.644444444444446,True,True
2507101,Itapororoca,PB,-6.810126308687391,-35.257274316631985,65,0.1432692307692308,0.09158551296933214,1993,0.1567533113111856,15.55,29.622222222222224,False,False
2507200,Itatuba,PB,-7.40504504033527,-35.64719153421764,65,0.13653846153846155,0.10787167378640108,1999,0.17621863751350042,22.15,28.42222222222222,False,False
2507309,Jacaraú,PB,-6.595693588690387,-35.26827958263915,65,0.16782880985250842,0.04817119198573855,1995,0.07580582880191701,11.05,20.733333333333334,False,False
2507408,Jericó,PB,-6.508703561269442,-37.8171931969768,65,0.17788461538461542,0.03619655620523172,2004,0.04179063319747862,17.25,14.311111111111112,False,False
2507507,João Pessoa,PB,-7.165429302070326,-34.86941244534691,65,0.3846153846153847,5.923317990312156e-06,1995,1.3440254834466912e-05,9.05,15.88888888888889,True,True
2507606,Juarez Távora,PB,-7.159248565108297,-35.57050393517832,65,0.2457321542539593,0.00381564064230791,1993,0.006217636299301284,17.75,36.8,True,True
2507705,Juazeirinho,PB,-7.054911213756105,-36.55848543785984,65,0.2620822388814243,0.002032072409715457,2001,4.67360458501189e-05,15.6,20.57777777777778,True,True
2507804,Junco do Seridó,PB,-6.99128243898747,-36.77447884632544,65,-0.06442307692307693,0.44807654659723983,1981,0.33569432777951663,18.0,22.933333333333334,False,False
2507903,Juripiranga,PB,-7.354995726810854,-35.213693095588354,65,0.2880500203485746,0.0006958118997328732,1999,0.0002663486608165839,19.4,24.377777777777776,True,True
2508000,Juru,PB,-7.501808041117379,-37.80316056658544,65,0.2230769230769231,0.008617102831198334,1984,0.032233482480051354,16.1,18.22222222222222,True,False
2508109,Lagoa,PB,-6.587575682673625,-37.88819655002024,65,0.22403846153846155,0.008334606052782998,1996,0.01294136909450836,13.95,16.266666666666666,True,True
2508208,Lagoa de Dentro,PB,-6.678928868451134,-35.36126335277179,65,0.23226737867839986,0.00624764503696303,1993,0.019460569787467734,17.45,28.933333333333334,True,True
2508307,Lagoa Seca,PB,-7.14619291294665,-35.86636454622261,65,0.19283482163569018,0.02319230753417357,1995,0.020251720191003866,17.95,33.37777777777778,True,True
2508406,Lastro,PB,-6.55255309410195,-38.17999618551704,65,0.1451923076923077,0.08731427299935919,1999,0.12687530739535213,16.6,16.733333333333334,False,False
2508505,Livramento,PB,-7.340619740408062,-36.9310275096786,65,0.42019230769230775,7.496040961275023e-07,1994,7.023792026156255e-06,15.75,20.622222222222224,True,True
2508554,Logradouro,PB,-6.554270645349519,-35.427281053760936,65,0.19423076923076926,0.02218417484152764,1995,0.05565131986374875,16.4,23.933333333333334,True,False
2508604,Lucena,PB,-6.9189419025874335,-34.91202422537439,65,0.3490384615384616,3.953754112601504e-05,1999,0.00023831817146721104,9.05,17.355555555555554,True,True
2508703,Mãe d'Água,PB,-7.248180917387313,-37.43987607620223,65,0.11634615384615385,0.17066966756527835,1993,0.10513368645374463,15.7,15.733333333333333,False,False
2508802,Malta,PB,-6.883712945362936,-37.53007069133904,65,0.28269230769230774,0.0008719143155887893,1998,0.00019040280792953311,16.05,18.511111111111113,True,True
2508901,Mamanguape,PB,-6.720861725422495,-35.15587435907044,65,0.2842029416127005,0.0008200642818775141,1995,0.00027382754574216135,12.25,23.044444444444444,True,True
2509008,Manaíra,PB,-7.724837520249102,-38.204792294435286,65,-0.1230769230769231,0.14724974459811443,1991,0.06395574274390818,17.8,15.466666666666667,False,False
2509057,Marcação,PB,-6.747505272330844,-35.005603858255355,65,0.3884615384615385,4.775884288942411e-06,1995,4.12781680109652e-06,10.3,18.333333333333332,True,True
2509107,Mari,PB,-7.037617189273327,-35.30592306630599,65,0.28750000000000003,0.0007104655262034,1998,0.000101257074974498,17.35,35.644444444444446,True,True
2509156,Marizópolis,PB,-6.821632461206031,-38.33666120856578,65,0.28076923076923077,0.0009455404204488631,1993,0.00012770224080968208,21.15,28.22222222222222,True,True
2509206,Massaranduba,PB,-7.200748280576402,-35.75594996530476,65,0.12403846153846156,0.14411498395127648,1995,0.22086846274676056,17.45,33.55555555555556,False,False
2509305,Mataraca,PB,-6.556368656260704,-35.04384962682897,65,0.2625,0.0019940551290711004,1995,0.0007797178157655067,6.65,12.222222222222221,True,True
2509339,Matinhas,PB,-7.118379427706955,-35.771811262082416,65,0.19283482163569018,0.02319230753417357,1995,0.020251720191003866,15.95,32.82222222222222,True,True
2509370,Mato Grosso,PB,-6.54809380235089,-37.73734038844718,65,0.3201923076923077,0.00016293221273826002,2003,0.00045965486773427624,16.8,16.57777777777778,True,True
2509396,Maturéia,PB,-7.284290083572904,-37.35878350074587,65,0.11634615384615385,0.17066966756527835,1993,0.10513368645374463,16.5,18.066666666666666,False,False
2509404,Mogeiro,PB,-7.294770048079989,-35.49706628258914,65,0.14423076923076925,0.08942935902899353,1999,0.12687530739535213,21.85,30.044444444444444,False,False
2509503,Montadas,PB,-7.090314757521561,-35.94356965756597,65,0.15961538461538463,0.06016535794097843,1998,0.04658952974594933,16.55,30.6,False,False
2509602,Monte Horebe,PB,-7.206373907476425,-38.53755274977807,65,0.29134615384615387,0.0006018054223742369,1993,0.00037028525240877117,20.25,25.644444444444446,True,True
2509701,Monteiro,PB,-7.907737129134323,-37.09170813226123,65,0.13269230769230772,0.11816028735144751,2001,0.12687530739535213,12.65,9.844444444444445,False,False
2509800,Mulungu,PB,-6.999471366255572,-35.42099409768094,65,0.21923076923076926,0.00983458779839209,1999,0.003124511435185525,15.4,37.46666666666667,True,True
2509909,Natuba,PB,-7.560145538251852,-35.56289608142106,65,0.1701923076923077,0.0450560990200837,1999,0.04829200871359571,20.85,19.0,False,False
2510006,Nazarezinho,PB,-6.950972326393623,-38.326605258576734,65,0.1966819003715643,0.020583198995244356,1993,0.004039345459827546,21.05,25.288888888888888,True,True
2510105,Nova Floresta,PB,-6.476354212923913,-36.206248481894725,65,0.08653846153846155,0.308179547467054,2001,0.4070731221914113,14.75,12.488888888888889,False,False
2510204,Nova Olinda,PB,-7.473711804087898,-38.01841360122808,65,0.04711538461538462,0.5790206953061717,2000,0.33569432777951663,16.75,18.511111111111113,False,False
2510303,Nova Palmeira,PB,-6.676157485644312,-36.42631626737276,65,-0.021153846153846155,0.8032826965468698,1977,0.7328989927313598,17.55,16.044444444444444,False,False
2510402,Olho d'Água,PB,-7.284439449508827,-37.75396943890795,65,-0.04568405998850516,0.5906873687663223,1977,0.4264390421954524,16.6,17.444444444444443,False,False
2510501,Olivedos,PB,-6.977106010433279,-36.2490856951228,65,0.11634615384615385,0.17066966756527835,1999,0.05004808403109762,12.45,21.4,False,False
2510600,Ouro Velho,PB,-7.609838484984954,-37.138015926046734,65,0.22553499089062018,0.007925383439467762,1998,0.00020144497448473315,13.9,12.0,True,True
2510659,Parari,PB,-7.3273132602501745,-36.66875755337837,65,0.2678528569852355,0.0016135724695128988,1993,0.0028422709815247326,17.05,20.711111111111112,True,True
2510709,Passagem,PB,-7.118157118520692,-37.0412055911188,65,0.23034383931046282,0.006690947729228514,2002,0.00792477056561316,18.75,21.466666666666665,True,True
2510808,Patos,PB,-6.995454712845111,-37.31680333856536,65,0.18461538461538465,0.029707245169198246,1998,0.024653148270964056,17.65,19.0,True,True
2510907,Paulista,PB,-6.627028927177856,-37.608736568655566,65,0.19615384615384618,0.02089672865779774,2003,0.003768064279825467,13.55,14.555555555555555,True,True
2511004,Pedra Branca,PB,-7.45867142159896,-38.08084307810376,65,0.11346153846153846,0.18152087117928373,1998,0.27379852014261447,17.75,19.288888888888888,False,False
2511103,Pedra Lavrada,PB,-6.772915404575608,-36.38787952279556,65,0.018278020392433165,0.8296585333051132,1998,0.4363521181567188,16.05,17.755555555555556,False,False
2511202,Pedras de Fogo,PB,-7.336146088787535,-35.07458226446209,65,0.31923076923076926,0.00017048495694444306,1999,1.4327813599486732e-05,17.15,20.6,True,True
2511301,Piancó,PB,-7.201286625144445,-37.942146197566124,65,-0.06442307692307693,0.44807654659723983,1985,1.0,15.9,20.666666666666668,False,False
2511400,Picuí,PB,-6.493041720060032,-36.33703339948296,65,0.057692307692307696,0.49690584756476786,2001,0.5791296951003588,15.7,12.4,False,False
2511509,Pilar,PB,-7.279009343087644,-35.26665457237927,65,0.21442307692307694,0.011570560282309688,1998,0.001300071683545282,18.05,24.444444444444443,True,True
2511608,Pilões,PB,-6.883111333105712,-35.60840276045561,65,0.3067307692307693,0.00030388706618984915,1999,0.00010733238976163048,16.0,38.53333333333333,True,True
2511707,Pilõezinhos,PB,-6.846213682390408,-35.549077046560896,65,0.2951923076923077,0.0005087805753050551,1998,0.00010733238976163048,15.85,36.044444444444444,True,True
2511806,Pirpirituba,PB,-6.790817900419769,-35.49586015571131,65,0.27884615384615385,0.0010248904043448762,1998,0.0027101605930681836,16.75,34.13333333333333,True,True
2511905,Pitimbu,PB,-7.4310352692588415,-34.84175549729755,65,0.20865384615384616,0.014008663383803684,1993,0.011412212598447198,9.6,12.533333333333333,True,True
2512002,Pocinhos,PB,-7.062642698755348,-36.093634724945225,65,0.08846153846153848,0.2975531675111377,1994,0.488220905503328,14.1,26.155555555555555,False,False
2512036,Poço Dantas,PB,-6.38967912243564,-38.51997768836404,65,0.12115384615384618,0.15367530699707593,2005,0.3035887052227368,20.55,24.066666666666666,False,False
2512077,Poço de José de Moura,PB,-6.5938995858992815,-38.49878734125112,65,0.12500000000000003,0.14103164052071637,1999,0.0954805823504146,19.55,25.68888888888889,False,False
2512101,Pombal,PB,-6.772496382968288,-37.85094744905364,65,0.2980769230769231,0.00044800760165303284,1994,0.00015170273798395626,14.15,18.57777777777778,True,True
2512200,Prata,PB,-7.694703408306814,-37.08579259804189,65,0.22553499089062018,0.007925383439467762,1998,0.00020144497448473315,13.0,10.444444444444445,True,True
2512309,Princesa Isabel,PB,-7.653675146462325,-38.00495334248866,65,-0.06203414461597016,0.4651882557870508,1991,0.4166794406211764,17.9,17.555555555555557,False,False
2512408,Puxinanã,PB,-7.148868049133365,-35.96159824359831,65,0.16923076923076924,0.04628252141634792,1999,0.021071406588780116,15.65,27.844444444444445,False,True
2512507,Queimadas,PB,-7.399337881537971,-35.913693220686014,65,0.15673076923076926,0.06494862597449932,1993,0.07580582880191701,14.95,26.0,False,False
2512606,Quixaba,PB,-7.040673283208433,-37.13552714516681,65,0.0826923076923077,0.33017658764094726,2002,0.17621863751350042,17.05,18.755555555555556,False,False
2512705,Remígio,PB,-6.926834641680667,-35.84883851155247,65,0.2173076923076923,0.010499001925212305,1995,0.014652703987493569,17.2,33.13333333333333,True,True
2512721,Pedro Régis,PB,-6.668102708656936,-35.29109435039902,65,0.23226737867839986,0.00624764503696303,1993,0.019460569787467734,14.5,25.91111111111111,True,True
2512747,Riachão,PB,-6.541770945922217,-35.64756488919468,65,0.15096153846153848,0.07545725721395402,1995,0.15216720064717362,16.8,22.755555555555556,False,False
2512754,Riachão do Bacamarte,PB,-7.239671527876563,-35.66931402351027,65,0.1125,0.18524939541359853,2009,0.37917085700952197,18.35,35.44444444444444,False,False
2512762,Riachão do Poço,PB,-7.154939978512882,-35.2898116927848,65,0.24669392393792786,0.0036803162266953134,1998,5.4350678262267e-05,16.8,29.4,True,True
2512788,Riacho de Santo Antônio,PB,-7.68276783793604,-36.13780763923199,65,-0.014423076923076924,0.865134745405447,1972,1.0,20.3,19.155555555555555,False,False
2512804,Riacho dos Cavalos,PB,-6.478253263552611,-37.63553736423257,65,0.2759615384615385,0.001155531811201797,2004,0.00017001330070577685,15.8,15.222222222222221,True,True
2512903,Rio Tinto,PB,-6.796952874224994,-35.036049425817005,65,0.3884615384615385,4.775884288942411e-06,1995,4.12781680109652e-06,11.2,19.844444444444445,True,True
2513000,Salgadinho,PB,-7.098632296272783,-36.84201352973445,65,-0.03463203863829442,0.6835432816961925,1970,1.0,18.1,20.511111111111113,False,False
2513109,Salgado de São Félix,PB,-7.414705802533032,-35.46338273545059,65,0.26346153846153847,0.001919330513802186,1999,0.0009586199975089164,21.6,22.177777777777777,True,True
2513158,Santa Cecília,PB,-7.72897229366786,-35.921533897850125,65,-0.019230769230769235,0.8208472385419284,1978,0.7883903763393662,22.45,20.2,False,False
2513208,Santa Cruz,PB,-6.548798512229045,-38.05287038557306,65,0.1389757193334525,0.10180473817042829,2002,0.05967975380939963,14.4,17.044444444444444,False,False
2513307,Santa Helena,PB,-6.730485160886997,-38.58412516938193,65,0.19423076923076926,0.02218417484152764,2002,0.033468923782858755,20.9,29.377777777777776,True,False
2513356,Santa Inês,PB,-7.666337265729838,-38.57742336738304,65,0.07596153846153847,0.37105504106368714,1964,0.7883903763393662,15.45,14.71111111111111,False,False
2513406,Santa Luzia,PB,-6.917225337072324,-36.90645959627725,65,-0.002884615384615385,0.9729024202503425,1981,0.44641878404152746,16.25,16.755555555555556,False,False
2513505,Santana de Mangueira,PB,-7.628242160215459,-38.33096780131708,65,-0.0903846153846154,0.28717451712092856,1988,0.7743354696059661,15.35,15.688888888888888,False,False
2513604,Santana dos Garrotes,PB,-7.388021423905572,-37.96005190071707,65,-0.03653846153846154,0.6670026854207679,1973,1.0,17.0,21.333333333333332,False,False
2513653,Joca Claudino,PB,-6.477079479759942,-38.48091564602616,65,0.16250000000000003,0.05567791074662766,2003,0.036065047811419726,20.3,26.711111111111112,False,False
2513703,Santa Rita,PB,-7.067333183862777,-34.999967255059225,65,0.2903846153846154,0.0006274171861465684,2006,0.00022537116101560133,10.7,20.244444444444444,True,True
2513802,Santa Teresinha,PB,-7.091195179979653,-37.44540157237706,65,0.18750000000000003,0.0272484408923059,1998,0.004743582837762857,18.1,17.733333333333334,True,True
2513851,Santo André,PB,-7.221082948382408,-36.61462038459967,65,0.21923076923076926,0.00983458779839209,2001,0.01190277071465173,13.35,20.555555555555557,True,True
2513901,São Bento,PB,-6.458919255297713,-37.471271146035264,65,0.16634615384615387,0.05013161313138197,2004,0.01241227887176321,17.85,13.977777777777778,False,True
2513927,São Bentinho,PB,-6.873774226256525,-37.707171043125285,65,0.30343833529207104,0.0003537363366888846,1998,0.0005541268424488021,14.2,17.066666666666666,True,True
2513943,São Domingos do Cariri,PB,-7.588133953668089,-36.40479163910596,65,0.057692307692307696,0.49690584756476786,2001,0.5555005761215098,16.55,18.57777777777778,False,False
2513968,São Domingos,PB,-6.803942268733469,-37.95071147916388,65,0.3009615384615385,0.00039406471296766864,1997,0.0003506514665506257,14.85,19.644444444444446,True,True
2513984,São Francisco,PB,-6.635138761636827,-38.05960881533454,65,0.17403846153846156,0.04042092332408574,2002,0.003275128172611387,14.9,16.955555555555556,False,True
2514008,São João do Cariri,PB,-7.451242465756489,-36.4940228680146,65,0.1125,0.18524939541359853,2000,0.22086846274676056,16.7,17.666666666666668,False,False
2514107,São João do Tigre,PB,-8.088944144214425,-36.78747762073437,65,-0.11730769230769231,0.16716277228271015,1986,0.24625239477921027,21.75,14.422222222222222,False,False
2514206,São José da Lagoa Tapada,PB,-6.941330115528566,-38.139576264293545,65,0.12980769230769232,0.1263700865857364,2000,0.2270165572915539,15.2,20.955555555555556,False,False
2514305,São José de Caiana,PB,-7.260566260461823,-38.326665749271946,65,0.4182692307692308,8.418576176896798e-07,1993,1.2861024887550602e-06,21.75,23.355555555555554,True,True
2514404,São José de Espinharas,PB,-6.813782988398297,-37.37980736708953,65,0.21207021531506076,0.012535111461060922,2003,0.0006493231195708292,19.8,17.266666666666666,True,True
2514453,São José dos Ramos,PB,-7.241938513052247,-35.34627483373898,65,0.16634615384615387,0.05013161313138197,1999,0.003768064279825467,18.25,28.266666666666666,False,True
2514503,São José de Piranhas,PB,-7.100785207747192,-38.4920983544344,65,0.20673076923076925,0.014916681278871908,1993,0.003768064279825467,21.35,27.2,True,True
2514552,São José de Princesa,PB,-7.702727269546618,-38.09630416729834,65,-0.23557692307692307,0.0055358278705207545,1991,0.002462803962555173,16.95,15.577777777777778,True,True
2514602,São José do Bonfim,PB,-7.149305036576701,-37.30087925883602,65,0.17211538461538464,0.04268533710848181,1993,0.008459197082313663,15.15,16.11111111111111,False,True
2514651,São José do Brejo do Cruz,PB,-6.235459357231153,-37.358125115949086,65,0.2663461538461539,0.0017103144653527128,1993,0.011412212598447198,18.0,11.933333333333334,True,True
2514701,São José do Sabugi,PB,-6.817139898274958,-36.8234083738736,65,-0.09711538461538463,0.252789642803682,1980,0.011412212598447198,17.5,15.88888888888889,False,True
2514800,São José dos Cordeiros,PB,-7.429085090214535,-36.86242851581744,65,0.46442307692307694,4.5284205074200595e-08,1994,1.479035802229854e-06,14.5,17.511111111111113,True,True
2514909,São Mamede,PB,-6.927746695752719,-37.084743974546726,65,0.11685501660217633,0.16890256328920294,2002,0.06619019684698552,17.45,18.377777777777776,False,False
2515005,São Miguel de Taipu,PB,-7.240506585530292,-35.19878988652909,65,0.21442307692307694,0.011570560282309688,1998,0.001300071683545282,19.7,26.644444444444446,True,True
2515104,São Sebastião de Lagoa de Roça,PB,-7.089083888965821,-35.85404092158659,65,0.2236114515226831,0.008473749386513626,1995,0.005946011397210716,16.25,31.555555555555557,True,True
2515203,São Sebastião do Umbuzeiro,PB,-8.158162343115382,-37.0148918981542,65,0.1759615384615385,0.038259195895726995,1994,0.08377208835709478,17.7,9.066666666666666,False,False
2515302,Sapé,PB,-7.05537056184914,-35.197109385486804,65,0.3028846153846154,0.0003615426350525207,1999,7.5005245774964885e-06,12.9,29.444444444444443,True,True
2515401,São Vicente do Seridó,PB,-6.909046403025544,-36.45030917302277,65,0.04230769230769231,0.6183417469175422,1998,0.2397071069526228,15.45,17.844444444444445,False,False
2515500,Serra Branca,PB,-7.5353205049353,-36.707873922865794,65,0.21250000000000002,0.012337808021518988,1994,0.005685274032837622,13.45,17.22222222222222,True,True
2515609,Serra da Raiz,PB,-6.705212792467958,-35.45279786011256,65,0.2326923076923077,0.006141854588758913,1993,0.011412212598447198,17.75,31.644444444444446,True,True
2515708,Serra Grande,PB,-7.229190607462671,-38.379474183907085,65,0.3092089533958823,0.00027228989047141014,1993,0.00045965486773427624,20.95,23.22222222222222,True,True
2515807,Serra Redonda,PB,-7.171521674635674,-35.66328245546877,65,0.21110844563109224,0.01294103303964413,1993,0.03410208815963287,19.4,36.266666666666666,True,False
2515906,Serraria,PB,-6.833156610469653,-35.64419532761325,65,0.3067307692307693,0.00030388706618984915,1999,0.00010733238976163048,16.5,35.84444444444444,True,True
2515930,Sertãozinho,PB,-6.7424747344067,-35.42143184419814,65,0.26346153846153847,0.001919330513802186,1996,0.004531670941802023,16.85,30.68888888888889,True,True
2515971,Sobrado,PB,-7.179865705471842,-35.25611118909054,65,0.252464542041739,0.002956019316058704,1998,3.2390558979366924e-05,18.85,29.555555555555557,True,True
2516003,Solânea,PB,-6.75221706306152,-35.724908460237025,65,0.19134615384615386,0.024244568973916657,1999,0.020251720191003866,14.55,30.977777777777778,True,True
2516102,Soledade,PB,-7.100399705913929,-36.37058303885622,65,0.020192307692307693,0.8120531453899646,2001,0.3113955087807632,13.15,19.666666666666668,False,False
2516151,Sossêgo,PB,-6.723676509337484,-36.20981131293957,65,0.12070209533805047,0.15530790708588585,2003,0.17118085708445183,12.85,15.488888888888889,False,False
2516201,Sousa,PB,-6.739688788906933,-38.225160354321645,65,0.31730769230769235,0.00018658890717207437,1999,4.138787748677744e-05,18.0,20.91111111111111,True,True
2516300,Sumé,PB,-7.678371499584642,-36.90063237732048,65,0.2880500203485746,0.0006958118997328732,1996,6.313798769601119e-05,14.95,13.977777777777778,True,True
2516409,Tacima,PB,-6.537819543253081,-35.51835864481378,65,0.21250000000000002,0.012337808021518988,1993,0.04829200871359571,15.65,21.266666666666666,True,False
2516508,Taperoá,PB,-7.220830379464335,-36.83063475304202,65,0.1932692307692308,0.02285338210981876,1992,0.0954805823504146,16.65,20.644444444444446,True,False
2516607,Tavares,PB,-7.599961300305953,-37.89203394301058,65,0.025961538461538463,0.759821804319769,1991,1.0,17.55,17.155555555555555,False,False
2516706,Teixeira,PB,-7.245567383976066,-37.24036935203354,65,0.3586538461538462,2.406512874145137e-05,1993,1.2605507238978863e-05,15.75,19.333333333333332,True,True
2516755,Tenório,PB,-6.961237218473413,-36.6264467648858,65,0.2649675479333299,0.0018117472849547634,1994,0.0018861825296423939,16.9,19.31111111111111,True,True
2516805,Triunfo,PB,-6.605605214365482,-38.57230864443377,65,0.05288461538461539,0.5334472631525882,2004,0.36132902060287403,21.65,28.68888888888889,False,False
2516904,Uiraúna,PB,-6.510878094285126,-38.39157441872096,65,0.10961538461538463,0.19677448800476616,2005,0.20895933922108018,18.6,21.555555555555557,False,False
2517001,Umbuzeiro,PB,-7.680845929561975,-35.73782369890265,65,0.12409813845388835,0.14410212934969785,1998,0.16384004642757882,24.0,20.733333333333334,False,False
2517100,Várzea,PB,-6.788718814741304,-37.03132072524011,65,-0.14134615384615387,0.09602308626391638,1982,0.011412212598447198,19.45,16.466666666666665,False,True
2517209,Vieirópolis,PB,-6.560249689276972,-38.26826084243473,65,0.10192307692307694,0.2300563729738222,2005,0.4775403025455924,18.35,20.133333333333333,False,False
2517407,Zabelê,PB,-8.07653969325941,-37.096415052450205,65,0.1514787252250434,0.07452692165114072,1994,0.07708717209636004,16.7,10.11111111111111,False,False
2600054,Abreu E Lima,PE,-7.879648720090794,-35.01939460326561,65,-0.01153846153846154,0.8919214874063491,1975,0.7193378849388556,20.2,13.066666666666666,False,False
2600104,Afogados da Ingazeira,PE,-7.737082475008068,-37.62003438662476,65,0.21826923076923077,0.010161961215914167,1998,0.0020295623064687887,15.9,9.155555555555555,True,True
2600203,Afrânio,PE,-8.618867745343358,-41.005341421818656,65,-0.04087521156866251,0.6303562737244601,2004,0.4936185916631505,10.05,3.0,False,False
2600302,Agrestina,PE,-8.45656150962502,-35.94526562848664,65,0.20865384615384616,0.014008663383803684,1996,0.015266779927279142,18.7,6.711111111111111,True,True
2600401,Água Preta,PE,-8.72879794955451,-35.48178034845534,65,0.2865384615384616,0.0007403444303979486,1983,0.007753572228438996,13.7,6.466666666666667,True,True
2600500,Águas Belas,PE,-9.087007698695396,-37.03864285020701,65,-0.04711538461538462,0.5790206953061717,1989,0.7465872320851034,17.7,6.088888888888889,False,False
2600609,Alagoinha,PE,-8.494069546588069,-36.75533736629604,65,-0.05576923076923077,0.5113605348757182,1978,0.8025622312742078,20.8,8.933333333333334,False,False
2600708,Aliança,PE,-7.602522503287082,-35.19315530315403,65,0.3490384615384616,3.953754112601504e-05,1999,0.00037028525240877117,21.15,17.866666666666667,True,True
2600807,Altinho,PE,-8.490383066505533,-36.09888940338322,65,0.03461538461538462,0.683552875272655,1996,0.6407607168142557,21.15,7.266666666666667,False,False
2600906,Amaraji,PE,-8.365356662093461,-35.46573220376071,65,0.09665785323883723,0.25513858177221016,2008,0.24296293834878846,20.15,10.644444444444444,False,False
2601003,Angelim,PE,-8.89164127782948,-36.276743515497294,65,0.20192307692307696,0.017417130286899955,1991,0.003946984811317777,19.95,7.888888888888889,True,True
2601052,Araçoiaba,PE,-7.793177927938039,-35.076194481349525,65,0.014423076923076924,0.865134745405447,2008,1.0,23.3,15.088888888888889,False,False
2601102,Araripina,PE,-7.6079196391229775,-40.48483142865505,65,0.12692307692307694,0.135017381575575,2002,0.17621863751350042,11.15,3.6666666666666665,False,False
2601201,Arcoverde,PE,-8.384808845772712,-37.01023576353034,65,0.08942307692307694,0.29233290665128286,2017,0.6664086010224509,19.15,9.333333333333334,False,False
2601300,Barra de Guabiraba,PE,-8.416412417878416,-35.63211846853763,65,0.10865384615384616,0.20073052452038787,2009,0.08946573118645543,17.65,8.955555555555556,False,False
2601409,Barreiros,PE,-8.820190933026879,-35.25854347658807,65,0.35769230769230775,2.530404618976737e-05,2008,0.002462803962555173,8.9,5.733333333333333,True,True
2601508,Belém de Maria,PE,-8.604887813000436,-35.81505540932273,65,0.21207021531506076,0.012535111461060922,1991,0.028219394967337212,18.25,7.733333333333333,True,False
2601607,Belém do São Francisco,PE,-8.583555772464745,-38.981812673558295,65,0.10146670165867987,0.23225452309130568,2000,0.5439095912556042,12.25,6.333333333333333,False,False
2601706,Belo Jardim,PE,-8.258935664421795,-36.40525076387478,65,0.014423076923076924,0.865134745405447,1980,1.0,26.2,12.044444444444444,False,False
2601805,Betânia,PE,-8.265277035638283,-37.987632031302326,65,-0.0793459989274037,0.3502298635679155,1984,0.05004808403109762,16.65,7.911111111111111,False,False
2601904,Bezerros,PE,-8.217903622255548,-35.78205462628808,65,0.04134615384615385,0.6263439932763901,1998,0.49905447699339966,20.7,11.533333333333333,False,False
2602001,Bodocó,PE,-7.656322974021758,-39.96532568013542,65,-0.004807692307692309,0.9548528001763662,2011,0.6794395367093345,15.4,3.4444444444444446,False,False
2602100,Bom Conselho,PE,-9.202651721655586,-36.6839110173785,65,0.031730769230769236,0.7086636717402414,2019,0.5791296951003588,18.9,6.177777777777778,False,False
2602209,Bom Jardim,PE,-7.786736623371872,-35.588436799146905,65,0.23365384615384616,0.005933512117906358,1999,0.014652703987493569,26.0,18.288888888888888,True,True
2602308,Bonito,PE,-8.495436031027783,-35.70753494273525,65,0.1730769230769231,0.04154006700988516,2009,0.04493933338415746,16.15,7.688888888888889,False,False
2602407,Brejão,PE,-9.026712520835488,-36.529887605894096,65,0.11923076923076925,0.16031184519331876,1995,0.010485500191296987,19.05,8.133333333333333,False,True
2602506,Brejinho,PE,-7.336667612918545,-37.32083406723216,65,0.19903846153846155,0.01908771528935225,1993,0.016564659416996794,14.7,15.88888888888889,True,True
2602605,Brejo da Madre de Deus,PE,-8.075667524429457,-36.28140422568472,65,0.054807692307692314,0.5186693578126838,2017,0.8457507342183549,25.95,16.08888888888889,False,False
2602704,Buenos Aires,PE,-7.7379558378235,-35.3472894785121,65,0.23515268773030545,0.0056321602382857685,1994,0.0069469983049862336,27.8,21.377777777777776,True,True
2602803,Buíque,PE,-8.649009560483346,-37.12088859814201,65,0.07692307692307694,0.36503027183830394,2018,0.7465872320851034,19.45,6.022222222222222,False,False
2602902,Cabo de Santo Agostinho,PE,-8.269286565710114,-35.085761205764584,65,0.10673076923076924,0.2088161029308362,1987,0.2667046417839311,20.75,12.644444444444444,False,False
2603009,Cabrobó,PE,-8.386450483738397,-39.329332182795525,65,-0.02741043599310309,0.746919326862775,2009,1.0,11.75,6.844444444444444,False,False
2603108,Cachoeirinha,PE,-8.48491949901481,-36.290978681297226,65,-0.06538461538461539,0.4413305118271882,1986,0.4363521181567188,23.75,9.022222222222222,False,False
2603207,Caetés,PE,-8.804096287491161,-36.6590829885897,65,0.020678048205323384,0.8076618771517865,2016,0.5791296951003588,20.45,6.711111111111111,False,False
2603306,Calçado,PE,-8.75061122389617,-36.32175477482026,65,0.014423076923076924,0.865134745405447,1975,1.0,21.05,7.288888888888889,False,False
2603405,Calumbi,PE,-8.004157627035221,-38.0785688601146,65,-0.08942307692307694,0.29233290665128286,1976,0.036065047811419726,15.0,8.066666666666666,False,False
2603454,Camaragibe,PE,-7.98688247207383,-34.99581761226986,65,0.014423076923076924,0.865134745405447,1973,1.0,19.85,11.955555555555556,False,False
2603504,Camocim de São Félix,PE,-8.350102118127584,-35.77212999163373,65,0.11730769230769231,0.16716277228271015,1998,0.08377208835709478,19.55,9.266666666666667,False,False
2603603,Camutanga,PE,-7.434034676744758,-35.29921963454517,65,0.29134615384615387,0.0006018054223742369,1999,0.0013669704200627185,21.9,22.77777777777778,True,True
2603702,Canhotinho,PE,-8.893332960340238,-36.17680068722384,65,0.1447463374372637,0.08836161353687573,1991,0.007585745827374609,19.0,7.933333333333334,False,True
2603801,Capoeiras,PE,-8.687030569456837,-36.59905222909209,65,-0.04134615384615385,0.6263439932763901,1978,0.8025622312742078,18.65,6.444444444444445,False,False
2603900,Carnaíba,PE,-7.796277940729862,-37.72723351569239,65,0.1855769230769231,0.02886724751932723,2000,0.01004816286544616,17.15,9.355555555555556,True,True
2603926,Carnaubeira da Penha,PE,-8.409205994510463,-38.72153284671902,65,-0.2,0.01851591612496109,1985,0.036065047811419726,17.5,6.222222222222222,True,False
2604007,Carpina,PE,-7.819544526497339,-35.30580962775287,65,0.1995672094234699,0.018798012993590994,1994,0.07454257607504806,29.65,17.511111111111113,True,False
2604106,Caruaru,PE,-8.180495932449242,-36.01664649619188,65,0.15769230769230771,0.0633204967893206,1996,0.11200893327810173,21.85,13.28888888888889,False,False
2604155,Casinhas,PE,-7.756418443332066,-35.72137832847108,65,0.13173076923076923,0.120849081775192,1998,0.12687530739535213,22.35,17.822222222222223,False,False
2604205,Catende,PE,-8.675872034616049,-35.730483179887685,65,0.18461538461538465,0.029707245169198246,1996,0.12301501734761935,14.55,6.688888888888889,True,False
2604304,Cedro,PE,-7.743781645354148,-39.20369573990581,65,0.04230769230769231,0.6183417469175422,1982,1.0,17.6,15.266666666666667,False,False
2604403,Chã de Alegria,PE,-7.999214824200464,-35.222068919258284,65,0.054807692307692314,0.5186693578126838,1969,0.8312453951901982,29.8,15.644444444444444,False,False
2604502,Chã Grande,PE,-8.22969511202217,-35.474110228102575,65,0.11153846153846154,0.18903426846904237,2009,0.18137345418813178,24.5,14.133333333333333,False,False
2604601,Condado,PE,-7.596397137290289,-35.09875640663904,65,0.2293820696264943,0.006923034097086184,1995,0.001300071683545282,18.25,15.511111111111111,True,True
2604700,Correntes,PE,-9.114868829572304,-36.33871880699225,65,-0.0125,0.8829773063503712,1978,0.7059061814503923,24.7,11.644444444444444,False,False
2604809,Cortês,PE,-8.432878234310673,-35.530725879122606,65,0.09230769230769233,0.27704301780334584,2008,0.0732972202658319,16.85,8.71111111111111,False,False
2604908,Cumaru,PE,-8.039977039561222,-35.72077447021838,65,0.18321712479600488,0.031003925543341252,1998,0.028219394967337212,25.15,16.666666666666668,True,False
2605004,Cupira,PE,-8.582946310739441,-35.93141354760395,65,0.15821111301282312,0.06251496407922592,1992,0.05967975380939963,19.05,8.044444444444444,False,False
2605103,Custódia,PE,-8.1737720419947,-37.6815650502959,65,-0.04134615384615385,0.6263439932763901,1976,0.29592667730419125,17.3,6.888888888888889,False,False
2605152,Dormentes,PE,-8.496181192556408,-40.62003639752892,65,0.0125,0.8829773063503712,1968,0.49905447699339966,11.0,2.9555555555555557,False,False
2605202,Escada,PE,-8.369756356346272,-35.26451287820706,65,0.1125,0.18524939541359853,2008,0.27379852014261447,21.65,12.155555555555555,False,False
2605301,Exu,PE,-7.515993876791503,-39.74826308469402,65,0.3711538461538462,1.2391163559692602e-05,1994,3.8937818206643555e-05,13.6,6.644444444444445,True,True
2605400,Feira Nova,PE,-7.952879409922381,-35.383323488413865,65,0.022601587573260445,0.7901703835633029,2021,0.9197857474393305,30.05,18.022222222222222,False,False
2605509,Ferreiros,PE,-7.478495187925784,-35.24448153552083,65,0.3403846153846154,6.116757608356162e-05,1999,6.701842506306258e-05,22.25,21.08888888888889,True,True
2605608,Flores,PE,-7.939926412748949,-37.8946729264314,65,0.11442307692307693,0.17784832771439973,2003,0.15216720064717362,17.55,9.933333333333334,False,False
2605707,Floresta,PE,-8.56650265042832,-38.305586625622496,65,-0.0019230769230769234,0.9819330169178719,1981,1.0,15.6,5.666666666666667,False,False
2605806,Frei Miguelinho,PE,-7.935222184476059,-35.884977186822304,65,-0.07403846153846154,0.3832884041626353,1990,0.3440897276461011,23.5,16.88888888888889,False,False
2605905,Gameleira,PE,-8.612881420989133,-35.392660767676965,65,0.16923076923076924,0.04628252141634792,2008,0.08946573118645543,14.2,5.911111111111111,False,False
2606002,Garanhuns,PE,-8.92916165012502,-36.50105563403251,65,0.12884615384615386,0.1292032674393662,1996,0.025628914308205172,17.65,6.466666666666667,False,True
2606101,Glória do Goitá,PE,-8.012485603984832,-35.338372316679525,65,-0.021153846153846155,0.8032826965468698,1996,0.8898836579770303,27.0,16.466666666666665,False,False
2606200,Goiana,PE,-7.596845391926443,-34.94256609156371,65,0.19903846153846155,0.01908771528935225,1999,0.01190277071465173,13.3,13.11111111111111,True,True
2606309,Granito,PE,-7.788499451005192,-39.69430826789401,65,0.003846153846153847,0.9638752961842721,1971,0.6156758708469371,14.75,5.111111111111111,False,False
2606408,Gravatá,PE,-8.198301053102425,-35.56358393473682,65,0.17937004606013077,0.03470957048841507,1984,0.09703600799175287,22.6,11.333333333333334,False,False
2606507,Iati,PE,-9.143387967708168,-36.90106631926161,65,-0.029807692307692313,0.7255839366845278,1985,1.0,18.25,6.466666666666667,False,False
2606606,Ibimirim,PE,-8.592439711498706,-37.60783929431444,65,-0.03557692307692308,0.6752581537654916,1987,0.6926060465695535,19.25,6.7555555555555555,False,False
2606705,Ibirajuba,PE,-8.613416260001761,-36.201362040391366,65,-0.0125,0.8829773063503712,1985,1.0,18.75,7.866666666666666,False,False
2606804,Igarassu,PE,-7.817544363271718,-34.9603273120047,65,-0.08557692307692309,0.3135857504770575,1991,0.3883192024619521,19.7,13.133333333333333,False,False
2606903,Iguaracy,PE,-7.845479610194292,-37.40302147031469,65,0.16923076923076924,0.04628252141634792,2001,0.05565131986374875,14.4,7.7555555555555555,False,False
2607000,Inajá,PE,-8.80827416471032,-37.84644466674458,65,-0.14807692307692308,0.08121025824359357,1989,0.053726377031536474,16.7,5.733333333333333,False,False
2607109,Ingazeira,PE,-7.713813467827166,-37.41619526475383,65,0.18461538461538465,0.029707245169198246,2001,0.02371045067341545,17.2,9.866666666666667,True,True
2607208,Ipojuca,PE,-8.43730420629292,-35.088899156697295,65,0.18951421143733338,0.025703841177829864,2008,0.029318643187459005,15.5,8.555555555555555,True,False
2607307,Ipubi,PE,-7.497878297139748,-40.217456047928415,65,0.16730769230769232,0.048819802579820055,2002,0.036065047811419726,14.8,6.888888888888889,False,False
2607406,Itacuruba,PE,-8.749327508314236,-38.72849075094568,65,-0.14134615384615387,0.09602308626391638,1985,0.06178608302878114,12.0,3.888888888888889,False,False
2607505,Itaíba,PE,-8.98435808381214,-37.29583189822969,65,-0.09858139260677429,0.2458035640686943,1997,0.2632099357410408,15.8,6.044444444444444,False,False
2607604,Ilha de Itamaracá,PE,-7.759643587170606,-34.85444782061313,65,0.04038461538461539,0.6343904759318508,2018,1.0,14.3,10.377777777777778,False,False
2607653,Itambé,PE,-7.449924847078147,-35.13429481661446,65,0.24038461538461542,0.004644733942292503,1995,0.0011753288348386205,19.95,20.622222222222224,True,True
2607703,Itapetim,PE,-7.397594800893089,-37.1432282963282,65,0.34230769230769237,5.556220602332745e-05,1994,4.67360458501189e-05,16.45,18.266666666666666,True,True
2607752,Itapissuma,PE,-7.745225635759992,-34.90676569342828,65,0.006730769230769231,0.936826304825977,2008,1.0,15.6,10.577777777777778,False,False
2607802,Itaquitinga,PE,-7.686404161458846,-35.0326226693172,65,0.12211538461538464,0.1504363713206985,1994,0.05565131986374875,20.95,14.155555555555555,False,False
2607901,Jaboatão dos Guararapes,PE,-8.152219148095206,-35.003210440467186,65,0.027884615384615386,0.7426392261972599,2009,0.9652863406359143,17.8,11.044444444444444,False,False
2607950,Jaqueira,PE,-8.743367396527178,-35.80785332740075,65,0.2798076923076923,0.0009844754149351453,1991,0.0015104921756299722,16.05,7.088888888888889,True,True
2608008,Jataúba,PE,-8.055179143102183,-36.533848737136005,65,0.027884615384615386,0.7426392261972599,2019,0.9806103528349323,22.75,14.822222222222223,False,False
2608057,Jatobá,PE,-9.207761027877105,-38.21377968851028,65,-0.21634615384615385,0.010845950917060442,1981,0.010485500191296987,16.4,4.777777777777778,True,True
2608107,João Alfredo,PE,-7.860997309635581,-35.59239127129706,65,0.08704015639915193,0.3054919543825281,1999,0.27023411846283146,27.5,18.822222222222223,False,False
2608206,Joaquim Nabuco,PE,-8.561848895789815,-35.544455148199305,65,0.1605769230769231,0.058637341033104036,2008,0.06178608302878114,15.45,7.933333333333334,False,False
2608255,Jucati,PE,-8.744098858022214,-36.4595419483395,65,-0.01153846153846154,0.8919214874063491,1976,0.8025622312742078,21.0,6.844444444444444,False,False
2608305,Jupi,PE,-8.715456446978322,-36.39397368347894,65,-0.01153846153846154,0.8919214874063491,1976,0.8025622312742078,19.3,6.8,False,False
2608404,Jurema,PE,-8.75527323923596,-36.14277654983021,65,0.13461538461538464,0.11292366071592867,1991,0.02876438730541304,19.7,8.355555555555556,False,False
2608453,Lagoa do Carro,PE,-7.852618713834172,-35.33665011051521,65,0.1995672094234699,0.018798012993590994,1994,0.07454257607504806,29.45,18.711111111111112,True,False
2608503,Lagoa de Itaenga,PE,-7.909217032792149,-35.29491999690267,65,0.032692307692307694,0.7002565367900856,1969,0.9500382475590613,29.65,18.622222222222224,False,False
2608602,Lagoa do Ouro,PE,-9.162089855921288,-36.46525487075731,65,0.15961538461538463,0.06016535794097843,1995,0.009627408979904085,21.5,10.044444444444444,False,True
2608701,Lagoa dos Gatos,PE,-8.682376106664663,-35.895495718090274,65,0.16975234922044546,0.04566237241320111,1991,0.029318643187459005,17.2,7.8,False,False
2608750,Lagoa Grande,PE,-8.777192555938479,-40.22309814958577,65,0.05096153846153847,0.5484350422817794,1970,0.9806103528349323,15.65,6.4222222222222225,False,False
2608800,Lajedo,PE,-8.677907142978341,-36.286277602309184,65,-0.059644066543729286,0.4826577964015827,1978,0.6535150821111455,19.9,7.155555555555556,False,False
2608909,Limoeiro,PE,-7.847774972340104,-35.44788245138253,65,0.1028846153846154,0.22568988273148238,1994,0.7059061814503923,29.95,19.711111111111112,False,False
2609006,Macaparana,PE,-7.527721239679879,-35.45021324622702,65,0.15769230769230771,0.0633204967893206,1999,0.1348934261598594,21.6,18.4,False,False
2609105,Machados,PE,-7.70460197736838,-35.50024258967456,65,0.05288461538461539,0.5334472631525882,1999,0.5211789320492503,26.75,20.844444444444445,False,False
2609154,Manari,PE,-8.892944438422468,-37.55422286002814,65,-0.1,0.23896882733943936,1997,0.20895933922108018,15.4,4.911111111111111,False,False
2609204,Maraial,PE,-8.83423977335099,-35.76172686780011,65,0.3288461538461539,0.00010777444489636407,1990,0.00041269922621206914,15.25,7.2,True,True
2609303,Mirandiba,PE,-8.157524951423708,-38.736031661939165,65,0.13031979217773576,0.12496570969020453,2000,0.27379852014261447,13.5,4.066666666666666,False,False
2609402,Moreno,PE,-8.143840159978861,-35.14684212875864,65,0.04807692307692309,0.5712996214994486,2008,1.0,23.45,13.088888888888889,False,False
2609501,Nazaré da Mata,PE,-7.737091307486279,-35.23319240356858,65,0.19519230769230772,0.021532075658869866,1994,0.007421232664532038,28.65,20.0,True,True
2609600,Olinda,PE,-7.993101224393315,-34.866325241408404,65,-0.11204616818233369,0.18712769933068674,1991,0.2632099357410408,14.65,9.866666666666667,False,False
2609709,Orobó,PE,-7.705768972568335,-35.598429973746455,65,0.13173076923076923,0.120849081775192,2003,0.1476898403483945,25.1,18.977777777777778,False,False
2609808,Orocó,PE,-8.472090627440005,-39.59103651791849,65,0.07838422924343516,0.3561007184129188,1984,0.8025622312742078,15.65,9.311111111111112,False,False
2609907,Ouricuri,PE,-7.96607473193644,-40.16437956605977,65,0.02307692307692308,0.7858169534357987,2017,0.8898836579770303,17.45,5.333333333333333,False,False
2610004,Palmares,PE,-8.656520864911588,-35.629927782472826,65,0.23750000000000004,0.005162356812227657,2008,0.014060907443860605,13.85,6.511111111111111,True,True
2610103,Palmeirina,PE,-9.01138290195581,-36.27793723120466,65,-0.021153846153846155,0.8032826965468698,1974,0.7328989927313598,22.0,10.222222222222221,False,False
2610202,Panelas,PE,-8.66502391474531,-36.0490266362423,65,0.19423076923076926,0.02218417484152764,1991,0.02876438730541304,19.0,6.933333333333334,True,False
2610301,Paranatama,PE,-8.894012642128066,-36.70715360748099,65,0.05,0.5560061415710047,2007,0.5555005761215098,16.0,4.533333333333333,False,False
2610400,Parnamirim,PE,-8.16002699471451,-39.76971562036897,65,-0.07838422924343516,0.3561007184129188,2002,0.2563242059624761,15.3,6.711111111111111,False,False
2610509,Passira,PE,-8.012344578015995,-35.54644230677394,65,0.10961538461538463,0.19677448800476616,1999,0.5555005761215098,27.9,16.711111111111112,False,False
2610608,Paudalho,PE,-7.905665532871963,-35.15512773269256,65,0.01730769230769231,0.8385020825980152,1994,1.0,26.3,15.066666666666666,False,False
2610707,Paulista,PE,-7.92806241197884,-34.88352959811988,65,-0.08461538461538462,0.3190539922528327,1976,0.45663907784026875,15.25,10.844444444444445,False,False
2610806,Pedra,PE,-8.697373310435552,-36.89998060290941,65,0.09230769230769233,0.27704301780334584,2017,0.4070731221914113,19.25,5.911111111111111,False,False
2610905,Pesqueira,PE,-8.390837611426614,-36.73943916754383,65,-0.07692307692307694,0.36503027183830394,1984,0.8312453951901982,20.2,10.2,False,False
2611002,Petrolândia,PE,-8.89926539285154,-38.30781919520323,65,-0.1605769230769231,0.058637341033104036,1981,0.04658952974594933,17.25,4.777777777777778,False,False
2611101,Petrolina,PE,-9.019728256747968,-40.572375391197575,65,-0.06153846153846155,0.46866229579159335,1977,0.3274473959752802,17.0,6.711111111111111,False,False
2611200,Poção,PE,-8.22481986086969,-36.71166908042717,65,-0.05096153846153847,0.5484350422817794,2011,1.0,22.55,13.466666666666667,False,False
2611309,Pombos,PE,-8.181632337766862,-35.38737826879088,65,0.025961538461538463,0.759821804319769,2021,0.7604002213532476,26.3,15.71111111111111,False,False
2611408,Primavera,PE,-8.327012599929853,-35.39093649385801,65,0.09665785323883723,0.25513858177221016,2008,0.24296293834878846,22.0,11.955555555555556,False,False
2611507,Quipapá,PE,-8.836014419780106,-36.02863919793288,65,0.28461538461538466,0.0008036342229777386,1991,7.547044454887226e-05,18.55,7.511111111111111,True,True
2611533,Quixaba,PE,-7.717653893874949,-37.84910921176002,65,0.014423076923076924,0.865134745405447,2003,0.8168482142462784,16.4,11.533333333333333,False,False
2611606,Recife,PE,-8.039244561662294,-34.93303476258946,65,-0.013461538461538462,0.8740480196882481,1976,0.5555005761215098,17.65,10.355555555555556,False,False
2611705,Riacho das Almas,PE,-8.081979725068578,-35.88293403255754,65,-0.02211538461538462,0.7945369497506702,1986,0.5324687972967159,21.55,12.555555555555555,False,False
2611804,Ribeirão,PE,-8.504660436533735,-35.366525296218605,65,0.10384615384615385,0.22138288217168667,2008,0.10513368645374463,16.95,9.177777777777777,False,False
2611903,Rio Formoso,PE,-8.675093789528399,-35.218221100756885,65,0.26538461538461544,0.001777539213702537,2008,0.011412212598447198,12.5,6.444444444444445,True,True
2612000,Sairé,PE,-8.302687301170518,-35.6844906690571,65,0.1903846153846154,0.02496728479185129,1998,0.031038301874568873,19.3,10.266666666666667,True,False
2612109,Salgadinho,PE,-7.916134251356433,-35.593816543235626,65,0.1028846153846154,0.22568988273148238,1999,0.39761982182042743,26.6,19.22222222222222,False,False
2612208,Salgueiro,PE,-8.12915620575868,-39.08984028173061,65,0.2173076923076923,0.010499001925212305,1994,0.024653148270964056,14.0,5.222222222222222,True,True
2612307,Saloá,PE,-8.99186729328418,-36.73870824937654,65,0.05,0.5560061415710047,2007,0.5555005761215098,17.6,6.4,False,False
2612406,Sanharó,PE,-8.365321785431975,-36.54961783680973,65,-0.007692307692307694,0.9278246057348423,1969,1.0,23.25,10.8,False,False
2612455,Santa Cruz,PE,-8.291238172890152,-40.302355143899526,65,0.10723731976249104,0.20676564463432057,1983,0.2003602689985056,11.15,3.7111111111111112,False,False
2612471,Santa Cruz da Baixa Verde,PE,-7.849352935240082,-38.175678887592994,65,-0.056263526512158976,0.507719593512991,1991,0.4166794406211764,16.0,13.11111111111111,False,False
2612505,Santa Cruz do Capibaribe,PE,-7.889609434811834,-36.325362485520856,65,0.14955518585710634,0.07828597443736666,1996,0.2270165572915539,21.4,15.844444444444445,False,False
2612554,Santa Filomena,PE,-8.22358473616576,-40.57152857300647,65,0.06442307692307693,0.44807654659723983,1967,0.6407607168142557,10.1,2.8222222222222224,False,False
2612604,Santa Maria da Boa Vista,PE,-8.629664803850869,-39.91429958158254,65,0.1610964220647287,0.05788148675196118,1970,0.33569432777951663,12.85,5.6,False,False
2612703,Santa Maria do Cambucá,PE,-7.824900032297169,-35.88282836144611,65,-0.08557692307692309,0.3135857504770575,1977,0.39761982182042743,22.35,18.2,False,False
2612802,Santa Terezinha,PE,-7.430426975850016,-37.43646293886677,65,0.225,0.008060423079027226,1993,0.0035966352221085086,16.5,15.577777777777778,True,True
2612901,São Benedito do Sul,PE,-8.809435635863645,-35.9066718643962,65,0.32500000000000007,0.00012966375699945725,1990,2.230969583742598e-05,16.1,6.288888888888889,True,True
2613008,São Bento do Una,PE,-8.535916050797157,-36.45063576815578,65,-0.1278846153846154,0.13208554084772026,1975,0.1975562773493669,23.0,8.977777777777778,False,False
2613107,São Caitano,PE,-8.328813787192656,-36.14788998817506,65,0.04230769230769231,0.6183417469175422,1996,0.3035887052227368,25.7,11.733333333333333,False,False
2613206,São João,PE,-8.879969277669575,-36.37761039639186,65,0.07403846153846154,0.3832884041626353,1996,0.5100406406299057,21.7,8.488888888888889,False,False
2613305,São Joaquim do Monte,PE,-8.4551300700791,-35.84284623196905,65,0.19615384615384618,0.02089672865779774,1998,0.020251720191003866,17.1,7.0,True,True
2613404,São José da Coroa Grande,PE,-8.865534205902561,-35.18538316045205,65,0.35769230769230775,2.530404618976737e-05,2008,0.002462803962555173,8.9,5.177777777777778,True,True
2613503,São José do Belmonte,PE,-7.865745940236234,-38.74565329505676,65,0.24230769230769236,0.004326256244848926,2000,0.008833456203955271,14.15,9.755555555555556,True,True
2613602,São José do Egito,PE,-7.525913454014431,-37.27285596106023,65,0.23611445741427398,0.005439495464804661,1998,0.0008874538334067265,16.5,15.222222222222221,True,True
2613701,São Lourenço da Mata,PE,-8.023111635509808,-35.10399900327213,65,-0.014423076923076924,0.865134745405447,2020,1.0,23.3,13.377777777777778,False,False
2613800,São Vicente Férrer,PE,-7.606128873000587,-35.48983025928221,65,0.1701923076923077,0.0450560990200837,1999,0.04829200871359571,24.35,19.177777777777777,False,False
2613909,Serra Talhada,PE,-8.036065351164451,-38.36975607302234,65,-0.008653846153846154,0.9188321343240562,2006,0.9047890422433168,14.8,7.133333333333334,False,False
2614006,Serrita,PE,-7.849983491713703,-39.38153808864898,65,0.06442307692307693,0.44807654659723983,1976,0.7465872320851034,14.5,8.933333333333334,False,False
2614105,Sertânia,PE,-8.21052457853479,-37.337014015150224,65,0.10050493197471135,0.23671069122216515,1994,0.13905464099683393,17.95,7.466666666666667,False,False
2614204,Sirinhaém,PE,-8.571983425117502,-35.17193647773034,65,0.33902381359890665,6.570086653716342e-05,2008,0.0005842981418987046,12.15,6.222222222222222,True,True
2614303,Moreilândia,PE,-7.618093554876697,-39.52250842248599,65,0.30824718371191373,0.00028451457139864805,1993,0.0009106077957510727,16.5,10.688888888888888,True,True
2614402,Solidão,PE,-7.584831309228087,-37.65128361410892,65,0.23515268773030545,0.0056321602382857685,1984,0.014060907443860605,16.8,11.777777777777779,True,True
2614501,Surubim,PE,-7.891906916918218,-35.75452926787191,65,0.07307692307692308,0.3894966529371431,2003,0.44641878404152746,25.1,17.88888888888889,False,False
2614600,Tabira,PE,-7.577610352833935,-37.51312790333246,65,0.18129358542806784,0.032811980665743,1998,0.010710564522778371,15.9,11.4,True,True
2614709,Tacaimbó,PE,-8.347938962938578,-36.27008032129692,65,-0.051923076923076926,0.5409152127109731,1986,0.25293286153182654,25.6,10.911111111111111,False,False
2614808,Tacaratu,PE,-8.956762040194853,-38.07652115371224,65,-0.21250000000000002,0.012337808021518988,2005,0.02371045067341545,21.1,7.644444444444445,True,True
2614857,Tamandaré,PE,-8.745714065979795,-35.22980361574189,65,0.3049543402316481,0.00033139767743422925,2008,0.0036814312340424024,12.2,5.822222222222222,True,True
2615003,Taquaritinga do Norte,PE,-7.869480725722076,-36.13046663547633,65,-0.0004808848419842648,0.9954828199188704,1977,1.0,24.15,18.955555555555556,False,False
2615102,Terezinha,PE,-9.077572541096009,-36.630772002062805,65,0.020678048205323384,0.8076618771517865,1977,0.46701295818182675,17.3,6.666666666666667,False,False
2615201,Terra Nova,PE,-8.157723995624602,-39.39736687473517,65,0.0019230769230769234,0.9819330169178719,1968,0.7604002213532476,14.5,6.111111111111111,False,False
2615300,Timbaúba,PE,-7.534536180699938,-35.341526483382424,65,0.27403846153846156,0.001251000300597849,1995,0.0016679338127319765,21.45,18.533333333333335,True,True
2615409,Toritama,PE,-7.999073720885534,-36.0557354437466,65,-0.06057692307692309,0.47563877428430523,1977,0.8457507342183549,22.55,15.933333333333334,False,False
2615508,Tracunhaém,PE,-7.75994265624402,-35.16130760950549,65,0.17692307692307696,0.037215712459128636,1994,0.020251720191003866,26.5,18.066666666666666,False,True
2615607,Trindade,PE,-7.727779307603009,-40.29496450110601,65,-0.016346153846153847,0.8473606749709596,1986,0.5100406406299057,13.8,3.3333333333333335,False,False
2615706,Triunfo,PE,-7.849885219914658,-38.06659641939881,65,-0.17115384615384618,0.043857193295064656,1991,0.01796050511307883,16.05,11.977777777777778,False,True
2615805,Tupanatinga,PE,-8.683998668704781,-37.28032849307465,65,-0.04807692307692309,0.5712996214994486,1985,0.5211789320492503,17.75,5.955555555555556,False,False
2615904,Tuparetama,PE,-7.686239470987075,-37.26347132958849,65,0.11826923076923078,0.16371030112364793,1998,0.032233482480051354,15.4,11.933333333333334,False,False
2616001,Venturosa,PE,-8.615073810961357,-36.80531927482605,65,0.01153846153846154,0.8919214874063491,2018,0.8750731790180674,18.9,7.444444444444445,False,False
2616100,Verdejante,PE,-7.975815428909044,-38.98908067338061,65,0.35288461538461546,3.246384025166744e-05,1994,0.000213090833655497,13.2,6.288888888888889,True,True
2616183,Vertente do Lério,PE,-7.777670011061305,-35.8155094291181,65,-0.004807692307692309,0.9548528001763662,1978,0.46701295818182675,22.8,19.42222222222222,False,False
2616209,Vertentes,PE,-7.890053532065719,-35.98233725145178,65,-0.05576923076923077,0.5113605348757182,1977,0.5211789320492503,23.7,16.8,False,False
2616308,Vicência,PE,-7.659567395523953,-35.357202715581124,65,0.2980769230769231,0.00044800760165303284,1994,0.00015170273798395626,24.75,19.511111111111113,True,True
2616407,Vitória de Santo Antão,PE,-8.149934160105124,-35.28768608302949,65,0.003846153846153847,0.9638752961842721,2021,0.9652863406359143,25.5,15.777777777777779,False,False
2616506,Xexéu,PE,-8.836262751791192,-35.65335558737889,65,0.3653846153846155,1.6876525869431587e-05,1990,0.0002519655793723025,13.75,7.4,True,True
2700102,Água Branca,AL,-9.266572901481863,-37.89859605573304,65,-0.14423076923076925,0.08942935902899353,1988,0.10852621480054009,17.6,7.777777777777778,False,False
2700201,Anadia,AL,-9.663002965368651,-36.31348750597552,65,0.04230769230769231,0.6183417469175422,2003,0.33569432777951663,16.6,8.066666666666666,False,False
2700300,Arapiraca,AL,-9.74932646140299,-36.64092360848768,65,0.20673076923076925,0.014916681278871908,1990,0.0374280118542835,14.6,6.4222222222222225,True,False
2700409,Atalaia,AL,-9.50477759196801,-36.072417409576325,65,0.16494350080060283,0.05215087429519464,2001,0.03410208815963287,20.25,11.8,False,False
2700508,Barra de Santo Antônio,AL,-9.38200811181084,-35.56458163679671,65,0.24230769230769236,0.004326256244848926,1999,0.04028960206658344,11.0,5.488888888888889,True,False
2700607,Barra de São Miguel,AL,-9.812263022434918,-35.94663950275925,65,0.28269230769230774,0.0008719143155887893,2003,0.008833456203955271,14.35,6.155555555555556,True,True
2700706,Batalha,AL,-9.706844429346924,-37.10098972078239,65,0.32555903802334724,0.0001266830692644481,1993,0.00030577129024955994,14.85,7.311111111111111,True,True
2700805,Belém,AL,-9.557457192676528,-36.49174444107465,65,0.0903846153846154,0.28717451712092856,2007,0.11925165071939424,16.3,5.622222222222222,False,False
2700904,Belo Monte,AL,-9.81729129780657,-37.18884541896717,65,0.22596153846153846,0.007794343351490569,2001,0.022799875341596585,15.05,6.888888888888889,True,True
2701001,Boca da Mata,AL,-9.668879472384797,-36.17821371983131,65,0.07019230769230769,0.4084852298799554,2003,0.2148498852809811,18.65,9.71111111111111,False,False
2701100,Branquinha,AL,-9.223043224974926,-36.04206685706158,65,0.04711538461538462,0.5790206953061717,1996,0.6794395367093345,22.2,12.555555555555555,False,False
2701209,Cacimbinhas,AL,-9.446840287222672,-36.92192502911225,65,0.08076923076923077,0.3415471640207668,2001,0.7193378849388556,15.05,6.266666666666667,False,False
2701308,Cajueiro,AL,-9.393344463144562,-36.16013134921637,65,0.08557692307692309,0.3135857504770575,1999,0.27379852014261447,20.75,12.822222222222223,False,False
2701357,Campestre,AL,-8.893442935843924,-35.540528295544725,65,0.3788461538461539,8.151281761432784e-06,1996,0.0002519655793723025,15.4,7.7555555555555555,True,True
2701407,Campo Alegre,AL,-9.814861791038116,-36.28297341724875,65,0.2778846153846154,0.0010668362682036238,2003,0.0034324144822200546,17.15,6.644444444444445,True,True
2701506,Campo Grande,AL,-9.967028665907208,-36.746377209275884,65,0.23365384615384616,0.005933512117906358,2003,0.004964549597557599,18.55,8.577777777777778,True,True
2701605,Canapi,AL,-9.125396563100772,-37.52847538633256,65,0.004807692307692309,0.9548528001763662,1982,1.0,15.1,6.466666666666667,False,False
2701704,Capela,AL,-9.345856621540266,-36.09324771563743,65,0.08461538461538462,0.3190539922528327,1999,0.5211789320492503,23.25,13.311111111111112,False,False
2701803,Carneiros,AL,-9.46283351215741,-37.36809066908239,65,0.2755470144569837,0.001178531160027997,2001,0.0022911826837057115,14.75,7.6,True,True
2701902,Chã Preta,AL,-9.24239270068592,-36.28179045489183,65,-0.004807692307692309,0.9548528001763662,1969,1.0,21.45,11.088888888888889,False,False
2702009,Coité do Nóia,AL,-9.629914929901016,-36.58223960750983,65,0.22072614247077751,0.009360002210218599,2003,0.021071406588780116,14.5,5.6,True,True
2702108,Colônia Leopoldina,AL,-8.941867523488117,-35.760074739321084,65,0.38365384615384623,6.24897792119162e-06,1987,9.704480058211775e-07,15.95,8.11111111111111,True,True
2702207,Coqueiro Seco,AL,-9.642280735602826,-35.80861227457564,65,0.1355769230769231,0.11037483702198604,2007,0.09861252850976931,13.75,6.822222222222222,False,False
2702306,Coruripe,AL,-10.082470377586018,-36.2304239251502,65,0.10146670165867987,0.23225452309130568,2003,0.3315523547768502,13.4,5.222222222222222,False,False
2702355,Craíbas,AL,-9.629565085582795,-36.78808938827993,65,0.25192307692307697,0.003011458854391665,1990,0.015266779927279142,14.45,6.333333333333333,True,True
2702405,Delmiro Gouveia,AL,-9.397658127700517,-38.04703583030339,65,-0.06730769230769232,0.42801444993475524,1981,0.2148498852809811,19.15,7.311111111111111,False,False
2702504,Dois Riachos,AL,-9.38372087219717,-37.07015525207047,65,0.030769230769230774,0.7171064503042393,2001,0.9047890422433168,16.15,6.533333333333333,False,False
2702553,Estrela de Alagoas,AL,-9.39341142720898,-36.77029976101321,65,0.13320510122964135,0.11682773975775614,2007,0.28840837545464815,14.0,4.6,False,False
2702603,Feira Grande,AL,-9.88930893769152,-36.66294159671984,65,0.23365384615384616,0.005933512117906358,2003,0.004964549597557599,17.3,8.377777777777778,True,True
2702702,Feliz Deserto,AL,-10.283433866116948,-36.335761424249455,65,0.11346153846153846,0.18152087117928373,2004,0.16144984740732568,10.85,4.222222222222222,False,False
2702801,Flexeiras,AL,-9.245259813562429,-35.76388720911092,65,0.27884615384615385,0.0010248904043448762,1992,0.031038301874568873,16.95,8.844444444444445,True,False
2702900,Girau do Ponciano,AL,-9.793287816201154,-36.85012105828862,65,0.2461538461538462,0.003747978450523647,1991,0.0011753288348386205,18.45,7.733333333333333,True,True
2703007,Ibateguara,AL,-8.95423535848502,-35.896095590831564,65,0.3601827466462143,2.2307664557468705e-05,1990,2.164563647960024e-06,15.95,8.622222222222222,True,True
2703106,Igaci,AL,-9.543421032328553,-36.68194674354887,65,0.2865384615384616,0.0007403444303979486,2007,0.009627408979904085,15.75,5.4,True,True
2703205,Igreja Nova,AL,-10.139607618058651,-36.619965743113,65,0.13076923076923078,0.12358551912882432,2003,0.1975562773493669,20.3,8.955555555555556,False,False
2703304,Inhapi,AL,-9.271820141865383,-37.692214779500425,65,-0.043269230769230775,0.610384513874678,1981,0.6033483431563663,13.9,6.288888888888889,False,False
2703403,Jacaré dos Homens,AL,-9.651969280738552,-37.22793863551376,65,0.18278020392433167,0.03144501020034491,2001,0.022799875341596585,15.5,7.333333333333333,True,True
2703502,Jacuípe,AL,-8.883623845250252,-35.44712145036827,65,0.39519230769230773,3.2609654550244076e-06,1996,0.000740156073171146,14.15,7.266666666666667,True,True
2703601,Japaratinga,AL,-9.083434733889614,-35.298105972096785,65,0.31057692307692314,0.0002549309139161262,2007,0.01190277071465173,9.3,4.177777777777778,True,True
2703700,Jaramataia,AL,-9.657818539501031,-36.99397620423601,65,0.15961538461538463,0.06016535794097843,2001,0.22086846274676056,15.2,6.888888888888889,False,False
2703759,Jequiá da Praia,AL,-9.921385424990053,-36.09715930387559,65,0.1125,0.18524939541359853,2003,0.4070731221914113,12.65,4.622222222222222,False,False
2703809,Joaquim Gomes,AL,-9.07939688761827,-35.77847348285263,65,0.36826923076923085,1.4468976463975383e-05,1990,4.719345434113454e-06,16.55,10.2,True,True
2703908,Jundiá,AL,-8.962358185080348,-35.53668508253557,65,0.4259615384615385,5.276182466149434e-07,1987,1.96752680570993e-05,13.15,6.866666666666666,True,True
2704005,Junqueiro,AL,-9.8565700903511,-36.44075494930328,65,0.16442307692307695,0.05284397831918954,1991,0.04179063319747862,17.25,5.311111111111111,False,False
2704104,Lagoa da Canoa,AL,-9.79982763994578,-36.73595338682133,65,0.264423076923077,0.001847185243478315,1991,0.0002974711462466913,17.65,7.466666666666667,True,True
2704203,Limoeiro de Anadia,AL,-9.73230711984442,-36.467731179675326,65,0.12403846153846156,0.14411498395127648,1990,0.10852621480054009,17.0,6.622222222222222,False,False
2704302,Maceió,AL,-9.522442287220889,-35.711392735552025,65,0.07261361113962397,0.39261599976803985,2007,0.45150972815622337,12.9,6.955555555555556,False,False
2704401,Major Isidoro,AL,-9.542681312645794,-37.010768184715765,65,0.09858139260677429,0.2458035640686943,2001,0.6094940546151777,14.9,6.488888888888889,False,False
2704500,Maragogi,AL,-8.951831832890829,-35.26911259965634,65,0.2711538461538462,0.0014079259193104986,1972,0.013490690078320355,10.75,5.666666666666667,True,True
2704609,Maravilha,AL,-9.24395542618192,-37.39899039635612,65,0.04230769230769231,0.6183417469175422,1993,0.8168482142462784,11.15,4.733333333333333,False,False
2704708,Marechal Deodoro,AL,-9.715225390731003,-35.90964968754491,65,0.28750000000000003,0.0007104655262034,1999,0.011412212598447198,13.35,6.311111111111111,True,True
2704807,Maribondo,AL,-9.559270573049965,-36.29556848446908,65,0.02211538461538462,0.7945369497506702,1999,0.5324687972967159,18.65,10.377777777777778,False,False
2704906,Mar Vermelho,AL,-9.472908500082964,-36.40317716860728,65,0.003846153846153847,0.9638752961842721,1999,0.8898836579770303,19.3,8.11111111111111,False,False
2705002,Mata Grande,AL,-9.052164189312943,-37.75661785245524,65,-0.18802597321584755,0.026853754628495104,1997,0.05094663626170904,12.2,4.622222222222222,True,False
2705101,Matriz de Camaragibe,AL,-9.104500921635315,-35.5816061089918,65,0.348641510438592,4.050675602168137e-05,1991,0.0027101605930681836,12.35,6.2444444444444445,True,True
2705200,Messias,AL,-9.343685379661576,-35.81245724527372,65,0.15,0.07733678360610473,1995,0.33569432777951663,19.1,11.444444444444445,False,False
2705309,Minador do Negrão,AL,-9.336938999292409,-36.86359901454763,65,0.0014433489445373898,0.9864484597751755,1977,0.6156758708469371,15.3,6.4,False,False
2705408,Monteirópolis,AL,-9.600623510634769,-37.29606492791995,65,0.1572493433288546,0.06412602947913622,2001,0.018325499953819525,14.1,5.8,False,True
2705507,Murici,AL,-9.290600549158029,-35.92397673885597,65,0.12884615384615386,0.1292032674393662,1999,0.053726377031536474,21.4,12.133333333333333,False,False
2705606,Novo Lino,AL,-8.9630127319123,-35.62910487469903,65,0.3961538461538462,3.08644984542446e-06,1990,2.944481137855231e-06,13.35,7.177777777777778,True,True
2705705,Olho d'Água das Flores,AL,-9.5318595691521,-37.25872085673171,65,0.13076923076923078,0.12358551912882432,2001,0.01796050511307883,14.55,6.866666666666666,False,True
2705804,Olho d'Água do Casado,AL,-9.435803106950484,-37.81309691826949,65,0.04807692307692309,0.5712996214994486,2016,1.0,16.9,6.555555555555555,False,False
2705903,Olho d'Água Grande,AL,-10.056160590433691,-36.79340311607248,65,0.23653846153846156,0.005346147941232565,1991,0.013490690078320355,20.45,8.0,True,True
2706000,Olivença,AL,-9.489103633442715,-37.17746650917952,65,0.13461538461538464,0.11292366071592867,2001,0.08657956663465231,16.2,7.266666666666667,False,False
2706109,Ouro Branco,AL,-9.12767701447212,-37.36380914727712,65,0.004807692307692309,0.9548528001763662,1982,1.0,13.0,5.4222222222222225,False,False
2706208,Palestina,AL,-9.689010512790205,-37.30281975119666,65,0.17211538461538464,0.04268533710848181,2001,0.015266779927279142,15.05,7.155555555555556,False,True
2706307,Palmeira dos Índios,AL,-9.418268976716671,-36.60561348110773,65,0.12551094375789312,0.13950276666432346,2007,0.033468923782858755,18.35,6.288888888888889,False,False
2706406,Pão de Açúcar,AL,-9.670703273402214,-37.485480074995394,65,0.21250000000000002,0.012337808021518988,2001,0.008099400394002452,15.0,6.6,True,True
2706422,Pariconha,AL,-9.24053644007892,-38.04742994321626,65,-0.21153846153846156,0.012738072274857487,1981,0.031038301874568873,16.85,6.177777777777778,True,False
2706448,Paripueira,AL,-9.435627404011386,-35.593582128723774,65,0.18269230769230774,0.03145044869191862,2007,0.12301501734761935,12.6,7.177777777777778,True,False
2706505,Passo de Camaragibe,AL,-9.256017713280494,-35.49992106369783,65,0.28269230769230774,0.0008719143155887893,1971,0.015903853144033468,11.7,6.511111111111111,True,True
2706604,Paulo Jacinto,AL,-9.377709465985088,-36.40965351826303,65,0.0019230769230769234,0.9819330169178719,1978,0.8750731790180674,20.25,8.933333333333334,False,False
2706703,Penedo,AL,-10.231331135708624,-36.48231982822812,65,0.16153846153846155,0.057141691282258024,2004,0.043340125789311776,16.65,7.066666666666666,False,False
2706802,Piaçabuçu,AL,-10.38709694319294,-36.40161315181161,65,0.15865384615384617,0.06172624233514096,2004,0.07580582880191701,10.4,5.177777777777778,False,False
2706901,Pilar,AL,-9.615272440476804,-36.004677830531456,65,0.23076923076923078,0.006578413612826367,1999,0.006795167961004818,17.6,8.666666666666666,True,True
2707008,Pindoba,AL,-9.476007012520606,-36.28552732924562,65,-0.01153846153846154,0.8919214874063491,1978,0.4070731221914113,20.85,10.733333333333333,False,False
2707107,Piranhas,AL,-9.525967030797588,-37.72510658799094,65,0.12403846153846156,0.14411498395127648,1999,0.16144984740732568,15.0,6.444444444444445,False,False
2707206,Poço das Trincheiras,AL,-9.298720695098238,-37.32011768462164,65,0.18802597321584755,0.026853754628495104,2001,0.04658952974594933,17.2,5.688888888888889,True,False
2707305,Porto Calvo,AL,-9.026001840772862,-35.4268358023288,65,0.2663461538461539,0.0017103144653527128,1971,0.031038301874568873,11.7,6.311111111111111,True,False
2707404,Porto de Pedras,AL,-9.143611085993792,-35.406757581812066,65,0.1701923076923077,0.0450560990200837,2015,0.22086846274676056,9.8,4.088888888888889,False,False
2707503,Porto Real do Colégio,AL,-10.119786392686937,-36.73617561235648,65,0.07019230769230769,0.4084852298799554,1985,0.6535150821111455,19.65,9.444444444444445,False,False
2707602,Quebrangulo,AL,-9.303079282181686,-36.46104602097844,65,0.0019230769230769234,0.9819330169178719,1978,0.8750731790180674,22.85,9.11111111111111,False,False
2707701,Rio Largo,AL,-9.480067712961606,-35.864493109475255,65,0.1355769230769231,0.11037483702198604,1999,0.2810327034097539,16.75,9.088888888888889,False,False
2707800,Roteiro,AL,-9.868784035648108,-35.980255864723944,65,0.2890117900325431,0.0006676086746386853,2003,0.007259974890680442,12.85,6.044444444444444,True,True
2707909,Santa Luzia do Norte,AL,-9.61205527697464,-35.829862633695086,65,0.1355769230769231,0.11037483702198604,2007,0.09861252850976931,14.55,7.177777777777778,False,False
2708006,Santana do Ipanema,AL,-9.358322327805984,-37.2107126901817,65,0.0826923076923077,0.33017658764094726,2001,0.2810327034097539,14.15,5.688888888888889,False,False
2708105,Santana do Mundaú,AL,-9.13099850120081,-36.1913981156378,65,-0.0125,0.8829773063503712,1969,0.8898836579770303,19.25,10.555555555555555,False,False
2708204,São Brás,AL,-10.108701093429802,-36.861851922583,65,0.20480769230769233,0.015876159806045093,1985,0.06395574274390818,21.6,9.066666666666666,True,False
2708303,São José da Laje,AL,-8.98737501715497,-36.03995062632534,65,0.3259615384615385,0.000123828975594542,1990,2.230969583742598e-05,18.95,9.11111111111111,True,True
2708402,São José da Tapera,AL,-9.532959062875417,-37.48965759083386,65,0.23461538461538461,0.005731560186271848,2001,0.0051949151795271575,16.1,6.777777777777778,True,True
2708501,São Luís do Quitunde,AL,-9.24979608110497,-35.63417933724301,65,0.3038461538461539,0.00034623950677222057,1991,0.009222685932882982,13.9,7.7555555555555555,True,True
2708600,São Miguel dos Campos,AL,-9.77278232446912,-36.10080844479501,65,0.2759615384615385,0.001155531811201797,2003,0.009627408979904085,18.3,8.177777777777777,True,True
2708709,São Miguel dos Milagres,AL,-9.230818347397804,-35.40686946202577,65,0.22403846153846155,0.008334606052782998,1971,0.09243219495343426,9.25,3.488888888888889,True,False
2708808,São Sebastião,AL,-9.963222700016347,-36.55024095694052,65,0.14038461538461539,0.09830553419312299,2003,0.0732972202658319,19.5,8.2,False,False
2708907,Satuba,AL,-9.578180731191944,-35.84548944282968,65,0.15288461538461542,0.07181004824924186,2007,0.12301501734761935,15.45,8.155555555555555,False,False
2708956,Senador Rui Palmeira,AL,-9.390896734278233,-37.511178343671816,65,0.2755470144569837,0.001178531160027997,2001,0.0022911826837057115,16.35,7.311111111111111,True,True
2709004,Tanque d'Arca,AL,-9.557863942239182,-36.422809891603634,65,0.09134615384615387,0.2820779190565359,2003,0.10852621480054009,18.5,8.133333333333333,False,False
2709103,Taquarana,AL,-9.624566662068643,-36.49529143126847,65,0.1557692307692308,0.06661113650746185,2003,0.0810416956090477,15.4,6.2,False,False
2709152,Teotônio Vilela,AL,-9.96471799270319,-36.37152335688389,65,0.15,0.07733678360610473,2003,0.06849092646366872,16.3,5.955555555555556,False,False
2709202,Traipu,AL,-9.89661674557992,-36.96920652894751,65,0.28173076923076923,0.0009080360320565458,1990,0.00020144497448473315,15.95,6.511111111111111,True,True
2709301,União dos Palmares,AL,-9.120382656793542,-36.01451218575987,65,0.1432692307692308,0.09158551296933214,1990,0.04493933338415746,19.3,10.555555555555555,False,False
2709400,Viçosa,AL,-9.359288271289165,-36.2650360540931,65,-0.07019230769230769,0.4084852298799554,1978,0.13083421265918208,20.0,11.6,False,False
2800100,Amparo do São Francisco,SE,-10.165772341183782,-36.92131927299921,65,0.20480769230769233,0.015876159806045093,1985,0.06395574274390818,21.1,9.133333333333333,True,False
2800209,Aquidabã,SE,-10.260839936818725,-37.06412134657064,65,0.34519230769230774,4.805830377978113e-05,1985,4.67360458501189e-05,23.2,9.422222222222222,True,True
2800308,Aracaju,SE,-10.99437856656272,-37.094892110702645,65,0.027884615384615386,0.7426392261972599,1966,1.0,19.6,6.311111111111111,False,False
2800407,Arauá,SE,-11.262293761898873,-37.59203736317761,65,0.14903846153846154,0.0792542785402758,2007,0.12301501734761935,21.45,6.733333333333333,False,False
2800506,Areia Branca,SE,-10.78723741856954,-37.33133563564093,65,0.04038461538461539,0.6343904759318508,2006,1.0,27.85,7.8,False,False
2800605,Barra dos Coqueiros,SE,-10.851018559057088,-36.96926614159374,65,0.0451923076923077,0.5946081162160604,1992,0.9500382475590613,16.15,6.022222222222222,False,False
2800670,Boquim,SE,-11.120403533324598,-37.597054052808296,65,0.1653846153846154,0.05147284370845172,2007,0.18137345418813178,25.55,7.155555555555556,False,False
2800704,Brejo Grande,SE,-10.47730658187435,-36.474091380363895,65,0.2028846153846154,0.016889495653524298,2003,0.024653148270964056,11.5,6.066666666666666,True,True
2801009,Campo do Brito,SE,-10.766382614701016,-37.50063396825812,65,0.14711538461538462,0.08320523933786642,1984,0.04658952974594933,26.45,6.6,False,False
2801108,Canhoba,SE,-10.14838414708633,-37.00076398926703,65,0.35537389822637167,2.8663762387667384e-05,1991,3.2390558979366924e-05,18.8,8.444444444444445,True,True
2801207,Canindé de São Francisco,SE,-9.70916181864462,-37.917994393538734,65,0.15244049490901193,0.07270344577927654,1990,0.24625239477921027,12.0,5.111111111111111,False,False
2801306,Capela,SE,-10.468739838435296,-37.03637531609667,65,0.013461538461538462,0.8740480196882481,2018,0.4166794406211764,25.1,8.222222222222221,False,False
2801405,Carira,SE,-10.36361991399747,-37.71048967185664,65,0.3163461538461539,0.00019516704883354148,1991,0.001437064222499949,16.5,3.577777777777778,True,True
2801504,Carmópolis,SE,-10.66458129137784,-36.9660091893802,65,0.020192307692307693,0.8120531453899646,1978,0.6664086010224509,19.4,5.622222222222222,False,False
2801603,Cedro de São João,SE,-10.266306161749895,-36.89911450530976,65,0.29134615384615387,0.0006018054223742369,1985,0.002130695499501793,21.75,8.755555555555556,True,True
2801702,Cristinápolis,SE,-11.481987702299824,-37.73292832374302,65,0.007692307692307694,0.9278246057348423,2017,0.9960061723468323,20.35,7.133333333333334,False,False
2801900,Cumbe,SE,-10.34841788578598,-37.19576037808053,65,0.3134615384615385,0.00022317824389906426,1985,0.0005690247956183885,24.9,9.866666666666667,True,True
2802007,Divina Pastora,SE,-10.675940458310931,-37.15659903187945,65,0.35961538461538467,2.2884062091486527e-05,1984,3.3722340116728774e-06,24.65,7.466666666666667,True,True
2802106,Estância,SE,-11.249596264943108,-37.39790025311945,65,0.10480769230769232,0.21713510541441583,2006,0.28840837545464815,20.15,6.933333333333334,False,False
2802205,Feira Nova,SE,-10.282554259628016,-37.32972238206333,65,0.3230769230769231,0.0001421191350157006,1985,0.00048497441951104856,19.35,6.022222222222222,True,True
2802304,Frei Paulo,SE,-10.522442235120472,-37.5898531519769,65,0.33461538461538465,8.13716056032753e-05,1984,0.00028150431806228237,20.9,4.911111111111111,True,True
2802403,Gararu,SE,-10.026898773044284,-37.20331437647449,65,0.31250000000000006,0.00023332510314954838,1991,0.001840518197403408,19.15,7.977777777777778,True,True
2802502,General Maynard,SE,-10.692912512454448,-36.9710614388444,65,0.04038461538461539,0.6343904759318508,1992,1.0,20.65,6.622222222222222,False,False
2802601,Gracho Cardoso,SE,-10.222552655379,-37.21877097529928,65,0.3096153846153847,0.0002664243750597676,1985,0.0013669704200627185,20.4,8.422222222222222,True,True
2802700,Ilha das Flores,SE,-10.456350852479472,-36.55479303151829,65,0.1937965913196587,0.022514456634614544,2004,0.028219394967337212,15.5,6.866666666666666,True,False
2802809,Indiaroba,SE,-11.47553354945684,-37.52894328362776,65,0.057692307692307696,0.49690584756476786,2017,1.0,15.8,7.222222222222222,False,False
2802908,Itabaiana,SE,-10.685727062877476,-37.4216175535088,65,0.14711538461538462,0.08320523933786642,1984,0.04658952974594933,27.8,7.777777777777778,False,False
2803005,Itabaianinha,SE,-11.258662707216772,-37.7792764617264,65,0.2836538461538462,0.0008371287560921994,1994,0.001840518197403408,22.9,7.622222222222222,True,True
2803104,Itabi,SE,-10.10582451883872,-37.14392744775348,65,0.3403846153846154,6.116757608356162e-05,1991,9.007209464277884e-05,19.5,7.7555555555555555,True,True
2803203,Itaporanga d'Ajuda,SE,-11.057902439267982,-37.31819414183134,65,0.0668429930358128,0.4313139754533907,2008,0.7534782860978246,22.95,6.622222222222222,False,False
2803302,Japaratuba,SE,-10.55335378637082,-36.90297856468319,65,-0.07596153846153847,0.37105504106368714,1979,0.20319531429857648,23.7,9.0,False,False
2803401,Japoatã,SE,-10.436071988141393,-36.78874471676069,65,0.10192307692307694,0.2300563729738222,2018,0.39761982182042743,21.4,8.644444444444444,False,False
2803500,Lagarto,SE,-10.902657785250044,-37.66434571160087,65,0.36634615384615393,1.6034472386638018e-05,1994,0.0002663486608165839,25.8,6.511111111111111,True,True
2803609,Laranjeiras,SE,-10.804499978205886,-37.18604115713683,65,0.08461538461538462,0.3190539922528327,1985,0.49905447699339966,21.35,7.644444444444445,False,False
2803708,Macambira,SE,-10.65998028093119,-37.596882240201005,65,0.27650878414095226,0.0011325324452860564,1984,0.0041336894831218215,23.0,6.066666666666666,True,True
2803807,Malhada dos Bois,SE,-10.329316814092037,-36.94423567172817,65,0.28942307692307695,0.0006540400210720651,1985,0.0010089899659976474,23.15,9.822222222222223,True,True
2803906,Malhador,SE,-10.672901283464189,-37.28779644907421,65,0.2625,0.0019940551290711004,1984,0.0001352710649807237,28.05,8.622222222222222,True,True
2804003,Maruim,SE,-10.730395669555046,-37.10530219013299,65,0.24230769230769236,0.004326256244848926,1985,0.002130695499501793,20.6,6.733333333333333,True,True
2804102,Moita Bonita,SE,-10.593535312264528,-37.34035491941573,65,0.3490384615384616,3.953754112601504e-05,1984,1.3440254834466912e-05,27.7,7.6,True,True
2804201,Monte Alegre de Sergipe,SE,-10.064509860128776,-37.615922830967975,65,0.2028846153846154,0.016889495653524298,1995,0.020251720191003866,17.25,5.044444444444444,True,True
2804300,Muribeca,SE,-10.383952459041778,-36.95907832524723,65,0.013461538461538462,0.8740480196882481,2018,0.4166794406211764,25.3,10.28888888888889,False,False
2804409,Neópolis,SE,-10.348335971316924,-36.66041314671271,65,0.33461538461538465,8.13716056032753e-05,1985,0.0019328966388049253,18.15,8.11111111111111,True,True
2804458,Nossa Senhora Aparecida,SE,-10.358104220653235,-37.50490403256408,65,0.3544121285424031,3.0126536405893447e-05,1987,5.6009216895597815e-05,18.25,5.2444444444444445,True,True
2804508,Nossa Senhora da Glória,SE,-10.17767750252422,-37.52822242605506,65,0.3038461538461539,0.00034623950677222057,2001,0.0034324144822200546,19.1,5.222222222222222,True,True
2804607,Nossa Senhora das Dores,SE,-10.466603555723232,-37.2402599675186,65,0.12692307692307694,0.135017381575575,1985,0.35263438243826933,23.45,6.511111111111111,False,False
2804706,Nossa Senhora de Lourdes,SE,-10.076834751381812,-37.014477189023616,65,0.25480769230769235,0.0026950653954550177,1991,0.0015104921756299722,17.45,7.4222222222222225,True,True
2804805,Nossa Senhora do Socorro,SE,-10.863888705463104,-37.14535826976888,65,0.08076923076923077,0.3415471640207668,1985,0.2667046417839311,21.25,7.733333333333333,False,False
2804904,Pacatuba,SE,-10.519162515564403,-36.64681140119406,65,0.20384615384615387,0.016375942740005898,2003,0.03883579920096674,15.35,7.622222222222222,True,False
2805000,Pedra Mole,SE,-10.62441514394591,-37.67997126326994,65,0.15288461538461542,0.07181004824924186,2008,0.1433195491670883,20.0,3.4444444444444446,False,False
2805109,Pedrinhas,SE,-11.20444158842997,-37.6584752610392,65,0.26592931761729843,0.0017433311205735645,2005,0.0069469983049862336,22.35,6.866666666666666,True,True
2805208,Pinhão,SE,-10.563296067678843,-37.75812139531696,65,0.12596153846153849,0.1379992597344832,2000,0.36132902060287403,16.5,3.2666666666666666,False,False
2805307,Pirambu,SE,-10.65406353426967,-36.80490277699455,65,-0.056263526512158976,0.507719593512991,1979,0.27023411846283146,20.65,9.2,False,False
2805406,Poço Redondo,SE,-9.850086764588962,-37.708690088482754,65,0.21250000000000002,0.012337808021518988,2001,0.03474573545009981,14.95,5.533333333333333,True,False
2805505,Poço Verde,SE,-10.800713841265743,-38.12703757061172,65,0.058653846153846154,0.48976100930269273,2012,0.3701743102121331,13.15,3.9555555555555557,False,False
2805604,Porto da Folha,SE,-9.913655283310192,-37.42239037241425,65,0.24519230769230774,0.003885555986180738,1998,0.004531670941802023,18.55,7.644444444444445,True,True
2805703,Propriá,SE,-10.245018547145463,-36.80299283897171,65,0.264423076923077,0.001847185243478315,1985,0.0041336894831218215,23.05,10.11111111111111,True,True
2805802,Riachão do Dantas,SE,-11.033991719546544,-37.80052044721381,65,0.401923076923077,2.213149112741069e-06,1987,9.007209464277884e-05,21.5,5.488888888888889,True,True
2805901,Riachuelo,SE,-10.730576950548274,-37.225299145454485,65,0.35961538461538467,2.2884062091486527e-05,1984,3.3722340116728774e-06,24.75,8.222222222222221,True,True
2806008,Ribeirópolis,SE,-10.504008817278551,-37.42945287531451,65,0.3865384615384616,5.320060068077565e-06,1984,4.39845283175301e-05,21.45,6.044444444444444,True,True
2806107,Rosário do Catete,SE,-10.682341901236745,-37.035537475666885,65,0.04038461538461539,0.6343904759318508,1992,1.0,21.55,6.866666666666666,False,False
2806206,Salgado,SE,-11.062598336589188,-37.48055683297087,65,0.021153846153846155,0.8032826965468698,1989,0.45663907784026875,23.95,6.666666666666667,False,False
2806305,Santa Luzia do Itanhy,SE,-11.361846671810872,-37.50591736615958,65,0.13609041028154692,0.10911190299897842,2007,0.27023411846283146,16.95,6.311111111111111,False,False
2806404,Santana do São Francisco,SE,-10.286798486139942,-36.63687455539819,65,0.22211538461538463,0.008908128193386117,2004,0.010939988910983817,16.6,7.6,True,True
2806503,Santa Rosa de Lima,SE,-10.631983736549246,-37.236075270487326,65,0.3115384615384616,0.00024390367514957225,1984,5.273898247610649e-05,25.55,7.466666666666667,True,True
2806602,Santo Amaro das Brotas,SE,-10.773587637559604,-36.98259174506659,65,0.0451923076923077,0.5946081162160604,1992,0.9500382475590613,17.0,6.133333333333334,False,False
2806701,São Cristóvão,SE,-10.962249922865102,-37.22044770645119,65,0.1028846153846154,0.22568988273148238,1985,0.45663907784026875,23.4,6.866666666666666,False,False
2806800,São Domingos,SE,-10.78227073047388,-37.57481138085782,65,0.15384615384615388,0.07004133687461596,1984,0.1975562773493669,26.1,6.488888888888889,False,False
2806909,São Francisco,SE,-10.335054800499076,-36.86677757769569,65,0.28942307692307695,0.0006540400210720651,1985,0.0010089899659976474,24.05,10.222222222222221,True,True
2807006,São Miguel do Aleixo,SE,-10.39909024937957,-37.36367352631798,65,0.23750000000000004,0.005162356812227657,1984,0.006795167961004818,20.35,5.333333333333333,True,True
2807105,Simão Dias,SE,-10.756420356191272,-37.8282817323339,65,0.16879057953647694,0.046902670383189383,1994,0.07708717209636004,17.6,3.3777777777777778,False,False
2807204,Siriri,SE,-10.574913420655498,-37.12518900948998,65,0.31250000000000006,0.00023332510314954838,1985,0.000101257074974498,24.9,7.555555555555555,True,True
2807303,Telha,SE,-10.19315611079126,-36.8893081959722,65,0.29134615384615387,0.0006018054223742369,1985,0.002130695499501793,20.55,9.044444444444444,True,True
2807402,Tobias Barreto,SE,-11.042261112887964,-38.00330624126825,65,0.12500000000000003,0.14103164052071637,1984,0.13083421265918208,17.9,3.9555555555555557,False,False
2807501,Tomar do Geru,SE,-11.369974778098534,-37.87514290049271,65,0.1024284713426484,0.2278582229807682,1987,0.4618068254280374,21.25,7.622222222222222,False,False
2807600,Umbaúba,SE,-11.39994771289154,-37.66245674319154,65,0.13461538461538464,0.11292366071592867,1984,0.5100406406299057,19.8,7.466666666666667,False,False
2900108,Abaíra,BA,-13.296591193364977,-41.74280506024397,65,0.12980769230769232,0.1263700865857364,1996,0.28840837545464815,6.85,3.3555555555555556,False,False
2900207,Abaré,BA,-8.833428846079379,-39.31764551354362,65,-0.006730769230769231,0.936826304825977,1988,1.0,9.6,6.555555555555555,False,False
2900306,Acajutiba,BA,-11.663102562236483,-38.00057979126933,65,0.08461538461538462,0.3190539922528327,1995,0.5791296951003588,14.2,6.7555555555555555,False,False
2900355,Adustina,BA,-10.562260983829768,-38.03765364811992,65,0.0375,0.6587873377864597,2009,0.488220905503328,13.2,3.3777777777777778,False,False
2900405,Água Fria,BA,-11.82314777131902,-38.71046665143746,65,0.008175042313732502,0.9233259201248938,1979,1.0,11.4,3.8444444444444446,False,False
2900504,Érico Cardoso,BA,-13.40020809705258,-42.06734859861318,65,-0.016346153846153847,0.8473606749709596,1992,1.0,9.4,3.422222222222222,False,False
2900603,Aiquara,BA,-14.09182949981802,-39.88082015671792,65,-0.15192307692307694,0.07361518372015567,1981,0.033468923782858755,10.9,4.155555555555556,False,False
2900702,Alagoinhas,BA,-12.11305026336555,-38.40220744322894,65,-0.03365384615384616,0.6918859681811715,2012,0.3440897276461011,16.6,5.911111111111111,False,False
2900801,Alcobaça,BA,-17.469199798482077,-39.40953244284636,65,0.16205819174869723,0.05640189578623013,1969,0.15216720064717362,7.6,6.933333333333334,False,False
2900900,Almadina,BA,-14.701322190909648,-39.6641443291996,65,0.16738818675175637,0.048812567956719545,2011,0.19204067398614047,18.7,9.955555555555556,False,False
2901007,Amargosa,BA,-13.040878761195955,-39.626281248248254,65,0.09230769230769233,0.27704301780334584,2001,0.37917085700952197,16.2,4.933333333333334,False,False
2901106,Amélia Rodrigues,BA,-12.421263321219216,-38.72049381854867,65,-0.015384615384615387,0.8562385953808652,1975,0.6033483431563663,17.4,8.066666666666666,False,False
2901155,América Dourada,BA,-11.406232577053755,-41.52293824445291,65,0.0451923076923077,0.5946081162160604,1971,1.0,6.0,3.688888888888889,False,False
2901205,Anagé,BA,-14.589860946568631,-40.9276143715488,65,0.20865384615384616,0.014008663383803684,1972,0.10852621480054009,12.55,6.488888888888889,True,False
2901304,Andaraí,BA,-12.733523441225367,-41.21505285672081,64,0.004465393340084741,0.9584143721962907,2015,0.37290086833867586,11.3,9.511111111111111,False,False
2901353,Andorinha,BA,-10.280719425554503,-39.87190138235939,65,0.09230769230769233,0.27704301780334584,2013,0.2270165572915539,11.35,5.888888888888889,False,False
2901403,Angical,BA,-11.996677071512204,-44.647721899866006,64,0.05059523809523809,0.554554283007397,2001,0.14553071078446195,11.6,4.911111111111111,False,False
2901502,Anguera,BA,-12.183025086029808,-39.192765596489984,65,-0.08607838671518339,0.31086714071405397,1974,0.5324687972967159,9.0,2.933333333333333,False,False
2901601,Antas,BA,-10.407084766692911,-38.29418784489218,65,0.11153846153846154,0.18903426846904237,1999,0.186646930242533,7.9,3.2888888888888888,False,False
2901700,Antônio Cardoso,BA,-12.379959767666636,-39.14696834948237,65,0.0009615384615384617,0.9909659293951528,1971,0.5211789320492503,13.05,5.955555555555556,False,False
2901809,Antônio Gonçalves,BA,-10.601425032096015,-40.36211527156384,65,0.0668429930358128,0.4313139754533907,2015,1.0,12.65,6.977777777777778,False,False
2901908,Aporá,BA,-11.731587313126209,-38.19385363424939,65,0.04807692307692309,0.5712996214994486,1995,0.9806103528349323,10.75,5.088888888888889,False,False
2901957,Apuarema,BA,-13.820056771095144,-39.75153373467268,65,0.09858139260677429,0.2458035640686943,2003,0.9122762079475144,12.2,5.844444444444444,False,False
2902005,Aracatu,BA,-14.371242273571449,-41.3746313797597,65,0.1125,0.18524939541359853,2004,0.6033483431563663,8.3,5.5777777777777775,False,False
2902054,Araçás,BA,-12.172981345239087,-38.21245263068392,65,0.10865384615384616,0.20073052452038787,1995,0.17118085708445183,16.8,8.8,False,False
2902104,Araci,BA,-11.212576916614166,-39.06441476685077,65,-0.03653846153846154,0.6670026854207679,2005,0.8312453951901982,6.45,4.2,False,False
2902203,Aramari,BA,-12.050757502934411,-38.52500565050159,65,-0.0125,0.8829773063503712,2007,0.9652863406359143,12.65,5.444444444444445,False,False
2902252,Arataca,BA,-15.243256330928272,-39.41218257263866,65,0.2884615384615385,0.0006817102933708383,2003,0.005685274032837622,14.25,10.0,True,True
2902302,Aratuípe,BA,-13.084662041063217,-39.069299814870895,65,0.2755470144569837,0.001178531160027997,1987,0.0008648513865648905,12.2,5.955555555555556,True,True
2902401,Aurelino Leal,BA,-14.36212421423035,-39.47828911393509,65,0.07115384615384616,0.40209529101557673,1993,0.3274473959752802,16.4,5.311111111111111,False,False
2902500,Baianópolis,BA,-12.65702852953751,-44.44033306180864,65,-0.051923076923076926,0.5409152127109731,1981,0.3701743102121331,5.05,2.0,False,False
2902609,Baixa Grande,BA,-11.96479231130014,-40.15273531899663,65,0.07596153846153847,0.37105504106368714,1975,1.0,8.95,3.6222222222222222,False,False
2902658,Banzaê,BA,-10.616382258218652,-38.65426875542746,65,0.015384615384615387,0.8562385953808652,1994,1.0,8.55,5.2,False,False
2902708,Barra,BA,-11.029816539627824,-43.36564467514519,65,0.1,0.23896882733943936,1990,0.3701743102121331,5.6,2.0444444444444443,False,False
2902807,Barra da Estiva,BA,-13.650650319334048,-41.09813280396054,65,0.06923076923076923,0.4149352520971258,2007,0.6156758708469371,9.65,5.511111111111111,False,False
2902906,Barra do Choça,BA,-14.913026123619323,-40.58122366700993,65,0.3432692307692308,5.294548427660294e-05,1984,0.0003142895023838398,8.25,4.266666666666667,True,True
2903003,Barra do Mendes,BA,-11.967078468732176,-42.11443047832768,65,0.004327963577858383,0.9593627468414274,2012,0.0374280118542835,7.0,3.4444444444444446,False,False
2903102,Barra do Rocha,BA,-14.102623997622784,-39.58802473801379,65,-0.006730769230769231,0.936826304825977,1981,0.8898836579770303,12.0,3.8222222222222224,False,False
2903201,Barreiras,BA,-12.013437411981334,-45.54252691454601,65,0.17884615384615388,0.03520128758921378,1974,0.13905464099683393,2.7,4.844444444444444,False,False
2903235,Barro Alto,BA,-11.84806122374042,-41.836857851933765,65,0.04568405998850516,0.5906873687663223,2012,0.0374280118542835,8.1,3.688888888888889,False,False
2903276,Barrocas,BA,-11.537988066587118,-39.09496368604511,65,-0.07884615384615386,0.3531652909023054,1983,0.4363521181567188,8.15,3.6,False,False
2903300,Barro Preto,BA,-14.7758405464486,-39.44467743479704,65,0.1605769230769231,0.058637341033104036,1995,0.31934808891406874,19.45,9.266666666666667,False,False
2903409,Belmonte,BA,-15.935365185436169,-39.17711610655753,65,0.15673076923076926,0.06494862597449932,2013,0.23329562826712694,7.55,3.8222222222222224,False,False
2903508,Belo Campo,BA,-14.998479074735265,-41.20389950840008,65,0.1610964220647287,0.05788148675196118,1996,0.24296293834878846,9.7,6.022222222222222,False,False
2903607,Biritinga,BA,-11.58530594362142,-38.79268913562853,65,-0.025961538461538463,0.759821804319769,2005,1.0,7.6,2.933333333333333,False,False
2903706,Boa Nova,BA,-14.360261756256044,-40.23005142366713,65,0.0951923076923077,0.26230733102894765,1976,0.7328989927313598,10.75,3.688888888888889,False,False
2903805,Boa Vista do Tupim,BA,-12.770089972370558,-40.67009834647568,65,0.1183261320141726,0.1636967969340034,1987,0.23329562826712694,9.55,6.733333333333333,False,False
2903904,Bom Jesus da Lapa,BA,-13.27686992460719,-43.29328297222627,65,-0.07115384615384616,0.40209529101557673,1992,0.7743354696059661,7.95,3.466666666666667,False,False
2903953,Bom Jesus da Serra,BA,-14.389936437326066,-40.577317009635294,65,0.04038461538461539,0.6343904759318508,2012,1.0,11.1,4.288888888888889,False,False
2904001,Boninal,BA,-12.776687163234817,-41.8025318018065,65,0.24134615384615388,0.0044829332297607605,1999,7.112510846125e-05,7.45,4.377777777777778,True,True
2904050,Bonito,BA,-11.969189288780916,-41.32044858371504,65,0.17115384615384618,0.043857193295064656,1990,0.1348934261598594,8.5,4.688888888888889,False,False
2904100,Boquira,BA,-12.741101353577015,-42.7222737783454,65,-0.006730769230769231,0.936826304825977,1970,0.3035887052227368,9.1,2.9555555555555557,False,False
2904209,Botuporã,BA,-13.326190954072992,-42.53470879526393,65,-0.19423076923076926,0.02218417484152764,1985,0.014060907443860605,7.85,2.3555555555555556,True,True
2904308,Brejões,BA,-13.075424799113094,-39.85068651003908,65,0.20480769230769233,0.015876159806045093,1999,0.04658952974594933,15.15,5.5777777777777775,True,False
2904407,Brejolândia,BA,-12.499373892631514,-43.824763979949175,65,0.19572013068759578,0.021210258269198,2010,0.07580582880191701,4.15,2.577777777777778,True,False
2904506,Brotas de Macaúbas,BA,-12.086805190926112,-42.46521049764201,65,0.14711538461538462,0.08320523933786642,2012,0.033468923782858755,6.55,3.511111111111111,False,False
2904605,Brumado,BA,-14.167923136216372,-41.6890525229945,65,0.16634615384615387,0.05013161313138197,2003,0.0732972202658319,10.85,4.733333333333333,False,False
2904704,Buerarema,BA,-14.996380410397547,-39.26953041006213,65,0.1610964220647287,0.05788148675196118,1994,0.44136624814539166,17.95,8.622222222222222,False,False
2904753,Buritirama,BA,-10.58805614615141,-43.667492745231534,65,-0.08942307692307694,0.29233290665128286,1980,0.7193378849388556,5.45,1.7777777777777777,False,False
2904803,Caatiba,BA,-14.995851714023663,-40.364097892067065,65,0.22980769230769232,0.006806990933687693,1984,0.031038301874568873,9.25,4.155555555555556,True,False
2904852,Cabaceiras do Paraguaçu,BA,-12.564254011995008,-39.19231666844774,65,0.06057692307692309,0.47563877428430523,2018,0.4070731221914113,15.55,6.222222222222222,False,False
2904902,Cachoeira,BA,-12.646746219918558,-38.884859935210734,65,-0.08173076923076925,0.33583089893655294,1989,0.2667046417839311,17.0,8.0,False,False
2905008,Caculé,BA,-14.482839341068432,-42.28516055218724,65,0.1375,0.10541366817859947,2003,0.05004808403109762,8.75,4.044444444444444,False,False
2905107,Caém,BA,-11.143046037561602,-40.29108356641006,65,0.20384615384615387,0.016375942740005898,1982,0.009627408979904085,15.65,9.88888888888889,True,True
2905156,Caetanos,BA,-14.313706584067043,-40.92673956215459,65,0.13076923076923078,0.12358551912882432,1977,0.25974984352926617,10.6,6.466666666666667,False,False
2905206,Caetité,BA,-13.947731244612935,-42.47658785715284,65,0.17980769230769234,0.03422947131578442,2003,0.05004808403109762,10.5,4.288888888888889,False,False
2905305,Cafarnaum,BA,-11.733965816287675,-41.50147246632813,65,0.10865384615384616,0.20073052452038787,2012,0.5555005761215098,7.6,4.311111111111111,False,False
2905404,Cairu,BA,-13.506837891782755,-38.98338856816437,65,-0.04807692307692309,0.5712996214994486,2016,0.4166794406211764,6.4,4.844444444444444,False,False
2905503,Caldeirão Grande,BA,-11.0398875170174,-40.221827026512,65,0.1855769230769231,0.02886724751932723,1991,0.04028960206658344,12.65,8.244444444444444,True,False
2905602,Camacan,BA,-15.444379874142586,-39.51866739176636,65,0.264423076923077,0.001847185243478315,1995,0.007753572228438996,11.3,7.622222222222222,True,True
2905701,Camaçari,BA,-12.665907407809254,-38.20619136628915,65,0.06346153846153847,0.4548807770395934,2008,0.7604002213532476,11.95,10.688888888888888,False,False
2905800,Camamu,BA,-14.012439782722677,-39.16406634692743,65,-0.025961538461538463,0.759821804319769,1985,0.2270165572915539,11.35,5.288888888888889,False,False
2905909,Campo Alegre de Lourdes,BA,-9.561766360264205,-43.15881957187902,65,-0.12980769230769232,0.1263700865857364,1992,0.45663907784026875,8.25,4.444444444444445,False,False
2906006,Campo Formoso,BA,-10.251152055191197,-40.72883454819637,65,0.16879057953647694,0.046902670383189383,1994,0.05763530883303764,4.55,2.3333333333333335,False,False
2906105,Canápolis,BA,-13.096462772875311,-44.20370778105868,65,0.1836538461538462,0.030568176043374543,2003,0.021071406588780116,11.4,6.222222222222222,True,True
2906204,Canarana,BA,-11.75302016814034,-41.69962377192223,65,0.14903846153846154,0.0792542785402758,1999,0.25974984352926617,8.3,4.355555555555555,False,False
2906303,Canavieiras,BA,-15.65141097702192,-39.10869331375715,65,0.11300793786630221,0.1833710915902007,2005,0.3074739463256514,8.45,5.133333333333334,False,False
2906402,Candeal,BA,-11.871077605861446,-39.19073802014555,65,-0.11923076923076925,0.16031184519331876,2005,0.186646930242533,8.2,3.511111111111111,False,False
2906501,Candeias,BA,-12.67843689622446,-38.481183814641845,65,0.1355769230769231,0.11037483702198604,2014,0.15216720064717362,16.9,13.577777777777778,False,False
2906600,Candiba,BA,-14.404147811066885,-42.83168719200711,65,0.13942307692307693,0.10063110674807266,1991,0.4070731221914113,10.9,6.733333333333333,False,False
2906709,Cândido Sales,BA,-15.355035857696452,-41.26951065532872,65,0.10480769230769232,0.21713510541441583,2010,0.49905447699339966,7.7,6.311111111111111,False,False
2906808,Cansanção,BA,-10.72707324671994,-39.472697170702176,65,0.26015869951348725,0.0021923372639184205,1986,0.003768064279825467,10.25,5.955555555555556,True,True
2906824,Canudos,BA,-10.00586539462323,-38.99450592304441,65,-0.028846153846153848,0.7340951823194757,1981,0.8898836579770303,6.15,2.511111111111111,False,False
2906857,Capela do Alto Alegre,BA,-11.672316056179213,-39.82484819457008,65,0.17980769230769234,0.03422947131578442,1996,0.06849092646366872,4.95,2.7555555555555555,False,False
2906873,Capim Grosso,BA,-11.306275997438496,-39.99594700706282,65,0.01730769230769231,0.8385020825980152,1982,1.0,6.5,5.2444444444444445,False,False
2906899,Caraíbas,BA,-14.625543342753312,-41.2836869628634,65,0.10096153846153848,0.2344826070931848,1972,0.45663907784026875,6.65,3.2888888888888888,False,False
2906907,Caravelas,BA,-17.65779435862752,-39.68871265370528,65,0.11730769230769231,0.16716277228271015,1979,0.17118085708445183,6.35,4.622222222222222,False,False
2907004,Cardeal da Silva,BA,-12.043087554094068,-37.93839134494311,65,0.225,0.008060423079027226,1995,0.05763530883303764,10.7,6.066666666666666,True,False
2907103,Carinhanha,BA,-14.02033102939938,-43.848953974883,65,0.17692307692307696,0.037215712459128636,2003,0.05565131986374875,6.55,2.6222222222222222,False,False
2907202,Casa Nova,BA,-9.239985600688328,-41.33616857631986,65,0.019240021465719123,0.8208415936851292,1994,0.8530429830608498,5.5,2.533333333333333,False,False
2907301,Castro Alves,BA,-12.731518449877866,-39.36402455013448,65,-0.03365384615384616,0.6918859681811715,2019,1.0,15.75,6.8,False,False
2907400,Catolândia,BA,-12.273429767810672,-44.697039489275696,65,0.029807692307692313,0.7255839366845278,2010,0.9960061723468323,10.3,8.11111111111111,False,False
2907509,Catu,BA,-12.330530332406838,-38.41283606238824,65,0.10865384615384616,0.20073052452038787,1998,0.3701743102121331,16.25,8.266666666666667,False,False
2907558,Caturama,BA,-13.233366660968898,-42.31940301447477,65,-0.0778846153846154,0.35906697866031423,1981,0.4070731221914113,8.85,2.466666666666667,False,False
2907608,Central,BA,-11.151266904382762,-42.112407657763,65,0.14615384615384616,0.08523973864681578,1999,0.36132902060287403,7.15,6.7555555555555555,False,False
2907707,Chorrochó,BA,-9.271481206776498,-39.18911676371221,65,0.0451923076923077,0.5946081162160604,1983,0.8603610817965768,8.5,4.311111111111111,False,False
2907806,Cícero Dantas,BA,-10.507053065964048,-38.454118672063785,65,0.19475836100362723,0.021853892997461204,1994,0.01004816286544616,8.25,3.7111111111111112,True,True
2907905,Cipó,BA,-11.107889177282992,-38.52305976736832,65,0.06153846153846155,0.46866229579159335,2015,0.8603610817965768,7.05,5.644444444444445,False,False
2908002,Coaraci,BA,-14.631822009410422,-39.59319886435952,65,0.08365384615384616,0.3245842756703249,2016,0.37917085700952197,19.8,9.377777777777778,False,False
2908101,Cocos,BA,-14.49628331990676,-45.21863846945186,65,-0.03942307692307693,0.6424804021960624,1972,0.22086846274676056,0.0,1.488888888888889,False,False
2908200,Conceição da Feira,BA,-12.504877113232638,-38.99965466614677,65,0.058653846153846154,0.48976100930269273,2014,0.37917085700952197,12.75,5.666666666666667,False,False
2908309,Conceição do Almeida,BA,-12.85996519323581,-39.24563829160961,65,0.1932692307692308,0.02285338210981876,1993,0.03883579920096674,17.1,7.177777777777778,True,False
2908408,Conceição do Coité,BA,-11.523997828205102,-39.24979089616017,65,-0.0826923076923077,0.33017658764094726,1985,0.2397071069526228,6.45,3.4,False,False
2908507,Conceição do Jacuípe,BA,-12.337299032428277,-38.74216143915075,65,-0.032692307692307694,0.7002565367900856,1975,0.6281471370692552,16.35,6.733333333333333,False,False
2908606,Conde,BA,-11.82778709785814,-37.6776295380961,65,0.020192307692307693,0.8120531453899646,1965,1.0,11.7,6.111111111111111,False,False
2908705,Condeúba,BA,-14.92140055877501,-42.051007839160285,65,-0.08511661703121487,0.3163043604044854,1983,0.31934808891406874,6.6,4.0,False,False
2908804,Contendas do Sincorá,BA,-13.838401650605189,-41.09369401675732,65,0.17403846153846156,0.04042092332408574,2005,0.1476898403483945,10.15,6.355555555555555,False,False
2908903,Coração de Maria,BA,-12.210670735124022,-38.78303896653164,65,-0.01202212104960662,0.8874458134252069,1975,0.8312453951901982,15.9,5.8,False,False
2909000,Cordeiros,BA,-15.040913732602736,-41.90822850366502,65,-0.02211538461538462,0.7945369497506702,1966,1.0,5.0,3.4,False,False
2909109,Coribe,BA,-13.81435392120732,-44.37622564436792,65,0.06491945366787574,0.44468893429885126,2001,0.7743354696059661,7.75,5.066666666666666,False,False
2909208,Coronel João Sá,BA,-10.28024065739888,-37.936313763131245,65,0.1932692307692308,0.02285338210981876,2001,0.02371045067341545,9.35,2.4,True,True
2909307,Correntina,BA,-13.467237862215082,-45.39496845523612,65,0.04134615384615385,0.6263439932763901,2006,0.06849092646366872,0.0,2.1333333333333333,False,False
2909406,Cotegipe,BA,-11.711080224092408,-44.32802771122966,65,-0.09711538461538463,0.252789642803682,1981,0.09861252850976931,6.05,1.7777777777777777,False,False
2909505,Cravolândia,BA,-13.424006519099123,-39.78444553250689,65,0.13365384615384618,0.11551864505727938,2001,0.186646930242533,16.15,7.311111111111111,False,False
2909604,Crisópolis,BA,-11.51803735423058,-38.17257499696739,65,0.12596153846153849,0.1379992597344832,1991,0.36132902060287403,13.55,6.311111111111111,False,False
2909703,Cristópolis,BA,-12.194055498518605,-44.25871737056178,65,-0.04230769230769231,0.6183417469175422,1981,0.11200893327810173,7.45,2.8222222222222224,False,False
2909802,Cruz das Almas,BA,-12.68301306670159,-39.11787623057506,65,0.05096153846153847,0.5484350422817794,2014,0.37917085700952197,18.4,7.177777777777778,False,False
2909901,Curaçá,BA,-9.222198083290689,-39.65152042387033,65,0.05384615384615385,0.5260317864344628,1969,1.0,10.15,4.066666666666666,False,False
2910008,Dário Meira,BA,-14.40500358710386,-39.98802152402868,65,-0.0668429930358128,0.4313139754533907,1981,0.8973247084478042,10.6,3.111111111111111,False,False
2910057,Dias d'Ávila,BA,-12.601224975647447,-38.282468548083095,65,0.08846153846153848,0.2975531675111377,2009,0.1975562773493669,15.15,11.955555555555556,False,False
2910107,Dom Basílio,BA,-13.856338616869602,-41.71224854057638,65,0.015384615384615387,0.8562385953808652,2015,1.0,11.8,4.666666666666667,False,False
2910206,Dom Macedo Costa,BA,-12.912485752964868,-39.17403764430404,65,0.22692307692307692,0.00753616048771029,1994,0.02371045067341545,14.55,6.0,True,True
2910305,Elísio Medrado,BA,-12.93482817504908,-39.52638459038604,65,-0.006730769230769231,0.936826304825977,1972,0.7328989927313598,16.3,5.333333333333333,False,False
2910404,Encruzilhada,BA,-15.594980289814306,-40.9996729063169,65,0.23226737867839986,0.00624764503696303,1997,0.04493933338415746,5.15,4.222222222222222,True,False
2910503,Entre Rios,BA,-12.063739271395155,-38.04815575274549,65,0.11346153846153846,0.18152087117928373,1983,0.35263438243826933,13.25,7.533333333333333,False,False
2910602,Esplanada,BA,-11.931265164159283,-37.88545793996994,65,0.25288461538461543,0.002902414552430826,1995,0.01241227887176321,10.3,5.911111111111111,True,True
2910701,Euclides da Cunha,BA,-10.464162030326449,-38.91503642289727,65,0.027884615384615386,0.7426392261972599,1999,0.4070731221914113,7.05,4.7555555555555555,False,False
2910727,Eunápolis,BA,-16.29872578791314,-39.60606677645775,65,0.34190912265081225,5.690046063188153e-05,1984,0.002775489561608165,8.65,3.8222222222222224,True,True
2910750,Fátima,BA,-10.595254895166333,-38.20210382430985,65,0.009615384615384618,0.9098500327472845,2009,0.7059061814503923,11.85,4.4,False,False
2910776,Feira da Mata,BA,-14.131709925915333,-44.23220311985904,65,0.19572013068759578,0.021210258269198,1998,0.11558351804791793,10.2,5.644444444444445,True,False
2910800,Feira de Santana,BA,-12.193073062780124,-39.03397242180529,65,-0.03461538461538462,0.683552875272655,1970,0.3274473959752802,12.75,4.622222222222222,False,False
2910859,Filadélfia,BA,-10.72322297001424,-40.13686466231602,65,0.024038461538461543,0.7771237463572624,1995,1.0,10.5,6.444444444444445,False,False
2910909,Firmino Alves,BA,-14.930677507832632,-39.91126191536596,65,0.057225296196127505,0.5004921215899778,1989,0.6599445534483355,12.65,8.022222222222222,False,False
2911006,Floresta Azul,BA,-14.841757093555405,-39.71751130968203,65,0.2057692307692308,0.015389839986918645,1987,0.02876438730541304,19.15,11.4,True,False
2911105,Formosa do Rio Preto,BA,-11.014026758299591,-45.74492500608396,65,0.11346153846153846,0.18152087117928373,1987,0.2810327034097539,1.6,2.4,False,False
2911204,Gandu,BA,-13.788686950736526,-39.48269850122088,65,0.03557692307692308,0.6752581537654916,1971,1.0,12.9,5.711111111111111,False,False
2911253,Gavião,BA,-11.508891693775574,-39.75722405178175,65,0.14230769230769233,0.09378325044585276,1982,0.3440897276461011,5.95,4.666666666666667,False,False
2911303,Gentio do Ouro,BA,-11.41014959320388,-42.60526177280292,65,0.07692307692307694,0.36503027183830394,2012,0.27379852014261447,8.15,4.022222222222222,False,False
2911402,Glória,BA,-9.229372193710493,-38.44469139222914,65,-0.1076923076923077,0.20474428938111378,2013,0.6535150821111455,13.65,3.466666666666667,False,False
2911501,Gongogi,BA,-14.280742803800708,-39.581493969788646,65,-0.003846153846153847,0.9638752961842721,1981,1.0,15.05,4.666666666666667,False,False
2911600,Governador Mangabeira,BA,-12.583270958216769,-39.0722086563731,65,0.030769230769230774,0.7171064503042393,2018,0.46701295818182675,17.4,6.977777777777778,False,False
2911659,Guajeru,BA,-14.558952638845168,-41.98642763811915,65,0.0461760515177259,0.5867784344214065,2003,0.27023411846283146,6.45,3.422222222222222,False,False
2911709,Guanambi,BA,-14.203912046786748,-42.819839156832245,65,0.2605769230769231,0.0021515738117853294,1991,0.00048497441951104856,11.3,5.488888888888889,True,True
2911808,Guaratinga,BA,-16.553192566228564,-39.93758366100272,65,0.3038461538461539,0.00034623950677222057,1994,0.003275128172611387,6.3,3.3333333333333335,True,True
2911857,Heliópolis,BA,-10.749958388085394,-38.30876634457765,65,0.1,0.23896882733943936,1999,0.5324687972967159,12.05,5.644444444444445,False,False
2911907,Iaçu,BA,-12.81344411965864,-40.11292282689576,65,0.04423076923076924,0.6024730552878146,1999,0.31934808891406874,12.4,6.066666666666666,False,False
2912004,Ibiassucê,BA,-14.291435317308297,-42.30534034769552,65,0.12884615384615386,0.1292032674393662,2003,0.11558351804791793,10.85,5.288888888888889,False,False
2912103,Ibicaraí,BA,-14.848687492343837,-39.56851426973172,65,0.17403846153846156,0.04042092332408574,1995,0.18137345418813178,19.7,10.822222222222223,False,False
2912202,Ibicoara,BA,-13.380934824392176,-41.32785196192833,65,0.07742245955946664,0.36203323908533214,1987,0.3569629104065479,8.15,4.444444444444445,False,False
2912301,Ibicuí,BA,-14.641691088440892,-39.86369617148637,65,0.12794614274703217,0.1320731487755116,1987,0.10681878138140796,13.5,6.155555555555556,False,False
2912400,Ibipeba,BA,-11.570741007024615,-42.181845183947416,65,-0.0375,0.6587873377864597,2012,0.20319531429857648,10.45,7.688888888888889,False,False
2912509,Ibipitanga,BA,-12.859357868407567,-42.35973000137405,65,0.0,1.0,1999,0.4070731221914113,9.1,2.888888888888889,False,False
2912608,Ibiquera,BA,-12.603161361374053,-40.88480628211331,65,0.2009615384615385,0.017959163268484925,1986,0.06178608302878114,9.35,5.911111111111111,True,False
2912707,Ibirapitanga,BA,-14.06052174634379,-39.43569833266076,65,0.0461760515177259,0.5867784344214065,1976,1.0,11.7,4.711111111111111,False,False
2912806,Ibirapuã,BA,-17.743010061959723,-40.01271182411201,65,0.08126953829534075,0.3386735498341942,1979,0.6218936233037753,9.7,6.622222222222222,False,False
2912905,Ibirataia,BA,-13.9759489757605,-39.62614614944724,65,-0.05673076923076923,0.5041058574582591,1981,0.5324687972967159,13.55,5.555555555555555,False,False
2913002,Ibitiara,BA,-12.57594460690627,-42.282547781103325,65,0.1634615384615385,0.05424550401058549,1999,0.0034324144822200546,7.95,2.6444444444444444,False,True
2913101,Ibititá,BA,-11.57906639059863,-41.91513322942192,65,-0.008653846153846154,0.9188321343240562,2012,0.35263438243826933,9.25,6.222222222222222,False,False
2913200,Ibotirama,BA,-12.03847602211801,-43.20490172449514,65,0.1230769230769231,0.14724974459811443,1998,0.11200893327810173,6.8,2.2666666666666666,False,False
2913309,Ichu,BA,-11.731549787923491,-39.152350289405554,65,-0.05673076923076923,0.5041058574582591,1989,1.0,9.4,3.6222222222222222,False,False
2913408,Igaporã,BA,-13.86302602824985,-42.70420624930354,65,0.10480769230769232,0.21713510541441583,1996,0.12301501734761935,9.8,3.8666666666666667,False,False
2913457,Igrapiúna,BA,-13.870894496390564,-39.20544770075861,65,-0.08557692307692309,0.3135857504770575,1981,0.1567533113111856,11.0,6.133333333333334,False,False
2913507,Iguaí,BA,-14.632346601664214,-40.06581391497567,65,0.1432692307692308,0.09158551296933214,1987,0.3113955087807632,10.15,4.355555555555555,False,False
2913606,Ilhéus,BA,-14.75273731696926,-39.19183316607871,65,0.19283482163569018,0.02319230753417357,2011,0.12301501734761935,15.65,6.688888888888889,True,False
2913705,Inhambupe,BA,-11.805047710287194,-38.40376145524528,65,0.025,0.7684583572208751,1973,0.6926060465695535,12.35,3.422222222222222,False,False
2913804,Ipecaetá,BA,-12.307326994640531,-39.326966350370085,65,-0.04807692307692309,0.5712996214994486,1969,0.5672409199242981,11.65,6.022222222222222,False,False
2913903,Ipiaú,BA,-14.054795944700167,-39.726428413821225,65,-0.09423076923076924,0.26715785444604245,1981,0.10513368645374463,11.7,5.533333333333333,False,False
2914000,Ipirá,BA,-12.211159011986902,-39.7770460055467,65,0.0951923076923077,0.26230733102894765,2012,0.3274473959752802,5.6,2.4444444444444446,False,False
2914109,Ipupiara,BA,-11.83594323026457,-42.50179501016484,65,0.09615384615384617,0.25751798224906275,2012,0.0374280118542835,9.3,3.533333333333333,False,False
2914208,Irajuba,BA,-13.230743606988607,-40.05228959340688,65,0.18173076923076925,0.03235447625285426,2013,0.2667046417839311,13.0,6.0,True,False
2914307,Iramaia,BA,-13.46865915536129,-40.9208868520087,65,0.09903846153846155,0.24351526376139854,2003,0.6033483431563663,8.7,3.8222222222222224,False,False
2914406,Iraquara,BA,-12.248350290879731,-41.58305207488901,65,0.11923076923076925,0.16031184519331876,1996,0.186646930242533,10.6,6.2,False,False
2914505,Irará,BA,-12.046465352245628,-38.75385685103947,65,-0.02211538461538462,0.7945369497506702,2012,1.0,14.55,5.111111111111111,False,False
2914604,Irecê,BA,-11.30946934908767,-41.838969003178576,64,0.008928571428571428,0.916943023115823,1989,0.24918862800165284,7.4,6.155555555555556,False,False
2914653,Itabela,BA,-16.662919488900087,-39.55137342017551,65,0.2890117900325431,0.0006676086746386853,1998,0.010939988910983817,7.4,3.977777777777778,True,True
2914703,Itaberaba,BA,-12.499072013960966,-40.26218741378276,65,-0.02837220567707162,0.7383591256546755,1992,1.0,12.45,5.822222222222222,False,False
2914802,Itabuna,BA,-14.85141081295771,-39.312747662479445,65,0.30192307692307696,0.00037747641617255206,1994,0.04493933338415746,18.25,8.044444444444444,True,False
2914901,Itacaré,BA,-14.362062382726846,-39.157671922210895,65,0.05,0.5560061415710047,2012,0.6156758708469371,15.0,4.644444444444445,False,False
2915007,Itaeté,BA,-13.091715000998718,-41.040382302184,65,0.1476316464891693,0.08219793384601028,2000,0.10852621480054009,10.0,6.288888888888889,False,False
2915106,Itagi,BA,-14.162233391875937,-40.0248251657474,65,-0.05673076923076923,0.5041058574582591,1981,0.39761982182042743,12.15,4.533333333333333,False,False
2915205,Itagibá,BA,-14.252569213323648,-39.83040427584616,65,-0.1903846153846154,0.02496728479185129,1981,0.027683537119878636,11.05,4.288888888888889,True,False
2915304,Itagimirim,BA,-16.096294411917356,-39.73795265533974,65,0.21634615384615385,0.010845950917060442,1984,0.04829200871359571,6.95,3.1777777777777776,True,False
2915353,Itaguaçu da Bahia,BA,-10.769468756798814,-42.23896347201044,65,-0.0009615384615384617,0.9909659293951528,1968,0.9047890422433168,5.35,3.2444444444444445,False,False
2915403,Itaju do Colônia,BA,-15.148316444423072,-39.73165505140525,65,0.025961538461538463,0.759821804319769,1989,0.9652863406359143,14.3,9.688888888888888,False,False
2915502,Itajuípe,BA,-14.67147521397684,-39.44488262874693,65,0.14903846153846154,0.0792542785402758,1995,0.1662584764648557,20.15,9.0,False,False
2915601,Itamaraju,BA,-17.00872122344559,-39.76475099242322,65,0.3240384615384616,0.0001357569343169759,1998,0.0028422709815247326,5.6,5.488888888888889,True,True
2915700,Itamari,BA,-13.766428862456111,-39.66702481723188,65,0.031730769230769236,0.7086636717402414,2012,1.0,11.45,4.8,False,False
2915809,Itambé,BA,-15.158216070545366,-40.46208294677523,65,0.11634615384615385,0.17066966756527835,1984,0.49905447699339966,8.55,3.8222222222222224,False,False
2915908,Itanagra,BA,-12.315355924917409,-38.04259753088398,65,0.03365384615384616,0.6918859681811715,1965,1.0,14.3,7.133333333333334,False,False
2916005,Itanhém,BA,-17.115361191290692,-40.378373143934205,65,0.05576923076923077,0.5113605348757182,1967,0.9806103528349323,7.2,5.377777777777778,False,False
2916104,Itaparica,BA,-12.892113946996224,-38.65506824916783,65,0.019230769230769235,0.8208472385419284,2002,0.8457507342183549,14.25,11.422222222222222,False,False
2916203,Itapé,BA,-14.954381958798123,-39.49586904243953,65,0.18173076923076925,0.03235447625285426,1995,0.3274473959752802,19.55,11.2,True,False
2916302,Itapebi,BA,-15.91214510097621,-39.65303907828139,65,0.2716999357211096,0.001380325186750426,1984,0.0066463699246685414,6.05,4.111111111111111,True,True
2916401,Itapetinga,BA,-15.29929835916165,-40.05745240039451,65,0.1418610283853581,0.09489257948272471,1989,0.1433195491670883,10.7,5.355555555555555,False,False
2916500,Itapicuru,BA,-11.192015152446752,-38.19425686547021,65,0.20961538461538465,0.01357322433412817,1994,0.01869710762272877,12.7,5.177777777777778,True,True
2916609,Itapitanga,BA,-14.472977443556047,-39.61993444749655,65,0.09711538461538463,0.252789642803682,1993,0.3440897276461011,17.2,7.177777777777778,False,False
2916708,Itaquara,BA,-13.44896919411968,-39.89845361581475,65,0.15769230769230771,0.0633204967893206,2001,0.25974984352926617,13.65,6.044444444444444,False,False
2916807,Itarantim,BA,-15.697699736023422,-40.049191418449176,65,0.2509615384615385,0.0031242280963713507,1995,0.005685274032837622,3.1,1.8888888888888888,True,True
2916856,Itatim,BA,-12.712890784319924,-39.73468878810467,65,0.12115384615384618,0.15367530699707593,2003,0.2667046417839311,11.7,4.666666666666667,False,False
2916906,Itiruçu,BA,-13.487575216260018,-40.153128565465394,65,0.11396970755027075,0.17967065085919276,2012,0.25293286153182654,12.65,6.488888888888889,False,False
2917003,Itiúba,BA,-10.731309944663442,-39.845380558451936,65,0.05576923076923077,0.5113605348757182,2020,0.9047890422433168,11.55,7.266666666666667,False,False
2917102,Itororó,BA,-15.048762573496392,-40.0071270078511,65,0.17980769230769234,0.03422947131578442,1990,0.05763530883303764,12.15,6.911111111111111,False,False
2917201,Ituaçu,BA,-13.8370654245876,-41.390061064192295,65,0.11204616818233369,0.18712769933068674,2005,0.4313763868606389,10.55,4.844444444444444,False,False
2917300,Ituberá,BA,-13.749267997907875,-39.15288889149652,65,-0.06346153846153847,0.4548807770395934,1981,0.33569432777951663,11.2,7.377777777777778,False,False
2917334,Iuiu,BA,-14.466196444886046,-43.54287184706034,65,-0.006251502945795442,0.9413293183026061,1974,1.0,6.2,3.3555555555555556,False,False
2917359,Jaborandi,BA,-14.03149909631538,-45.43924077030083,65,0.1076923076923077,0.20474428938111378,2007,0.027683537119878636,0.0,2.488888888888889,False,False
2917409,Jacaraci,BA,-14.78474090416733,-42.32211192153411,65,0.1836538461538462,0.030568176043374543,2001,0.013490690078320355,7.05,3.8222222222222224,True,True
2917508,Jacobina,BA,-11.135097302083915,-40.56859565941628,65,0.03846153846153847,0.6506129639327536,2004,0.8603610817965768,17.55,10.311111111111112,False,False
2917607,Jaguaquara,BA,-13.553970809906964,-39.95704206285298,65,0.07307692307692308,0.3894966529371431,2003,0.6407607168142557,11.35,5.222222222222222,False,False
2917706,Jaguarari,BA,-10.04247453624298,-40.06823063302172,65,0.16634615384615387,0.05013161313138197,1998,0.186646930242533,12.6,5.066666666666666,False,False
2917805,Jaguaripe,BA,-13.121280543161566,-38.98645529769021,65,0.24038461538461542,0.004644733942292503,1987,0.002462803962555173,10.15,5.2444444444444445,True,True
2917904,Jandaíra,BA,-11.598386707407908,-37.59525418654368,65,-0.009615384615384618,0.9098500327472845,2017,1.0,15.3,6.444444444444445,False,False
2918001,Jequié,BA,-13.877571213007965,-40.14598365845684,65,0.1,0.23896882733943936,2003,0.6407607168142557,10.5,5.511111111111111,False,False
2918100,Jeremoabo,BA,-9.9815164712827,-38.49926926306514,65,0.06538461538461539,0.4413305118271882,1999,0.7883903763393662,5.2,2.488888888888889,False,False
2918209,Jiquiriçá,BA,-13.324390259578012,-39.5846909726915,65,0.10096153846153848,0.2344826070931848,2001,0.3440897276461011,15.25,6.688888888888889,False,False
2918308,Jitaúna,BA,-13.957947562686783,-39.86665822649758,65,0.0,1.0,1982,0.9806103528349323,12.8,4.844444444444444,False,False
2918357,João Dourado,BA,-11.220076819588904,-41.5671177628194,64,0.018849206349206348,0.8257483833082064,1984,1.0,5.15,3.2222222222222223,False,False
2918407,Juazeiro,BA,-9.556617340632895,-40.27440695011779,65,0.0009615384615384617,0.9909659293951528,2020,1.0,13.15,7.333333333333333,False,False
2918456,Jucuruçu,BA,-16.845532788770964,-40.10070924091404,65,0.326923076923077,0.00011824234847146927,1989,0.01004816286544616,4.85,3.933333333333333,True,True
2918506,Jussara,BA,-10.925451273046905,-41.880232481219984,65,0.04711538461538462,0.5790206953061717,1974,0.7883903763393662,4.9,3.466666666666667,False,False
2918555,Jussari,BA,-15.136634771472108,-39.49800683287448,65,0.19711538461538464,0.02027778283736401,1995,0.03883579920096674,15.3,10.555555555555555,True,False
2918605,Jussiape,BA,-13.511323302512656,-41.59884507091182,65,0.08653846153846155,0.308179547467054,1997,0.6926060465695535,9.55,4.666666666666667,False,False
2918704,Lafaiete Coutinho,BA,-13.641618514120404,-40.29253296517653,65,-0.042798750936599565,0.6143517810089612,1990,0.4775403025455924,11.65,6.044444444444444,False,False
2918753,Lagoa Real,BA,-14.047227659773238,-42.21967293269826,65,0.15769230769230771,0.0633204967893206,2003,0.04493933338415746,8.75,3.2666666666666666,False,False
2918803,Laje,BA,-13.166990237776632,-39.34629463794133,65,0.08461538461538462,0.3190539922528327,2008,0.46701295818182675,15.95,5.6,False,False
2918902,Lajedão,BA,-17.55960645106537,-40.30986095770403,65,0.13269230769230772,0.11816028735144751,1978,0.20895933922108018,8.6,5.266666666666667,False,False
2919009,Lajedinho,BA,-12.380895485190363,-40.96349187043914,65,0.1451923076923077,0.08731427299935919,1996,0.17118085708445183,9.55,5.777777777777778,False,False
2919058,Lajedo do Tabocal,BA,-13.46011007325841,-40.28224554250556,65,0.021153846153846155,0.8032826965468698,1992,0.5100406406299057,9.8,5.088888888888889,False,False
2919108,Lamarão,BA,-11.785969837360811,-38.90999693075835,65,-0.06634615384615386,0.43464303240459945,2005,0.6033483431563663,9.6,2.688888888888889,False,False
2919157,Lapão,BA,-11.50134674548026,-41.77666204925588,65,0.10673076923076924,0.2088161029308362,2016,0.488220905503328,8.45,5.222222222222222,False,False
2919207,Lauro de Freitas,BA,-12.863493380112525,-38.32725211910383,65,0.03653846153846154,0.6670026854207679,2002,0.5911658771176894,14.6,11.355555555555556,False,False
2919306,Lençóis,BA,-12.424960433678477,-41.33728324154095,64,-0.015873015873015872,0.8529185162698231,2015,0.2560886961407787,11.9,7.955555555555556,False,False
2919405,Licínio de Almeida,BA,-14.585975446970746,-42.47012348707859,65,0.2899735597165117,0.0006404713554553974,1991,0.002980308205688745,11.95,6.2,True,True
2919504,Livramento de Nossa Senhora,BA,-13.81056584980547,-41.99089467926116,65,-0.01106035136563809,0.8963971614423272,1989,1.0,11.3,3.8666666666666667,False,False
2919553,Luís Eduardo Magalhães,BA,-12.198301775920225,-46.02040202734001,65,-0.06634615384615386,0.43464303240459945,1993,0.6926060465695535,0.0,2.0,False,False
2919603,Macajuba,BA,-12.129345591472486,-40.26221824127832,65,0.07311208156973266,0.3894814556115328,1996,0.7397273672587006,10.35,4.333333333333333,False,False
2919702,Macarani,BA,-15.545631045008868,-40.40084009014127,65,0.2028846153846154,0.016889495653524298,1994,0.011412212598447198,5.9,2.933333333333333,True,True
2919801,Macaúbas,BA,-13.10805758475355,-42.69287967189332,65,-0.09807692307692309,0.2481221339531947,1983,0.4070731221914113,8.35,2.6444444444444444,False,False
2919900,Macururé,BA,-9.29105870828274,-38.896793421984825,65,0.008653846153846154,0.9188321343240562,1965,1.0,6.05,3.3777777777777778,False,False
2919926,Madre de Deus,BA,-12.74117583829906,-38.6425380886435,65,0.05576923076923077,0.5113605348757182,2008,0.08946573118645543,18.4,12.244444444444444,False,False
2919959,Maetinga,BA,-14.65557224567322,-41.51622394921647,65,-0.024038461538461543,0.7771237463572624,1966,1.0,5.65,4.044444444444444,False,False
2920007,Maiquinique,BA,-15.673989893160249,-40.26903157273271,65,0.2980769230769231,0.00044800760165303284,1993,1.96752680570993e-05,5.05,2.688888888888889,True,True
2920106,Mairi,BA,-11.731739916249616,-40.18061244511976,65,0.06538461538461539,0.4413305118271882,1975,0.6156758708469371,11.15,5.7555555555555555,False,False
2920205,Malhada,BA,-14.21571506329847,-43.6458433528456,65,0.08992546545105752,0.28973825318319757,1994,0.23013963059190432,5.25,2.2666666666666666,False,False
2920304,Malhada de Pedras,BA,-14.352462917300834,-41.845245528363584,65,0.0778846153846154,0.35906697866031423,2003,0.0810416956090477,9.0,4.266666666666667,False,False
2920403,Manoel Vitorino,BA,-14.051039897706168,-40.54759276810216,65,0.04807692307692309,0.5712996214994486,2001,0.8457507342183549,11.35,5.866666666666666,False,False
2920452,Mansidão,BA,-11.12787876031384,-44.10833489224486,65,-0.05,0.5560061415710047,1980,0.8898836579770303,8.55,4.022222222222222,False,False
2920502,Maracás,BA,-13.49505094713554,-40.555247035796285,65,0.0668429930358128,0.4313139754533907,2013,0.36132902060287403,10.9,4.977777777777778,False,False
2920601,Maragogipe,BA,-12.82307316946458,-38.93818687686015,65,0.19283482163569018,0.02319230753417357,1994,0.07838680053058594,14.8,6.266666666666667,True,False
2920700,Maraú,BA,-14.155705328131358,-39.150430572068245,65,-0.059615384615384626,0.4826718288253318,1985,0.12687530739535213,9.15,3.1333333333333333,False,False
2920809,Marcionílio Souza,BA,-13.140025171647324,-40.675218410985146,65,0.02741043599310309,0.746919326862775,2015,0.9960061723468323,8.95,5.466666666666667,False,False
2920908,Mascote,BA,-15.666044098935012,-39.42055543618622,65,0.2586538461538462,0.0023204267726038646,1982,0.01190277071465173,8.5,5.533333333333333,True,True
2921005,Mata de São João,BA,-12.483913713819431,-38.14867064184776,65,0.09807692307692309,0.2481221339531947,2009,0.49905447699339966,13.25,9.133333333333333,False,False
2921054,Matina,BA,-13.848842290315751,-42.940075914672285,65,0.17211538461538464,0.04268533710848181,1991,0.013490690078320355,6.05,3.2888888888888888,False,True
2921104,Medeiros Neto,BA,-17.361338134094044,-40.285651624235534,65,0.13942307692307693,0.10063110674807266,1967,0.3274473959752802,7.95,5.8,False,False
2921203,Miguel Calmon,BA,-11.420673259332734,-40.624277673840645,65,0.15480769230769234,0.06830853679511892,1993,0.0374280118542835,18.45,9.644444444444444,False,False
2921302,Milagres,BA,-12.899958610987088,-39.79759529669885,65,0.0778846153846154,0.35906697866031423,2009,0.3113955087807632,17.55,8.333333333333334,False,False
2921401,Mirangaba,BA,-10.776985632969629,-40.714665072502704,64,0.10019841269841269,0.24187556282878364,2001,0.13468999127734807,11.55,5.8,False,False
2921450,Mirante,BA,-14.167990851057276,-40.76409212165757,65,0.09615384615384617,0.25751798224906275,2004,0.7465872320851034,9.9,5.4222222222222225,False,False
2921500,Monte Santo,BA,-10.383037408398934,-39.45416463021935,65,-0.07692307692307694,0.36503027183830394,2005,0.4166794406211764,8.3,5.155555555555556,False,False
2921609,Morpará,BA,-11.750799560223609,-43.039849135811856,65,0.14711538461538462,0.08320523933786642,1998,0.2148498852809811,7.65,2.2888888888888888,False,False
2921708,Morro do Chapéu,BA,-11.464830377066276,-41.16731224116533,65,-0.021153846153846155,0.8032826965468698,1977,0.46701295818182675,8.25,3.2666666666666666,False,False
2921807,Mortugaba,BA,-14.97283085405463,-42.32032092183525,65,0.26153846153846155,0.0020714413844396006,1994,0.0016679338127319765,6.3,4.8,True,True
2921906,Mucugê,BA,-13.06512117366692,-41.47498437921445,65,0.07211538461538462,0.39576568734555584,2001,0.6535150821111455,6.15,6.666666666666667,False,False
2922003,Mucuri,BA,-18.059318795399665,-39.86704686702472,65,0.0375,0.6587873377864597,1999,0.6926060465695535,8.35,4.488888888888889,False,False
2922052,Mulungu do Morro,BA,-11.97791597211052,-41.52395386200821,65,0.15865384615384617,0.06172624233514096,1996,0.06619019684698552,7.65,3.8444444444444446,False,False
2922102,Mundo Novo,BA,-11.95279507252746,-40.55922674302728,65,0.22403846153846155,0.008334606052782998,1996,0.013490690078320355,10.35,5.466666666666667,True,True
2922201,Muniz Ferreira,BA,-13.00248508177448,-39.08773143005715,65,0.32211538461538464,0.00014876138528584397,1994,0.0002974711462466913,13.7,6.133333333333334,True,True
2922250,Muquém do São Francisco,BA,-12.211614906592532,-43.4987646043642,65,0.04230769230769231,0.6183417469175422,1987,1.0,5.75,2.511111111111111,False,False
2922300,Muritiba,BA,-12.621699866211133,-39.08597535388831,65,0.030769230769230774,0.7171064503042393,2018,0.46701295818182675,18.2,7.2444444444444445,False,False
2922409,Mutuípe,BA,-13.311884551901814,-39.50662508900231,65,0.07168633091202369,0.3989002600180088,2001,0.4070731221914113,16.25,7.022222222222222,False,False
2922508,Nazaré,BA,-12.953624726212452,-38.98088880361,65,0.14807692307692308,0.08121025824359357,1994,0.08946573118645543,11.9,6.044444444444444,False,False
2922607,Nilo Peçanha,BA,-13.660163921168794,-39.17387959075022,65,0.05096153846153847,0.5484350422817794,2008,0.6794395367093345,10.8,7.377777777777778,False,False
2922656,Nordestina,BA,-10.87323410827444,-39.45145291920977,65,0.22596153846153846,0.007794343351490569,1991,0.004531670941802023,9.2,6.177777777777778,True,True
2922706,Nova Canaã,BA,-14.857541869966989,-40.18037347230485,65,0.17937004606013077,0.03470957048841507,1984,0.05663584589873799,11.0,4.444444444444445,False,False
2922730,Nova Fátima,BA,-11.621399264535247,-39.63558721364006,65,0.23653846153846156,0.005346147941232565,1996,0.011412212598447198,4.6,3.311111111111111,True,True
2922755,Nova Ibiá,BA,-13.824993103864676,-39.58290474830659,65,-0.0375,0.6587873377864597,1991,0.7743354696059661,10.9,5.222222222222222,False,False
2922805,Nova Itarana,BA,-13.046520504963778,-40.03447440661101,65,0.17211538461538464,0.04268533710848181,1999,0.08377208835709478,14.4,6.2444444444444445,False,False
2922854,Nova Redenção,BA,-12.800111222708926,-41.09120104229869,65,0.1125,0.18524939541359853,1999,0.24625239477921027,10.3,8.955555555555556,False,False
2922904,Nova Soure,BA,-11.311889483434593,-38.554762020281146,65,-0.025,0.7684583572208751,1981,0.6156758708469371,8.95,5.222222222222222,False,False
2923001,Nova Viçosa,BA,-17.89971291034303,-39.71495979665098,65,0.12358740438995605,0.14566945352822955,1998,0.17118085708445183,5.6,3.2444444444444445,False,False
2923035,Novo Horizonte,BA,-12.84092131836466,-42.128729411454,65,0.06730769230769232,0.42801444993475524,2001,0.01796050511307883,8.2,3.022222222222222,False,True
2923050,Novo Triunfo,BA,-10.361363808241572,-38.4564886598589,65,0.09807692307692309,0.2481221339531947,1999,0.06178608302878114,9.4,3.7111111111111112,False,False
2923100,Olindina,BA,-11.434890399966772,-38.35481861616108,65,0.10673076923076924,0.2088161029308362,2015,0.22086846274676056,10.65,5.2,False,False
2923209,Oliveira dos Brejinhos,BA,-12.283401650489385,-42.73488979481509,65,0.08461538461538462,0.3190539922528327,2007,0.1662584764648557,7.6,3.311111111111111,False,False
2923308,Ouriçangas,BA,-12.009327424243867,-38.65368064564565,65,0.020192307692307693,0.8120531453899646,1984,1.0,14.65,5.711111111111111,False,False
2923357,Ourolândia,BA,-10.847939729558725,-41.137062281960176,64,0.1597222222222222,0.06210486266359571,1999,0.03099994382027746,7.3,3.1333333333333333,False,False
2923407,Palmas de Monte Alto,BA,-14.175211787089834,-43.217481411777634,65,0.2230769230769231,0.008617102831198334,1994,0.019460569787467734,8.75,3.4444444444444446,True,True
2923506,Palmeiras,BA,-12.552474558125182,-41.553924652141056,65,-0.003846153846153847,0.9638752961842721,1978,0.2397071069526228,9.25,6.644444444444445,False,False
2923605,Paramirim,BA,-13.519684851453382,-42.24038118859925,65,-0.17263765827235106,0.04210611321547513,1985,0.029318643187459005,8.4,2.577777777777778,False,False
2923704,Paratinga,BA,-12.690532834473428,-43.06455726031563,65,-0.05673076923076923,0.5041058574582591,1969,0.44641878404152746,8.65,3.4,False,False
2923803,Paripiranga,BA,-10.614210779956007,-37.89913843220712,65,0.10673076923076924,0.2088161029308362,2000,0.17621863751350042,15.9,3.2,False,False
2923902,Pau Brasil,BA,-15.46821714641966,-39.690447977187816,65,0.22211538461538463,0.008908128193386117,1995,0.03883579920096674,11.1,6.777777777777778,True,False
2924009,Paulo Afonso,BA,-9.539573011820838,-38.29369762035963,65,-0.06923076923076923,0.4149352520971258,1981,0.6794395367093345,11.65,4.733333333333333,False,False
2924058,Pé de Serra,BA,-11.87197142053756,-39.60966473322633,65,0.22211538461538463,0.008908128193386117,2003,0.01796050511307883,6.9,3.3333333333333335,True,True
2924108,Pedrão,BA,-12.129569088018894,-38.64057170426232,65,-0.059615384615384626,0.4826718288253318,2004,0.9500382475590613,15.6,6.733333333333333,False,False
2924207,Pedro Alexandre,BA,-10.06219894395304,-37.940751685925335,65,0.2009615384615385,0.017959163268484925,1999,0.01190277071465173,14.0,3.688888888888889,True,True
2924306,Piatã,BA,-13.046033945102575,-41.877412859653056,65,0.0826923076923077,0.33017658764094726,1996,0.05565131986374875,4.75,3.8222222222222224,False,False
2924405,Pilão Arcado,BA,-10.008247432100973,-43.11490907004823,65,-0.03557692307692308,0.6752581537654916,1980,0.9197857474393305,3.75,2.1555555555555554,False,False
2924504,Pindaí,BA,-14.471603875063192,-42.67856707498098,65,0.19134615384615386,0.024244568973916657,1991,0.16144984740732568,12.45,6.777777777777778,True,False
2924603,Pindobaçu,BA,-10.723828847740071,-40.340931578883335,65,0.014423076923076924,0.865134745405447,2015,1.0,12.65,7.222222222222222,False,False
2924652,Pintadas,BA,-11.86887447073043,-39.89804013913663,65,0.17937004606013077,0.03470957048841507,1996,0.18399525890800408,6.3,3.6444444444444444,False,False
2924678,Piraí do Norte,BA,-13.805391839109422,-39.37686549606234,65,0.04711538461538462,0.5790206953061717,1971,0.6281471370692552,11.45,6.066666666666666,False,False
2924702,Piripá,BA,-15.003870491855828,-41.71609571288518,65,-0.1230769230769231,0.14724974459811443,1985,0.08377208835709478,5.95,3.577777777777778,False,False
2924801,Piritiba,BA,-11.694909585471033,-40.60545146197568,65,0.2625,0.0019940551290711004,1996,0.0010089899659976474,15.65,8.133333333333333,True,True
2924900,Planaltino,BA,-13.186481794313943,-40.30318086914279,65,0.10627555007852252,0.21086656133805426,1979,0.7813481324804371,11.05,6.333333333333333,False,False
2925006,Planalto,BA,-14.708577698974896,-40.45747696574836,65,0.23996153615014815,0.004726933269919407,1977,0.021920496091912347,11.1,5.155555555555556,True,True
2925105,Poções,BA,-14.536510556185782,-40.38257672758965,65,0.17211538461538464,0.04268533710848181,1986,0.11925165071939424,10.7,3.8444444444444446,False,False
2925204,Pojuca,BA,-12.361715147516032,-38.25291889299642,65,0.04230769230769231,0.6183417469175422,1995,1.0,14.3,9.088888888888889,False,False
2925253,Ponto Novo,BA,-10.958950233707208,-40.10577935971541,65,-0.036066363148819856,0.671120497037035,2006,0.5439095912556042,9.8,6.066666666666666,False,False
2925303,Porto Seguro,BA,-16.62489890478628,-39.27901677543724,65,0.301514795924134,0.0003856038986896614,1996,0.006080438084738512,4.5,1.5555555555555556,True,True
2925402,Potiraguá,BA,-15.681213200716696,-39.7719950804747,65,0.3317307692307693,9.369852852119804e-05,1984,0.0003909510769309692,7.7,5.044444444444444,True,True
2925501,Prado,BA,-17.130295536981333,-39.35161929579729,65,0.26538461538461544,0.001777539213702537,1977,0.021071406588780116,4.45,4.355555555555555,True,True
2925600,Presidente Dutra,BA,-11.303404657785633,-41.99531416924361,65,-0.04423076923076924,0.6024730552878146,1988,0.2810327034097539,8.4,7.133333333333334,False,False
2925709,Presidente Jânio Quadros,BA,-14.696573765112603,-41.72586507562302,65,0.03125751472897721,0.712876266353327,2001,0.1947831444025897,7.35,3.511111111111111,False,False
2925758,Presidente Tancredo Neves,BA,-13.449209211770762,-39.41769414176916,65,0.0125,0.8829773063503712,1980,0.5324687972967159,16.4,9.2,False,False
2925808,Queimadas,BA,-11.056678758527644,-39.75240118178873,65,0.15673076923076926,0.06494862597449932,1983,0.08946573118645543,9.1,8.4,False,False
2925907,Quijingue,BA,-10.77803399401577,-39.04969526804148,65,0.08365384615384616,0.3245842756703249,1987,0.7059061814503923,7.2,5.2444444444444445,False,False
2925931,Quixabeira,BA,-11.39241128658738,-40.118597709211,65,0.11923076923076925,0.16031184519331876,1999,0.35263438243826933,9.2,6.911111111111111,False,False
2925956,Rafael Jambeiro,BA,-12.478686378002015,-39.57395681694165,65,0.13076923076923078,0.12358551912882432,2003,0.36132902060287403,10.3,5.0,False,False
2926004,Remanso,BA,-9.594780495522269,-42.24521952342948,65,-0.29382063845238576,0.0005418593434803733,1985,0.008277522134492668,9.45,3.2888888888888888,True,True
2926103,Retirolândia,BA,-11.502999072518495,-39.41657745920428,65,-0.007692307692307694,0.9278246057348423,1985,0.7328989927313598,8.2,5.333333333333333,False,False
2926202,Riachão das Neves,BA,-11.623255386838109,-45.21735335294965,65,0.06538461538461539,0.4413305118271882,2006,0.15216720064717362,4.7,3.022222222222222,False,False
2926301,Riachão do Jacuípe,BA,-11.800963087448324,-39.4234570091669,65,0.004327963577858383,0.9593627468414274,1969,1.0,7.65,2.977777777777778,False,False
2926400,Riacho de Santana,BA,-13.633003977448494,-43.04950834518016,65,0.11057692307692309,0.19287584940313707,1990,0.4775403025455924,7.2,3.311111111111111,False,False
2926509,Ribeira do Amparo,BA,-10.971782114862092,-38.37903375843662,65,0.11538461538461539,0.1742313882480251,2001,0.4070731221914113,13.05,5.622222222222222,False,False
2926608,Ribeira do Pombal,BA,-10.791953428379754,-38.54375333980311,65,0.14038461538461539,0.09830553419312299,1994,0.1476898403483945,11.3,6.733333333333333,False,False
2926657,Ribeirão do Largo,BA,-15.427146425716996,-40.65195384434661,65,0.14378456775329515,0.090497104527437,1984,0.10681878138140796,7.7,2.7111111111111112,False,False
2926707,Rio de Contas,BA,-13.58160889394072,-41.746690871742025,65,0.08846153846153848,0.2975531675111377,1982,0.35263438243826933,9.4,3.4444444444444446,False,False
2926806,Rio do Antônio,BA,-14.310211810387026,-42.08410752410857,65,-0.013461538461538462,0.8740480196882481,1973,0.5911658771176894,9.05,4.044444444444444,False,False
2926905,Rio do Pires,BA,-13.13476056822546,-42.147713198914815,65,0.014423076923076924,0.865134745405447,2001,0.17621863751350042,6.9,2.7555555555555555,False,False
2927002,Rio Real,BA,-11.547701930634863,-37.91277293841887,65,0.13942307692307693,0.10063110674807266,1987,0.13083421265918208,15.5,6.4,False,False
2927101,Rodelas,BA,-9.183870466220275,-38.692560216192526,65,-0.10192307692307694,0.2300563729738222,1981,0.6281471370692552,10.75,3.4444444444444446,False,False
2927200,Ruy Barbosa,BA,-12.243657738964702,-40.62946315144658,65,0.10723731976249104,0.20676564463432057,1998,0.05663584589873799,10.2,4.7555555555555555,False,False
2927309,Salinas da Margarida,BA,-12.88576691193614,-38.75916601117715,65,-0.04807692307692309,0.5712996214994486,1974,0.5911658771176894,15.65,11.733333333333333,False,False
2927408,Salvador,BA,-12.873589061309715,-38.51453527420591,65,0.11012262881439663,0.19481086120172864,2008,0.09703600799175287,11.55,9.355555555555556,False,False
2927507,Santa Bárbara,BA,-11.939377371433595,-38.98231635453699,65,-0.08461538461538462,0.3190539922528327,2005,0.4070731221914113,11.55,3.6666666666666665,False,False
2927606,Santa Brígida,BA,-9.769346086093009,-38.16939085669976,65,0.14903846153846154,0.0792542785402758,1994,0.2810327034097539,14.45,5.955555555555556,False,False
2927705,Santa Cruz Cabrália,BA,-16.229106712002128,-39.200851705793816,65,0.18898774289981607,0.02608392158840163,2013,0.053726377031536474,6.05,3.422222222222222,True,False
2927804,Santa Cruz da Vitória,BA,-14.891774906354224,-39.81471819816297,65,0.11153846153846154,0.18903426846904237,1988,0.4775403025455924,13.6,7.622222222222222,False,False
2927903,Santa Inês,BA,-13.28470913275179,-39.84878035454988,65,0.18033181574409932,0.03374937209755177,2001,0.1348934261598594,15.2,5.955555555555556,False,False
2928000,Santaluz,BA,-11.22017780603288,-39.48508629359052,65,0.029807692307692313,0.7255839366845278,1966,1.0,9.5,5.7555555555555555,False,False
2928059,Santa Luzia,BA,-15.448206845863014,-39.24503539715241,65,0.16494350080060283,0.05215087429519464,2003,0.05185908915400302,9.85,5.822222222222222,False,False
2928109,Santa Maria da Vitória,BA,-13.218446819433554,-44.37993652651314,65,0.08173076923076925,0.33583089893655294,1996,0.25974984352926617,9.85,8.222222222222221,False,False
2928208,Santana,BA,-13.065693439911714,-43.94237476575364,65,0.14282279806932663,0.09267392141976125,2003,0.1433195491670883,7.95,4.5777777777777775,False,False
2928307,Santanópolis,BA,-11.975200429825126,-38.86226005975816,65,0.03942307692307693,0.6424804021960624,1983,0.7604002213532476,11.8,5.2444444444444445,False,False
2928406,Santa Rita de Cássia,BA,-11.007754913322136,-44.55558871618185,65,-0.16442307692307695,0.05284397831918954,1983,0.025628914308205172,5.75,2.2222222222222223,False,True
2928505,Santa Terezinha,BA,-12.734127664657857,-39.57174903333071,65,0.13461538461538464,0.11292366071592867,1977,0.37917085700952197,13.55,4.777777777777778,False,False
2928604,Santo Amaro,BA,-12.561757248177804,-38.76445063672959,65,-0.016346153846153847,0.8473606749709596,2013,0.12687530739535213,16.25,8.71111111111111,False,False
2928703,Santo Antônio de Jesus,BA,-13.00824930144648,-39.226671394250296,65,0.24519230769230774,0.003885555986180738,1994,0.0025837459785470547,15.3,6.444444444444445,True,True
2928802,Santo Estêvão,BA,-12.4683180079755,-39.26899817125518,65,0.06153846153846155,0.46866229579159335,2017,1.0,14.35,6.355555555555555,False,False
2928901,São Desidério,BA,-12.80232985067226,-45.49181573283282,65,-0.23076923076923078,0.006578413612826367,1997,0.003275128172611387,0.2,1.9777777777777779,True,True
2928950,São Domingos,BA,-11.454434602916768,-39.58028818180176,65,0.04423076923076924,0.6024730552878146,1996,0.7465872320851034,5.85,5.066666666666666,False,False
2929008,São Félix,BA,-12.675229352872991,-38.99904462221642,65,0.10192307692307694,0.2300563729738222,2014,0.15216720064717362,17.35,5.822222222222222,False,False
2929057,São Félix do Coribe,BA,-13.551602641393057,-44.02980239269096,65,0.059615384615384626,0.4826718288253318,2003,0.20895933922108018,4.9,3.888888888888889,False,False
2929107,São Felipe,BA,-12.8453075214528,-39.09473555637639,65,0.1807692307692308,0.03328067640475118,2014,0.12301501734761935,14.35,4.222222222222222,True,False
2929206,São Francisco do Conde,BA,-12.650786322736192,-38.6320814170943,65,0.08653846153846155,0.308179547467054,2009,0.28840837545464815,18.45,13.377777777777778,False,False
2929255,São Gabriel,BA,-11.066407911113227,-41.69822842518642,65,0.03846153846153847,0.6506129639327536,1971,0.6407607168142557,6.55,3.6444444444444444,False,False
2929305,São Gonçalo dos Campos,BA,-12.417134107626282,-38.94141859260631,65,-0.003366193893889853,0.9683878455456475,1969,0.7059061814503923,14.5,6.733333333333333,False,False
2929354,São José da Vitória,BA,-15.073361201942529,-39.35369661809454,65,0.2480769230769231,0.003486022546985994,1987,0.04028960206658344,19.9,11.88888888888889,True,False
2929370,São José do Jacuípe,BA,-11.44000160373132,-39.91026332586795,65,0.1476316464891693,0.08219793384601028,1982,0.05565131986374875,6.65,5.355555555555555,False,False
2929404,São Miguel das Matas,BA,-13.0540881179479,-39.42334115571123,65,0.14807692307692308,0.08121025824359357,2009,0.07085942951772722,17.0,5.266666666666667,False,False
2929503,São Sebastião do Passé,BA,-12.517174198505511,-38.49823497920436,65,0.09665785323883723,0.25513858177221016,2009,0.21188870216067207,17.6,12.666666666666666,False,False
2929602,Sapeaçu,BA,-12.725878542714778,-39.21285245698567,65,0.04134615384615385,0.6263439932763901,2018,0.4166794406211764,15.3,6.088888888888889,False,False
2929701,Sátiro Dias,BA,-11.572536347015648,-38.59015437034558,65,0.030769230769230774,0.7171064503042393,2015,1.0,8.2,4.044444444444444,False,False
2929750,Saubara,BA,-12.77535036873114,-38.76930537202046,65,0.021153846153846155,0.8032826965468698,2013,0.3701743102121331,18.55,12.266666666666667,False,False
2929800,Saúde,BA,-10.912512809153574,-40.38134184894975,65,0.19711538461538464,0.02027778283736401,1988,0.11925165071939424,14.7,7.8,True,False
2929909,Seabra,BA,-12.417738314422875,-41.88478047605107,65,0.07503608371630457,0.3771258474671936,1999,0.032233482480051354,8.35,3.466666666666667,False,False
2930006,Sebastião Laranjeiras,BA,-14.573379307498591,-43.12716921749186,65,0.16826923076923078,0.047536931202069026,2001,0.10182967849068571,6.85,4.555555555555555,False,False
2930105,Senhor do Bonfim,BA,-10.484147050490488,-40.11528718733174,65,0.07115384615384616,0.40209529101557673,2001,0.6664086010224509,12.25,6.8,False,False
2930154,Serra do Ramalho,BA,-13.484065525108006,-43.67631511755235,65,0.1283962528097987,0.13063207140014976,2003,0.11558351804791793,5.95,3.2222222222222223,False,False
2930204,Sento Sé,BA,-10.107648888696737,-41.64838579649168,65,0.06395768398390722,0.45146415908406734,1999,0.29592667730419125,7.15,3.022222222222222,False,False
2930303,Serra Dourada,BA,-12.806305560257636,-43.79754134580655,65,0.17744650669219372,0.03670010772113383,2010,0.10852621480054009,6.45,3.4444444444444446,False,False
2930402,Serra Preta,BA,-12.095301349101158,-39.37861921989952,65,0.03461538461538462,0.683552875272655,1994,0.6407607168142557,7.6,3.8,False,False
2930501,Serrinha,BA,-11.665628070270875,-38.99377481314548,65,-0.030769230769230774,0.7171064503042393,2005,0.7328989927313598,9.5,3.1555555555555554,False,False
2930600,Serrolândia,BA,-11.429002601856473,-40.260906300275394,65,0.13076923076923078,0.12358551912882432,1987,0.1348934261598594,14.7,8.822222222222223,False,False
2930709,Simões Filho,BA,-12.767607469904354,-38.4007379125639,65,0.04711538461538462,0.5790206953061717,2002,0.8603610817965768,15.6,11.666666666666666,False,False
2930758,Sítio do Mato,BA,-12.854962379174712,-43.47483050752362,65,0.058653846153846154,0.48976100930269273,2010,0.7465872320851034,6.9,3.022222222222222,False,False
2930766,Sítio do Quinto,BA,-10.329783672451896,-38.15157560963215,65,0.28227940224476344,0.0008896354005138294,1998,0.0006666083254009841,10.65,3.5555555555555554,True,True
2930774,Sobradinho,BA,-9.656862607096182,-40.88322215314941,65,0.03653846153846154,0.6670026854207679,1966,0.9348700819203165,9.6,4.777777777777778,False,False
2930808,Souto Soares,BA,-12.027785515576031,-41.78953480186601,65,0.15288461538461542,0.07181004824924186,2001,0.10182967849068571,9.25,4.888888888888889,False,False
2930907,Tabocas do Brejo Velho,BA,-12.479849785201084,-44.15568000642446,65,0.16634615384615387,0.05013161313138197,2003,0.1348934261598594,5.65,4.044444444444444,False,False
2931004,Tanhaçu,BA,-14.145970854769722,-41.19551275248323,65,0.03318105409691427,0.6960619964561211,1964,0.9047890422433168,10.4,6.555555555555555,False,False
2931053,Tanque Novo,BA,-13.556055879450494,-42.53744269468479,65,-0.12935802249376724,0.12777446352434002,1984,0.16870534455435418,7.8,2.7111111111111112,False,False
2931103,Tanquinho,BA,-11.95840294683499,-39.09428209784527,65,-0.10819908944645958,0.2027229342358049,2005,0.5268049561095464,9.35,3.422222222222222,False,False
2931202,Taperoá,BA,-13.572956688647231,-39.227803461938926,65,0.057225296196127505,0.5004921215899778,1971,0.5100406406299057,12.65,8.355555555555556,False,False
2931301,Tapiramutá,BA,-11.87616035393724,-40.79136917207306,65,0.23557692307692307,0.0055358278705207545,1998,0.0006666083254009841,11.2,6.177777777777778,True,True
2931350,Teixeira de Freitas,BA,-17.424116057580434,-39.786893181480906,65,0.19764367005553282,0.01997236662828566,1978,0.09861252850976931,10.3,7.711111111111111,True,False
2931400,Teodoro Sampaio,BA,-12.26726759133694,-38.615105277044464,65,0.06250000000000001,0.46174282539108646,2009,1.0,16.7,6.622222222222222,False,False
2931509,Teofilândia,BA,-11.470893547444414,-38.95103782834694,65,-0.056758063323871406,0.5040921896450288,1983,0.7673527230670844,7.7,3.911111111111111,False,False
2931608,Teolândia,BA,-13.55445226766754,-39.49748642459107,65,0.05673076923076923,0.5041058574582591,2008,0.7328989927313598,16.65,8.88888888888889,False,False
2931707,Terra Nova,BA,-12.396404365575316,-38.60227002767423,65,0.03653846153846154,0.6670026854207679,1975,0.5439095912556042,17.8,8.11111111111111,False,False
2931806,Tremedal,BA,-15.053304327202127,-41.47188922558392,65,0.03653846153846154,0.6670026854207679,1997,0.5555005761215098,6.45,3.6666666666666665,False,False
2931905,Tucano,BA,-11.034942623988032,-38.811504285112846,65,0.01730769230769231,0.8385020825980152,1979,1.0,9.55,6.533333333333333,False,False
2932002,Uauá,BA,-9.90619554495632,-39.46218689080675,65,0.03557692307692308,0.6752581537654916,2002,0.7059061814503923,8.75,3.8666666666666667,False,False
2932101,Ubaíra,BA,-13.275968315928262,-39.67931937209136,65,0.16923076923076924,0.04628252141634792,2001,0.05967975380939963,14.3,5.488888888888889,False,False
2932200,Ubaitaba,BA,-14.267519360015626,-39.42195745072768,65,0.10576923076923078,0.21294627515560105,2012,0.3701743102121331,15.05,4.355555555555555,False,False
2932309,Ubatã,BA,-14.096049371001785,-39.521822593814456,65,0.0461760515177259,0.5867784344214065,1976,1.0,14.35,4.977777777777778,False,False
2932408,Uibaí,BA,-11.379830016457362,-42.10403597732753,65,-0.020192307692307693,0.8120531453899646,1985,0.4070731221914113,11.3,8.222222222222221,False,False
2932457,Umburanas,BA,-10.575803354380806,-41.24688535396224,65,0.02501202790543486,0.7684511476010633,2001,0.1947831444025897,5.35,2.022222222222222,False,False
2932507,Una,BA,-15.219136635845777,-39.1513334924944,65,0.1451923076923077,0.08731427299935919,2005,0.13083421265918208,11.0,6.4,False,False
2932606,Urandi,BA,-14.736567321927806,-42.68396422646467,65,0.08173076923076925,0.33583089893655294,2001,0.3274473959752802,10.35,6.622222222222222,False,False
2932705,Uruçuca,BA,-14.527437617887603,-39.23150557672874,65,0.17412219426475806,0.040414505879369005,2011,0.04575797757288368,17.8,6.288888888888889,False,False
2932804,Utinga,BA,-12.052214554297835,-41.06899244229258,65,0.09088723513502604,0.2846107812127473,1998,0.3113955087807632,10.4,5.644444444444445,False,False
2932903,Valença,BA,-13.347443214138847,-39.19365888899647,65,0.024038461538461543,0.7771237463572624,1971,0.8168482142462784,14.35,7.977777777777778,False,False
2933000,Valente,BA,-11.376775254222194,-39.44968404762172,65,0.030769230769230774,0.7171064503042393,2018,1.0,9.1,5.711111111111111,False,False
2933059,Várzea da Roça,BA,-11.598468991497692,-40.06654772171429,65,0.059615384615384626,0.4826718288253318,1982,0.8898836579770303,8.3,5.266666666666667,False,False
2933109,Várzea do Poço,BA,-11.541007148528276,-40.31575554207385,65,0.14615384615384616,0.08523973864681578,1987,0.19204067398614047,14.95,8.444444444444445,False,False
2933158,Várzea Nova,BA,-11.123054513083993,-41.0198771644214,65,0.15680617494561086,0.06494003073083382,1994,0.01796050511307883,6.7,3.022222222222222,False,True
2933174,Varzedo,BA,-12.956481607643784,-39.39187396245153,65,0.24092330583411667,0.004562534579388468,1994,0.014652703987493569,17.45,6.888888888888889,True,True
2933208,Vera Cruz,BA,-13.00721904981635,-38.697098892942186,65,-0.0009615384615384617,0.9909659293951528,1974,0.7465872320851034,12.2,9.466666666666667,False,False
2933257,Vereda,BA,-17.18924071587022,-39.96017807451391,65,0.1932692307692308,0.02285338210981876,1978,0.11558351804791793,8.95,8.088888888888889,True,False
2933307,Vitória da Conquista,BA,-15.021980329168525,-40.912971491149605,65,0.25192307692307697,0.003011458854391665,1996,0.0374280118542835,8.9,4.733333333333333,True,False
2933406,Wagner,BA,-12.231596210301362,-41.14586858189202,65,0.12403846153846156,0.14411498395127648,2012,0.24625239477921027,10.4,7.044444444444444,False,False
2933455,Wanderley,BA,-11.808775628755884,-43.90674615201675,65,-0.08461538461538462,0.3190539922528327,1980,0.25293286153182654,4.5,2.2222222222222223,False,False
2933505,Wenceslau Guimarães,BA,-13.628561698522123,-39.61923170062352,65,-0.013461538461538462,0.8740480196882481,1980,0.3883192024619521,11.65,5.6,False,False
2933604,Xique-Xique,BA,-10.98351796623967,-42.779653782501455,65,0.15961538461538463,0.06016535794097843,1990,0.19204067398614047,7.25,2.688888888888889,False,False
3100104,Abadia dos Dourados,MG,-18.3533283415745,-47.45902975499863,65,-0.14859341617313782,0.08022258263906404,2011,0.02371045067341545,4.4,5.711111111111111,False,True
3100203,Abaeté,MG,-19.102759094908585,-45.3585874578938,65,0.10096153846153848,0.2344826070931848,1977,0.11200893327810173,2.4,5.644444444444445,False,False
3100302,Abre Campo,MG,-20.27317536700284,-42.4426835191319,65,0.24326923076923082,0.004174560184218526,1984,0.005946011397210716,7.6,9.133333333333333,True,True
3100401,Acaiaca,MG,-20.399862548769445,-43.101255911539816,65,0.15769230769230771,0.0633204967893206,1978,0.0954805823504146,10.65,12.244444444444444,False,False
3100500,Açucena,MG,-19.052649380466345,-42.45072838823896,65,0.0826923076923077,0.33017658764094726,1977,0.08946573118645543,1.2,4.844444444444444,False,False
3100609,Água Boa,MG,-18.027324454173137,-42.27601315168221,64,0.17857142857142855,0.03700544516405502,1968,0.2107224537694631,1.35,4.044444444444444,False,False
3100708,Água Comprida,MG,-20.00537257562791,-48.084276699529525,65,-0.043760520620568094,0.606417246907927,2000,0.28840837545464815,17.8,11.355555555555556,False,False
3100807,Aguanil,MG,-20.97371682701986,-45.42200925236753,65,0.057692307692307696,0.49690584756476786,1976,0.4775403025455924,3.4,7.5777777777777775,False,False
3100906,Águas Formosas,MG,-17.04166518347164,-40.97389672927255,65,0.0125,0.8829773063503712,1997,0.8603610817965768,0.6,2.2666666666666666,False,False
3101003,Águas Vermelhas,MG,-15.683175945243203,-41.5215220615327,65,0.11057692307692309,0.19287584940313707,1971,0.27379852014261447,2.5,4.666666666666667,False,False
3101102,Aimorés,MG,-19.62506760335525,-41.21382227004103,65,0.17980769230769234,0.03422947131578442,1978,0.03883579920096674,9.35,11.4,False,False
3101201,Aiuruoca,MG,-21.95458087414312,-44.64758268987028,65,-0.08750000000000001,0.302835364563549,2000,0.4070731221914113,21.8,18.4,False,False
3101300,Alagoa,MG,-22.186592632275826,-44.660604821875744,65,-0.01106035136563809,0.8963971614423272,2009,0.9576525512483973,30.7,23.42222222222222,False,False
3101409,Albertina,MG,-22.19861301680582,-46.61375852021818,65,0.009615384615384618,0.9098500327472845,1981,1.0,24.65,21.822222222222223,False,False
3101508,Além Paraíba,MG,-21.82646155889304,-42.74643037228211,65,-0.08076923076923077,0.3415471640207668,1971,0.9652863406359143,17.35,14.6,False,False
3101607,Alfenas,MG,-21.38866259967609,-45.966216066533605,65,0.1028846153846154,0.22568988273148238,1976,0.18137345418813178,3.45,6.688888888888889,False,False
3101631,Alfredo Vasconcelos,MG,-21.13907080603806,-43.71248599974619,65,0.06442307692307693,0.44807654659723983,1974,0.33569432777951663,9.9,9.066666666666666,False,False
3101706,Almenara,MG,-16.091061904052708,-40.72379274093908,65,0.35576923076923084,2.7966216001560994e-05,1993,4.414062410583441e-06,3.9,4.933333333333334,True,True
3101805,Alpercata,MG,-18.98377398465417,-42.01907952321939,65,0.2557692307692308,0.002596549603187962,1978,0.005435034567596376,3.35,8.911111111111111,True,True
3101904,Alpinópolis,MG,-20.859546221925807,-46.37613185479215,65,0.2730769230769231,0.0013014185007797028,1976,0.01241227887176321,2.6,5.666666666666667,True,True
3102001,Alterosa,MG,-21.225268662057925,-46.153498560607375,65,0.004807692307692309,0.9548528001763662,1976,0.6407607168142557,1.45,5.533333333333333,False,False
3102050,Alto Caparaó,MG,-20.4583591310762,-41.86481860972951,65,0.27884615384615385,0.0010248904043448762,1995,0.002236483153282279,12.75,15.088888888888889,True,True
3102100,Alto Rio Doce,MG,-21.035711620848,-43.4034251310628,65,0.15192307692307694,0.07361518372015567,1974,0.11558351804791793,9.8,8.533333333333333,False,False
3102209,Alvarenga,MG,-19.41990756607889,-41.69545903786076,65,0.22596153846153846,0.007794343351490569,1995,0.007421232664532038,6.05,9.488888888888889,True,True
3102308,Alvinópolis,MG,-20.111775426538177,-43.15245379294532,65,0.1855769230769231,0.02886724751932723,1993,0.12301501734761935,11.0,11.777777777777779,True,False
3102407,Alvorada de Minas,MG,-18.779078176233146,-43.36762296067637,65,0.01153846153846154,0.8919214874063491,1970,0.9652863406359143,3.35,5.444444444444445,False,False
3102506,Amparo do Serra,MG,-20.528136507871263,-42.80493241192863,65,0.20480769230769233,0.015876159806045093,1978,0.014060907443860605,10.15,12.6,True,True
3102605,Andradas,MG,-22.075790534304566,-46.55475910884987,65,0.16730769230769232,0.048819802579820055,1979,0.18137345418813178,20.45,20.155555555555555,False,False
3102704,Cachoeira de Pajeú,MG,-15.96847403807804,-41.49794713234453,65,0.1525138718061175,0.07269121893251691,1974,0.013490690078320355,1.85,4.444444444444445,False,True
3102803,Andrelândia,MG,-21.738790214364315,-44.269630974440005,65,-0.06923076923076923,0.4149352520971258,2016,0.1348934261598594,13.65,13.622222222222222,False,False
3102852,Angelândia,MG,-17.703317403144396,-42.28283873834628,65,0.18653846153846157,0.028047779175604026,1978,0.04493933338415746,0.65,3.6222222222222222,True,False
3102902,Antônio Carlos,MG,-21.410596882574872,-43.766365456411854,65,0.020192307692307693,0.8120531453899646,1967,0.6794395367093345,11.95,11.577777777777778,False,False
3103009,Antônio Dias,MG,-19.567036704027817,-42.87634046568455,65,0.08076923076923077,0.3415471640207668,1976,0.6926060465695535,5.65,7.2,False,False
3103108,Antônio Prado de Minas,MG,-21.022586607236228,-42.15201057719048,65,0.08365384615384616,0.3245842756703249,1974,0.2397071069526228,10.15,13.177777777777777,False,False
3103207,Araçaí,MG,-19.2347028354989,-44.21848818629688,65,-0.075,0.3771411397870088,2000,0.44641878404152746,11.9,8.444444444444445,False,False
3103306,Aracitaba,MG,-21.350327830860884,-43.403715845147225,65,0.1836538461538462,0.030568176043374543,2014,0.22086846274676056,14.0,14.28888888888889,True,False
3103405,Araçuaí,MG,-16.930707063979618,-41.99316531807413,65,0.11153846153846154,0.18903426846904237,1986,0.33569432777951663,5.25,8.666666666666666,False,False
3103504,Araguari,MG,-18.57711804415492,-48.22216126914963,65,0.225,0.008060423079027226,1976,0.002130695499501793,2.3,6.955555555555556,True,True
3103603,Arantina,MG,-21.896916885180755,-44.22713983721067,65,0.10192307692307694,0.2300563729738222,1978,0.1975562773493669,19.15,18.666666666666668,False,False
3103702,Araponga,MG,-20.662741181111294,-42.498851619691145,65,0.13076923076923078,0.12358551912882432,1977,0.05763530883303764,6.65,8.555555555555555,False,False
3103751,Araporã,MG,-18.47739177309053,-49.12720465359048,65,0.25480769230769235,0.0026950653954550177,1982,0.014652703987493569,2.75,6.8,True,True
3103801,Arapuá,MG,-19.04139523615848,-46.11527548691661,65,-0.01586919978548074,0.8517949400604597,1976,0.7604002213532476,4.65,5.777777777777778,False,False
3103900,Araújos,MG,-19.886439024187027,-45.180933109743904,65,0.17884615384615388,0.03520128758921378,1979,0.002462803962555173,6.25,9.355555555555556,False,True
3104007,Araxá,MG,-19.63634828940602,-46.972175404667,65,0.1745611976402881,0.039867825842992054,1976,0.29973965878959424,4.25,8.133333333333333,False,False
3104106,Arceburgo,MG,-21.359406385524306,-46.94190849645376,65,-0.24380861488602226,0.004099939724673374,2009,0.00048497441951104856,27.1,21.133333333333333,True,True
3104205,Arcos,MG,-20.25974464345297,-45.54722358473092,65,0.20384615384615387,0.016375942740005898,1981,0.020251720191003866,2.85,6.533333333333333,True,True
3104304,Areado,MG,-21.35603678009616,-46.14228474848159,65,0.10435201071058546,0.21924422185845227,1976,0.1476898403483945,4.05,6.511111111111111,False,False
3104403,Argirita,MG,-21.635349458994355,-42.83248626475296,65,0.1557692307692308,0.06661113650746185,1995,0.1348934261598594,15.3,14.2,False,False
3104452,Aricanduva,MG,-17.8811938389169,-42.60555335758871,65,0.14807692307692308,0.08121025824359357,1975,0.08657956663465231,1.8,4.133333333333334,False,False
3104502,Arinos,MG,-15.75053378362358,-45.98840213801129,65,0.04807692307692309,0.5712996214994486,1975,1.0,1.4,3.1555555555555554,False,False
3104601,Astolfo Dutra,MG,-21.315380322227647,-42.87929338476536,65,0.1980769230769231,0.0196748921067039,1984,0.04658952974594933,11.6,12.2,True,False
3104700,Ataléia,MG,-18.16330287683232,-41.151396979673,65,0.19423076923076926,0.02218417484152764,1974,0.043340125789311776,6.65,9.11111111111111,True,False
3104809,Augusto de Lima,MG,-18.10887580072168,-44.1979964744375,65,0.003846153846153847,0.9638752961842721,1986,0.6281471370692552,2.45,5.688888888888889,False,False
3104908,Baependi,MG,-22.016741601348137,-44.82211201564092,65,-0.0504929084083478,0.5522078519617892,2005,0.9576525512483973,18.9,14.022222222222222,False,False
3105004,Baldim,MG,-19.2628288835827,-43.86331068750671,65,0.05576923076923077,0.5113605348757182,1976,0.1662584764648557,13.05,9.666666666666666,False,False
3105103,Bambuí,MG,-20.11081978791246,-45.99880212104779,65,0.1432692307692308,0.09158551296933214,1981,0.06849092646366872,6.6,9.222222222222221,False,False
3105202,Bandeira,MG,-15.877683033142253,-40.58096580714404,65,0.25631162077761316,0.002548129962268554,1995,6.904272507117582e-05,4.65,4.111111111111111,True,True
3105301,Bandeira do Sul,MG,-21.72413866943928,-46.38497732431748,65,-0.030295745045008683,0.7213366343881296,1997,0.44641878404152746,12.95,13.222222222222221,False,False
3105400,Barão de Cocais,MG,-19.89153312873255,-43.49549562568825,65,0.09711538461538463,0.252789642803682,1994,0.18137345418813178,17.35,16.022222222222222,False,False
3105509,Barão de Monte Alto,MG,-21.26481329938384,-42.27837668250336,65,0.07884615384615386,0.3531652909023054,1993,0.8457507342183549,9.4,11.71111111111111,False,False
3105608,Barbacena,MG,-21.25151561333772,-43.80052874330762,65,0.07596153846153847,0.37105504106368714,1974,0.3440897276461011,13.6,12.733333333333333,False,False
3105707,Barra Longa,MG,-20.27558464305855,-43.06620144731815,65,0.31250000000000006,0.00023332510314954838,1980,0.004964549597557599,8.95,11.71111111111111,True,True
3105905,Barroso,MG,-21.1832823987732,-43.95782863843809,65,0.075,0.3771411397870088,1967,0.2397071069526228,13.5,11.666666666666666,False,False
3106002,Bela Vista de Minas,MG,-19.79799225648553,-43.10558729023942,65,0.1836538461538462,0.030568176043374543,1993,0.0374280118542835,6.35,6.6,True,False
3106101,Belmiro Braga,MG,-21.98580422829048,-43.46865506403808,65,0.026923076923076925,0.751215095177401,1981,1.0,21.25,21.68888888888889,False,False
3106200,Belo Horizonte,MG,-19.902670192628943,-43.95996781437334,65,0.1375,0.10541366817859947,1977,0.12301501734761935,28.5,25.2,False,False
3106309,Belo Oriente,MG,-19.25938457329024,-42.45038208378943,65,0.21346153846153848,0.011948725315964503,1977,0.021920496091912347,2.55,7.688888888888889,True,True
3106408,Belo Vale,MG,-20.42466517104157,-44.060086036575655,65,0.0375,0.6587873377864597,1993,1.0,12.15,14.822222222222223,False,False
3106507,Berilo,MG,-16.862266684028608,-42.49432876557378,65,-0.05673076923076923,0.5041058574582591,1972,0.4166794406211764,7.6,6.488888888888889,False,False
3106606,Bertópolis,MG,-16.97444411553714,-40.57422454573027,65,-0.0019230769230769234,0.9819330169178719,1967,0.8603610817965768,2.6,3.933333333333333,False,False
3106655,Berizal,MG,-15.684115745965084,-41.76175737052393,65,0.17840827637616224,0.03569300464505452,1977,0.04255924393991513,2.85,4.4222222222222225,False,False
3106705,Betim,MG,-19.94741312900456,-44.19913206965367,65,0.17211538461538464,0.04268533710848181,1977,0.01869710762272877,31.05,32.55555555555556,False,True
3106804,Bias Fortes,MG,-21.62471095705732,-43.77362947519807,65,-0.020192307692307693,0.8120531453899646,2012,0.8312453951901982,12.4,13.333333333333334,False,False
3106903,Bicas,MG,-21.731419030675585,-43.10468180217884,65,0.11974032565408194,0.15862606949205693,1994,0.3074739463256514,19.25,18.955555555555556,False,False
3107000,Biquinhas,MG,-18.757143931402656,-45.5395195180405,65,-0.2982203327186464,0.00044781807529251186,1987,0.010939988910983817,2.3,3.311111111111111,True,True
3107109,Boa Esperança,MG,-21.04853779781203,-45.62116322691673,65,0.0951923076923077,0.26230733102894765,1976,0.013490690078320355,0.5,5.311111111111111,False,True
3107208,Bocaina de Minas,MG,-22.215749933034417,-44.48275048755906,65,-0.06153846153846155,0.46866229579159335,1996,0.6926060465695535,34.35,27.8,False,False
3107307,Bocaiúva,MG,-17.289580019363218,-43.68639014742318,65,0.0019230769230769234,0.9819330169178719,2006,1.0,2.9,1.8,False,False
3107406,Bom Despacho,MG,-19.684499560030982,-45.28610181265468,65,0.042798750936599565,0.6143517810089612,1977,0.03955687337760341,6.15,10.911111111111111,False,False
3107505,Bom Jardim de Minas,MG,-21.95005495339256,-44.12698825779659,65,0.1028846153846154,0.22568988273148238,1972,0.3883192024619521,20.4,20.11111111111111,False,False
3107604,Bom Jesus da Penha,MG,-21.013759016336778,-46.5290374533258,65,0.14807692307692308,0.08121025824359357,1974,0.25974984352926617,3.8,8.6,False,False
3107703,Bom Jesus do Amparo,MG,-19.71767785640669,-43.46865547176327,65,0.015384615384615387,0.8562385953808652,1993,0.4775403025455924,13.55,13.044444444444444,False,False
3107802,Bom Jesus do Galho,MG,-19.74222662825837,-42.3510959012361,65,0.20629959721124957,0.015150007777086407,1978,0.018325499953819525,6.85,11.488888888888889,True,True
3107901,Bom Repouso,MG,-22.44586156131459,-46.184316950548464,65,-0.06153846153846155,0.46866229579159335,1991,0.6407607168142557,13.0,13.71111111111111,False,False
3108008,Bom Sucesso,MG,-21.026371427776944,-44.7841086660518,65,0.07211538461538462,0.39576568734555584,1981,0.1662584764648557,8.6,9.177777777777777,False,False
3108107,Bonfim,MG,-20.321460288207767,-44.214810489646574,65,0.1355769230769231,0.11037483702198604,1993,0.1433195491670883,22.3,28.711111111111112,False,False
3108206,Bonfinópolis de Minas,MG,-16.486367055288632,-46.19042829869922,65,-0.024038461538461543,0.7771237463572624,2021,1.0,1.1,1.8222222222222222,False,False
3108255,Bonito de Minas,MG,-14.99260640257282,-44.89681396222132,65,-0.21153846153846156,0.012738072274857487,1981,0.032233482480051354,0.0,0.8888888888888888,True,False
3108305,Borda da Mata,MG,-22.256578845877293,-46.1517617052485,65,-0.04472229030453663,0.5985288638372365,1986,1.0,11.0,10.177777777777777,False,False
3108404,Botelhos,MG,-21.6363472471383,-46.41939507139536,65,0.0375,0.6587873377864597,1976,0.7883903763393662,17.65,15.2,False,False
3108503,Botumirim,MG,-16.937797359095676,-43.00565666513848,65,-0.025,0.7684583572208751,1981,0.5324687972967159,3.3,4.333333333333333,False,False
3108552,Brasilândia de Minas,MG,-16.957005433095475,-45.90256863069733,65,-0.06253006976358716,0.4617284689361988,2013,0.043340125789311776,3.55,3.466666666666667,False,False
3108602,Brasília de Minas,MG,-16.24264406637831,-44.4390580879458,65,-0.21826923076923077,0.010161961215914167,1990,0.07838680053058594,9.7,5.888888888888889,True,False
3108701,Brás Pires,MG,-20.87511698767052,-43.2274659628276,65,0.18461538461538465,0.029707245169198246,1978,0.05004808403109762,8.9,10.0,True,False
3108800,Braúnas,MG,-19.025694968556724,-42.71646812149643,65,0.12692307692307694,0.135017381575575,1970,0.3113955087807632,1.8,6.5777777777777775,False,False
3108909,Brazópolis,MG,-22.49110288388768,-45.628017881147294,65,-0.09326923076923078,0.2720697041296738,1986,0.4070731221914113,41.45,25.77777777777778,False,False
3109006,Brumadinho,MG,-20.17783792773386,-44.12268459146463,65,0.12500000000000003,0.14103164052071637,1977,0.25974984352926617,27.9,31.866666666666667,False,False
3109105,Bueno Brandão,MG,-22.485967698142108,-46.35521121875462,65,-0.04711538461538462,0.5790206953061717,1992,1.0,21.5,18.844444444444445,False,False
3109204,Buenópolis,MG,-17.88051761136449,-44.041250246788096,65,-0.03365384615384616,0.6918859681811715,1976,0.3113955087807632,0.45,1.8222222222222222,False,False
3109253,Bugre,MG,-19.3576897923465,-42.31091646840429,65,0.22884615384615387,0.0070426804278188836,1978,0.005435034567596376,3.2,8.133333333333333,True,True
3109303,Buritis,MG,-15.45309107332638,-46.604416511404814,65,0.13365384615384618,0.11551864505727938,1976,0.15216720064717362,0.35,1.9333333333333333,False,False
3109402,Buritizeiro,MG,-17.28545057075105,-45.191749478627166,65,-0.07596153846153847,0.37105504106368714,2006,0.05565131986374875,5.2,5.0,False,False
3109451,Cabeceira Grande,MG,-16.076185399032934,-47.12365474241099,65,0.14903846153846154,0.0792542785402758,1978,0.0810416956090477,1.65,8.133333333333333,False,False
3109501,Cabo Verde,MG,-21.481598581583675,-46.391544033305664,65,0.07115384615384616,0.40209529101557673,1975,0.46701295818182675,12.25,12.533333333333333,False,False
3109600,Cachoeira da Prata,MG,-19.516939298375533,-44.47203904034328,65,-0.10865384615384616,0.20073052452038787,2002,0.08657956663465231,16.25,11.955555555555556,False,False
3109709,Cachoeira de Minas,MG,-22.362393361829653,-45.79276636391633,65,0.0,1.0,1989,1.0,20.55,17.488888888888887,False,False
3109808,Cachoeira Dourada,MG,-18.607338581436256,-49.47889009250843,65,0.21442307692307694,0.011570560282309688,2015,0.06619019684698552,2.8,5.488888888888889,True,False
3109907,Caetanópolis,MG,-19.342503708830264,-44.40344903489469,65,-0.04807692307692309,0.5712996214994486,2000,0.6156758708469371,11.4,7.488888888888889,False,False
3110004,Caeté,MG,-19.867773781867385,-43.63692239441053,65,0.23365384615384616,0.005933512117906358,1993,0.007753572228438996,22.1,21.42222222222222,True,True
3110103,Caiana,MG,-20.725334991738794,-41.90839190635507,65,0.2326923076923077,0.006141854588758913,1995,0.0008212527759359447,11.5,15.88888888888889,True,True
3110202,Cajuri,MG,-20.78525446248032,-42.76401124734711,65,0.31072634667136384,0.00025481439061771647,1995,0.000983503728309127,8.9,10.4,True,True
3110301,Caldas,MG,-21.890776742018737,-46.363614788186354,65,-0.04230769230769231,0.6183417469175422,2000,0.1975562773493669,13.25,13.355555555555556,False,False
3110400,Camacho,MG,-20.64088237381028,-45.13217858536302,65,0.1230769230769231,0.14724974459811443,1979,0.29592667730419125,5.0,6.866666666666666,False,False
3110509,Camanducaia,MG,-22.786897440016507,-46.07474889713014,65,0.21923076923076926,0.00983458779839209,1976,0.09861252850976931,27.9,23.555555555555557,True,False
3110608,Cambuí,MG,-22.582697441006225,-46.07835576836554,65,-0.01683096946944927,0.8429264099579448,2011,0.8096911373093236,20.85,18.6,False,False
3110707,Cambuquira,MG,-21.85900619790402,-45.26175053451696,65,-0.12262563470598753,0.14883003573030254,1996,0.3274473959752802,15.1,13.844444444444445,False,False
3110806,Campanário,MG,-18.283898540130213,-41.734420478345456,65,0.14807692307692308,0.08121025824359357,1971,0.11925165071939424,1.9,3.2666666666666666,False,False
3110905,Campanha,MG,-21.843844661101443,-45.40843343139936,65,-0.10480769230769232,0.21713510541441583,2011,0.036065047811419726,12.9,12.822222222222223,False,False
3111002,Campestre,MG,-21.71031365510281,-46.22151904283479,65,-0.02211538461538462,0.7945369497506702,1997,0.5439095912556042,8.95,9.8,False,False
3111101,Campina Verde,MG,-19.479178519876587,-49.809891980290665,65,0.15384615384615388,0.07004133687461596,1992,0.04658952974594933,1.0,4.355555555555555,False,False
3111150,Campo Azul,MG,-16.508717275450735,-44.763185364084,65,0.047607599356442216,0.5751479084894895,1991,0.24296293834878846,12.05,8.733333333333333,False,False
3111200,Campo Belo,MG,-20.919701849784985,-45.25591320270805,65,0.1451923076923077,0.08731427299935919,1979,0.11200893327810173,6.05,7.088888888888889,False,False
3111309,Campo do Meio,MG,-21.113643246126976,-45.84962682327133,65,0.14711538461538462,0.08320523933786642,1980,0.017249952653633677,0.6,5.355555555555555,False,True
3111408,Campo Florido,MG,-19.713394785325217,-48.647849465390216,65,0.0504929084083478,0.5522078519617892,1988,0.573166815335483,1.85,5.5777777777777775,False,False
3111507,Campos Altos,MG,-19.60478689934025,-46.19705763407868,65,0.023563357257228974,0.7814635234129889,1979,0.8530429830608498,4.75,6.155555555555556,False,False
3111606,Campos Gerais,MG,-21.258813109172603,-45.75348509385056,65,0.13416687091360988,0.11420955038938597,1976,0.14117402774158275,1.75,6.866666666666666,False,False
3111705,Canaã,MG,-20.66681917745028,-42.62188378847422,65,0.12019230769230771,0.1569669882535778,1977,0.03474573545009981,8.9,11.0,False,False
3111804,Canápolis,MG,-18.757881665451453,-49.27184581284023,65,0.18942307692307694,0.02570858110600464,1986,0.11558351804791793,3.65,7.044444444444444,True,False
3111903,Cana Verde,MG,-21.03301293539564,-45.1856456686726,65,0.11204616818233369,0.18712769933068674,1979,0.14991503165091513,8.45,11.688888888888888,False,False
3112000,Candeias,MG,-20.74852675257088,-45.27953445128137,65,0.06826923076923078,0.4214450879802445,1979,0.5911658771176894,4.35,6.377777777777778,False,False
3112059,Cantagalo,MG,-18.516189578196617,-42.64868968970888,64,-0.09079633124838975,0.28903058217546007,2009,0.41088271470883725,4.15,6.088888888888889,False,False
3112109,Caparaó,MG,-20.52730342152996,-41.94940919806738,65,0.3101707230798508,0.0002605588529907642,1995,0.00080023307716624,12.0,14.8,True,True
3112208,Capela Nova,MG,-20.9172812228392,-43.60859402570913,65,0.06442307692307693,0.44807654659723983,1977,0.27379852014261447,11.7,10.244444444444444,False,False
3112307,Capelinha,MG,-17.69284333180719,-42.49199985963767,65,0.07596153846153847,0.37105504106368714,1975,0.49905447699339966,1.5,4.133333333333334,False,False
3112406,Capetinga,MG,-20.65738573164395,-47.031797749974544,65,-0.004807692307692309,0.9548528001763662,1974,0.12301501734761935,9.35,14.688888888888888,False,False
3112505,Capim Branco,MG,-19.57007434183157,-44.16777695288278,65,-0.06923076923076923,0.4149352520971258,1985,0.7059061814503923,21.75,13.511111111111111,False,False
3112604,Capinópolis,MG,-18.68721435693441,-49.58158765936161,65,0.16923076923076924,0.04628252141634792,1972,0.11925165071939424,3.1,6.355555555555555,False,False
3112653,Capitão Andrade,MG,-19.051185128076284,-41.8221287919046,65,0.1730769230769231,0.04154006700988516,1978,0.013490690078320355,2.35,7.711111111111111,False,True
3112703,Capitão Enéas,MG,-16.136110421968482,-43.664660439088834,65,0.05288461538461539,0.5334472631525882,2004,0.6407607168142557,6.65,5.4,False,False
3112802,Capitólio,MG,-20.612655556774527,-46.1442379424966,65,0.18846153846153849,0.026468838133317404,1976,0.0019328966388049253,1.65,4.5777777777777775,True,True
3112901,Caputira,MG,-20.17648580596168,-42.25241312040863,65,0.28035586287682634,0.0009646441769292539,1995,0.006500550461868807,7.75,9.88888888888889,True,True
3113008,Caraí,MG,-17.17369169894455,-41.58347775918706,65,0.1980769230769231,0.0196748921067039,1981,0.027683537119878636,1.2,3.022222222222222,True,False
3113107,Caranaíba,MG,-20.89117512544169,-43.72069017944967,65,0.03461538461538462,0.683552875272655,1976,0.6156758708469371,12.8,12.022222222222222,False,False
3113206,Carandaí,MG,-20.996716945549505,-43.844355818856016,65,0.1,0.23896882733943936,1977,0.04658952974594933,14.2,13.488888888888889,False,False
3113305,Carangola,MG,-20.70260244478741,-42.08752274305884,65,0.20480769230769233,0.015876159806045093,1995,0.009627408979904085,8.9,10.755555555555556,True,True
3113404,Caratinga,MG,-19.712243469776027,-42.101984542764335,65,0.2932692307692308,0.0005534752478120442,1977,0.001300071683545282,6.45,7.666666666666667,True,True
3113503,Carbonita,MG,-17.494096570076316,-43.05773222425482,65,0.09326923076923078,0.2720697041296738,1971,0.2667046417839311,2.6,3.688888888888889,False,False
3113602,Careaçu,MG,-22.07864703342865,-45.6643759427171,65,-0.027884615384615386,0.7426392261972599,1985,1.0,15.0,13.777777777777779,False,False
3113701,Carlos Chagas,MG,-17.67406186499624,-40.8419112955816,65,0.05145467809231633,0.5446622327825313,1998,0.3113955087807632,3.05,4.933333333333334,False,False
3113800,Carmésia,MG,-19.060381675350243,-43.17442396558016,65,0.03653846153846154,0.6670026854207679,1970,0.9047890422433168,6.1,7.844444444444444,False,False
3113909,Carmo da Cachoeira,MG,-21.453946371818773,-45.196333923208826,65,0.05673076923076923,0.5041058574582591,1967,0.29592667730419125,13.0,13.577777777777778,False,False
3114006,Carmo da Mata,MG,-20.559648953015248,-44.891780961935936,65,0.13173076923076923,0.120849081775192,1981,0.37917085700952197,7.85,9.066666666666666,False,False
3114105,Carmo de Minas,MG,-22.09202580483824,-45.16151450486242,65,-0.19903846153846155,0.01908771528935225,1996,0.01796050511307883,20.8,18.0,True,True
3114204,Carmo do Cajuru,MG,-20.196542201535724,-44.70116663284041,65,0.1451923076923077,0.08731427299935919,1978,0.44641878404152746,15.8,23.6,False,False
3114303,Carmo do Paranaíba,MG,-18.9075582004158,-46.18504927068312,65,-0.013461538461538462,0.8740480196882481,1977,0.9960061723468323,5.85,6.977777777777778,False,False
3114402,Carmo do Rio Claro,MG,-20.97214682232025,-46.09910830820815,65,0.15865384615384617,0.06172624233514096,1980,0.033468923782858755,1.2,4.444444444444445,False,False
3114501,Carmópolis de Minas,MG,-20.56188765343499,-44.64790363899724,65,0.002884615384615385,0.9729024202503425,1998,1.0,6.05,7.555555555555555,False,False
3114550,Carneirinho,MG,-19.75016875971229,-50.829830232838326,65,0.021153846153846155,0.8032826965468698,1971,0.0732972202658319,3.25,4.711111111111111,False,False
3114600,Carrancas,MG,-21.49627971664342,-44.61201420584753,65,-0.01202212104960662,0.8874458134252069,2014,0.5672409199242981,10.35,10.6,False,False
3114709,Carvalhópolis,MG,-21.77283788357997,-45.83050074900373,65,-0.00576923076923077,0.9458360859046578,1977,0.9348700819203165,10.1,9.755555555555556,False,False
3114808,Carvalhos,MG,-22.022564296006475,-44.4886324453518,65,-0.049038461538461545,0.5636278829337915,2000,0.5791296951003588,24.75,22.555555555555557,False,False
3114907,Casa Grande,MG,-20.836196412755005,-43.93799915581134,65,0.06299591429993869,0.458297395183652,1977,0.19204067398614047,11.3,10.911111111111111,False,False
3115003,Cascalho Rico,MG,-18.568571854776863,-47.87695310121838,65,0.03461538461538462,0.683552875272655,1977,0.35263438243826933,4.25,5.955555555555556,False,False
3115102,Cássia,MG,-20.54255875970973,-46.92907124148191,65,0.006730769230769231,0.936826304825977,1977,0.20895933922108018,6.1,10.133333333333333,False,False
3115201,Conceição da Barra de Minas,MG,-21.14513251282597,-44.49304272811068,65,0.16826923076923078,0.047536931202069026,1981,0.31934808891406874,9.0,11.88888888888889,False,False
3115300,Cataguases,MG,-21.342397881253817,-42.67409133032166,65,0.26304400856539284,0.0019560378251286935,2001,0.0041336894831218215,9.2,11.422222222222222,True,True
3115359,Catas Altas,MG,-20.0755360303695,-43.40779924016739,65,0.09615384615384617,0.25751798224906275,1977,0.4166794406211764,11.95,14.466666666666667,False,False
3115409,Catas Altas da Noruega,MG,-20.66958316033691,-43.500056790549216,65,0.18417889447997343,0.03013242649560815,1977,0.02876438730541304,8.2,9.066666666666666,True,False
3115458,Catuji,MG,-17.371872407418934,-41.49844202211586,65,0.13461538461538464,0.11292366071592867,1997,0.2810327034097539,1.85,4.6,False,False
3115474,Catuti,MG,-15.335673546963514,-43.09737362378784,65,0.006251502945795442,0.9413293183026061,1995,0.8312453951901982,4.05,3.8222222222222224,False,False
3115508,Caxambu,MG,-21.97758780175561,-44.94732166035521,65,-0.04615384615384616,0.5867904254454406,1994,0.8750731790180674,17.15,13.422222222222222,False,False
3115607,Cedro do Abaeté,MG,-19.12077291205422,-45.6986026307908,65,-0.02741043599310309,0.746919326862775,2001,0.4023273641495779,4.15,7.0,False,False
3115706,Central de Minas,MG,-18.76837553981544,-41.29482282648801,65,0.06538461538461539,0.4413305118271882,1970,0.1433195491670883,5.65,10.8,False,False
3115805,Centralina,MG,-18.63254540133695,-49.16255010847038,65,0.2813176325607949,0.0009264366488172002,1990,0.008833456203955271,4.6,8.177777777777777,True,True
3115904,Chácara,MG,-21.68662595428025,-43.21328414435719,65,0.05,0.5560061415710047,1977,0.6033483431563663,16.95,18.622222222222224,False,False
3116001,Chalé,MG,-20.030972992718564,-41.65982038428234,65,0.1701923076923077,0.0450560990200837,1995,0.2397071069526228,6.85,9.466666666666667,False,False
3116100,Chapada do Norte,MG,-17.147386370108112,-42.41229927422045,65,-0.14955518585710634,0.07828597443736666,1973,0.3113955087807632,6.35,4.688888888888889,False,False
3116159,Chapada Gaúcha,MG,-15.469305354206067,-45.45877181855085,65,-0.15,0.07733678360610473,2000,0.16144984740732568,0.0,2.7777777777777777,False,False
3116209,Chiador,MG,-22.00286931384815,-43.02940672577719,65,0.32980769230769236,0.00010287450331358499,2001,0.0023471190382498494,21.8,21.022222222222222,True,True
3116308,Cipotânea,MG,-20.92390170667661,-43.35810569722218,65,0.15673076923076926,0.06494862597449932,1974,0.17118085708445183,8.8,8.244444444444444,False,False
3116407,Claraval,MG,-20.369411791415267,-47.23951027199881,65,0.020192307692307693,0.8120531453899646,1977,0.6156758708469371,12.05,17.955555555555556,False,False
3116506,Claro dos Poções,MG,-17.068610298996425,-44.22808108195511,65,0.12596153846153849,0.1379992597344832,1986,0.2270165572915539,9.55,3.933333333333333,False,False
3116605,Cláudio,MG,-20.397356259493407,-44.77596969981349,65,-0.0019230769230769234,0.9819330169178719,1986,1.0,8.65,11.822222222222223,False,False
3116704,Coimbra,MG,-20.843828352607265,-42.79147833731999,65,0.3086538461538462,0.0002784022343653123,1994,0.001300071683545282,7.8,9.311111111111112,True,True
3116803,Coluna,MG,-18.24809688952579,-42.83932069110752,65,0.025,0.7684583572208751,1969,0.8603610817965768,3.1,4.644444444444445,False,False
3116902,Comendador Gomes,MG,-19.672236944949205,-49.07096461471269,65,0.2461538461538462,0.003747978450523647,1988,0.0008648513865648905,2.2,5.488888888888889,True,True
3117009,Comercinho,MG,-16.28499224797091,-41.7675113970726,65,0.0668429930358128,0.4313139754533907,1988,0.7813481324804371,2.05,4.6,False,False
3117108,Conceição da Aparecida,MG,-21.09697170720023,-46.22595269696146,65,0.14711538461538462,0.08320523933786642,1980,0.1476898403483945,1.5,5.311111111111111,False,False
3117207,Conceição das Pedras,MG,-22.146994262993115,-45.42511204768096,65,-0.13609041028154692,0.10911190299897842,1996,0.007421232664532038,18.9,16.622222222222224,False,True
3117306,Conceição das Alagoas,MG,-19.9597864626146,-48.36143463604166,65,0.006730769230769231,0.936826304825977,1968,0.6535150821111455,9.2,10.133333333333333,False,False
3117405,Conceição de Ipanema,MG,-19.913505184640243,-41.686698040183884,65,0.14711538461538462,0.08320523933786642,1972,0.1433195491670883,5.4,8.688888888888888,False,False
3117504,Conceição do Mato Dentro,MG,-18.936926895231284,-43.50816333802326,65,-0.04521405044443994,0.5945963032836028,1967,0.488220905503328,3.7,5.7555555555555555,False,False
3117603,Conceição do Pará,MG,-19.78564153815588,-44.87180064515958,65,0.06250000000000001,0.46174282539108646,1982,0.29592667730419125,11.55,14.911111111111111,False,False
3117702,Conceição do Rio Verde,MG,-21.897401408061675,-45.09084850011452,65,-0.18750000000000003,0.0272484408923059,1996,0.04179063319747862,17.95,14.844444444444445,True,False
3117801,Conceição dos Ouros,MG,-22.447684536399173,-45.7751453824764,65,-0.05291005903072759,0.533434144027225,2009,0.6992395368865147,26.95,19.866666666666667,False,False
3117836,Cônego Marinho,MG,-14.984564646217777,-44.59657405591335,65,-0.2076923076923077,0.014456386522445592,1981,0.06395574274390818,0.7,0.9777777777777777,True,False
3117876,Confins,MG,-19.64208031088908,-43.97488358101455,65,-0.008175042313732502,0.9233259201248938,1967,1.0,23.35,14.2,False,False
3117900,Congonhal,MG,-22.143387640215884,-46.04142682370318,65,-0.03653846153846154,0.6670026854207679,2011,1.0,11.15,10.355555555555556,False,False
3118007,Congonhas,MG,-20.516085757780058,-43.86170716346673,65,0.05384615384615385,0.5260317864344628,1977,1.0,10.85,12.6,False,False
3118106,Congonhas do Norte,MG,-18.86327450003801,-43.68723529650432,65,0.003846153846153847,0.9638752961842721,1967,0.17118085708445183,5.7,8.422222222222222,False,False
3118205,Conquista,MG,-19.883582614125547,-47.62393057218541,65,-0.06250000000000001,0.46174282539108646,2004,0.1975562773493669,15.8,13.466666666666667,False,False
3118304,Conselheiro Lafaiete,MG,-20.66602087334599,-43.78867632955125,65,0.12403846153846156,0.14411498395127648,1976,0.15216720064717362,5.25,7.266666666666667,False,False
3118403,Conselheiro Pena,MG,-19.17001792845667,-41.45654228508946,65,0.14423076923076925,0.08942935902899353,1978,0.1662584764648557,4.85,9.755555555555556,False,False
3118502,Consolação,MG,-22.536375871017626,-45.915558366565485,65,-0.0956960835548687,0.2598973828658927,2009,0.18137345418813178,24.6,18.511111111111113,False,False
3118601,Contagem,MG,-19.88717827542213,-44.08395710412061,65,0.09903846153846155,0.24351526376139854,1978,0.3113955087807632,35.8,32.62222222222222,False,False
3118700,Coqueiral,MG,-21.16902038201865,-45.4153639943672,65,0.024038461538461543,0.7771237463572624,1979,0.23329562826712694,6.75,10.2,False,False
3118809,Coração de Jesus,MG,-16.61315605760713,-44.37851951668675,65,-0.010576923076923078,0.9008794391838973,2006,0.4363521181567188,14.2,7.066666666666666,False,False
3118908,Cordisburgo,MG,-19.092106261013697,-44.20496248467557,65,-0.006730769230769231,0.936826304825977,1973,1.0,9.95,6.666666666666667,False,False
3119005,Cordislândia,MG,-21.78190423814151,-45.6621292358922,65,0.006730769230769231,0.936826304825977,2013,0.3035887052227368,12.85,14.155555555555555,False,False
3119104,Corinto,MG,-18.335373206207738,-44.61745242836584,65,-0.029807692307692313,0.7255839366845278,1976,0.23329562826712694,4.1,5.955555555555556,False,False
3119203,Coroaci,MG,-18.616995868402714,-42.26849974357097,65,-0.007692307692307694,0.9278246057348423,1970,0.3440897276461011,3.55,6.066666666666666,False,False
3119302,Coromandel,MG,-18.412834667320947,-47.13697606107439,65,0.13076923076923078,0.12358551912882432,1977,0.0041336894831218215,2.1,4.933333333333334,False,True
3119401,Coronel Fabriciano,MG,-19.45857402064416,-42.68998591844777,65,0.24711538461538465,0.00361484293919508,1977,0.004743582837762857,3.65,9.133333333333333,True,True
3119500,Coronel Murta,MG,-16.591180538314134,-42.17635636442111,65,0.013461538461538462,0.8740480196882481,1972,0.7465872320851034,6.85,10.2,False,False
3119609,Coronel Pacheco,MG,-21.604599403894,-43.29306383055348,65,0.04568405998850516,0.5906873687663223,2015,1.0,13.7,15.71111111111111,False,False
3119708,Coronel Xavier Chaves,MG,-21.02462832086401,-44.19657109624361,65,0.2486174633058649,0.0034226754428121784,1977,0.0010089899659976474,11.65,11.422222222222222,True,True
3119807,Córrego Danta,MG,-19.78156672872359,-45.98291275410221,65,0.14282279806932663,0.09267392141976125,1979,0.014652703987493569,5.15,6.866666666666666,False,True
3119906,Córrego do Bom Jesus,MG,-22.634462910079407,-45.9932215713891,65,-0.15961538461538463,0.06016535794097843,2009,0.005685274032837622,24.05,19.8,False,True
3119955,Córrego Fundo,MG,-20.450820384829186,-45.53214706532949,65,0.22842029994252575,0.007162326716989443,1974,0.015903853144033468,2.8,7.155555555555556,True,True
3120003,Córrego Novo,MG,-19.830508320967787,-42.44562901863977,65,0.2798076923076923,0.0009844754149351453,1976,0.003946984811317777,6.6,10.4,True,True
3120102,Couto de Magalhães de Minas,MG,-18.08442344978175,-43.43989761538621,65,0.15244049490901193,0.07270344577927654,1969,0.25293286153182654,1.65,3.2666666666666666,False,False
3120151,Crisólita,MG,-17.240132880046538,-40.96151525643039,65,0.1653846153846154,0.05147284370845172,1997,0.021071406588780116,1.15,3.0444444444444443,False,True
3120201,Cristais,MG,-20.81104317034946,-45.55734792662136,65,0.0951923076923077,0.26230733102894765,1977,0.0374280118542835,1.75,5.177777777777778,False,False
3120300,Cristália,MG,-16.718659976119756,-42.82102524721758,65,0.01586919978548074,0.8517949400604597,2016,1.0,3.25,2.8444444444444446,False,False
3120409,Cristiano Otoni,MG,-20.835520381524365,-43.82681708760898,65,0.12403846153846156,0.14411498395127648,1976,0.1433195491670883,13.45,12.377777777777778,False,False
3120508,Cristina,MG,-22.20568842348049,-45.28940425694827,65,-0.15288461538461542,0.07181004824924186,1996,0.01294136909450836,24.25,18.466666666666665,False,True
3120607,Crucilândia,MG,-20.40404131989382,-44.35975007583891,65,0.1125,0.18524939541359853,1980,0.46701295818182675,12.3,19.6,False,False
3120706,Cruzeiro da Fortaleza,MG,-18.97226908580517,-46.67617711949329,65,0.049062054737583766,0.5636153827428093,1977,0.6471204008167852,5.25,7.511111111111111,False,False
3120805,Cruzília,MG,-21.730657054100128,-44.79786345185902,65,-0.20673076923076925,0.014916681278871908,1996,0.017249952653633677,12.0,12.177777777777777,True,True
3120839,Cuparaque,MG,-19.00933565463701,-41.12929268574263,65,0.13942307692307693,0.10063110674807266,1978,0.1476898403483945,6.5,10.2,False,False
3120870,Curral de Dentro,MG,-15.861835167843182,-41.76475253041749,65,0.22745853025855722,0.007409017712388781,1974,0.014652703987493569,1.25,3.0444444444444443,True,True
3120904,Curvelo,MG,-18.819608976064544,-44.44774504984453,65,-0.12019230769230771,0.1569669882535778,2000,0.036065047811419726,4.25,7.177777777777778,False,False
3121001,Datas,MG,-18.47101808574409,-43.64764158190341,65,0.11057692307692309,0.19287584940313707,1976,0.07580582880191701,3.7,6.933333333333334,False,False
3121100,Delfim Moreira,MG,-22.506998070914644,-45.28772385650994,65,-0.12884615384615386,0.1292032674393662,1996,0.09243219495343426,68.85,34.46666666666667,False,False
3121209,Delfinópolis,MG,-20.356760209276928,-46.773022460213774,65,0.08750000000000001,0.302835364563549,1977,0.11925165071939424,2.85,6.177777777777778,False,False
3121258,Delta,MG,-19.93608982142996,-47.80970473387401,65,-0.15480769230769234,0.06830853679511892,2003,0.010939988910983817,17.6,12.133333333333333,False,True
3121308,Descoberto,MG,-21.44676559814092,-42.9634964182134,65,0.10339024102661692,0.2235215426039271,1981,0.5268049561095464,10.6,11.2,False,False
3121407,Desterro de Entre Rios,MG,-20.629719167521017,-44.27132922007148,65,0.09423076923076924,0.26715785444604245,1977,0.6033483431563663,4.85,6.688888888888889,False,False
3121506,Desterro do Melo,MG,-21.15058285583272,-43.51983844349224,65,0.004327963577858383,0.9593627468414274,1967,0.33569432777951663,12.6,12.177777777777777,False,False
3121605,Diamantina,MG,-17.99333344399785,-43.61043722862341,65,0.1432692307692308,0.09158551296933214,1976,0.186646930242533,1.65,3.2666666666666666,False,False
3121704,Diogo de Vasconcelos,MG,-20.48126618804249,-43.18385165572345,65,0.08461538461538462,0.3190539922528327,1978,0.1662584764648557,10.9,13.844444444444445,False,False
3121803,Dionísio,MG,-19.83687548755833,-42.67909316375476,65,0.18750000000000003,0.0272484408923059,1975,0.03474573545009981,7.35,10.555555555555555,True,False
3121902,Divinésia,MG,-20.98793273534316,-42.99800918160015,65,0.28269230769230774,0.0008719143155887893,1984,0.0013669704200627185,9.5,12.4,True,True
3122009,Divino,MG,-20.589935304139285,-42.17547623365201,65,0.2668910873012669,0.0016772977887184847,1995,0.0011753288348386205,8.85,10.644444444444444,True,True
3122108,Divino das Laranjeiras,MG,-18.71246070172304,-41.50700774445388,65,0.07980769230769232,0.3473253208868534,1972,0.06178608302878114,4.0,7.977777777777778,False,False
3122207,Divinolândia de Minas,MG,-18.782231872084783,-42.57350359418962,65,0.059615384615384626,0.4826718288253318,1978,0.3440897276461011,3.35,6.844444444444444,False,False
3122306,Divinópolis,MG,-20.12375892453444,-44.93069752554309,65,0.24477038456999078,0.003955471297471759,1981,0.05468155507098239,10.85,15.4,True,False
3122355,Divisa Alegre,MG,-15.698813839429365,-41.37403063334739,65,0.17403846153846156,0.04042092332408574,1977,0.1662584764648557,3.15,4.511111111111111,False,False
3122405,Divisa Nova,MG,-21.51790410900165,-46.24513596388433,65,0.02307692307692308,0.7858169534357987,1976,0.7604002213532476,6.7,9.688888888888888,False,False
3122454,Divisópolis,MG,-15.762879497294508,-40.91225695492698,65,0.3240384615384616,0.0001357569343169759,1993,0.0005116005970052149,4.8,4.977777777777778,True,True
3122470,Dom Bosco,MG,-16.740270052729343,-46.2899194698294,65,0.08750000000000001,0.302835364563549,1975,0.7328989927313598,2.0,2.688888888888889,False,False
3122504,Dom Cavati,MG,-19.38588363812673,-42.09119165394225,65,0.22895625544205755,0.007040855057186674,1972,0.009835747886893616,2.95,7.955555555555556,True,True
3122603,Dom Joaquim,MG,-18.92827317115705,-43.259205083978046,65,0.06780476271978134,0.4247149246037094,1970,0.8025622312742078,4.95,7.444444444444445,False,False
3122702,Dom Silvério,MG,-20.134656409964595,-42.946185095086335,65,0.1278846153846154,0.13208554084772026,1993,0.1567533113111856,9.7,11.71111111111111,False,False
3122801,Dom Viçoso,MG,-22.228534609030028,-45.142785160045904,65,-0.10384615384615385,0.22138288217168667,2008,0.3701743102121331,25.6,18.91111111111111,False,False
3122900,Dona Euzébia,MG,-21.33152439532496,-42.80109538549538,65,0.1980769230769231,0.0196748921067039,1984,0.04658952974594933,10.45,11.11111111111111,True,False
3123007,Dores de Campos,MG,-21.10017524046116,-43.98952022917507,65,0.14134615384615387,0.09602308626391638,1977,0.024653148270964056,14.25,12.644444444444444,False,True
3123106,Dores de Guanhães,MG,-19.05394806836195,-42.931200470400206,65,0.037989902516756914,0.6546898017710854,2019,0.9500382475590613,3.8,5.933333333333334,False,False
3123205,Dores do Indaiá,MG,-19.489648104169603,-45.54731243387562,65,-0.019230769230769235,0.8208472385419284,2009,0.1348934261598594,3.45,7.688888888888889,False,False
3123304,Dores do Turvo,MG,-21.023907462645347,-43.167215152719976,65,0.2586538461538462,0.0023204267726038646,1984,0.003768064279825467,11.0,12.088888888888889,True,True
3123403,Doresópolis,MG,-20.2916917083536,-45.88707054991883,65,0.17263765827235106,0.04210611321547513,1981,0.05864988548208383,5.95,8.822222222222223,False,False
3123502,Douradoquara,MG,-18.437399629779986,-47.60441313806566,65,-0.09858139260677429,0.2458035640686943,2004,0.05004808403109762,5.45,7.355555555555555,False,False
3123528,Durandé,MG,-20.147207754090243,-41.79540302527966,65,0.16730769230769232,0.048819802579820055,1973,0.17621863751350042,8.3,9.511111111111111,False,False
3123601,Elói Mendes,MG,-21.612344745101485,-45.5973257278441,65,0.2105769230769231,0.01314978662714658,1998,0.025628914308205172,8.9,12.688888888888888,True,True
3123700,Engenheiro Caldas,MG,-19.12800162447396,-42.01928169968377,65,0.17403846153846156,0.04042092332408574,1978,0.025628914308205172,2.35,8.688888888888888,False,True
3123809,Engenheiro Navarro,MG,-17.296518490112103,-44.013999452951374,65,-0.0826923076923077,0.33017658764094726,1983,0.7059061814503923,4.5,2.0444444444444443,False,False
3123858,Entre Folhas,MG,-19.655213776192547,-42.24166134960903,65,0.24326923076923082,0.004174560184218526,1978,0.003768064279825467,6.65,10.088888888888889,True,True
3123908,Entre Rios de Minas,MG,-20.70516639571384,-44.09479463334172,65,0.01730769230769231,0.8385020825980152,1977,0.3883192024619521,7.35,9.6,False,False
3124005,Ervália,MG,-20.84895441760564,-42.60060011048545,65,0.27211538461538465,0.0013537062494211646,1977,0.001840518197403408,6.1,7.688888888888889,True,True
3124104,Esmeraldas,MG,-19.73299091541861,-44.30749940715687,65,0.13076923076923078,0.12358551912882432,1974,0.24625239477921027,28.1,26.77777777777778,False,False
3124203,Espera Feliz,MG,-20.59729851359485,-41.9298843328623,65,0.24134615384615388,0.0044829332297607605,1995,0.0025837459785470547,12.05,16.022222222222222,True,True
3124302,Espinosa,MG,-14.859209979856514,-42.96589245803269,65,0.11153846153846154,0.18903426846904237,1990,0.6156758708469371,8.35,5.644444444444445,False,False
3124401,Espírito Santo do Dourado,MG,-22.009095383533964,-45.98675680240269,65,-0.14711538461538462,0.08320523933786642,1996,0.07580582880191701,12.0,10.311111111111112,False,False
3124500,Estiva,MG,-22.458232492764825,-46.01402374564239,65,-0.06634615384615386,0.43464303240459945,2011,0.6156758708469371,13.1,12.466666666666667,False,False
3124609,Estrela Dalva,MG,-21.70656712139816,-42.4670841999798,65,-0.048569369040410745,0.5674513346859593,2012,0.9806103528349323,11.25,12.911111111111111,False,False
3124708,Estrela do Indaiá,MG,-19.59188197720528,-45.80827064689749,65,0.009136811997701031,0.9143383485646237,1979,0.488220905503328,4.35,6.5777777777777775,False,False
3124807,Estrela do Sul,MG,-18.71507915460357,-47.726406691732,65,0.14134615384615387,0.09602308626391638,1977,0.08946573118645543,5.15,6.511111111111111,False,False
3124906,Eugenópolis,MG,-21.01400987820443,-42.22332575862578,65,0.013461538461538462,0.8740480196882481,1974,0.2270165572915539,9.15,11.777777777777779,False,False
3125002,Ewbank da Câmara,MG,-21.57500161419897,-43.56051126544719,65,0.06346153846153847,0.4548807770395934,1994,0.46701295818182675,18.6,18.68888888888889,False,False
3125101,Extrema,MG,-22.825251393322937,-46.28974695838458,65,0.3534503588584346,3.1660077105753814e-05,1998,0.0010350921018502338,28.0,25.555555555555557,True,True
3125200,Fama,MG,-21.4652876961776,-45.814153822526926,65,0.06634615384615386,0.43464303240459945,1999,0.5100406406299057,5.0,8.511111111111111,False,False
3125309,Faria Lemos,MG,-20.781240097378195,-42.03553971989643,65,0.0778846153846154,0.35906697866031423,1995,0.29592667730419125,11.65,14.755555555555556,False,False
3125408,Felício dos Santos,MG,-18.133132870805017,-43.23890257982333,65,0.015384615384615387,0.8562385953808652,1974,1.0,1.95,4.2444444444444445,False,False
3125507,São Gonçalo do Rio Preto,MG,-18.07631912207924,-43.35852335000585,65,0.09423076923076924,0.26715785444604245,1974,0.488220905503328,1.95,3.688888888888889,False,False
3125606,Felisburgo,MG,-16.63607262965136,-40.7331813420703,65,0.10961538461538463,0.19677448800476616,1988,0.488220905503328,1.55,3.1333333333333333,False,False
3125705,Felixlândia,MG,-18.703117183085045,-44.95817953764851,65,0.002884615384615385,0.9729024202503425,1990,1.0,1.2,2.7777777777777777,False,False
3125804,Fernandes Tourinho,MG,-19.102000254652587,-42.09647612724471,65,0.1451923076923077,0.08731427299935919,1978,0.06395574274390818,2.35,8.177777777777777,False,False
3125903,Ferros,MG,-19.24554253627665,-42.940160496085,65,0.11057692307692309,0.19287584940313707,1996,0.27379852014261447,3.65,6.488888888888889,False,False
3125952,Fervedouro,MG,-20.68068561548548,-42.34693727904843,65,0.00576923076923077,0.9458360859046578,1995,0.7743354696059661,8.6,11.488888888888889,False,False
3126000,Florestal,MG,-19.86848962835065,-44.44210830903845,65,0.21442307692307694,0.011570560282309688,1977,0.006500550461868807,21.75,24.977777777777778,True,True
3126109,Formiga,MG,-20.55367765575942,-45.51624913914856,65,0.17211538461538464,0.04268533710848181,1977,0.1348934261598594,2.2,5.6,False,False
3126208,Formoso,MG,-15.129787083279862,-46.1586592186514,65,0.12211538461538464,0.1504363713206985,1993,0.4166794406211764,0.15,3.0444444444444443,False,False
3126307,Fortaleza de Minas,MG,-20.88789354578311,-46.77140187761381,65,0.09423076923076924,0.26715785444604245,1976,0.1476898403483945,4.65,8.444444444444445,False,False
3126406,Fortuna de Minas,MG,-19.55757458483997,-44.50421214523164,65,-0.10865384615384616,0.20073052452038787,2002,0.08657956663465231,18.65,14.88888888888889,False,False
3126505,Francisco Badaró,MG,-16.977603057198497,-42.30981389180017,65,-0.10673076923076924,0.2088161029308362,1972,0.45663907784026875,7.8,8.266666666666667,False,False
3126604,Francisco Dumont,MG,-17.469676396351723,-44.26984519983811,65,0.05387206010401354,0.5260185234900849,1976,0.7193378849388556,2.85,2.2222222222222223,False,False
3126703,Francisco Sá,MG,-16.393537550854237,-43.47884061980291,65,0.14423076923076925,0.08942935902899353,1998,0.2667046417839311,6.0,4.266666666666667,False,False
3126752,Franciscópolis,MG,-17.99331566214852,-41.96792609573547,65,0.14230769230769233,0.09378325044585276,1971,0.17118085708445183,1.45,4.0,False,False
3126802,Frei Gaspar,MG,-18.13967472402964,-41.51070759537671,65,0.21591729405093488,0.011021932864233912,1974,0.031038301874568873,3.85,4.977777777777778,True,False
3126901,Frei Inocêncio,MG,-18.519792344334206,-41.87910882095907,65,0.16826923076923078,0.047536931202069026,1970,0.02988229294893045,3.4,5.044444444444444,False,False
3126950,Frei Lagonegro,MG,-18.143395020360423,-42.75589713409576,65,0.020678048205323384,0.8076618771517865,1975,0.7059061814503923,3.15,5.533333333333333,False,False
3127008,Fronteira,MG,-20.228406175356422,-49.15890140836908,65,0.23557692307692307,0.0055358278705207545,1977,0.004964549597557599,12.4,15.088888888888889,True,True
3127057,Fronteira dos Vales,MG,-16.893892006694944,-40.83535077954702,65,0.08126953829534075,0.3386735498341942,1993,0.5555005761215098,0.95,1.9555555555555555,False,False
3127073,Fruta de Leite,MG,-16.125643836613595,-42.5198870521533,65,0.11108439849836516,0.19094083770394787,2016,0.2563242059624761,3.55,3.577777777777778,False,False
3127107,Frutal,MG,-20.035673028593187,-49.0004181341237,65,0.03557692307692308,0.6752581537654916,1977,0.28840837545464815,6.55,10.666666666666666,False,False
3127206,Funilândia,MG,-19.36103461072789,-44.07414144733291,65,-0.10673076923076924,0.2088161029308362,2000,0.20895933922108018,14.1,9.4,False,False
3127305,Galiléia,MG,-18.880215226967515,-41.54495132838179,65,0.12500000000000003,0.14103164052071637,1978,0.020251720191003866,3.05,9.0,False,True
3127339,Gameleiras,MG,-14.971063996606672,-43.25966561671943,65,0.0826923076923077,0.33017658764094726,1972,0.7059061814503923,6.65,5.088888888888889,False,False
3127354,Glaucilândia,MG,-16.903870963145938,-43.63936855259883,65,-0.1283962528097987,0.13063207140014976,2007,0.4828614628254793,9.4,5.666666666666667,False,False
3127370,Goiabeira,MG,-19.0219300754622,-41.23608459642067,65,0.1076923076923077,0.20474428938111378,1972,0.186646930242533,6.25,9.88888888888889,False,False
3127388,Goianá,MG,-21.55552632914778,-43.18930272250835,65,-0.004807692307692309,0.9548528001763662,2007,1.0,13.6,15.777777777777779,False,False
3127404,Gonçalves,MG,-22.673020493692565,-45.824887662477046,65,-0.11057692307692309,0.19287584940313707,2009,0.0732972202658319,43.8,25.933333333333334,False,False
3127503,Gonzaga,MG,-18.87385744629972,-42.50513322291668,65,0.054807692307692314,0.5186693578126838,1970,0.3701743102121331,2.45,6.822222222222222,False,False
3127602,Gouveia,MG,-18.5234524884012,-43.83339456931389,65,0.06826923076923078,0.4214450879802445,1976,0.16144984740732568,4.1,7.911111111111111,False,False
3127701,Governador Valadares,MG,-18.78344575645711,-41.963371776720464,65,0.1932692307692308,0.02285338210981876,1978,0.011412212598447198,2.8,7.044444444444444,True,True
3127800,Grão Mogol,MG,-16.463840807396164,-42.993718332647326,65,0.07884615384615386,0.3531652909023054,1997,0.2148498852809811,6.15,4.777777777777778,False,False
3127909,Grupiara,MG,-18.488073896930505,-47.76051288838576,65,-0.06634615384615386,0.43464303240459945,2005,0.11925165071939424,5.45,6.711111111111111,False,False
3128006,Guanhães,MG,-18.83358162505609,-42.85318114976187,64,0.12651947796906768,0.1395688608365116,1999,0.401147601336962,2.1,4.822222222222222,False,False
3128105,Guapé,MG,-20.76431849539696,-45.92094874948694,65,0.2855769230769231,0.0007713869357615674,1976,3.8937818206643555e-05,1.0,3.1555555555555554,True,True
3128204,Guaraciaba,MG,-20.55514116049486,-43.020696811520565,65,0.14134615384615387,0.09602308626391638,1978,0.07838680053058594,10.95,13.044444444444444,False,False
3128253,Guaraciama,MG,-17.07855928072345,-43.62060885876627,65,-0.0009615384615384617,0.9909659293951528,1983,1.0,6.05,3.888888888888889,False,False
3128303,Guaranésia,MG,-21.27740938886403,-46.807322423684425,65,-0.056263526512158976,0.507719593512991,2007,0.3398734186798964,18.95,17.666666666666668,False,False
3128402,Guarani,MG,-21.356983640701017,-43.05761304128865,65,0.12211538461538464,0.1504363713206985,2015,0.36132902060287403,10.6,11.488888888888889,False,False
3128501,Guarará,MG,-21.754807756536724,-43.022094965408726,65,0.1759615384615385,0.038259195895726995,1977,0.08657956663465231,21.0,19.044444444444444,False,False
3128600,Guarda-Mor,MG,-17.73177632070155,-47.12608648030596,65,0.1375,0.10541366817859947,1977,0.004531670941802023,1.6,3.888888888888889,False,True
3128709,Guaxupé,MG,-21.290635644497325,-46.68300006227967,65,-0.058653846153846154,0.48976100930269273,1983,0.7883903763393662,16.9,15.266666666666667,False,False
3128808,Guidoval,MG,-21.166867313127486,-42.7856173452896,65,0.18942307692307694,0.02570858110600464,1999,0.02988229294893045,9.75,11.2,True,False
3128907,Guimarânia,MG,-18.81600973636748,-46.7529240197098,65,0.09423076923076924,0.26715785444604245,1977,0.3035887052227368,5.6,7.511111111111111,False,False
3129004,Guiricema,MG,-21.014877760161408,-42.69966957177453,65,0.21634615384615385,0.010845950917060442,1995,0.014060907443860605,8.15,10.8,True,True
3129103,Gurinhatã,MG,-19.098268413304787,-49.870076304897744,65,0.14903846153846154,0.0792542785402758,1973,0.12301501734761935,1.8,5.0,False,False
3129202,Heliodora,MG,-22.049183244433127,-45.54071436124352,65,-0.10961538461538463,0.19677448800476616,1995,0.186646930242533,15.95,15.6,False,False
3129301,Iapu,MG,-19.3471397854761,-42.24276643387906,65,0.1701923076923077,0.0450560990200837,1978,0.006217636299301284,3.2,7.955555555555556,False,True
3129400,Ibertioga,MG,-21.449667247044456,-43.959011122609006,65,0.01106035136563809,0.8963971614423272,1974,0.3274473959752802,15.7,14.577777777777778,False,False
3129509,Ibiá,MG,-19.557802584233016,-46.59571209351334,65,0.016346153846153847,0.8473606749709596,1976,0.22086846274676056,3.5,5.8,False,False
3129608,Ibiaí,MG,-16.828762569403207,-44.79024605180346,65,0.06923076923076923,0.4149352520971258,1978,0.20319531429857648,9.35,5.4222222222222225,False,False
3129657,Ibiracatu,MG,-15.696662099162715,-44.14492637000972,65,0.15288461538461542,0.07181004824924186,1976,0.12301501734761935,9.05,6.4222222222222225,False,False
3129707,Ibiraci,MG,-20.393280290305047,-47.111656260926615,65,0.003846153846153847,0.9638752961842721,2000,0.24625239477921027,9.2,13.955555555555556,False,False
3129806,Ibirité,MG,-20.02363455309287,-44.06853795666149,65,0.021153846153846155,0.8032826965468698,2019,1.0,30.35,32.53333333333333,False,False
3129905,Ibitiúra de Minas,MG,-22.067372198970148,-46.40768698370135,65,-0.11063012342788495,0.19286158448924307,1995,0.3701743102121331,15.9,14.422222222222222,False,False
3130002,Ibituruna,MG,-21.167194950435515,-44.78289820730874,65,-0.07115384615384616,0.40209529101557673,1999,0.3883192024619521,10.4,12.0,False,False
3130051,Icaraí de Minas,MG,-16.225125497572648,-44.91630639089152,65,0.11781678628614486,0.16542298135557165,1996,0.03674100062949715,10.05,6.111111111111111,False,False
3130101,Igarapé,MG,-20.05946377687708,-44.32193724350659,65,0.10192307692307694,0.2300563729738222,1978,0.027683537119878636,25.05,28.68888888888889,False,False
3130200,Igaratinga,MG,-19.95115425723216,-44.71839106285061,65,-0.008653846153846154,0.9188321343240562,2012,0.6794395367093345,17.05,24.066666666666666,False,False
3130309,Iguatama,MG,-20.156158307988253,-45.75279380023755,65,0.20961538461538465,0.01357322433412817,1981,0.014060907443860605,6.75,10.022222222222222,True,True
3130408,Ijaci,MG,-21.17820077379921,-44.93385812220211,65,-0.07115384615384616,0.40209529101557673,2005,0.3883192024619521,9.1,10.688888888888888,False,False
3130507,Ilicínea,MG,-20.93147163138267,-45.8016306296612,65,0.2855769230769231,0.0007713869357615674,1976,3.8937818206643555e-05,0.65,3.488888888888889,True,True
3130556,Imbé de Minas,MG,-19.61868032638707,-41.96769792505928,65,0.24230769230769236,0.004326256244848926,1995,0.05565131986374875,5.2,7.177777777777778,True,False
3130606,Inconfidentes,MG,-22.336544267001404,-46.2817334017436,65,-0.0451923076923077,0.5946081162160604,1991,0.9960061723468323,17.4,14.266666666666667,False,False
3130655,Indaiabira,MG,-15.56214981373825,-42.14289847843258,65,0.24038461538461542,0.004644733942292503,1977,0.01796050511307883,3.0,4.0,True,True
3130705,Indianópolis,MG,-18.9522546895511,-47.84963362406801,65,0.23750000000000004,0.005162356812227657,1991,0.008833456203955271,3.4,6.222222222222222,True,True
3130804,Ingaí,MG,-21.4105411157142,-44.92468833689911,65,-0.04807692307692309,0.5712996214994486,2014,0.5324687972967159,9.3,11.2,False,False
3130903,Inhapim,MG,-19.49867074958333,-41.96686225124243,65,0.15673076923076926,0.06494862597449932,1972,0.09861252850976931,4.2,8.066666666666666,False,False
3131000,Inhaúma,MG,-19.49801775237288,-44.40914723398116,65,-0.06730769230769232,0.42801444993475524,2000,0.3274473959752802,14.45,9.555555555555555,False,False
3131109,Inimutaba,MG,-18.73022596820823,-44.29188722328323,65,0.07115384615384616,0.40209529101557673,1967,0.25293286153182654,5.95,8.177777777777777,False,False
3131158,Ipaba,MG,-19.408920085339496,-42.37084855344117,65,0.17500000000000002,0.03932745024003653,1978,0.003275128172611387,4.2,8.266666666666667,False,True
3131208,Ipanema,MG,-19.75772551819781,-41.7493288045997,65,0.30055302624016544,0.00040252551857556057,1995,0.0016679338127319765,5.05,8.244444444444444,True,True
3131307,Ipatinga,MG,-19.438988509409832,-42.60098396775029,65,0.30769230769230776,0.00029088330683338913,1978,0.00043558221385633824,2.65,7.511111111111111,True,True
3131406,Ipiaçu,MG,-18.69817249218762,-49.932124393911664,65,0.11442307692307693,0.17784832771439973,1971,0.07580582880191701,1.35,3.3777777777777778,False,False
3131505,Ipuiúna,MG,-22.02796095811373,-46.13059477666756,65,-0.12596153846153849,0.1379992597344832,1996,0.2667046417839311,10.5,10.422222222222222,False,False
3131604,Iraí de Minas,MG,-19.04396081219902,-47.4575502882787,65,0.08511661703121487,0.3163043604044854,1988,0.10513368645374463,4.95,6.288888888888889,False,False
3131703,Itabira,MG,-19.60060158552672,-43.29996484251889,65,0.09423076923076924,0.26715785444604245,1975,0.3440897276461011,10.6,10.822222222222223,False,False
3131802,Itabirinha,MG,-18.54920182818991,-41.244582554349016,65,0.06634615384615386,0.43464303240459945,1973,0.10182967849068571,5.15,9.644444444444444,False,False
3131901,Itabirito,MG,-20.25312788418905,-43.8093609699849,65,0.01730769230769231,0.8385020825980152,1986,1.0,18.3,18.444444444444443,False,False
3132008,Itacambira,MG,-16.934908789862344,-43.328727772104585,65,-0.02211538461538462,0.7945369497506702,1977,0.5672409199242981,3.3,3.6444444444444444,False,False
3132107,Itacarambi,MG,-15.177196417600728,-44.12516972857545,65,0.08653846153846155,0.308179547467054,2001,0.3701743102121331,4.85,3.466666666666667,False,False
3132206,Itaguara,MG,-20.371915795238884,-44.53173354837443,65,0.0778846153846154,0.35906697866031423,1981,0.7193378849388556,15.7,22.42222222222222,False,False
3132305,Itaipé,MG,-17.4093169965879,-41.6593566293294,65,0.14807692307692308,0.08121025824359357,1974,0.08946573118645543,2.05,5.022222222222222,False,False
3132404,Itajubá,MG,-22.42195736248408,-45.414419167335616,65,-0.2105769230769231,0.01314978662714658,1996,0.0007797178157655067,47.7,26.933333333333334,True,True
3132503,Itamarandiba,MG,-17.85640876892929,-42.87702373412082,65,0.20192307692307696,0.017417130286899955,1975,0.01869710762272877,2.2,4.822222222222222,True,True
3132602,Itamarati de Minas,MG,-21.42405680853998,-42.84770014947092,65,0.1451923076923077,0.08731427299935919,1999,0.2270165572915539,11.5,12.511111111111111,False,False
3132701,Itambacuri,MG,-18.158921055598785,-41.84596714847755,65,0.10096153846153848,0.2344826070931848,1977,0.4775403025455924,2.85,3.9555555555555557,False,False
3132800,Itambé do Mato Dentro,MG,-19.396387252919634,-43.351188996777296,65,0.0451923076923077,0.5946081162160604,1975,0.8025622312742078,8.4,9.022222222222222,False,False
3132909,Itamogi,MG,-21.07416550682441,-47.05010348854126,65,-0.0697283020877184,0.4116952528369112,2009,0.036065047811419726,16.9,16.88888888888889,False,False
3133006,Itamonte,MG,-22.289217396176987,-44.75765737759851,65,0.11346153846153846,0.18152087117928373,1976,0.4775403025455924,40.3,27.8,False,False
3133105,Itanhandu,MG,-22.320187389036896,-44.92092720153624,65,-0.04230769230769231,0.6183417469175422,1996,0.4070731221914113,38.7,28.266666666666666,False,False
3133204,Itanhomi,MG,-19.160946941702417,-41.82040492517455,65,0.16494350080060283,0.05215087429519464,1978,0.031038301874568873,2.35,7.066666666666666,False,False
3133303,Itaobim,MG,-16.582953834761224,-41.53439485470787,65,0.16923076923076924,0.04628252141634792,1986,0.12301501734761935,2.35,5.555555555555555,False,False
3133402,Itapagipe,MG,-19.794839158420164,-49.42341220407986,65,0.225,0.008060423079027226,1975,0.015266779927279142,3.0,6.177777777777778,True,True
3133501,Itapecerica,MG,-20.458488733971087,-45.107853998139646,65,0.08750000000000001,0.302835364563549,1979,0.3035887052227368,7.2,10.333333333333334,False,False
3133600,Itapeva,MG,-22.699886452275315,-46.20976187921465,65,0.22884615384615387,0.0070426804278188836,1975,0.05185908915400302,24.0,22.666666666666668,True,False
3133709,Itatiaiuçu,MG,-20.2091502700074,-44.45287349771674,65,0.23365384615384616,0.005933512117906358,1993,0.01869710762272877,18.55,25.355555555555554,True,True
3133758,Itaú de Minas,MG,-20.736736063211204,-46.77168285880699,65,0.03895167220072545,0.6465361262504953,1976,0.18137345418813178,3.45,7.022222222222222,False,False
3133808,Itaúna,MG,-20.0780518440149,-44.58885702523562,65,0.1432692307692308,0.09158551296933214,1977,0.10513368645374463,15.9,23.533333333333335,False,False
3133907,Itaverava,MG,-20.685223980560966,-43.6129247916171,65,0.13705217996551547,0.1066314445988412,1977,0.0198526314262092,7.05,9.222222222222221,False,True
3134004,Itinga,MG,-16.586558859849927,-41.83564682005985,65,0.18173076923076925,0.03235447625285426,1999,0.10182967849068571,4.7,8.022222222222222,True,False
3134103,Itueta,MG,-19.37274459900458,-41.10379000335906,65,0.010576923076923078,0.9008794391838973,1972,0.3113955087807632,8.95,9.866666666666667,False,False
3134202,Ituiutaba,MG,-18.99255601488224,-49.54431848229879,65,0.16161618031204064,0.05713372411007111,1986,0.09703600799175287,2.0,4.488888888888889,False,False
3134301,Itumirim,MG,-21.289702214127782,-44.82411737609757,65,-0.09615384615384617,0.25751798224906275,1999,0.4363521181567188,8.1,9.8,False,False
3134400,Iturama,MG,-19.716405362561463,-50.34499166905314,65,0.013461538461538462,0.8740480196882481,1973,0.20319531429857648,4.6,6.333333333333333,False,False
3134509,Itutinga,MG,-21.351212154419983,-44.710232004754594,65,-0.11826923076923078,0.16371030112364793,2014,0.17118085708445183,11.45,11.6,False,False
3134608,Jaboticatubas,MG,-19.440698176423464,-43.718106656659,65,-0.15,0.07733678360610473,2005,0.01869710762272877,12.15,9.88888888888889,False,True
3134707,Jacinto,MG,-16.182375358754502,-40.31374062275106,65,0.2986294868722284,0.00043846987029448414,1994,2.7405109784450244e-07,2.8,4.555555555555555,True,True
3134806,Jacuí,MG,-21.024410808191327,-46.73553303066144,65,0.15673076923076926,0.06494862597449932,1974,0.11558351804791793,9.35,12.8,False,False
3134905,Jacutinga,MG,-22.2877912938968,-46.60101318807418,65,-0.08173076923076925,0.33583089893655294,2001,0.1662584764648557,27.8,23.0,False,False
3135001,Jaguaraçu,MG,-19.637644400471125,-42.71815471039815,65,0.18173076923076925,0.03235447625285426,1978,0.036065047811419726,6.35,9.155555555555555,True,False
3135050,Jaíba,MG,-15.23268676824851,-43.67581130251276,65,-0.059615384615384626,0.4826718288253318,1984,0.8025622312742078,5.65,5.466666666666667,False,False
3135076,Jampruca,MG,-18.46399300920549,-41.740352751051546,65,0.1558441738723249,0.06660241415374084,1970,0.07206956866432014,2.35,4.622222222222222,False,False
3135100,Janaúba,MG,-15.798819053243022,-43.39675046373981,65,0.1125,0.18524939541359853,1993,0.10182967849068571,5.8,5.822222222222222,False,False
3135209,Januária,MG,-15.320151958104669,-44.84946709428744,65,-0.09665785323883723,0.25513858177221016,2012,0.7465872320851034,0.05,1.2444444444444445,False,False
3135308,Japaraíba,MG,-20.13276471180287,-45.52909995043524,65,0.2153846153846154,0.011203053689114175,1981,0.0025837459785470547,4.85,7.266666666666667,True,True
3135357,Japonvar,MG,-15.944610721630108,-44.32930806105141,65,0.01153846153846154,0.8919214874063491,1998,0.3274473959752802,9.05,7.066666666666666,False,False
3135407,Jeceaba,MG,-20.552416677379096,-44.047027413149785,65,0.03461538461538462,0.683552875272655,1976,1.0,10.15,12.11111111111111,False,False
3135456,Jenipapo de Minas,MG,-17.168359409357326,-42.215233279128384,65,-0.01153846153846154,0.8919214874063491,1984,1.0,5.85,4.977777777777778,False,False
3135506,Jequeri,MG,-20.474162364200623,-42.61965532008322,65,0.21207021531506076,0.012535111461060922,1978,0.03883579920096674,8.5,11.71111111111111,True,False
3135605,Jequitaí,MG,-17.209821429866086,-44.475757539914525,65,0.04615384615384616,0.5867904254454406,1976,0.6407607168142557,7.8,3.8222222222222224,False,False
3135704,Jequitibá,MG,-19.21163979011515,-44.00112926577994,65,-0.0375,0.6587873377864597,2002,0.8898836579770303,13.05,8.555555555555555,False,False
3135803,Jequitinhonha,MG,-16.388806663214034,-41.08283316155861,65,0.08896369576708898,0.2949275602756358,1978,0.27379852014261447,3.2,6.4,False,False
3135902,Jesuânia,MG,-22.00999100757222,-45.27542195349347,65,-0.2105769230769231,0.01314978662714658,1994,0.01869710762272877,20.65,17.77777777777778,True,True
3136009,Joaíma,MG,-16.770662034286357,-41.01527175791546,65,0.17211538461538464,0.04268533710848181,1981,0.025628914308205172,1.0,3.1333333333333333,False,True
3136108,Joanésia,MG,-19.20962386195188,-42.70430351801849,65,0.15,0.07733678360610473,1978,0.022799875341596585,2.6,7.533333333333333,False,True
3136207,João Monlevade,MG,-19.83794907962865,-43.161481037984416,65,0.1836538461538462,0.030568176043374543,1993,0.0374280118542835,7.2,7.888888888888889,True,False
3136306,João Pinheiro,MG,-17.60465204030795,-45.93430131430042,65,-0.07742245955946664,0.36203323908533214,1994,0.4775403025455924,1.05,1.8666666666666667,False,False
3136405,Joaquim Felício,MG,-17.67602362778659,-44.111543508260375,65,0.03365384615384616,0.6918859681811715,1976,0.2270165572915539,0.35,1.5777777777777777,False,False
3136504,Jordânia,MG,-15.8833442086019,-40.31388843222745,65,0.2640057782493614,0.0018826231796564646,1993,4.564250405312725e-06,4.45,3.2888888888888888,True,True
3136520,José Gonçalves de Minas,MG,-16.900094656459018,-42.65612093517915,65,-0.1091608591304281,0.19873811491004922,1969,0.4215400673099624,5.8,5.622222222222222,False,False
3136553,José Raydan,MG,-18.24721692556398,-42.48016985903775,65,0.03557692307692308,0.6752581537654916,1968,0.9500382475590613,3.2,5.133333333333334,False,False
3136579,Josenópolis,MG,-16.541661551759553,-42.55069126672739,65,0.06588122335184428,0.437972089543775,2012,0.4722574582366629,6.55,7.644444444444445,False,False
3136603,Nova União,MG,-19.635327646408346,-43.57204060606275,65,-0.0375,0.6587873377864597,2005,0.3274473959752802,14.25,12.555555555555555,False,False
3136652,Juatuba,MG,-19.956332387639343,-44.35425351403658,65,0.2326923076923077,0.006141854588758913,1977,0.006500550461868807,24.5,27.88888888888889,True,True
3136702,Juiz de Fora,MG,-21.74546745268044,-43.4647332018767,65,-0.06826923076923078,0.4214450879802445,1986,0.7604002213532476,15.45,17.444444444444443,False,False
3136801,Juramento,MG,-16.840129791798304,-43.56443774571586,65,-0.10384615384615385,0.22138288217168667,2006,0.6926060465695535,6.55,4.977777777777778,False,False
3136900,Juruaia,MG,-21.220922686121064,-46.5265404467785,65,0.00576923076923077,0.9458360859046578,2007,0.9960061723468323,9.65,9.577777777777778,False,False
3136959,Juvenília,MG,-14.385650298418392,-44.084142274979136,65,0.20192307692307696,0.017417130286899955,1998,0.12687530739535213,11.5,7.311111111111111,True,False
3137007,Ladainha,MG,-17.626398427161618,-41.82249848802854,65,0.29903846153846153,0.0004293043732212458,1997,0.007421232664532038,2.25,4.133333333333334,True,True
3137106,Lagamar,MG,-18.103473452386098,-46.73459840154805,65,0.1024284713426484,0.2278582229807682,1977,0.1662584764648557,2.65,5.866666666666666,False,False
3137205,Lagoa da Prata,MG,-20.010944379190207,-45.49414470674815,65,0.22019230769230771,0.00951664515111635,1981,0.0023471190382498494,5.45,9.066666666666666,True,True
3137304,Lagoa dos Patos,MG,-17.00779626225334,-44.64633877796521,65,0.18269230769230774,0.03145044869191862,1991,0.04829200871359571,10.35,5.177777777777778,True,False
3137403,Lagoa Dourada,MG,-20.89222075511501,-44.07465416057919,65,0.10961538461538463,0.19677448800476616,1977,0.12687530739535213,13.25,13.133333333333333,False,False
3137502,Lagoa Formosa,MG,-18.76952576973851,-46.336782115404446,65,0.018754508837386327,0.8252500634516793,1976,0.7883903763393662,6.15,7.044444444444444,False,False
3137536,Lagoa Grande,MG,-17.766227387982738,-46.50156685869756,65,0.11923076923076925,0.16031184519331876,1976,0.02371045067341545,2.0,3.977777777777778,False,True
3137601,Lagoa Santa,MG,-19.628377418509743,-43.88582640710026,65,0.02933397536104015,0.7298312391106343,1994,0.573166815335483,20.7,12.955555555555556,False,False
3137700,Lajinha,MG,-20.143668634525028,-41.58783375488924,65,0.12019230769230771,0.1569669882535778,1979,0.28840837545464815,10.85,13.666666666666666,False,False
3137809,Lambari,MG,-22.000967801883444,-45.377659142343965,65,-0.1634615384615385,0.05424550401058549,2008,0.10182967849068571,19.65,17.377777777777776,False,False
3137908,Lamim,MG,-20.77965710100985,-43.47448927579596,65,0.22692307692307692,0.00753616048771029,1977,0.01796050511307883,8.4,8.977777777777778,True,True
3138005,Laranjal,MG,-21.356652020658704,-42.45071182665108,65,0.04038461538461539,0.6343904759318508,1974,0.49905447699339966,9.15,11.2,False,False
3138104,Lassance,MG,-17.88081259560895,-44.69537153050744,65,-0.06491945366787574,0.44468893429885126,2006,0.3074739463256514,2.2,4.5777777777777775,False,False
3138203,Lavras,MG,-21.26464537423737,-45.038466041875104,65,-0.032692307692307694,0.7002565367900856,2014,0.8312453951901982,9.35,12.222222222222221,False,False
3138302,Leandro Ferreira,MG,-19.67946526764701,-45.040795828500585,65,0.024038461538461543,0.7771237463572624,1977,0.10852621480054009,5.4,7.888888888888889,False,False
3138351,Leme do Prado,MG,-17.06979504601587,-42.74451071017304,65,-0.13173076923076923,0.120849081775192,1973,0.25974984352926617,3.55,2.488888888888889,False,False
3138401,Leopoldina,MG,-21.54865237319436,-42.64404570767525,65,0.12262563470598753,0.14883003573030254,1977,0.1567533113111856,11.2,11.933333333333334,False,False
3138500,Liberdade,MG,-22.0156522653383,-44.33312386686356,65,0.015384615384615387,0.8562385953808652,1967,1.0,23.7,22.266666666666666,False,False
3138609,Lima Duarte,MG,-21.79941799709368,-43.88692089259422,65,-0.09858139260677429,0.2458035640686943,2004,0.06733218398429211,13.65,14.533333333333333,False,False
3138625,Limeira do Oeste,MG,-19.407346972956784,-50.64762749841558,65,0.15192307692307694,0.07361518372015567,1971,0.10852621480054009,0.0,4.111111111111111,False,False
3138658,Lontra,MG,-15.85633171068574,-44.26970072236308,65,0.22168791215474606,0.009055800110441584,1998,0.013490690078320355,10.3,7.777777777777778,True,True
3138674,Luisburgo,MG,-20.43624966233273,-42.07440131978942,65,0.21207021531506076,0.012535111461060922,1995,0.00022537116101560133,8.8,11.133333333333333,True,True
3138682,Luislândia,MG,-16.196267422315994,-44.596498685230856,65,-0.11346153846153846,0.18152087117928373,1975,0.29592667730419125,12.3,7.311111111111111,False,False
3138708,Luminárias,MG,-21.537985752711435,-44.9231086222444,65,-0.03461538461538462,0.683552875272655,2014,0.6535150821111455,10.8,12.022222222222222,False,False
3138807,Luz,MG,-19.8272961142778,-45.67891804343461,65,0.2105769230769231,0.01314978662714658,1979,0.015266779927279142,7.35,10.377777777777778,True,True
3138906,Machacalis,MG,-17.08376070909432,-40.719763309455054,65,0.0451923076923077,0.5946081162160604,1967,1.0,2.6,2.533333333333333,False,False
3139003,Machado,MG,-21.66601052024429,-45.92014992219608,65,0.10531378039455398,0.21502598908663806,1977,0.7883903763393662,7.05,7.133333333333334,False,False
3139102,Madre de Deus de Minas,MG,-21.484961657142712,-44.33214348408842,65,-0.0125,0.8829773063503712,2000,0.36132902060287403,11.8,12.022222222222222,False,False
3139201,Malacacheta,MG,-17.84337936725542,-42.11023302882871,64,0.2123015873015873,0.013150391775346163,1974,0.04048382289160878,0.95,4.533333333333333,True,False
3139250,Mamonas,MG,-15.01278408059672,-42.95383401535961,65,0.01730769230769231,0.8385020825980152,1963,1.0,7.3,5.177777777777778,False,False
3139300,Manga,MG,-14.648123619116909,-44.092527977489375,65,-0.04134615384615385,0.6263439932763901,1981,0.6535150821111455,8.85,6.533333333333333,False,False
3139409,Manhuaçu,MG,-20.19525657250384,-42.106891654478574,65,0.26730769230769236,0.0016454351395933779,1995,0.004964549597557599,8.45,10.71111111111111,True,True
3139508,Manhumirim,MG,-20.34734192436828,-41.93940999570206,65,0.31072634667136384,0.00025481439061771647,1995,0.0015873987178454797,10.4,12.644444444444444,True,True
3139607,Mantena,MG,-18.684881153932395,-41.0809071977716,65,0.12935802249376724,0.12777446352434002,1975,0.024653148270964056,6.0,11.555555555555555,False,True
3139706,Maravilhas,MG,-19.50125623119192,-44.67122669100274,65,-0.03125751472897721,0.712876266353327,2002,0.4264390421954524,10.35,9.11111111111111,False,False
3139805,Mar de Espanha,MG,-21.87764614249693,-43.0185713990395,65,0.31594134118366196,0.0001995466982777495,1993,0.0015104921756299722,22.6,20.8,True,True
3139904,Maria da Fé,MG,-22.322448977845085,-45.31344486699716,65,-0.1351286405975784,0.11163777107250235,1996,0.025628914308205172,36.55,21.91111111111111,False,True
3140001,Mariana,MG,-20.3291007473432,-43.33133701167839,65,0.15384615384615388,0.07004133687461596,1977,0.12301501734761935,11.45,15.355555555555556,False,False
3140100,Marilac,MG,-18.49397943686676,-42.07399985459078,65,0.06538461538461539,0.4413305118271882,1970,0.23329562826712694,3.4,5.044444444444444,False,False
3140159,Mário Campos,MG,-20.07664745831048,-44.176145722033176,65,0.08846153846153848,0.2975531675111377,1982,0.2397071069526228,26.95,31.2,False,False
3140209,Maripá de Minas,MG,-21.694334987943225,-42.95638013026664,65,0.20918490626315517,0.013787908453336235,1981,0.012674336075188072,20.6,19.288888888888888,True,True
3140308,Marliéria,MG,-19.70578062214667,-42.61478019058108,65,0.2899735597165117,0.0006404713554553974,1978,0.0008212527759359447,6.4,9.844444444444445,True,True
3140407,Marmelópolis,MG,-22.463686822357904,-45.17227602159288,65,-0.12070209533805047,0.15530790708588585,2008,0.03883579920096674,60.1,31.42222222222222,False,False
3140506,Martinho Campos,MG,-19.412257440341293,-45.190577797881126,65,-0.021153846153846155,0.8032826965468698,2005,0.12687530739535213,5.5,11.133333333333333,False,False
3140530,Martins Soares,MG,-20.2588182984416,-41.84263694136071,65,0.23173076923076924,0.006356762266437549,1995,0.01004816286544616,10.25,10.955555555555556,True,True
3140555,Mata Verde,MG,-15.761442119384338,-40.702315078303926,65,0.2759615384615385,0.001155531811201797,1996,0.0020295623064687887,4.15,2.7333333333333334,True,True
3140605,Materlândia,MG,-18.461178037205613,-43.04673286151807,65,0.1125,0.18524939541359853,1969,0.2810327034097539,2.7,5.288888888888889,False,False
3140704,Mateus Leme,MG,-20.027304311198947,-44.437493498710666,65,0.07596153846153847,0.37105504106368714,1978,0.33569432777951663,19.7,25.044444444444444,False,False
3140803,Matias Barbosa,MG,-21.871013275539525,-43.30797238438051,65,0.05,0.5560061415710047,2016,0.37917085700952197,21.25,22.08888888888889,False,False
3140852,Matias Cardoso,MG,-14.902881990077043,-43.76086877749588,65,0.010582011806145517,0.9008762784854922,1970,1.0,7.8,5.888888888888889,False,False
3140902,Matipó,MG,-20.30848861051356,-42.31574287982005,65,0.2326923076923077,0.006141854588758913,1977,0.01294136909450836,6.65,8.8,True,True
3141009,Mato Verde,MG,-15.425427248362425,-42.86409272800241,65,-0.0019230769230769234,0.9819330169178719,2014,0.9047890422433168,7.55,6.355555555555555,False,False
3141108,Matozinhos,MG,-19.523826989570622,-44.05154003563776,65,-0.12743448312583017,0.1335390103437567,1981,0.20319531429857648,19.75,11.2,False,False
3141207,Matutina,MG,-19.19361657653416,-45.99559168475036,65,0.022601587573260445,0.7901703835633029,1976,0.15216720064717362,4.05,5.266666666666667,False,False
3141306,Medeiros,MG,-19.989200922739187,-46.33973592351717,65,0.2605769230769231,0.0021515738117853294,1981,0.001840518197403408,4.55,6.533333333333333,True,True
3141405,Medina,MG,-16.270465840356245,-41.510058798953246,65,0.13609041028154692,0.10911190299897842,1993,0.3074739463256514,2.8,5.644444444444445,False,False
3141504,Mendes Pimentel,MG,-18.629289306400192,-41.35592009964608,65,0.08030776861137222,0.34442077838054097,1972,0.0732972202658319,3.95,8.511111111111111,False,False
3141603,Mercês,MG,-21.18824589373204,-43.33281143888129,65,0.059615384615384626,0.4826718288253318,1971,0.3113955087807632,12.1,12.911111111111111,False,False
3141702,Mesquita,MG,-19.24796239388704,-42.61211223734716,65,0.16730769230769232,0.048819802579820055,1977,0.021071406588780116,2.6,7.511111111111111,False,True
3141801,Minas Novas,MG,-17.36146122488773,-42.435993782638704,65,0.025,0.7684583572208751,2012,0.9960061723468323,4.15,3.2444444444444445,False,False
3141900,Minduri,MG,-21.674962023444607,-44.613968813517424,65,-0.18610243384791048,0.028452431195444036,2016,0.12301501734761935,11.1,11.355555555555556,True,False
3142007,Mirabela,MG,-16.25937879461354,-44.15772536374431,65,0.07980769230769232,0.3473253208868534,2004,0.4264390421954524,13.0,9.866666666666667,False,False
3142106,Miradouro,MG,-20.849550427088943,-42.399628820010975,65,0.1932692307692308,0.02285338210981876,1995,0.031038301874568873,7.25,10.177777777777777,True,False
3142205,Miraí,MG,-21.15005110160816,-42.61790933367101,65,0.20961538461538465,0.01357322433412817,2007,0.033468923782858755,7.4,9.533333333333333,True,False
3142254,Miravânia,MG,-14.75291316647629,-44.42159693564045,65,-0.06250000000000001,0.46174282539108646,1981,0.37917085700952197,4.7,3.9555555555555557,False,False
3142304,Moeda,MG,-20.33012610683419,-43.992132737186864,65,0.0,1.0,1973,1.0,18.65,18.444444444444443,False,False
3142403,Moema,MG,-19.841185252203253,-45.40731667206731,65,0.0778846153846154,0.35906697866031423,1980,0.04829200871359571,5.05,8.266666666666667,False,False
3142502,Monjolos,MG,-18.387872443862268,-44.023174943847934,65,0.1447463374372637,0.08836161353687573,1976,0.03955687337760341,4.25,8.333333333333334,False,False
3142601,Monsenhor Paulo,MG,-21.73316843874451,-45.48191072280424,65,0.12884615384615386,0.1292032674393662,1982,0.33569432777951663,11.5,13.022222222222222,False,False
3142700,Montalvânia,MG,-14.47315319923476,-44.50151053411581,65,0.06538461538461539,0.4413305118271882,2003,0.8603610817965768,9.15,6.177777777777778,False,False
3142809,Monte Alegre de Minas,MG,-18.844521180032466,-48.88682951441417,65,0.25192307692307697,0.003011458854391665,1994,0.015266779927279142,3.4,7.311111111111111,True,True
3142908,Monte Azul,MG,-15.206769929972504,-42.968643492069255,65,-0.026923076923076925,0.751215095177401,2007,0.6033483431563663,6.4,6.088888888888889,False,False
3143005,Monte Belo,MG,-21.31481769865201,-46.326387047728325,65,0.1183261320141726,0.1636967969340034,1990,0.1975562773493669,6.4,9.155555555555555,False,False
3143104,Monte Carmelo,MG,-18.70917546791326,-47.46094237041461,65,0.07884615384615386,0.3531652909023054,1977,0.13083421265918208,4.25,5.6,False,False
3143153,Monte Formoso,MG,-16.877318375602442,-41.26626986834731,65,0.1995672094234699,0.018798012993590994,1988,0.01241227887176321,1.5,4.466666666666667,True,True
3143203,Monte Santo de Minas,MG,-21.188366350786666,-46.94664343819367,65,-0.08704015639915193,0.3054919543825281,2009,0.12687530739535213,21.3,19.444444444444443,False,False
3143302,Montes Claros,MG,-16.620273975440597,-43.92883150545599,65,-0.2168790637349034,0.01066996892255798,1981,0.010264723464201625,13.7,7.022222222222222,True,True
3143401,Monte Sião,MG,-22.420392051040565,-46.51935965575871,65,0.029807692307692313,0.7255839366845278,1980,0.9500382475590613,27.45,21.288888888888888,False,False
3143450,Montezuma,MG,-15.191255642271145,-42.469500741903566,65,0.2980769230769231,0.00044800760165303284,1993,0.0003320015767270666,7.3,4.933333333333334,True,True
3143500,Morada Nova de Minas,MG,-18.578117541723973,-45.4025541521331,65,-0.35000000000000003,3.7643242179399864e-05,1987,0.001300071683545282,1.6,2.3333333333333335,True,True
3143609,Morro da Garça,MG,-18.629955306432915,-44.633080555916806,65,-0.030769230769230774,0.7171064503042393,2005,0.3113955087807632,2.75,5.311111111111111,False,False
3143708,Morro do Pilar,MG,-19.235091450131023,-43.4024901584872,65,0.08461538461538462,0.3190539922528327,1970,0.28840837545464815,6.85,7.733333333333333,False,False
3143807,Munhoz,MG,-22.63190782919712,-46.30431372508327,65,0.1855769230769231,0.02886724751932723,1969,0.12687530739535213,22.65,20.8,True,False
3143906,Muriaé,MG,-21.09132723422177,-42.421496214247625,65,0.15096153846153848,0.07545725721395402,1974,0.25293286153182654,6.6,8.733333333333333,False,False
3144003,Mutum,MG,-19.91913259763976,-41.44694333969332,65,0.030769230769230774,0.7171064503042393,1971,0.3701743102121331,6.6,9.155555555555555,False,False
3144102,Muzambinho,MG,-21.35564337895459,-46.51643420787862,65,0.049038461538461545,0.5636278829337915,2017,0.9500382475590613,13.3,13.333333333333334,False,False
3144201,Nacip Raydan,MG,-18.48061796022221,-42.18796922475328,65,0.03461538461538462,0.683552875272655,1970,0.2810327034097539,3.55,4.666666666666667,False,False
3144300,Nanuque,MG,-17.779234408174084,-40.49687957284716,65,0.20673076923076925,0.014916681278871908,1999,0.10852621480054009,4.8,4.311111111111111,True,False
3144359,Naque,MG,-19.18124262433656,-42.32443698227276,65,0.2230769230769231,0.008617102831198334,1978,0.015903853144033468,2.05,6.933333333333334,True,True
3144375,Natalândia,MG,-16.545106931995264,-46.47471264909426,65,0.15,0.07733678360610473,1998,0.13083421265918208,2.4,4.4,False,False
3144409,Natércia,MG,-22.13014178842524,-45.51220231786588,65,-0.10961538461538463,0.19677448800476616,1995,0.186646930242533,18.35,16.333333333333332,False,False
3144508,Nazareno,MG,-21.204245572624234,-44.61504301244408,65,-0.025,0.7684583572208751,1982,0.6033483431563663,11.8,12.666666666666666,False,False
3144607,Nepomuceno,MG,-21.227580201707465,-45.26080231159551,65,0.10576923076923078,0.21294627515560105,1979,0.12687530739535213,9.15,11.088888888888889,False,False
3144656,Ninheira,MG,-15.368341380852003,-41.65986227494772,65,0.11538461538461539,0.1742313882480251,1970,0.5211789320492503,5.7,6.533333333333333,False,False
3144672,Nova Belém,MG,-18.48816122383824,-41.10217414410384,65,0.16923076923076924,0.04628252141634792,1978,0.0374280118542835,7.0,10.977777777777778,False,False
3144706,Nova Era,MG,-19.718819562832586,-43.01377166182987,65,0.187064203531879,0.027643127106697588,1993,0.025628914308205172,7.8,9.022222222222222,True,True
3144805,Nova Lima,MG,-20.074179277802493,-43.90404560498339,65,0.13128156186170428,0.12220532860785438,1986,0.2632099357410408,19.7,19.77777777777778,False,False
3144904,Nova Módica,MG,-18.45249805331172,-41.52241102081282,65,0.2457321542539593,0.00381564064230791,1978,0.003946984811317777,3.5,6.622222222222222,True,True
3145000,Nova Ponte,MG,-19.26114718210529,-47.7069080076061,65,-0.08846153846153848,0.2975531675111377,2008,0.2397071069526228,2.65,4.888888888888889,False,False
3145059,Nova Porteirinha,MG,-15.734837112011633,-43.2749686644522,65,0.031730769230769236,0.7086636717402414,2014,0.6794395367093345,5.2,6.222222222222222,False,False
3145109,Nova Resende,MG,-21.09800705397918,-46.41566680137196,65,0.11538461538461539,0.1742313882480251,1974,0.25293286153182654,2.05,5.711111111111111,False,False
3145208,Nova Serrana,MG,-19.85234396128853,-44.97398626658388,65,0.0125,0.8829773063503712,1977,0.29592667730419125,7.85,10.311111111111112,False,False
3145307,Novo Cruzeiro,MG,-17.370622773832622,-41.95513749513869,65,0.12500000000000003,0.14103164052071637,1986,0.1975562773493669,1.4,3.6666666666666665,False,False
3145356,Novo Oriente de Minas,MG,-17.229234442731457,-41.22762323955717,65,0.15051695554107486,0.07638759276875527,1997,0.04493933338415746,1.4,4.555555555555555,False,False
3145372,Novorizonte,MG,-16.010985991933822,-42.397757421857335,65,0.2057692307692308,0.015389839986918645,1999,0.043340125789311776,4.05,4.955555555555556,True,False
3145406,Olaria,MG,-21.90714452356882,-43.96597653872584,65,-0.03461538461538462,0.683552875272655,2008,0.3035887052227368,18.5,18.866666666666667,False,False
3145455,Olhos-D'água,MG,-17.47788620005951,-43.59478719483423,65,0.01586919978548074,0.8517949400604597,1966,0.5672409199242981,1.7,1.6444444444444444,False,False
3145505,Olímpio Noronha,MG,-22.09050667486241,-45.28527045992245,65,-0.09954316229074281,0.24122696358645712,1996,0.1476898403483945,22.8,18.955555555555556,False,False
3145604,Oliveira,MG,-20.74986050017279,-44.73592617871465,65,0.06442307692307693,0.44807654659723983,1967,0.4363521181567188,7.6,9.022222222222222,False,False
3145703,Oliveira Fortes,MG,-21.335809139904484,-43.51483191805652,65,0.10723731976249104,0.20676564463432057,1967,0.23648472833616008,14.4,14.066666666666666,False,False
3145802,Onça de Pitangui,MG,-19.708207933109843,-44.73554033305915,65,0.057692307692307696,0.49690584756476786,1982,0.6156758708469371,12.8,16.31111111111111,False,False
3145851,Oratórios,MG,-20.42642335397328,-42.79375059869708,65,0.27884615384615385,0.0010248904043448762,1978,0.006795167961004818,9.9,13.577777777777778,True,True
3145877,Orizânia,MG,-20.51466294175529,-42.21285856036824,65,0.24230769230769236,0.004326256244848926,1989,0.015903853144033468,7.45,9.933333333333334,True,True
3145901,Ouro Branco,MG,-20.52466941171908,-43.675360957648415,65,0.14230769230769233,0.09378325044585276,1977,0.25293286153182654,11.2,11.6,False,False
3146008,Ouro Fino,MG,-22.254822964485363,-46.384003895468894,65,0.01490743010151221,0.8606822507735123,1979,0.8312453951901982,18.5,13.622222222222222,False,False
3146107,Ouro Preto,MG,-20.391068467357428,-43.6103665639616,65,0.019230769230769235,0.8208472385419284,1993,1.0,11.35,13.6,False,False
3146206,Ouro Verde de Minas,MG,-18.048558773362807,-41.296357753746335,65,0.2591969298295187,0.002276741163607241,1980,0.013490690078320355,5.35,6.977777777777778,True,True
3146255,Padre Carvalho,MG,-16.30128645963319,-42.58631542873717,65,0.0697283020877184,0.4116952528369112,1999,0.14117402774158275,5.5,6.444444444444445,False,False
3146305,Padre Paraíso,MG,-17.03802026650462,-41.55195943677912,65,0.22692307692307692,0.00753616048771029,1982,0.013490690078320355,0.5,3.5555555555555554,True,True
3146404,Paineiras,MG,-18.918923350490893,-45.49118168915076,65,-0.13173076923076923,0.120849081775192,2009,0.032233482480051354,1.75,3.466666666666667,False,False
3146503,Pains,MG,-20.381592528091456,-45.69396115097373,65,0.19230769230769235,0.023540058261177936,1974,0.04658952974594933,4.5,7.666666666666667,True,False
3146552,Pai Pedro,MG,-15.419129831715898,-43.14964235273107,65,0.048569369040410745,0.5674513346859593,1995,0.28840837545464815,5.95,5.555555555555555,False,False
3146602,Paiva,MG,-21.286744906611755,-43.42390473732012,65,0.07307692307692308,0.3894966529371431,1971,0.22086846274676056,12.8,13.066666666666666,False,False
3146701,Palma,MG,-21.41910457694901,-42.32887264771389,65,0.016354018245861256,0.8473558425793,1974,0.9500382475590613,8.85,11.022222222222222,False,False
3146750,Palmópolis,MG,-16.788523700283537,-40.37108019436828,65,0.17884615384615388,0.03520128758921378,1988,0.06849092646366872,2.5,3.4,False,False
3146909,Papagaios,MG,-19.3764197482468,-44.69128268143536,65,-0.04134615384615385,0.6263439932763901,2002,0.29592667730419125,9.35,8.822222222222223,False,False
3147006,Paracatu,MG,-17.17292818912232,-46.88404753450454,65,0.07980769230769232,0.3473253208868534,1976,0.2397071069526228,2.55,4.8,False,False
3147105,Pará de Minas,MG,-19.834225216547846,-44.60788406190392,65,0.05384615384615385,0.5260317864344628,1977,0.11925165071939424,18.55,26.68888888888889,False,False
3147204,Paraguaçu,MG,-21.5668429823259,-45.74992474584575,65,0.19134615384615386,0.024244568973916657,1998,0.10182967849068571,6.85,9.333333333333334,True,False
3147303,Paraisópolis,MG,-22.571566284560507,-45.81702935476845,65,-0.0956960835548687,0.2598973828658927,2009,0.18137345418813178,28.35,18.666666666666668,False,False
3147402,Paraopeba,MG,-19.27221774023661,-44.45262150742314,65,-0.04807692307692309,0.5712996214994486,2000,0.6156758708469371,9.45,6.622222222222222,False,False
3147501,Passabém,MG,-19.360259464062366,-43.17533377231723,65,0.08030776861137222,0.34442077838054097,1973,0.5045285117349871,6.55,7.644444444444445,False,False
3147600,Passa Quatro,MG,-22.40574127853424,-44.9684152309885,65,-0.170714118904414,0.04444982558960847,1996,0.06178608302878114,51.45,31.622222222222224,False,False
3147709,Passa Tempo,MG,-20.648934624489137,-44.49110875935214,65,0.01826923076923077,0.8296639093428102,1981,1.0,5.3,6.555555555555555,False,False
3147808,Passa Vinte,MG,-22.18293346517396,-44.2615784618994,65,0.1885522103640474,0.026464001949084083,2007,0.05004808403109762,32.5,27.11111111111111,True,False
3147907,Passos,MG,-20.718601761587284,-46.62207343340665,65,0.2836538461538462,0.0008371287560921994,1979,0.0015873987178454797,2.3,5.133333333333334,True,True
3147956,Patis,MG,-16.080722115005877,-44.10142161090353,65,0.2153846153846154,0.011203053689114175,1997,0.004743582837762857,9.05,8.088888888888889,True,True
3148004,Patos de Minas,MG,-18.59716484676957,-46.5078283391074,65,-0.01826923076923077,0.8296639093428102,1976,0.5100406406299057,4.6,7.066666666666666,False,False
3148103,Patrocínio,MG,-18.970405817814743,-47.05119082726184,65,0.15384615384615388,0.07004133687461596,1976,0.05185908915400302,4.4,7.022222222222222,False,False
3148202,Patrocínio do Muriaé,MG,-21.167193392514,-42.25304320205555,65,0.1557692307692308,0.06661113650746185,1975,0.25974984352926617,8.45,11.244444444444444,False,False
3148301,Paula Cândido,MG,-20.855912028141,-42.98497426155721,65,0.2480769230769231,0.003486022546985994,1984,0.0034324144822200546,6.7,8.11111111111111,True,True
3148400,Paulistas,MG,-18.45819128609136,-42.86520706788833,65,0.020192307692307693,0.8120531453899646,1969,0.8025622312742078,2.65,4.4,False,False
3148509,Pavão,MG,-17.471471480181673,-41.06158431961394,65,0.22072614247077751,0.009360002210218599,1997,0.005814306405300223,3.3,6.444444444444445,True,True
3148608,Peçanha,MG,-18.556962472624534,-42.510359983024,65,-0.08173076923076925,0.33583089893655294,2009,0.5324687972967159,2.85,4.7555555555555555,False,False
3148707,Pedra Azul,MG,-15.95503535755016,-41.18419061469345,65,0.22115384615384617,0.009207901182984903,1993,0.005435034567596376,2.25,3.1333333333333333,True,True
3148756,Pedra Bonita,MG,-20.476671038208966,-42.3753126020205,65,0.13461538461538464,0.11292366071592867,1980,0.16144984740732568,7.45,8.8,False,False
3148806,Pedra do Anta,MG,-20.593031622353,-42.72137856283511,65,0.16153846153846155,0.057141691282258024,1978,0.02663871507995326,7.85,10.355555555555556,False,True
3148905,Pedra do Indaiá,MG,-20.28687069180035,-45.229328326915,65,0.09134615384615387,0.2820779190565359,1979,0.20895933922108018,5.85,8.8,False,False
3149002,Pedra Dourada,MG,-20.827598363882245,-42.15498401442252,65,0.19903846153846155,0.01908771528935225,1995,0.025628914308205172,10.5,12.866666666666667,True,True
3149101,Pedralva,MG,-22.249604157530808,-45.45388707706919,65,-0.1634615384615385,0.05424550401058549,1996,0.0025837459785470547,22.95,17.511111111111113,False,True
3149150,Pedras de Maria da Cruz,MG,-15.625481530396236,-44.323367840833775,65,0.00576923076923077,0.9458360859046578,2018,0.6664086010224509,7.4,5.733333333333333,False,False
3149200,Pedrinópolis,MG,-19.192297387408026,-47.510286721618726,65,0.04134615384615385,0.6263439932763901,1980,0.12687530739535213,2.95,5.733333333333333,False,False
3149309,Pedro Leopoldo,MG,-19.639897248146443,-44.05267114583802,65,-0.008175042313732502,0.9233259201248938,1967,1.0,25.8,17.622222222222224,False,False
3149408,Pedro Teixeira,MG,-21.72522671187532,-43.72909434837981,65,-0.016346153846153847,0.8473606749709596,1970,1.0,13.2,15.177777777777777,False,False
3149507,Pequeri,MG,-21.825889970540388,-43.13201455002729,65,0.08173076923076925,0.33583089893655294,1976,0.37917085700952197,19.1,18.844444444444445,False,False
3149606,Pequi,MG,-19.604775558599385,-44.63583319002996,65,-0.028846153846153848,0.7340951823194757,2002,0.22086846274676056,14.5,13.511111111111111,False,False
3149705,Perdigão,MG,-19.940286371363225,-45.05786938111551,65,0.14903846153846154,0.0792542785402758,1982,0.03883579920096674,6.6,9.266666666666667,False,False
3149804,Perdizes,MG,-19.400085907983875,-47.19589237041091,65,0.15532580396091752,0.06745105054672688,1976,0.04658952974594933,3.75,5.911111111111111,False,False
3149903,Perdões,MG,-21.0758959150167,-45.06490654195141,65,0.15532580396091752,0.06745105054672688,1976,0.08946573118645543,10.1,11.533333333333333,False,False
3149952,Periquito,MG,-19.08416673125473,-42.231808272696064,65,0.11396970755027075,0.17967065085919276,1977,0.0954805823504146,2.0,7.133333333333334,False,False
3150000,Pescador,MG,-18.331080476123145,-41.56005062265315,65,0.19572013068759578,0.021210258269198,1978,0.02417772552321365,2.75,4.044444444444444,True,True
3150109,Piau,MG,-21.50232807175768,-43.31663793417899,65,0.043290048297868026,0.610373069423031,1995,0.9273171959163837,12.9,14.777777777777779,False,False
3150158,Piedade de Caratinga,MG,-19.76291641525785,-42.044733446116325,65,0.26346153846153847,0.001919330513802186,1977,0.014652703987493569,5.45,9.222222222222221,True,True
3150208,Piedade de Ponte Nova,MG,-20.24174339510605,-42.71809235854556,65,0.23461538461538461,0.005731560186271848,1993,0.020251720191003866,9.95,13.377777777777778,True,True
3150307,Piedade do Rio Grande,MG,-21.484015384993004,-44.15556137047155,65,0.12019230769230771,0.1569669882535778,1976,0.033468923782858755,15.45,14.488888888888889,False,False
3150406,Piedade dos Gerais,MG,-20.47403372647329,-44.24648347414323,65,0.07980769230769232,0.3473253208868534,1977,0.7465872320851034,9.15,13.155555555555555,False,False
3150505,Pimenta,MG,-20.530513007948933,-45.83135382020155,65,0.2174122425626261,0.010496525089321328,1974,0.007585745827374609,2.0,5.4222222222222225,True,True
3150539,Pingo-D'água,MG,-19.74344384049454,-42.42186706106183,65,0.2605769230769231,0.0021515738117853294,1978,0.002462803962555173,6.35,10.466666666666667,True,True
3150570,Pintópolis,MG,-16.049375191397033,-45.247292592893785,65,-0.06203414461597016,0.4651882557870508,1977,0.4166794406211764,6.9,4.933333333333334,False,False
3150604,Piracema,MG,-20.52224308265301,-44.42272184966483,65,0.05288461538461539,0.5334472631525882,2014,1.0,7.95,12.28888888888889,False,False
3150703,Pirajuba,MG,-19.94031259169449,-48.65784163090223,65,0.025486896625166032,0.7641327451439335,1980,0.3315523547768502,6.5,9.844444444444445,False,False
3150802,Piranga,MG,-20.63324817474918,-43.29897241477631,65,0.1125,0.18524939541359853,1977,0.07838680053058594,11.1,13.488888888888889,False,False
3150901,Piranguçu,MG,-22.55663761717251,-45.51558759861126,65,-0.2028846153846154,0.016889495653524298,1997,0.0043284807176985265,58.6,30.244444444444444,True,True
3151008,Piranguinho,MG,-22.36299075026661,-45.58656882959606,65,-0.08461538461538462,0.3190539922528327,1989,0.39761982182042743,30.2,21.511111111111113,False,False
3151107,Pirapetinga,MG,-21.679025702839944,-42.36397831270798,65,0.05096153846153847,0.5484350422817794,1974,0.3883192024619521,12.25,13.244444444444444,False,False
3151206,Pirapora,MG,-17.393312783095094,-44.86742198622875,65,-0.02307692307692308,0.7858169534357987,1976,0.36132902060287403,6.25,4.2444444444444445,False,False
3151305,Piraúba,MG,-21.26373624747281,-43.02977577312992,65,0.11346153846153846,0.18152087117928373,2015,0.2397071069526228,9.85,10.88888888888889,False,False
3151404,Pitangui,MG,-19.587699114575923,-44.88647432780459,65,0.07599808478959053,0.37103970778827833,1982,0.10852621480054009,6.7,9.6,False,False
3151503,Piumhi,MG,-20.441441107063813,-46.05034710607405,65,0.18269230769230774,0.03145044869191862,1976,0.02371045067341545,4.75,7.5777777777777775,True,True
3151602,Planura,MG,-20.08132121070496,-48.64629021950802,65,-0.028846153846153848,0.7340951823194757,2019,0.44641878404152746,8.7,11.044444444444444,False,False
3151701,Poço Fundo,MG,-21.80623362298882,-45.99340109634143,65,-0.0778846153846154,0.35906697866031423,1996,0.39761982182042743,10.3,10.222222222222221,False,False
3151800,Poços de Caldas,MG,-21.80804746507353,-46.563259558265614,65,0.12596153846153849,0.1379992597344832,1979,0.35263438243826933,21.9,21.42222222222222,False,False
3151909,Pocrane,MG,-19.58498326882376,-41.55710080283999,65,0.15384615384615388,0.07004133687461596,1995,0.11200893327810173,4.9,7.977777777777778,False,False
3152006,Pompéu,MG,-19.13105997072861,-44.92365464065914,65,0.05914883556406456,0.4862024450663225,1976,0.24625239477921027,1.8,5.955555555555556,False,False
3152105,Ponte Nova,MG,-20.41216803567365,-42.91733059088734,65,0.22264968183871459,0.008760456231458727,1980,0.04575797757288368,10.7,12.444444444444445,True,False
3152131,Ponto Chique,MG,-16.608767193209772,-44.97355111450343,65,0.04807692307692309,0.5712996214994486,1976,0.3274473959752802,8.75,7.911111111111111,False,False
3152170,Ponto dos Volantes,MG,-16.834238274134826,-41.47444882877323,65,0.13942307692307693,0.10063110674807266,1982,0.07580582880191701,2.05,5.7555555555555555,False,False
3152204,Porteirinha,MG,-15.716470434396433,-43.0757497763297,65,0.07884615384615386,0.3531652909023054,1994,0.46701295818182675,5.65,5.444444444444445,False,False
3152303,Porto Firme,MG,-20.663556165513604,-43.080341305136734,65,0.18750000000000003,0.0272484408923059,1978,0.03883579920096674,10.7,12.933333333333334,True,False
3152402,Poté,MG,-17.814953400315304,-41.769314162968776,65,0.23076923076923078,0.006578413612826367,1977,0.009222685932882982,3.55,6.0,True,True
3152501,Pouso Alegre,MG,-22.264806941762888,-45.93993524973572,65,0.004807692307692309,0.9548528001763662,1983,1.0,11.45,9.755555555555556,False,False
3152600,Pouso Alto,MG,-22.17537334800137,-44.932533313157215,65,0.024038461538461543,0.7771237463572624,2004,1.0,27.4,22.466666666666665,False,False
3152709,Prados,MG,-21.09857495132436,-44.06354892791656,65,0.14134615384615387,0.09602308626391638,1977,0.024653148270964056,13.25,11.777777777777779,False,True
3152808,Prata,MG,-19.32993495259741,-48.95426378867936,65,0.20673076923076925,0.014916681278871908,1979,0.013490690078320355,1.55,3.2888888888888888,True,True
3152907,Pratápolis,MG,-20.787285685889188,-46.86263567054632,65,0.07403846153846154,0.3832884041626353,1976,0.16144984740732568,7.35,11.11111111111111,False,False
3153004,Pratinha,MG,-19.75976965945727,-46.4025897814352,65,0.0,1.0,2020,1.0,3.25,6.288888888888889,False,False
3153103,Presidente Bernardes,MG,-20.77045559469739,-43.15481986866314,65,0.23461538461538461,0.005731560186271848,1990,0.002980308205688745,10.0,10.533333333333333,True,True
3153202,Presidente Juscelino,MG,-18.72597980503429,-44.08334086647269,65,0.1375,0.10541366817859947,1978,0.10852621480054009,6.0,7.5777777777777775,False,False
3153301,Presidente Kubitschek,MG,-18.633986684644555,-43.57811066939918,65,0.03557692307692308,0.6752581537654916,1967,0.5324687972967159,4.0,6.822222222222222,False,False
3153400,Presidente Olegário,MG,-18.239146787118937,-46.3362127662043,65,-0.1158932469182078,0.17243677192357443,1971,0.19204067398614047,3.2,4.733333333333333,False,False
3153509,Alto Jequitibá,MG,-20.43739895377732,-41.94891105687167,65,0.22072614247077751,0.009360002210218599,1995,0.0020295623064687887,11.4,13.6,True,True
3153608,Prudente de Morais,MG,-19.46444846789401,-44.11144700515697,65,-0.1451923076923077,0.08731427299935919,1997,0.1662584764648557,14.9,11.0,False,False
3153707,Quartel Geral,MG,-19.279768574940128,-45.60318795464979,65,-0.013461538461538462,0.8740480196882481,2006,0.1348934261598594,3.75,7.355555555555555,False,False
3153806,Queluzito,MG,-20.732227486791423,-43.89073064698737,65,0.0822708898386312,0.3329727521931043,1976,0.3074739463256514,5.55,6.6,False,False
3153905,Raposos,MG,-19.98090359281708,-43.78317114812696,65,0.075,0.3771411397870088,1977,0.3701743102121331,24.25,22.155555555555555,False,False
3154002,Raul Soares,MG,-20.01311162509086,-42.39020437063093,65,0.32500000000000007,0.00012966375699945725,1977,0.001840518197403408,8.35,11.4,True,True
3154101,Recreio,MG,-21.519776033430634,-42.43782507031921,65,0.0793459989274037,0.3502298635679155,1977,0.14117402774158275,12.65,13.666666666666666,False,False
3154150,Reduto,MG,-20.23779239698434,-41.940190009830914,65,0.25727339046158165,0.0024545435651663955,1995,0.007101915496690558,6.55,9.0,True,True
3154200,Resende Costa,MG,-20.83746400326176,-44.29197898472008,65,0.23557692307692307,0.0055358278705207545,1977,0.003275128172611387,6.1,8.2,True,True
3154309,Resplendor,MG,-19.211872298889023,-41.15293497212132,65,0.03461538461538462,0.683552875272655,1972,0.488220905503328,8.05,9.644444444444444,False,False
3154408,Ressaquinha,MG,-21.085422467674054,-43.753122408317765,65,0.06442307692307693,0.44807654659723983,1974,0.33569432777951663,11.85,10.555555555555555,False,False
3154457,Riachinho,MG,-16.276699515438178,-45.927940261260005,65,0.05384615384615385,0.5260317864344628,1975,0.9806103528349323,2.25,3.422222222222222,False,False
3154507,Riacho dos Machados,MG,-16.0544424012461,-42.99343283632547,65,0.2057692307692308,0.015389839986918645,1999,0.0017522531245164833,7.55,6.977777777777778,True,True
3154606,Ribeirão das Neves,MG,-19.77955178811662,-44.07187795786723,65,0.14807692307692308,0.08121025824359357,1977,0.20895933922108018,35.3,30.511111111111113,False,False
3154705,Ribeirão Vermelho,MG,-21.14781224421252,-45.07312397037732,65,0.03510459346485133,0.6793958106420221,1968,0.2847027809942392,9.6,11.6,False,False
3154804,Rio Acima,MG,-20.10575225427543,-43.77290629747728,65,0.014430016099289341,0.8651304640011379,1977,1.0,22.0,20.288888888888888,False,False
3154903,Rio Casca,MG,-20.14085702761897,-42.66063329667661,65,0.15384615384615388,0.07004133687461596,1978,0.02988229294893045,8.3,11.844444444444445,False,False
3155009,Rio Doce,MG,-20.215629995757872,-42.90651310348216,65,0.1605769230769231,0.058637341033104036,1980,0.11558351804791793,9.1,11.511111111111111,False,False
3155108,Rio do Prado,MG,-16.67660922919273,-40.555779402031305,65,0.1278846153846154,0.13208554084772026,1988,0.10852621480054009,1.05,1.8888888888888888,False,False
3155207,Rio Espera,MG,-20.867877544156222,-43.49208434868221,65,0.17403846153846156,0.04042092332408574,1977,0.053726377031536474,7.8,7.888888888888889,False,False
3155306,Rio Manso,MG,-20.267043507300244,-44.34494925090876,65,0.17211538461538464,0.04268533710848181,1977,0.07085942951772722,22.1,27.822222222222223,False,False
3155405,Rio Novo,MG,-21.46855112255618,-43.14398696590889,65,0.054807692307692314,0.5186693578126838,1974,0.9652863406359143,13.45,15.266666666666667,False,False
3155504,Rio Paranaíba,MG,-19.23998300774813,-46.298830017613625,65,-0.007692307692307694,0.9278246057348423,1977,0.5555005761215098,5.5,7.444444444444445,False,False
3155603,Rio Pardo de Minas,MG,-15.708844499717133,-42.5512800484784,65,0.08126953829534075,0.3386735498341942,2012,0.0810416956090477,3.0,3.6444444444444444,False,False
3155702,Rio Piracicaba,MG,-19.97078913207619,-43.14920599814639,65,0.1355769230769231,0.11037483702198604,1993,0.186646930242533,8.7,10.777777777777779,False,False
3155801,Rio Pomba,MG,-21.24840188072129,-43.17186805342495,65,0.0,1.0,1969,1.0,10.95,13.155555555555555,False,False
3155900,Rio Preto,MG,-22.04096816274713,-43.87864999549007,65,-0.058653846153846154,0.48976100930269273,2016,0.7193378849388556,21.25,20.622222222222224,False,False
3156007,Rio Vermelho,MG,-18.25471783539717,-43.054981589780375,65,-0.019230769230769235,0.8208472385419284,1969,0.5324687972967159,2.55,4.266666666666667,False,False
3156106,Ritápolis,MG,-20.98227220428736,-44.376390287939365,65,0.2923076923076923,0.0005771694903292472,1977,0.005946011397210716,9.15,10.622222222222222,True,True
3156205,Rochedo de Minas,MG,-21.64114059093181,-43.02847549391166,65,0.10480769230769232,0.21713510541441583,1975,0.0954805823504146,17.9,17.844444444444445,False,False
3156304,Rodeiro,MG,-21.210606098370107,-42.84133680470169,65,0.1980769230769231,0.0196748921067039,1999,0.02988229294893045,10.35,11.511111111111111,True,False
3156403,Romaria,MG,-18.903562629790528,-47.56263731059592,65,0.07980769230769232,0.3473253208868534,1991,0.1975562773493669,5.75,7.088888888888889,False,False
3156452,Rosário da Limeira,MG,-20.979360530791585,-42.51145640846475,65,0.2557692307692308,0.002596549603187962,1977,0.015266779927279142,8.0,10.0,True,True
3156502,Rubelita,MG,-16.36767380595449,-42.23392193420167,65,0.07549892019152957,0.3740827775373414,2019,0.45663907784026875,4.25,6.444444444444445,False,False
3156601,Rubim,MG,-16.46386066263775,-40.4942610869637,65,0.1836538461538462,0.030568176043374543,1993,0.015903853144033468,2.7,3.688888888888889,True,True
3156700,Sabará,MG,-19.851314166856906,-43.779173364070616,65,0.09230769230769233,0.27704301780334584,1977,0.5439095912556042,24.1,20.844444444444445,False,False
3156809,Sabinópolis,MG,-18.65084939682026,-43.06341319112106,64,0.1736111111111111,0.04258395584112506,2001,0.28137886601835727,1.65,4.688888888888889,False,False
3156908,Sacramento,MG,-19.90449769080952,-47.2665966016429,65,0.0125,0.8829773063503712,2014,1.0,6.45,10.933333333333334,False,False
3157005,Salinas,MG,-16.11115126413112,-42.152117264235386,65,0.18750000000000003,0.0272484408923059,1999,0.1567533113111856,2.2,3.6444444444444444,True,False
3157104,Salto da Divisa,MG,-16.110550029903955,-40.02927063613701,65,0.3759615384615385,9.54627924532565e-06,1994,2.569217188373304e-06,3.85,2.311111111111111,True,True
3157203,Santa Bárbara,MG,-20.02886387376248,-43.47502090392487,65,0.0951923076923077,0.26230733102894765,1977,0.2667046417839311,16.65,16.288888888888888,False,False
3157252,Santa Bárbara do Leste,MG,-19.94509285151292,-42.106581541352405,65,0.31923076923076926,0.00017048495694444306,1995,0.0015873987178454797,8.65,12.444444444444445,True,True
3157278,Santa Bárbara do Monte Verde,MG,-21.963929236211104,-43.69444070678804,65,-0.12596153846153849,0.1379992597344832,1988,0.10513368645374463,20.85,20.355555555555554,False,False
3157302,Santa Bárbara do Tugúrio,MG,-21.24505960459251,-43.531502525012485,65,0.004327963577858383,0.9593627468414274,1967,0.33569432777951663,14.5,13.822222222222223,False,False
3157336,Santa Cruz de Minas,MG,-21.120350989893264,-44.217016785233376,65,0.26153846153846155,0.0020714413844396006,1977,0.011412212598447198,12.55,11.866666666666667,True,True
3157377,Santa Cruz de Salinas,MG,-16.050718851970093,-41.78990227868156,65,0.16250000000000003,0.05567791074662766,1976,0.05004808403109762,0.5,2.6222222222222222,False,False
3157401,Santa Cruz do Escalvado,MG,-20.230604352236327,-42.8140029650991,65,0.20384615384615387,0.016375942740005898,1990,0.01869710762272877,8.9,11.688888888888888,True,True
3157500,Santa Efigênia de Minas,MG,-18.862862364011846,-42.40430358486785,65,0.051923076923076926,0.5409152127109731,1978,0.4264390421954524,1.1,4.977777777777778,False,False
3157609,Santa Fé de Minas,MG,-16.701533440468364,-45.55700550287223,65,-0.075,0.3771411397870088,2014,0.11558351804791793,3.1,5.022222222222222,False,False
3157658,Santa Helena de Minas,MG,-16.901926873854617,-40.65880425474092,65,0.014423076923076924,0.865134745405447,1967,0.7743354696059661,2.6,3.1333333333333333,False,False
3157708,Santa Juliana,MG,-19.380231653160408,-47.509116039986246,65,-0.0951923076923077,0.26230733102894765,2008,0.07580582880191701,3.2,5.911111111111111,False,False
3157807,Santa Luzia,MG,-19.7448451871592,-43.83663945592304,65,0.01586919978548074,0.8517949400604597,1994,0.8750731790180674,24.05,17.2,False,False
3157906,Santa Margarida,MG,-20.428146989113785,-42.26605081612456,65,0.2611204691974558,0.002110810335381959,1977,0.002462803962555173,8.95,10.666666666666666,True,True
3158003,Santa Maria de Itabira,MG,-19.435266910904023,-43.04479366145175,65,0.07884615384615386,0.3531652909023054,1996,0.6407607168142557,5.7,7.333333333333333,False,False
3158102,Santa Maria do Salto,MG,-16.307378616168645,-40.11637549347763,65,0.3942307692307693,3.444923172653051e-06,1994,1.7339981766168695e-05,3.6,3.422222222222222,True,True
3158201,Santa Maria do Suaçuí,MG,-18.258477606603904,-42.3243932884994,64,0.037698412698412696,0.6597087710996655,1968,0.522798299346278,2.95,3.8666666666666667,False,False
3158300,Santana da Vargem,MG,-21.27056341398797,-45.50534112023267,65,0.024038461538461543,0.7771237463572624,1979,0.46701295818182675,4.2,9.955555555555556,False,False
3158409,Santana de Cataguases,MG,-21.28213578327292,-42.55608876324414,65,0.2,0.01851591612496109,1999,0.08946573118645543,8.85,11.844444444444445,True,False
3158508,Santana de Pirapama,MG,-18.915703158062662,-43.90116489126,65,0.030769230769230774,0.7171064503042393,1976,0.3440897276461011,5.35,8.71111111111111,False,False
3158607,Santana do Deserto,MG,-21.94590039243929,-43.182803139261736,65,0.11923076923076925,0.16031184519331876,1977,0.1567533113111856,18.8,19.22222222222222,False,False
3158706,Santana do Garambéu,MG,-21.636893831396783,-44.06613507054124,65,0.1230769230769231,0.14724974459811443,1980,0.19204067398614047,13.05,12.377777777777778,False,False
3158805,Santana do Jacaré,MG,-20.88311709016437,-45.06203164054448,65,0.17692307692307696,0.037215712459128636,1978,0.08657956663465231,9.45,9.733333333333333,False,False
3158904,Santana do Manhuaçu,MG,-20.055953712026533,-41.8923433155314,65,0.1903846153846154,0.02496728479185129,1995,0.04829200871359571,7.95,9.222222222222221,True,False
3158953,Santana do Paraíso,MG,-19.38507713443181,-42.52057499587882,65,0.27019230769230773,0.001464141683299972,1978,0.002236483153282279,2.6,7.222222222222222,True,True
3159001,Santana do Riacho,MG,-19.18866311139981,-43.644692415760254,65,-0.006730769230769231,0.936826304825977,2005,0.36132902060287403,5.5,6.2444444444444445,False,False
3159100,Santana dos Montes,MG,-20.796858229833177,-43.66979694115442,65,0.06442307692307693,0.44807654659723983,1977,0.27379852014261447,9.0,9.355555555555556,False,False
3159209,Santa Rita de Caldas,MG,-22.02373946597116,-46.27145568574333,65,-0.04615384615384616,0.5867904254454406,1997,0.35263438243826933,11.3,12.0,False,False
3159308,Santa Rita de Jacutinga,MG,-22.101508786551907,-44.09179244736755,65,0.13076923076923078,0.12358551912882432,1991,0.4363521181567188,31.3,28.533333333333335,False,False
3159357,Santa Rita de Minas,MG,-19.87508572226155,-42.12320608833439,65,0.31923076923076926,0.00017048495694444306,1995,0.0015873987178454797,9.3,12.28888888888889,True,True
3159407,Santa Rita de Ibitipoca,MG,-21.57718172021516,-43.93026641476185,65,0.06538461538461539,0.4413305118271882,1974,0.3701743102121331,14.7,14.866666666666667,False,False
3159506,Santa Rita do Itueto,MG,-19.41275282057974,-41.38870038459813,65,0.12884615384615386,0.1292032674393662,1978,0.07085942951772722,6.8,9.644444444444444,False,False
3159605,Santa Rita do Sapucaí,MG,-22.237054557102685,-45.68280198500979,65,-0.01202212104960662,0.8874458134252069,1983,1.0,14.55,14.0,False,False
3159704,Santa Rosa da Serra,MG,-19.56204262856748,-45.99970245533044,65,-0.03991344188469398,0.6384246783001847,2006,0.2810327034097539,3.8,6.333333333333333,False,False
3159803,Santa Vitória,MG,-18.98943929902077,-50.275110411318245,65,0.010576923076923078,0.9008794391838973,1965,0.7604002213532476,0.25,3.422222222222222,False,False
3159902,Santo Antônio do Amparo,MG,-20.91624755677648,-44.94275217598809,65,0.2076923076923077,0.014456386522445592,1981,0.06178608302878114,9.55,10.622222222222222,True,False
3160009,Santo Antônio do Aventureiro,MG,-21.751445832809136,-42.811424502267336,65,-0.012983890733575148,0.878508799334782,2014,0.5439095912556042,14.4,12.4,False,False
3160108,Santo Antônio do Grama,MG,-20.32211471889336,-42.603877315133474,65,0.2649675479333299,0.0018117472849547634,1990,0.00864448741560127,8.3,10.88888888888889,True,True
3160207,Santo Antônio do Itambé,MG,-18.4784013611386,-43.266744087899255,65,0.04521405044443994,0.5945963032836028,1969,0.249575646464008,2.75,5.266666666666667,False,False
3160306,Santo Antônio do Jacinto,MG,-16.503522198849115,-40.27756166853885,65,0.34190912265081225,5.690046063188153e-05,1994,1.6799018472016393e-05,2.15,2.488888888888889,True,True
3160405,Santo Antônio do Monte,MG,-20.08299336597941,-45.29230446138718,65,0.1855769230769231,0.02886724751932723,1981,0.006500550461868807,5.35,9.8,True,True
3160454,Santo Antônio do Retiro,MG,-15.28815695490911,-42.66105479943837,65,0.24038461538461542,0.004644733942292503,1994,0.006795167961004818,7.7,5.311111111111111,True,True
3160504,Santo Antônio do Rio Abaixo,MG,-19.241467551800497,-43.24906310891895,65,0.08557692307692309,0.3135857504770575,1970,0.25974984352926617,5.6,6.866666666666666,False,False
3160603,Santo Hipólito,MG,-18.390189857807865,-44.17244833385225,65,0.08896369576708898,0.2949275602756358,1976,0.08946573118645543,5.45,10.088888888888889,False,False
3160702,Santos Dumont,MG,-21.45767423718108,-43.52559723563369,65,0.17211538461538464,0.04268533710848181,1995,0.09243219495343426,15.0,15.11111111111111,False,False
3160801,São Bento Abade,MG,-21.570127331580583,-45.07226992678073,65,-0.032692307692307694,0.7002565367900856,1987,0.25974984352926617,14.5,14.511111111111111,False,False
3160900,São Brás do Suaçuí,MG,-20.627505233586373,-43.97241267214258,65,0.04807692307692309,0.5712996214994486,1976,1.0,6.65,8.666666666666666,False,False
3160959,São Domingos das Dores,MG,-19.52467335403572,-42.030723845253696,65,0.2326923076923077,0.006141854588758913,1972,0.006500550461868807,5.2,9.11111111111111,True,True
3161007,São Domingos do Prata,MG,-19.903036337887908,-42.90323653798103,65,0.22403846153846155,0.008334606052782998,1990,0.025628914308205172,6.9,9.4,True,True
3161056,São Félix de Minas,MG,-18.56857337233817,-41.44852797640248,65,0.12692307692307694,0.135017381575575,1974,0.02371045067341545,5.85,10.488888888888889,False,True
3161106,São Francisco,MG,-15.896540108946445,-44.861289466086944,65,-0.23226737867839986,0.00624764503696303,1983,0.0028422709815247326,5.15,3.533333333333333,True,True
3161205,São Francisco de Paula,MG,-20.716572474768856,-44.9953897476916,65,0.17115384615384618,0.043857193295064656,1978,0.27379852014261447,5.95,7.133333333333334,False,False
3161304,São Francisco de Sales,MG,-19.79672010292964,-49.8593141946356,65,0.07165184145565545,0.3989153751074145,1965,0.3113955087807632,4.15,6.355555555555555,False,False
3161403,São Francisco do Glória,MG,-20.79191156127196,-42.28229017823158,65,0.058653846153846154,0.48976100930269273,1974,0.3274473959752802,8.9,11.4,False,False
3161502,São Geraldo,MG,-20.910618557642344,-42.8291223364065,65,0.3086538461538462,0.0002784022343653123,1994,0.001300071683545282,8.4,10.933333333333334,True,True
3161601,São Geraldo da Piedade,MG,-18.896381992525413,-42.31039200594167,65,0.0903846153846154,0.28717451712092856,1972,0.20895933922108018,1.5,6.288888888888889,False,False
3161650,São Geraldo do Baixio,MG,-18.91678326393611,-41.36684364953285,65,0.15384615384615388,0.07004133687461596,1976,0.017249952653633677,4.25,8.688888888888888,False,True
3161700,São Gonçalo do Abaeté,MG,-18.17660294664121,-45.54570967036442,65,-0.31923076923076926,0.00017048495694444306,1994,0.006500550461868807,3.75,5.155555555555556,True,True
3161809,São Gonçalo do Pará,MG,-19.98376934646356,-44.82841851974443,65,0.25000000000000006,0.0032408345715186702,1978,0.032233482480051354,15.6,20.977777777777778,True,False
3161908,São Gonçalo do Rio Abaixo,MG,-19.81716450816684,-43.32135330635301,65,0.1701923076923077,0.0450560990200837,1993,0.05004808403109762,9.4,9.933333333333334,False,False
3162005,São Gonçalo do Sapucaí,MG,-21.911043739564423,-45.5943791995163,65,-0.04810005366429781,0.5712872868064385,2007,0.44136624814539166,14.35,12.755555555555556,False,False
3162104,São Gotardo,MG,-19.359877467091422,-45.999388223204456,65,0.013461538461538462,0.8740480196882481,1976,0.19204067398614047,3.5,5.044444444444444,False,False
3162203,São João Batista do Glória,MG,-20.577138923107857,-46.43857897865727,65,0.35096153846153855,3.583531198314398e-05,1977,5.947199361189405e-05,2.65,6.288888888888889,True,True
3162252,São João da Lagoa,MG,-16.859771025404935,-44.3346485923864,65,0.07599808478959053,0.37103970778827833,2003,0.20895933922108018,12.8,5.311111111111111,False,False
3162302,São João da Mata,MG,-21.9425047751313,-45.92333733689218,65,-0.12890814382031812,0.1291909940718943,1996,0.0732972202658319,12.55,11.11111111111111,False,False
3162401,São João da Ponte,MG,-15.908449695735502,-43.89531700926749,65,0.17211538461538464,0.04268533710848181,1999,0.03474573545009981,9.0,7.511111111111111,False,False
3162450,São João das Missões,MG,-14.891844459966013,-44.22783543711106,65,-0.10096153846153848,0.2344826070931848,1981,0.29592667730419125,5.75,5.133333333333334,False,False
3162500,São João del Rei,MG,-21.263153969731903,-44.27432751064593,65,0.060606067617015244,0.4756246293310803,1977,0.12301501734761935,11.45,12.688888888888888,False,False
3162559,São João do Manhuaçu,MG,-20.36999835813321,-42.15346414808816,65,0.3197884199195361,0.0001666281029249529,1995,0.0002974711462466913,9.9,11.666666666666666,True,True
3162575,São João do Manteninha,MG,-18.752678912402267,-41.16427574324568,65,0.09230769230769233,0.27704301780334584,1975,0.05185908915400302,4.3,8.822222222222223,False,False
3162609,São João do Oriente,MG,-19.354097955520192,-42.1703217057429,65,0.10531378039455398,0.21502598908663806,1972,0.032846101674306516,2.4,7.177777777777778,False,False
3162658,São João do Pacuí,MG,-16.555314384605072,-44.5243163379656,65,-0.09711538461538463,0.252789642803682,1983,0.08657956663465231,11.25,6.177777777777778,False,False
3162708,São João do Paraíso,MG,-15.342864434318509,-41.97692067977341,65,0.07261361113962397,0.39261599976803985,2015,0.4363521181567188,3.5,2.488888888888889,False,False
3162807,São João Evangelista,MG,-18.51363891988904,-42.77559514592841,64,0.024311585962683593,0.7764929546468444,1980,0.639070347862083,3.1,5.555555555555555,False,False
3162906,São João Nepomuceno,MG,-21.583027981833183,-43.00325551323343,65,0.14903846153846154,0.0792542785402758,1995,0.1567533113111856,14.15,14.977777777777778,False,False
3162922,São Joaquim de Bicas,MG,-20.070931380801973,-44.24902919816745,65,0.08846153846153848,0.2975531675111377,1982,0.2397071069526228,26.95,30.22222222222222,False,False
3162948,São José da Barra,MG,-20.74747579305257,-46.24381165418291,65,0.2586538461538462,0.0023204267726038646,1976,0.00037028525240877117,1.4,5.866666666666666,True,True
3162955,São José da Lapa,MG,-19.696826375079628,-43.99035282106741,65,-0.007692307692307694,0.9278246057348423,2019,1.0,25.5,17.88888888888889,False,False
3163003,São José da Safira,MG,-18.31755639191069,-42.12334236123586,65,0.11057692307692309,0.19287584940313707,1970,0.28840837545464815,3.45,5.333333333333333,False,False
3163102,São José da Varginha,MG,-19.6959968768056,-44.56148047816645,65,0.19134615384615386,0.024244568973916657,1975,0.02988229294893045,21.15,23.42222222222222,True,False
3163201,São José do Alegre,MG,-22.330338197360607,-45.51778429384021,65,-0.2057692307692308,0.015389839986918645,1992,0.007421232664532038,31.7,21.622222222222224,True,True
3163300,São José do Divino,MG,-18.398163443673383,-41.375997415375885,65,0.1432692307692308,0.09158551296933214,1974,0.05004808403109762,4.75,8.11111111111111,False,False
3163409,São José do Goiabal,MG,-19.931114819496308,-42.69342049386516,65,0.051923076923076926,0.5409152127109731,1978,0.4264390421954524,8.3,11.844444444444445,False,False
3163508,São José do Jacuri,MG,-18.242846129462105,-42.6682737903144,65,-0.04568405998850516,0.5906873687663223,2009,0.5439095912556042,3.2,5.533333333333333,False,False
3163607,São José do Mantimento,MG,-20.02022333778177,-41.77006495542587,65,0.2105769230769231,0.01314978662714658,1995,0.07085942951772722,7.4,9.28888888888889,True,False
3163706,São Lourenço,MG,-22.11713799674713,-45.0342099835311,65,-0.08461538461538462,0.3190539922528327,1973,0.9348700819203165,19.2,15.8,False,False
3163805,São Miguel do Anta,MG,-20.72672524843196,-42.71086604703997,65,0.22211538461538463,0.008908128193386117,1978,0.010485500191296987,8.8,10.133333333333333,True,True
3163904,São Pedro da União,MG,-21.12689425281689,-46.64195569186299,65,0.04423076923076924,0.6024730552878146,1974,0.4264390421954524,12.5,13.733333333333333,False,False
3164001,São Pedro dos Ferros,MG,-20.05410754353955,-42.5698441876546,65,0.23365384615384616,0.005933512117906358,1978,0.009627408979904085,7.05,10.133333333333333,True,True
3164100,São Pedro do Suaçuí,MG,-18.347947107674315,-42.59266660095998,65,-0.05576923076923077,0.5113605348757182,2009,0.3274473959752802,3.5,6.0,False,False
3164209,São Romão,MG,-16.389487280781495,-45.4061514055147,65,-0.024038461538461543,0.7771237463572624,1972,1.0,5.7,7.044444444444444,False,False
3164308,São Roque de Minas,MG,-20.187109368646947,-46.51352423675575,65,0.13756615347989173,0.10540250496709938,1981,0.013490690078320355,2.45,5.6,False,True
3164407,São Sebastião da Bela Vista,MG,-22.16122439940106,-45.77584227276951,65,-0.02741043599310309,0.746919326862775,1985,1.0,11.95,11.333333333333334,False,False
3164431,São Sebastião da Vargem Alegre,MG,-21.02425515943121,-42.59918301529711,65,0.29423076923076924,0.0005306896208559965,1995,0.001300071683545282,9.15,11.222222222222221,True,True
3164472,São Sebastião do Anta,MG,-19.507287533854644,-41.95735761274048,65,0.15673076923076926,0.06494862597449932,1972,0.09861252850976931,4.2,6.955555555555556,False,False
3164506,São Sebastião do Maranhão,MG,-18.059800874546223,-42.541180741834125,64,0.040188540060762674,0.6388614523043714,1975,0.639070347862083,2.85,5.0,False,False
3164605,São Sebastião do Oeste,MG,-20.25157529047952,-45.04433302167602,65,0.1,0.23896882733943936,1981,0.3440897276461011,5.3,6.955555555555556,False,False
3164704,São Sebastião do Paraíso,MG,-20.92242129271623,-47.006423588491046,65,-0.06491945366787574,0.44468893429885126,2006,0.24625239477921027,8.95,14.466666666666667,False,False
3164803,São Sebastião do Rio Preto,MG,-19.300434281762765,-43.2195526515556,65,0.10384615384615385,0.22138288217168667,1971,0.4166794406211764,5.6,6.7555555555555555,False,False
3164902,São Sebastião do Rio Verde,MG,-22.21942189134328,-45.02490458720267,65,-0.021153846153846155,0.8032826965468698,2004,1.0,31.65,23.022222222222222,False,False
3165008,São Tiago,MG,-20.938497817090017,-44.560321064900826,65,0.1028846153846154,0.22568988273148238,1981,0.46701295818182675,7.55,9.933333333333334,False,False
3165107,São Tomás de Aquino,MG,-20.78611876608726,-47.12720291410189,65,-0.05241644777628486,0.5371681928213778,2005,0.04916326394719958,11.6,16.355555555555554,False,False
3165206,São Tomé das Letras,MG,-21.733334778582787,-44.96379478209936,65,-0.12884615384615386,0.1292032674393662,1987,0.1433195491670883,14.55,13.644444444444444,False,False
3165305,São Vicente de Minas,MG,-21.667079647989297,-44.47431363478289,65,-0.15288461538461542,0.07181004824924186,1992,0.09861252850976931,9.5,9.4,False,False
3165404,Sapucaí-Mirim,MG,-22.786286139557987,-45.84848073413311,65,-0.19230769230769235,0.023540058261177936,2009,0.024653148270964056,54.5,31.57777777777778,True,True
3165503,Sardoá,MG,-18.77544918102179,-42.40709864269997,65,0.051923076923076926,0.5409152127109731,1978,0.4264390421954524,1.3,5.511111111111111,False,False
3165537,Sarzedo,MG,-20.059143391063568,-44.12112200306852,65,0.041836981252631036,0.6223317129915558,1986,0.6926060465695535,29.55,32.46666666666667,False,False
3165552,Setubinha,MG,-17.622552958152244,-42.15686002640204,65,0.27801831017964135,0.0010664405293594303,1980,0.0038565700454555496,1.15,4.533333333333333,True,True
3165560,Sem-Peixe,MG,-20.08001760827847,-42.82509518265061,65,0.18173076923076925,0.03235447625285426,1993,0.053726377031536474,9.2,11.933333333333334,True,False
3165578,Senador Amaral,MG,-22.557710681479385,-46.21710309699619,65,0.027884615384615386,0.7426392261972599,2011,0.7604002213532476,18.4,16.244444444444444,False,False
3165602,Senador Cortes,MG,-21.770369516307536,-42.90913001618513,65,0.22115384615384617,0.009207901182984903,1988,0.015266779927279142,19.9,17.822222222222223,True,True
3165701,Senador Firmino,MG,-20.90429505687585,-43.10447197977429,65,0.23461538461538461,0.005731560186271848,1990,0.002980308205688745,7.65,9.511111111111111,True,True
3165800,Senador José Bento,MG,-22.156740944200106,-46.14119039593034,65,-0.0375,0.6587873377864597,1983,1.0,10.95,9.755555555555556,False,False
3165909,Senador Modestino Gonçalves,MG,-17.855150095483125,-43.24101095933508,65,0.03942307692307693,0.6424804021960624,1969,0.3113955087807632,2.65,3.933333333333333,False,False
3166006,Senhora de Oliveira,MG,-20.800972280627143,-43.34950172864679,65,0.15673076923076926,0.06494862597449932,1974,0.17118085708445183,9.6,10.466666666666667,False,False
3166105,Senhora do Porto,MG,-18.913170839167545,-43.08052530506843,65,0.010576923076923078,0.9008794391838973,1970,1.0,4.15,7.111111111111111,False,False
3166204,Senhora dos Remédios,MG,-21.03122564510696,-43.6002438154778,65,-0.026923076923076925,0.751215095177401,2008,1.0,10.4,9.577777777777778,False,False
3166303,Sericita,MG,-20.49224184344151,-42.45872351594336,65,0.25000000000000006,0.0032408345715186702,1980,0.003124511435185525,7.95,9.377777777777778,True,True
3166402,Seritinga,MG,-21.916522731149247,-44.45970810755255,65,-0.027884615384615386,0.7426392261972599,1996,0.9652863406359143,20.15,18.822222222222223,False,False
3166501,Serra Azul de Minas,MG,-18.39067259672132,-43.20729037121621,65,0.015384615384615387,0.8562385953808652,1969,0.2667046417839311,2.25,4.622222222222222,False,False
3166600,Serra da Saudade,MG,-19.38553748152505,-45.77725170680816,65,-0.016346153846153847,0.8473606749709596,1979,0.7328989927313598,3.95,6.222222222222222,False,False
3166709,Serra dos Aimorés,MG,-17.784132152538643,-40.26445712514528,65,0.1807692307692308,0.03328067640475118,1978,0.16144984740732568,6.45,4.444444444444445,True,False
3166808,Serra do Salitre,MG,-19.159100300615755,-46.65443724551274,65,-0.0009615384615384617,0.9909659293951528,1977,0.7193378849388556,6.5,8.355555555555556,False,False
3166907,Serrania,MG,-21.55397125243621,-46.09282837457855,65,0.03365384615384616,0.6918859681811715,1977,0.5911658771176894,4.3,7.888888888888889,False,False
3166956,Serranópolis de Minas,MG,-15.856897218332657,-42.86087981546218,65,-0.0125,0.8829773063503712,1972,0.45663907784026875,7.8,7.844444444444444,False,False
3167004,Serranos,MG,-21.83099219928098,-44.536867658488674,65,-0.05,0.5560061415710047,2016,0.5100406406299057,14.1,13.688888888888888,False,False
3167103,Serro,MG,-18.53643572798925,-43.40178376764908,65,0.05145467809231633,0.5446622327825313,1969,0.23329562826712694,2.7,4.377777777777778,False,False
3167202,Sete Lagoas,MG,-19.437264302852416,-44.2535128088333,65,-0.14711538461538462,0.08320523933786642,2000,0.09861252850976931,12.6,8.4,False,False
3167301,Silveirânia,MG,-21.143365408923465,-43.2029561222493,65,0.14807692307692308,0.08121025824359357,1999,0.24625239477921027,10.2,12.177777777777777,False,False
3167400,Silvianópolis,MG,-22.036844503412983,-45.80559968962787,65,-0.08223130797930928,0.33298824821049444,1985,0.8096911373093236,12.55,10.666666666666666,False,False
3167509,Simão Pereira,MG,-21.96432890449304,-43.29295667084188,65,0.05,0.5560061415710047,2018,0.9047890422433168,21.25,21.68888888888889,False,False
3167608,Simonésia,MG,-19.99892275415532,-41.98724969849624,65,0.19903846153846155,0.01908771528935225,1973,0.07838680053058594,9.6,12.155555555555555,True,False
3167707,Sobrália,MG,-19.21828569350476,-42.14592897665354,65,0.1932692307692308,0.02285338210981876,1978,0.0374280118542835,2.0,7.666666666666667,True,False
3167806,Soledade de Minas,MG,-22.02698632712122,-45.02759623786969,65,-0.03895167220072545,0.6465361262504953,1996,1.0,19.1,16.622222222222224,False,False
3167905,Tabuleiro,MG,-21.363303188550265,-43.25625262943448,65,-0.025961538461538463,0.759821804319769,2009,0.46701295818182675,12.85,14.577777777777778,False,False
3168002,Taiobeiras,MG,-15.824503231768237,-42.05600254300307,65,0.24134615384615388,0.0044829332297607605,2003,0.04493933338415746,1.15,2.8,True,False
3168051,Taparuba,MG,-19.73859308631745,-41.61150750287612,65,0.35288461538461546,3.246384025166744e-05,1995,0.0003320015767270666,4.2,7.111111111111111,True,True
3168101,Tapira,MG,-19.91586942193653,-46.86836626175544,65,0.21923076923076926,0.00983458779839209,1996,0.08946573118645543,2.35,4.555555555555555,True,False
3168200,Tapiraí,MG,-19.876219765878748,-46.16067775537824,65,0.16153846153846155,0.057141691282258024,1979,0.022799875341596585,4.25,6.0,False,True
3168309,Taquaraçu de Minas,MG,-19.633975262186272,-43.685567302323896,65,-0.18225535511203636,0.031896971793190156,2005,0.04255924393991513,18.2,13.955555555555556,True,False
3168408,Tarumirim,MG,-19.301491443892346,-41.901949184773486,65,0.22403846153846155,0.008334606052782998,1978,0.02988229294893045,3.7,8.11111111111111,True,False
3168507,Teixeiras,MG,-20.63212368909568,-42.86255733289306,65,0.18269230769230774,0.03145044869191862,1978,0.021920496091912347,10.35,12.955555555555556,True,True
3168606,Teófilo Otoni,MG,-17.714469557402378,-41.38361280380713,65,0.1995672094234699,0.018798012993590994,1998,0.01241227887176321,4.5,7.066666666666666,True,True
3168705,Timóteo,MG,-19.55802504219678,-42.6025594621404,65,0.3115384615384616,0.00024390367514957225,1978,0.00017993493968977738,3.7,7.377777777777778,True,True
3168804,Tiradentes,MG,-21.11650440506283,-44.15456862720256,65,0.18269230769230774,0.03145044869191862,1977,0.009222685932882982,12.3,11.555555555555555,True,True
3168903,Tiros,MG,-18.85984614984917,-45.82399373041096,65,-0.13173076923076923,0.120849081775192,1992,0.10513368645374463,3.3,4.511111111111111,False,False
3169000,Tocantins,MG,-21.17746885824628,-43.02648941266439,65,0.14423076923076925,0.08942935902899353,2001,0.1662584764648557,11.3,12.422222222222222,False,False
3169059,Tocos do Moji,MG,-22.358699582986528,-46.14654584536123,65,-0.08461538461538462,0.3190539922528327,1986,0.5211789320492503,12.6,11.11111111111111,False,False
3169109,Toledo,MG,-22.70564582571027,-46.38321808031761,65,0.13468015026003385,0.11291212040391772,1969,0.3274473959752802,27.7,24.866666666666667,False,False
3169208,Tombos,MG,-20.88189362274776,-42.06418005632162,65,0.0778846153846154,0.35906697866031423,1995,0.29592667730419125,11.45,14.422222222222222,False,False
3169307,Três Corações,MG,-21.686389205701303,-45.20485682995592,65,-0.09230769230769233,0.27704301780334584,1987,0.25293286153182654,14.25,15.088888888888889,False,False
3169356,Três Marias,MG,-18.29765851385196,-45.069078489400496,65,-0.20865384615384616,0.014008663383803684,1984,0.036065047811419726,0.9,2.7111111111111112,True,False
3169406,Três Pontas,MG,-21.39357567895606,-45.49817235446092,65,-0.007692307692307694,0.9278246057348423,2002,0.6794395367093345,7.0,12.0,False,False
3169505,Tumiritinga,MG,-19.0149887208202,-41.7055232470764,65,0.1730769230769231,0.04154006700988516,1978,0.006795167961004818,1.8,7.044444444444444,False,True
3169604,Tupaciguara,MG,-18.534977558341488,-48.75537855173661,64,0.1706349206349206,0.046260786678494835,1976,0.058375018707795205,5.25,8.488888888888889,False,False
3169703,Turmalina,MG,-17.24453234499168,-42.83988994043068,65,-0.03221928441294574,0.7044510772633225,1993,0.8312453951901982,4.25,3.888888888888889,False,False
3169802,Turvolândia,MG,-21.88495443249524,-45.79968940056618,65,-0.09230769230769233,0.27704301780334584,1996,0.17118085708445183,11.55,10.444444444444445,False,False
3169901,Ubá,MG,-21.10532196180861,-42.96527729897378,65,0.131794147040176,0.12083717085384517,2015,0.23648472833616008,11.9,13.733333333333333,False,False
3170008,Ubaí,MG,-16.364005089628876,-44.84762319183257,65,0.17263765827235106,0.04210611321547513,1996,0.012674336075188072,13.7,9.533333333333333,False,True
3170057,Ubaporanga,MG,-19.66048363750604,-42.06999801561758,65,0.18269230769230774,0.03145044869191862,1977,0.06619019684698552,6.2,8.644444444444444,True,False
3170107,Uberaba,MG,-19.58071550087726,-47.97726865667092,65,-0.22168791215474606,0.009055800110441584,2000,0.001795882109639187,2.85,3.0444444444444443,True,True
3170206,Uberlândia,MG,-19.027694055946792,-48.33173676980211,65,0.12884615384615386,0.1292032674393662,1978,0.01796050511307883,1.95,4.933333333333334,False,True
3170305,Umburatiba,MG,-17.272250282699368,-40.66688474394373,65,0.1,0.23896882733943936,1997,0.5791296951003588,5.3,5.266666666666667,False,False
3170404,Unaí,MG,-16.37558466853939,-46.81942014531795,65,0.28461538461538466,0.0008036342229777386,1977,0.02371045067341545,1.75,5.266666666666667,True,True
3170438,União de Minas,MG,-19.408453642078747,-50.3429584391443,65,-0.037028132832788385,0.6628848739553324,1973,0.29592667730419125,0.25,3.577777777777778,False,False
3170479,Uruana de Minas,MG,-16.092408402005905,-46.31969300608153,65,0.15340226459298048,0.07091665070747387,1993,0.15216720064717362,1.05,1.4444444444444444,False,False
3170503,Urucânia,MG,-20.32533960945364,-42.72982054683085,65,0.25192307692307697,0.003011458854391665,1991,0.02663871507995326,10.6,13.733333333333333,True,True
3170529,Urucuia,MG,-16.02856047522975,-45.57293170087666,65,-0.025,0.7684583572208751,1981,1.0,3.3,3.7111111111111112,False,False
3170578,Vargem Alegre,MG,-19.603561711834693,-42.32131504791984,65,0.2605769230769231,0.0021515738117853294,1978,0.0005395957194361724,5.85,9.755555555555556,True,True
3170602,Vargem Bonita,MG,-20.431240419148185,-46.33617284211258,65,0.2153846153846154,0.011203053689114175,1976,0.0006324589027230093,2.05,4.733333333333333,True,True
3170651,Vargem Grande do Rio Pardo,MG,-15.340708407006767,-42.29892102606007,65,0.30769230769230776,0.00029088330683338913,1995,0.0025837459785470547,5.0,4.533333333333333,True,True
3170701,Varginha,MG,-21.55748478982248,-45.40914034311569,65,0.12211538461538464,0.1504363713206985,1971,0.22086846274676056,9.5,12.133333333333333,False,False
3170750,Varjão de Minas,MG,-18.46661075087888,-45.935225879458194,65,-0.21634615384615385,0.010845950917060442,1994,0.011412212598447198,4.9,5.977777777777778,True,True
3170800,Várzea da Palma,MG,-17.49562787973229,-44.72718839023255,65,-0.07019230769230769,0.4084852298799554,2000,0.17118085708445183,7.25,5.377777777777778,False,False
3170909,Varzelândia,MG,-15.641503001599414,-43.93445976139008,65,0.22168791215474606,0.009055800110441584,1999,0.01190277071465173,8.4,6.911111111111111,True,True
3171006,Vazante,MG,-17.868887565696898,-46.86733325063504,65,0.12070209533805047,0.15530790708588585,1976,0.028219394967337212,1.6,4.644444444444445,False,False
3171030,Verdelândia,MG,-15.540163846769833,-43.62830531877204,65,0.11346153846153846,0.18152087117928373,1995,0.2270165572915539,4.45,5.533333333333333,False,False
3171071,Veredinha,MG,-17.48765536028206,-42.72535766074345,65,0.07692307692307694,0.36503027183830394,1998,0.7465872320851034,4.05,4.511111111111111,False,False
3171105,Veríssimo,MG,-19.60241745592045,-48.340947252245336,65,0.19336221573047718,0.022849015143294394,1980,0.03955687337760341,2.05,4.2444444444444445,True,False
3171154,Vermelho Novo,MG,-20.033966605062307,-42.25436354384643,65,0.3009615384615385,0.00039406471296766864,1995,0.0041336894831218215,8.85,11.533333333333333,True,True
3171204,Vespasiano,MG,-19.730933733273563,-43.944957508032175,65,0.04134615384615385,0.6263439932763901,1994,0.6156758708469371,26.3,18.044444444444444,False,False
3171303,Viçosa,MG,-20.740387075475915,-42.88553159820168,65,0.21442307692307694,0.011570560282309688,1978,0.01294136909450836,9.6,11.177777777777777,True,True
3171402,Vieiras,MG,-20.91258999017094,-42.28197292774144,65,0.058653846153846154,0.48976100930269273,1974,0.3274473959752802,7.6,10.488888888888889,False,False
3171501,Mathias Lobato,MG,-18.61110034394499,-41.92720215518538,65,0.15769230769230771,0.0633204967893206,1978,0.031038301874568873,3.4,5.377777777777778,False,False
3171600,Virgem da Lapa,MG,-16.715440449950645,-42.33962845630138,65,0.0009620010732859562,0.9909656398400613,1972,0.7813481324804371,6.0,8.088888888888889,False,False
3171709,Virgínia,MG,-22.341962067581573,-45.10855668346034,65,-0.10480769230769232,0.21713510541441583,2008,0.13083421265918208,43.25,26.68888888888889,False,False
3171808,Virginópolis,MG,-18.791948958746143,-42.67028296875731,65,0.138013949649484,0.1041958917809164,1980,0.17621863751350042,3.5,6.177777777777778,False,False
3171907,Virgolândia,MG,-18.45171979447394,-42.3174169928248,65,-0.051923076923076926,0.5409152127109731,2003,0.5100406406299057,3.85,5.044444444444444,False,False
3172004,Visconde do Rio Branco,MG,-21.0116198097684,-42.83994866921483,65,0.18750000000000003,0.0272484408923059,1995,0.01869710762272877,9.3,11.622222222222222,True,True
3172103,Volta Grande,MG,-21.758182456043293,-42.55735274600729,65,-0.11493147723423927,0.17602600465756502,1985,0.33569432777951663,13.0,13.555555555555555,False,False
3172202,Wenceslau Braz,MG,-22.5546536349268,-45.40139493304588,65,-0.13942307692307693,0.10063110674807266,1997,0.04658952974594933,73.15,35.644444444444446,False,False
3200102,Afonso Cláudio,ES,-20.089365683979093,-41.126502227959584,65,0.20384615384615387,0.016375942740005898,1993,0.1567533113111856,12.3,14.533333333333333,True,False
3200136,Águia Branca,ES,-18.97033857897581,-40.74954776126734,65,0.20865384615384616,0.014008663383803684,1975,0.020251720191003866,7.85,10.155555555555555,True,True
3200169,Água Doce do Norte,ES,-18.51664959427334,-40.99689109191519,65,0.25288461538461543,0.002902414552430826,1978,0.007101915496690558,7.35,11.577777777777778,True,True
3200201,Alegre,ES,-20.719383208348862,-41.51498157732666,65,0.058653846153846154,0.48976100930269273,1967,0.49905447699339966,20.7,23.377777777777776,False,False
3200300,Alfredo Chaves,ES,-20.563858103113432,-40.82693138066737,65,0.0826923076923077,0.33017658764094726,2002,0.3701743102121331,22.8,23.622222222222224,False,False
3200359,Alto Rio Novo,ES,-19.02199678499743,-40.987172994317,65,0.17211538461538464,0.04268533710848181,1976,0.10513368645374463,8.25,11.311111111111112,False,False
3200409,Anchieta,ES,-20.718741821381908,-40.68621061332513,65,0.11634615384615385,0.17066966756527835,1993,0.4775403025455924,17.1,16.6,False,False
3200508,Apiacá,ES,-21.072191635810498,-41.55417203155071,65,0.15873017709218276,0.06171789992941346,1992,0.11740578560971188,12.35,14.755555555555556,False,False
3200607,Aracruz,ES,-19.765608264601777,-40.17608200436094,65,0.23461538461538461,0.005731560186271848,1998,0.022799875341596585,12.0,9.444444444444445,True,True
3200706,Atílio Vivácqua,ES,-20.962213081550622,-41.18397545423343,65,0.057692307692307696,0.49690584756476786,1967,0.4070731221914113,15.85,17.288888888888888,False,False
3200805,Baixo Guandu,ES,-19.572377110120147,-40.98372054602546,65,0.049038461538461545,0.5636278829337915,1970,0.2148498852809811,13.45,14.222222222222221,False,False
3200904,Barra de São Francisco,ES,-18.665934554770978,-40.83118914580703,65,0.2230769230769231,0.008617102831198334,1974,0.02371045067341545,8.4,11.622222222222222,True,True
3201001,Boa Esperança,ES,-18.484770205870586,-40.32918395816765,65,0.15192307692307694,0.07361518372015567,1998,0.2148498852809811,6.25,8.822222222222223,False,False
3201100,Bom Jesus do Norte,ES,-21.08451204365329,-41.63382254764631,65,0.1601346523807602,0.05939319528936734,1992,0.11200893327810173,13.25,15.71111111111111,False,False
3201159,Brejetuba,ES,-20.12530132971677,-41.296969946118764,65,0.11493147723423927,0.17602600465756502,1996,0.37465364109137395,11.4,13.333333333333334,False,False
3201209,Cachoeiro de Itapemirim,ES,-20.76610449406739,-41.19101445421066,65,0.01730769230769231,0.8385020825980152,1967,0.5100406406299057,22.25,23.11111111111111,False,False
3201308,Cariacica,ES,-20.29069261179221,-40.44199457912492,65,0.17115384615384618,0.043857193295064656,2004,0.08657956663465231,19.65,18.666666666666668,False,False
3201407,Castelo,ES,-20.55174137341475,-41.20395353584234,65,0.2366522640283452,0.005344675928262923,1995,0.06966661204712811,21.9,22.333333333333332,True,False
3201506,Colatina,ES,-19.48816279911227,-40.65681903125728,65,0.10384615384615385,0.22138288217168667,1978,0.016564659416996794,14.15,14.066666666666666,False,True
3201605,Conceição da Barra,ES,-18.445260030200306,-39.833342212941645,65,0.1980769230769231,0.0196748921067039,1998,0.001061823793324569,7.6,5.488888888888889,True,True
3201704,Conceição do Castelo,ES,-20.37084224663405,-41.26587660529355,65,0.2778846153846154,0.0010668362682036238,1979,0.016564659416996794,16.15,19.266666666666666,True,True
3201803,Divino de São Lourenço,ES,-20.58682798142784,-41.72440054088076,65,0.20673076923076925,0.014916681278871908,1999,0.0732972202658319,14.25,17.244444444444444,True,False
3201902,Domingos Martins,ES,-20.30781507760436,-40.84891368533194,65,0.17797019855790192,0.03619058451713181,1995,0.020657942651907565,21.45,24.533333333333335,False,True
3202009,Dores do Rio Preto,ES,-20.634905608877155,-41.81208057332373,65,0.1909112822677531,0.02460132895984148,1993,0.021920496091912347,15.1,17.466666666666665,True,True
3202108,Ecoporanga,ES,-18.26556266095968,-40.80764535497761,65,0.021153846153846155,0.8032826965468698,1974,0.17118085708445183,7.75,9.755555555555556,False,False
3202207,Fundão,ES,-19.96834644552857,-40.3568206443391,65,0.2557692307692308,0.002596549603187962,1998,0.00048497441951104856,16.6,16.755555555555556,True,True
3202256,Governador Lindenberg,ES,-19.20537334396594,-40.500060953902576,65,0.1605769230769231,0.058637341033104036,1978,0.036065047811419726,8.3,8.266666666666667,False,False
3202306,Guaçuí,ES,-20.76334388774524,-41.70522951829901,65,0.08319307766327781,0.3273649272412934,1995,0.6094940546151777,16.55,19.733333333333334,False,False
3202405,Guarapari,ES,-20.585065514045667,-40.546038311945935,65,0.14230769230769233,0.09378325044585276,1996,0.04179063319747862,16.0,14.377777777777778,False,False
3202454,Ibatiba,ES,-20.250800017592404,-41.55023470668856,65,0.13461538461538464,0.11292366071592867,1990,0.25974984352926617,10.4,13.044444444444444,False,False
3202504,Ibiraçu,ES,-19.83481490354947,-40.41779705612221,65,0.22596153846153846,0.007794343351490569,1978,0.03883579920096674,17.5,18.68888888888889,True,False
3202553,Ibitirama,ES,-20.48590354163858,-41.69266226257475,65,0.07453715050756103,0.38019950221802634,1976,0.7604002213532476,15.55,18.977777777777778,False,False
3202603,Iconha,ES,-20.754992986742288,-40.85745216470883,65,0.06346153846153847,0.4548807770395934,2012,0.9197857474393305,17.7,15.6,False,False
3202652,Irupi,ES,-20.331200532242963,-41.636704401257305,65,0.03942307692307693,0.6424804021960624,1979,0.9197857474393305,14.0,16.844444444444445,False,False
3202702,Itaguaçu,ES,-19.728592860750588,-40.864636866887054,65,0.10435201071058546,0.21924422185845227,1973,0.17878131454477716,16.65,19.044444444444444,False,False
3202801,Itapemirim,ES,-20.96571728583553,-40.9446363746685,65,0.07403846153846154,0.3832884041626353,1993,0.7328989927313598,15.65,14.8,False,False
3202900,Itarana,ES,-19.94996095840992,-40.88890817375425,65,0.13269230769230772,0.11816028735144751,1995,0.18137345418813178,16.6,19.377777777777776,False,False
3203007,Iúna,ES,-20.348405362883422,-41.65658834235327,65,0.03942307692307693,0.6424804021960624,1979,0.9197857474393305,15.0,17.333333333333332,False,False
3203056,Jaguaré,ES,-18.949909976107005,-40.00381110163902,65,0.02307692307692308,0.7858169534357987,1999,0.3883192024619521,3.2,4.266666666666667,False,False
3203106,Jerônimo Monteiro,ES,-20.8045042158496,-41.392190257526856,65,0.17980769230769234,0.03422947131578442,1990,0.036065047811419726,19.2,22.155555555555555,False,False
3203130,João Neiva,ES,-19.715457889712187,-40.43686803002341,65,0.19903846153846155,0.01908771528935225,1978,0.01796050511307883,16.65,17.57777777777778,True,True
3203163,Laranja da Terra,ES,-19.87263465922193,-41.05773360815993,65,0.14038461538461539,0.09830553419312299,2008,0.17621863751350042,13.8,16.22222222222222,False,False
3203205,Linhares,ES,-19.382571798722697,-40.02921120315052,65,0.15,0.07733678360610473,1999,0.08377208835709478,7.15,5.2444444444444445,False,False
3203304,Mantenópolis,ES,-18.87651907419167,-41.07175023319177,65,0.1807692307692308,0.03328067640475118,1999,0.036065047811419726,5.9,10.022222222222222,True,False
3203320,Marataízes,ES,-21.09999713110688,-40.89351450335597,65,0.08607838671518339,0.31086714071405397,2001,0.46701295818182675,11.1,11.333333333333334,False,False
3203346,Marechal Floriano,ES,-20.43120649385119,-40.77390882794489,65,0.11923076923076925,0.16031184519331876,1999,0.05185908915400302,22.95,24.31111111111111,False,False
3203353,Marilândia,ES,-19.429697523129835,-40.520721766013786,65,0.10146670165867987,0.23225452309130568,1978,0.023251206077677004,12.75,11.28888888888889,False,True
3203403,Mimoso do Sul,ES,-21.08861351631941,-41.37686473474725,65,0.1557692307692308,0.06661113650746185,1999,0.1348934261598594,11.65,12.755555555555556,False,False
3203502,Montanha,ES,-18.13880658686121,-40.27518866950001,65,0.1076923076923077,0.20474428938111378,1999,0.3035887052227368,10.55,9.555555555555555,False,False
3203601,Mucurici,ES,-18.014847798917984,-40.51249968522835,65,0.09711538461538463,0.252789642803682,1979,0.24625239477921027,6.8,7.8,False,False
3203700,Muniz Freire,ES,-20.42682503188413,-41.4350108744144,65,0.09423076923076924,0.26715785444604245,1986,0.45663907784026875,14.1,16.488888888888887,False,False
3203809,Muqui,ES,-20.93831980579096,-41.34386429552542,65,0.17980769230769234,0.03422947131578442,1990,0.036065047811419726,15.0,17.733333333333334,False,False
3203908,Nova Venécia,ES,-18.69831139099541,-40.52236293795278,65,0.12692307692307694,0.135017381575575,1998,0.17118085708445183,7.4,10.577777777777778,False,False
3204005,Pancas,ES,-19.146830074007475,-40.8178231281346,65,0.22115384615384617,0.009207901182984903,1979,0.04658952974594933,11.45,13.666666666666666,True,False
3204054,Pedro Canário,ES,-18.18244617204453,-40.03718541369578,65,0.1028846153846154,0.22568988273148238,1999,0.1662584764648557,8.45,5.133333333333334,False,False
3204104,Pinheiros,ES,-18.36993089781168,-40.1980960838061,65,0.11736413094088664,0.16714916585506157,1998,0.04028960206658344,8.15,9.11111111111111,False,False
3204203,Piúma,ES,-20.837779514571764,-40.7724412458941,65,0.11346153846153846,0.18152087117928373,2011,0.17621863751350042,13.45,12.688888888888888,False,False
3204252,Ponto Belo,ES,-18.250761049764083,-40.514258563067145,65,-0.016346153846153847,0.8473606749709596,1974,0.24625239477921027,7.8,8.88888888888889,False,False
3204302,Presidente Kennedy,ES,-21.140759806483164,-41.07202755406471,65,0.08704015639915193,0.3054919543825281,1967,0.6794395367093345,12.45,12.355555555555556,False,False
3204351,Rio Bananal,ES,-19.23046735580541,-40.30819396622066,65,0.1730769230769231,0.04154006700988516,1978,0.03474573545009981,9.2,7.466666666666667,False,False
3204401,Rio Novo do Sul,ES,-20.81801758424475,-40.91875090759184,65,0.04711538461538462,0.5790206953061717,2001,0.9652863406359143,15.5,15.066666666666666,False,False
3204500,Santa Leopoldina,ES,-20.12314058423941,-40.53920379732913,65,0.12884615384615386,0.1292032674393662,1998,0.10852621480054009,21.5,21.644444444444446,False,False
3204559,Santa Maria de Jetibá,ES,-20.085127001982748,-40.80631409620244,65,0.16301996143266576,0.05495392567929945,1992,0.11740578560971188,20.9,23.066666666666666,False,False
3204609,Santa Teresa,ES,-19.8792223827966,-40.63490404500886,65,0.16923076923076924,0.04628252141634792,1973,0.13905464099683393,17.4,20.288888888888888,False,False
3204658,São Domingos do Norte,ES,-19.12237229195498,-40.56657710876856,65,0.14807692307692308,0.08121025824359357,1975,0.027683537119878636,9.0,9.844444444444445,False,False
3204708,São Gabriel da Palha,ES,-18.95269573125776,-40.50837700867679,65,0.17359942795631958,0.04097402076403402,1975,0.053726377031536474,8.05,9.777777777777779,False,False
3204807,São José do Calçado,ES,-20.982733389720696,-41.65563176712734,65,0.12500000000000003,0.14103164052071637,1992,0.1975562773493669,15.9,19.155555555555555,False,False
3204906,São Mateus,ES,-18.749678226615288,-40.02037300024453,65,0.015384615384615387,0.8562385953808652,1998,0.8312453951901982,7.45,7.111111111111111,False,False
3204955,São Roque do Canaã,ES,-19.719763751945063,-40.67938707203161,65,0.20245251847537546,0.017149753242072147,1978,0.010710564522778371,17.85,19.22222222222222,True,True
3205002,Serra,ES,-20.128108693602965,-40.30156617617326,65,0.1230769230769231,0.14724974459811443,1998,0.08657956663465231,16.05,16.844444444444445,False,False
3205010,Sooretama,ES,-19.072669323582257,-40.146587192764414,65,0.10480769230769232,0.21713510541441583,1978,0.4775403025455924,8.4,5.777777777777778,False,False
3205036,Vargem Alta,ES,-20.64696961987802,-41.00492803210491,65,0.025961538461538463,0.759821804319769,2000,1.0,22.4,20.444444444444443,False,False
3205069,Venda Nova do Imigrante,ES,-20.37036242870065,-41.140333079789535,65,0.3317307692307693,9.369852852119804e-05,1995,0.0006666083254009841,19.05,19.622222222222224,True,True
3205101,Viana,ES,-20.400990787492944,-40.51270659768388,65,0.14711538461538462,0.08320523933786642,1998,0.11200893327810173,18.5,18.77777777777778,False,False
3205150,Vila Pavão,ES,-18.614257622503835,-40.62721348130829,65,0.12980769230769232,0.1263700865857364,1997,0.17118085708445183,9.4,12.466666666666667,False,False
3205176,Vila Valério,ES,-18.9665921421926,-40.329469669043085,65,0.16153846153846155,0.057141691282258024,1975,0.09861252850976931,6.35,9.11111111111111,False,False
3205200,Vila Velha,ES,-20.43397301836054,-40.37806647062487,65,0.2236114515226831,0.008473749386513626,1998,0.02715668598949829,14.2,13.355555555555556,True,False
3300100,Angra dos Reis,RJ,-22.98658612684952,-44.35272170042414,65,0.17692307692307696,0.037215712459128636,1984,0.033468923782858755,18.4,16.533333333333335,False,False
3300159,Aperibé,RJ,-21.65232774605241,-42.13468363228199,65,0.03653846153846154,0.6670026854207679,1997,0.5324687972967159,10.85,12.733333333333333,False,False
3300209,Araruama,RJ,-22.755319779517464,-42.29288858331226,65,0.04615384615384616,0.5867904254454406,2000,1.0,12.0,12.222222222222221,False,False
3300225,Areal,RJ,-22.23540507301843,-43.12165309102328,65,0.17115384615384618,0.043857193295064656,1993,0.06619019684698552,25.65,25.133333333333333,False,False
3300233,Armação dos Búzios,RJ,-22.77611527103216,-41.94949264652321,65,0.1355769230769231,0.11037483702198604,1987,0.05763530883303764,4.1,2.1777777777777776,False,False
3300258,Arraial do Cabo,RJ,-22.9251311377059,-42.16013299841106,65,0.10961538461538463,0.19677448800476616,1986,0.2148498852809811,2.6,1.5555555555555556,False,False
3300308,Barra do Piraí,RJ,-22.42563775787515,-43.91287571892832,65,0.05194805795744163,0.5409022417980689,2000,0.7261024027961221,33.6,26.4,False,False
3300407,Barra Mansa,RJ,-22.50579912972422,-44.18832858694196,65,0.1076923076923077,0.20474428938111378,1990,0.24625239477921027,44.55,34.577777777777776,False,False
3300456,Belford Roxo,RJ,-22.728671997622417,-43.3776083537181,65,-0.0451923076923077,0.5946081162160604,1971,0.7604002213532476,41.4,15.355555555555556,False,False
3300506,Bom Jardim,RJ,-22.199737996328224,-42.371708535830514,65,0.030769230769230774,0.7171064503042393,1988,0.25974984352926617,26.85,27.88888888888889,False,False
3300605,Bom Jesus do Itabapoana,RJ,-21.12335893683425,-41.68335524149334,65,0.1601346523807602,0.05939319528936734,1992,0.11200893327810173,11.3,13.644444444444444,False,False
3300704,Cabo Frio,RJ,-22.71170502546916,-42.056995583787234,65,0.08942307692307694,0.29233290665128286,1987,0.2148498852809811,6.1,4.133333333333334,False,False
3300803,Cachoeiras de Macacu,RJ,-22.516056723699727,-42.72834334608915,65,0.06826923076923078,0.4214450879802445,1975,0.7604002213532476,28.75,28.68888888888889,False,False
3300902,Cambuci,RJ,-21.49694886095582,-41.91474495103657,65,0.13653846153846155,0.10787167378640108,1997,0.033468923782858755,9.15,10.422222222222222,False,False
3300936,Carapebus,RJ,-22.19609449235704,-41.650908869260725,65,0.2461538461538462,0.003747978450523647,1988,0.010939988910983817,7.6,5.066666666666666,True,True
3300951,Comendador Levy Gasparian,RJ,-22.04382563053817,-43.255995425275295,65,0.06730769230769232,0.42801444993475524,1977,0.8025622312742078,20.55,21.044444444444444,False,False
3301009,Campos dos Goytacazes,RJ,-21.7474168271792,-41.40414617180612,65,0.031730769230769236,0.7086636717402414,2006,0.6407607168142557,10.8,6.888888888888889,False,False
3301108,Cantagalo,RJ,-21.868342143506204,-42.33386755047826,65,-0.06923076923076923,0.4149352520971258,2012,0.22086846274676056,18.3,19.88888888888889,False,False
3301157,Cardoso Moreira,RJ,-21.525353625429048,-41.50030523380256,65,0.21153846153846156,0.012738072274857487,2004,0.08946573118645543,8.5,6.666666666666667,True,False
3301207,Carmo,RJ,-21.895493770547727,-42.56642031421158,65,-0.14230769230769233,0.09378325044585276,2012,0.22086846274676056,20.6,19.8,False,False
3301306,Casimiro de Abreu,RJ,-22.48187528754653,-42.14420063238854,65,0.008653846153846154,0.9188321343240562,2018,0.8898836579770303,17.45,18.644444444444446,False,False
3301405,Conceição de Macabu,RJ,-22.13661159738315,-41.84654068578614,65,0.23557692307692307,0.0055358278705207545,1988,0.017249952653633677,10.8,10.4,True,True
3301504,Cordeiro,RJ,-22.058729117758784,-42.34229294933819,65,-0.0778846153846154,0.35906697866031423,2013,0.1662584764648557,23.2,24.466666666666665,False,False
3301603,Duas Barras,RJ,-22.05561601085105,-42.49805891574621,65,-0.18321712479600488,0.031003925543341252,1985,0.08239735584295661,24.05,26.77777777777778,True,False
3301702,Duque de Caxias,RJ,-22.63228808283344,-43.299577257367865,65,-0.09423076923076924,0.26715785444604245,2005,0.3274473959752802,44.4,19.11111111111111,False,False
3301801,Engenheiro Paulo de Frontin,RJ,-22.50825955169196,-43.63607565548212,65,0.15096153846153848,0.07545725721395402,1993,0.17621863751350042,33.5,20.31111111111111,False,False
3301850,Guapimirim,RJ,-22.583449236094285,-42.96398404004286,65,-0.15673076923076926,0.06494862597449932,1998,0.03883579920096674,37.9,27.244444444444444,False,False
3301876,Iguaba Grande,RJ,-22.82748900353946,-42.21801748394775,65,0.11057692307692309,0.19287584940313707,1986,0.3274473959752802,5.95,5.511111111111111,False,False
3301900,Itaboraí,RJ,-22.750095205099868,-42.85437372587976,65,0.20875423290305248,0.014005592610672093,1980,0.026129499169554468,33.9,18.466666666666665,True,True
3302007,Itaguaí,RJ,-22.83456619392381,-43.81229978449422,65,-0.14903846153846154,0.0792542785402758,1974,0.24625239477921027,32.7,18.77777777777778,False,False
3302056,Italva,RJ,-21.423896581021875,-41.653857713992565,65,0.21346153846153848,0.011948725315964503,1992,0.01796050511307883,10.05,9.333333333333334,True,True
3302106,Itaocara,RJ,-21.726837962787283,-42.08220553605664,65,0.05576923076923077,0.5113605348757182,1997,0.20319531429857648,11.0,12.688888888888888,False,False
3302205,Itaperuna,RJ,-21.225107904515607,-41.89404592460156,65,-0.01153846153846154,0.8919214874063491,2010,1.0,11.7,14.022222222222222,False,False
3302254,Itatiaia,RJ,-22.44169316149792,-44.58784729061672,65,0.23173076923076924,0.006356762266437549,1990,0.024653148270964056,43.85,34.06666666666667,True,True
3302270,Japeri,RJ,-22.662010759724527,-43.60568681821625,65,-0.13461538461538464,0.11292366071592867,2003,0.05967975380939963,38.55,16.244444444444444,False,False
3302304,Laje do Muriaé,RJ,-21.25013967320037,-42.13508143756823,65,0.031730769230769236,0.7086636717402414,1974,1.0,8.7,11.733333333333333,False,False
3302403,Macaé,RJ,-22.29582256987314,-41.976566923728825,65,0.15340226459298048,0.07091665070747387,1995,0.08946573118645543,14.15,14.466666666666667,False,False
3302452,Macuco,RJ,-22.023998371688634,-42.273541338207615,65,-0.11346153846153846,0.18152087117928373,2013,0.16144984740732568,22.85,24.177777777777777,False,False
3302502,Magé,RJ,-22.612595044501862,-43.11299340935721,65,0.029807692307692313,0.7255839366845278,2001,1.0,42.7,22.0,False,False
3302601,Mangaratiba,RJ,-22.954294459055784,-44.03789940366907,65,-0.1125,0.18524939541359853,1973,0.3440897276461011,21.55,15.955555555555556,False,False
3302700,Maricá,RJ,-22.91537231756111,-42.81706941780199,65,0.2153846153846154,0.011203053689114175,1980,0.02876438730541304,24.05,11.6,True,False
3302809,Mendes,RJ,-22.52165471171129,-43.73980673642478,65,0.15192307692307694,0.07361518372015567,1998,0.07838680053058594,31.6,22.42222222222222,False,False
3302858,Mesquita,RJ,-22.799330630622816,-43.45229537532525,65,-0.020192307692307693,0.8120531453899646,2002,0.6664086010224509,44.6,16.0,False,False
3302908,Miguel Pereira,RJ,-22.50653459931944,-43.46920009015709,65,0.029807692307692313,0.7255839366845278,1987,0.7743354696059661,42.3,24.977777777777778,False,False
3303005,Miracema,RJ,-21.39559117033947,-42.15213894540359,65,0.0504929084083478,0.5522078519617892,1974,1.0,9.05,11.4,False,False
3303104,Natividade,RJ,-21.04162256990821,-41.931208078664056,65,0.16250000000000003,0.05567791074662766,1995,0.1348934261598594,10.65,13.844444444444445,False,False
3303203,Nilópolis,RJ,-22.82085877433278,-43.42867562797457,65,-0.020192307692307693,0.8120531453899646,2002,0.6664086010224509,40.5,13.911111111111111,False,False
3303302,Niterói,RJ,-22.91491826553714,-43.05545178372369,65,0.20192307692307696,0.017417130286899955,1988,0.0025837459785470547,36.0,13.955555555555556,True,True
3303401,Nova Friburgo,RJ,-22.319134338498404,-42.50108053864813,65,0.1447463374372637,0.08836161353687573,1995,0.10182967849068571,26.15,27.977777777777778,False,False
3303500,Nova Iguaçu,RJ,-22.68660878237853,-43.50178193298018,65,-0.16494350080060283,0.05215087429519464,2003,0.03883579920096674,49.6,19.377777777777776,False,False
3303609,Paracambi,RJ,-22.617849909115705,-43.72141610067151,65,0.11300793786630221,0.1833710915902007,1984,0.14549141640109053,36.6,23.177777777777777,False,False
3303708,Paraíba do Sul,RJ,-22.18185966822258,-43.30432088518969,65,0.11012262881439663,0.19481086120172864,1977,0.5045285117349871,28.3,26.066666666666666,False,False
3303807,Paraty,RJ,-23.148214603176505,-44.70634052914336,65,0.058653846153846154,0.48976100930269273,2001,0.3035887052227368,22.95,16.88888888888889,False,False
3303856,Paty do Alferes,RJ,-22.36710263270705,-43.40401976466904,65,-0.05387206010401354,0.5260185234900849,2017,0.9500382475590613,26.9,22.666666666666668,False,False
3303906,Petrópolis,RJ,-22.397868404847884,-43.156778921494,65,0.043269230769230775,0.610384513874678,2018,0.20895933922108018,28.8,21.31111111111111,False,False
3303955,Pinheiral,RJ,-22.54325774541208,-43.997483647930345,65,0.16975234922044546,0.04566237241320111,1984,0.12884232732690057,38.6,30.31111111111111,False,False
3304003,Piraí,RJ,-22.63361407861625,-43.90170452202202,65,-0.09423076923076924,0.26715785444604245,2003,0.6156758708469371,34.2,24.68888888888889,False,False
3304102,Porciúncula,RJ,-20.906568403289047,-41.96952118389493,65,0.16826923076923078,0.047536931202069026,1995,0.014652703987493569,10.9,14.666666666666666,False,True
3304110,Porto Real,RJ,-22.441103781413688,-44.32600246449318,65,-0.08511661703121487,0.3163043604044854,2000,0.8530429830608498,41.75,35.022222222222226,False,False
3304128,Quatis,RJ,-22.35514918091634,-44.237141865600535,65,-0.1,0.23896882733943936,1988,0.6156758708469371,41.75,34.71111111111111,False,False
3304144,Queimados,RJ,-22.72542022640544,-43.5849254523782,65,-0.13461538461538464,0.11292366071592867,2003,0.05967975380939963,46.4,17.022222222222222,False,False
3304151,Quissamã,RJ,-22.104877557374287,-41.44444559933408,65,0.08415484734724633,0.3218036242674923,2006,0.7743354696059661,8.2,4.644444444444445,False,False
3304201,Resende,RJ,-22.440608181958048,-44.48525811068719,65,0.1605769230769231,0.058637341033104036,1990,0.2270165572915539,36.95,31.555555555555557,False,False
3304300,Rio Bonito,RJ,-22.73493642100893,-42.58805664201888,65,0.10819908944645958,0.2027229342358049,1997,0.3883192024619521,15.25,17.288888888888888,False,False
3304409,Rio Claro,RJ,-22.78045486127348,-44.07831667372794,65,0.03365384615384616,0.6918859681811715,2014,0.6794395367093345,29.25,21.933333333333334,False,False
3304508,Rio das Flores,RJ,-22.15989625766233,-43.53861271761117,65,0.10819908944645958,0.2027229342358049,1977,0.21784307663701066,24.35,24.288888888888888,False,False
3304524,Rio das Ostras,RJ,-22.454394670972448,-41.9463700159402,65,0.11204616818233369,0.18712769933068674,1989,0.3074739463256514,11.6,11.222222222222221,False,False
3304557,Rio de Janeiro,RJ,-22.92327590780908,-43.45095446719342,65,-0.1375,0.10541366817859947,2003,0.021071406588780116,35.15,10.28888888888889,False,True
3304607,Santa Maria Madalena,RJ,-21.96963605078856,-41.91340938291102,65,0.1451923076923077,0.08731427299935919,1970,0.3113955087807632,14.8,15.022222222222222,False,False
3304706,Santo Antônio de Pádua,RJ,-21.55552317523556,-42.19285076977325,65,0.0778846153846154,0.35906697866031423,1997,0.13083421265918208,11.3,12.955555555555556,False,False
3304755,São Francisco de Itabapoana,RJ,-21.417579706303336,-41.13514788704611,65,0.06395768398390722,0.45146415908406734,2018,0.488220905503328,5.9,5.266666666666667,False,False
3304805,São Fidélis,RJ,-21.65984718510064,-41.7868915965211,65,0.24230769230769236,0.004326256244848926,1997,0.003124511435185525,10.6,8.955555555555556,True,True
3304904,São Gonçalo,RJ,-22.8255667620292,-42.99705745476693,65,0.18750000000000003,0.0272484408923059,1986,0.031038301874568873,39.7,18.11111111111111,True,False
3305000,São João da Barra,RJ,-21.782280961371747,-41.08075409410198,65,0.059615384615384626,0.4826718288253318,2006,0.23329562826712694,5.25,3.2222222222222223,False,False
3305109,São João de Meriti,RJ,-22.785034360193663,-43.365037911190655,65,-0.0451923076923077,0.5946081162160604,1971,0.7604002213532476,40.4,14.266666666666667,False,False
3305133,São José de Ubá,RJ,-21.37076297421791,-41.9492850069507,65,0.005289733261826912,0.950342853534446,1995,1.0,10.7,13.088888888888889,False,False
3305158,São José do Vale do Rio Preto,RJ,-22.169687345563403,-42.93247544584914,65,0.36057692307692313,2.1758289255506334e-05,1978,0.001437064222499949,31.85,30.844444444444445,True,True
3305208,São Pedro da Aldeia,RJ,-22.788398342921614,-42.12605867874103,65,0.03461538461538462,0.683552875272655,2000,0.9500382475590613,5.4,4.2444444444444445,False,False
3305307,São Sebastião do Alto,RJ,-21.883300693489232,-42.10218659814356,65,-0.06250000000000001,0.46174282539108646,1985,0.4264390421954524,16.35,18.333333333333332,False,False
3305406,Sapucaia,RJ,-22.02411383799363,-42.82273668393587,65,0.012983890733575148,0.878508799334782,1976,0.8240330923923569,27.2,24.977777777777778,False,False
3305505,Saquarema,RJ,-22.878234753385435,-42.51895788892298,65,0.11108439849836516,0.19094083770394787,1985,0.6033483431563663,6.75,7.5777777777777775,False,False
3305554,Seropédica,RJ,-22.75556541686582,-43.69862355308052,65,-0.027884615384615386,0.7426392261972599,2003,0.3035887052227368,39.05,18.733333333333334,False,False
3305604,Silva Jardim,RJ,-22.5675695616484,-42.41326030504596,65,-0.10865384615384616,0.20073052452038787,2010,0.29592667730419125,20.8,22.511111111111113,False,False
3305703,Sumidouro,RJ,-22.10704600432281,-42.66416691304537,65,-0.19519230769230772,0.021532075658869866,1981,0.0810416956090477,27.95,27.244444444444444,True,False
3305752,Tanguá,RJ,-22.782235772794245,-42.72537479563093,65,0.13846153846153847,0.10300031496560585,1985,0.22086846274676056,16.75,15.444444444444445,False,False
3305802,Teresópolis,RJ,-22.3140080328317,-42.87329217561571,65,0.18173076923076925,0.03235447625285426,1995,0.15216720064717362,32.3,32.333333333333336,True,False
3305901,Trajano de Moraes,RJ,-22.1297137055922,-42.1549324846314,65,0.11826923076923078,0.16371030112364793,2004,0.1433195491670883,19.25,20.622222222222224,False,False
3306008,Três Rios,RJ,-22.12476738202613,-43.11217207554096,65,0.13269230769230772,0.11816028735144751,2015,0.07838680053058594,25.45,25.355555555555554,False,False
3306107,Valença,RJ,-22.234235891579868,-43.85741910507692,65,0.14615384615384616,0.08523973864681578,1998,0.12687530739535213,28.65,26.022222222222222,False,False
3306156,Varre-Sai,RJ,-20.892855074019334,-41.82971659792769,65,0.11057692307692309,0.19287584940313707,1995,0.20319531429857648,12.3,16.066666666666666,False,False
3306206,Vassouras,RJ,-22.35855281766809,-43.56955481910026,65,0.06780476271978134,0.4247149246037094,1993,0.4166794406211764,31.75,24.31111111111111,False,False
3306305,Volta Redonda,RJ,-22.49057066444727,-44.0888846899458,65,0.2057692307692308,0.015389839986918645,1978,0.1476898403483945,41.35,31.88888888888889,True,False
3500105,Adamantina,SP,-21.576579219049588,-51.05675655430729,65,-0.08846153846153848,0.2975531675111377,2013,0.6033483431563663,19.9,21.333333333333332,False,False
3500204,Adolfo,SP,-21.28871748546556,-49.653228459140685,65,0.025,0.7684583572208751,1970,0.2397071069526228,18.4,16.4,False,False
3500303,Aguaí,SP,-22.049967414713425,-47.04031808723589,65,-0.018754508837386327,0.8252500634516793,2002,0.29592667730419125,35.45,28.8,False,False
3500402,Águas da Prata,SP,-21.91363683830507,-46.69174886899378,65,0.13076923076923078,0.12358551912882432,1979,0.07085942951772722,25.25,23.955555555555556,False,False
3500501,Águas de Lindóia,SP,-22.4747697016479,-46.6037173008282,65,0.008653846153846154,0.9188321343240562,1969,0.7883903763393662,34.85,26.733333333333334,False,False
3500550,Águas de Santa Bárbara,SP,-22.857855456913235,-49.26110510835991,65,0.12596153846153849,0.1379992597344832,1974,0.16144984740732568,19.0,19.533333333333335,False,False
3500600,Águas de São Pedro,SP,-22.59877321244853,-47.8759594002105,65,0.01153846153846154,0.8919214874063491,1971,0.24625239477921027,37.25,30.42222222222222,False,False
3500709,Agudos,SP,-22.571860540038774,-49.10853708773425,65,-0.11730769230769231,0.16716277228271015,1990,0.1476898403483945,17.25,14.355555555555556,False,False
3500758,Alambari,SP,-23.54895261345975,-47.8690594522094,65,0.06730769230769232,0.42801444993475524,2003,0.3035887052227368,38.85,23.755555555555556,False,False
3500808,Alfredo Marcondes,SP,-21.934951976525024,-51.39558933241227,65,0.14859341617313782,0.08022258263906404,1995,0.2563242059624761,21.1,21.6,False,False
3500907,Altair,SP,-20.53338996727436,-49.09386314431301,65,0.08557692307692309,0.3135857504770575,1973,0.44641878404152746,20.3,20.91111111111111,False,False
3501004,Altinópolis,SP,-21.018016349058488,-47.38609483110446,65,0.13076923076923078,0.12358551912882432,1975,0.05967975380939963,26.85,22.8,False,False
3501103,Alto Alegre,SP,-21.612595861942925,-50.192093205162685,65,0.18225535511203636,0.031896971793190156,1976,0.05967975380939963,23.35,22.022222222222222,True,False
3501152,Alumínio,SP,-23.53308926868483,-47.28124562363865,65,0.1605769230769231,0.058637341033104036,2014,0.13905464099683393,53.55,34.93333333333333,False,False
3501202,Álvares Florence,SP,-20.28945474212114,-49.92025685911177,65,0.19711538461538464,0.02027778283736401,1971,0.04829200871359571,18.3,17.31111111111111,True,False
3501301,Álvares Machado,SP,-22.131286234459427,-51.51469842005834,65,0.23461538461538461,0.005731560186271848,1996,0.07085942951772722,19.5,19.844444444444445,True,False
3501400,Álvaro de Carvalho,SP,-22.08659896830776,-49.73400662415601,65,0.1899495125837846,0.025333240573583733,2003,0.132851175049376,29.65,22.955555555555556,True,False
3501509,Alvinlândia,SP,-22.45255038429652,-49.75856503882956,65,-0.03365384615384616,0.6918859681811715,1995,1.0,23.5,25.91111111111111,False,False
3501608,Americana,SP,-22.723398777062663,-47.28907808432941,65,-0.047607599356442216,0.5751479084894895,1966,0.6664086010224509,56.5,37.2,False,False
3501707,Américo Brasiliense,SP,-21.72221850040504,-48.03225255665725,65,-0.16442307692307695,0.05284397831918954,1987,0.09243219495343426,43.1,33.888888888888886,False,False
3501806,Américo de Campos,SP,-20.28947762462257,-49.768047882834765,65,0.22884615384615387,0.0070426804278188836,1974,0.022799875341596585,16.7,16.31111111111111,True,True
3501905,Amparo,SP,-22.69906651515732,-46.79872739495267,65,0.05,0.5560061415710047,1997,0.6407607168142557,48.9,35.888888888888886,False,False
3502002,Analândia,SP,-22.12106968907593,-47.677948959018096,65,0.0764606898754981,0.36802730477022005,1971,0.05565131986374875,42.45,33.24444444444445,False,False
3502101,Andradina,SP,-20.83556445144148,-51.32968439096648,65,-0.10384615384615385,0.22138288217168667,1971,0.13083421265918208,17.15,14.28888888888889,False,False
3502200,Angatuba,SP,-23.43684939335049,-48.459314366572464,65,-0.06730769230769232,0.42801444993475524,2006,0.7883903763393662,22.85,17.488888888888887,False,False
3502309,Anhembi,SP,-22.799978104885973,-48.17464109829916,65,0.2057692307692308,0.015389839986918645,1971,0.011412212598447198,25.4,21.755555555555556,True,True
3502408,Anhumas,SP,-22.36197473005725,-51.427735237464674,65,0.13365384615384618,0.11551864505727938,2014,0.18137345418813178,19.5,19.68888888888889,False,False
3502507,Aparecida,SP,-22.91413145864849,-45.2372369629959,65,-0.07307692307692308,0.3894966529371431,2001,0.5211789320492503,99.95,42.355555555555554,False,False
3502606,Aparecida d'Oeste,SP,-20.47890872348454,-50.9220216261018,65,0.17500000000000002,0.03932745024003653,1974,0.014060907443860605,13.5,14.28888888888889,False,True
3502705,Apiaí,SP,-24.42149918070917,-48.81735509591665,65,0.08365384615384616,0.3245842756703249,2001,0.8898836579770303,18.95,20.955555555555556,False,False
3502754,Araçariguama,SP,-23.434476653591545,-47.07239742728606,65,0.08942307692307694,0.29233290665128286,2015,0.13905464099683393,68.9,37.51111111111111,False,False
3502804,Araçatuba,SP,-21.1136887208554,-50.57469621713192,65,0.1557692307692308,0.06661113650746185,1996,0.1662584764648557,21.85,21.177777777777777,False,False
3502903,Araçoiaba da Serra,SP,-23.543870435096263,-47.651491593917584,65,-0.051923076923076926,0.5409152127109731,1989,0.7193378849388556,45.1,28.266666666666666,False,False
3503000,Aramina,SP,-20.144864084483693,-47.82063090964439,65,-0.08942307692307694,0.29233290665128286,2003,0.02876438730541304,24.5,19.0,False,False
3503109,Arandu,SP,-23.177653797811363,-49.06399825616442,65,0.19423076923076926,0.02218417484152764,1981,0.10182967849068571,19.9,17.22222222222222,True,False
3503158,Arapeí,SP,-22.67293683636034,-44.43851538997293,65,0.06442307692307693,0.44807654659723983,1976,0.5439095912556042,41.15,34.355555555555554,False,False
3503208,Araraquara,SP,-21.79161012749632,-48.181296771497536,65,-0.07980769230769232,0.3473253208868534,1987,0.7743354696059661,42.8,33.48888888888889,False,False
3503307,Araras,SP,-22.346093783526825,-47.32385133940991,65,0.015384615384615387,0.8562385953808652,1979,0.10182967849068571,35.3,26.8,False,False
3503356,Arco-Íris,SP,-21.76633058778006,-50.43088326805693,65,0.12692307692307694,0.135017381575575,1973,0.10182967849068571,20.2,18.377777777777776,False,False
3503406,Arealva,SP,-22.07620939183557,-48.98186119817112,65,0.06250000000000001,0.46174282539108646,2015,0.5211789320492503,26.95,17.355555555555554,False,False
3503505,Areias,SP,-22.67310306481049,-44.71236438622764,65,0.01683096946944927,0.8429264099579448,1974,0.5672409199242981,51.05,32.68888888888889,False,False
3503604,Areiópolis,SP,-22.631752875085432,-48.65283686086092,65,-0.14089925870138958,0.0971535930581724,1993,0.18399525890800408,17.2,14.044444444444444,False,False
3503703,Ariranha,SP,-21.18561081670009,-48.77924604399831,65,-0.17211538461538464,0.04268533710848181,2007,0.022799875341596585,29.9,23.044444444444444,False,True
3503802,Artur Nogueira,SP,-22.56128132256597,-47.13218002257436,65,0.054807692307692314,0.5186693578126838,1998,0.7059061814503923,58.5,38.733333333333334,False,False
3503901,Arujá,SP,-23.38598805449973,-46.31901152474684,65,0.04134615384615385,0.6263439932763901,1972,0.8168482142462784,98.9,53.06666666666667,False,False
3503950,Aspásia,SP,-20.18351777514008,-50.72806702885204,65,0.1932692307692308,0.02285338210981876,1971,0.005946011397210716,13.0,13.377777777777778,True,True
3504008,Assis,SP,-22.60173151158101,-50.42070247806482,65,0.05288461538461539,0.5334472631525882,1971,0.20319531429857648,15.8,23.044444444444444,False,False
3504107,Atibaia,SP,-23.12327356450572,-46.58676582614135,65,-0.0014426545259527944,0.9864490388760753,1969,0.6281471370692552,65.05,43.8,False,False
3504206,Auriflama,SP,-20.64408885045082,-50.57995326978438,65,0.08415484734724633,0.3218036242674923,1985,0.3153535161700454,10.9,14.4,False,False
3504305,Avaí,SP,-22.187170010208835,-49.31623040159256,64,-0.02976190476190476,0.7281275888499832,1992,0.6652872257267728,25.4,17.933333333333334,False,False
3504404,Avanhandava,SP,-21.46049986518545,-49.94728992553336,65,0.08557692307692309,0.3135857504770575,1972,0.19204067398614047,22.75,21.555555555555557,False,False
3504503,Avaré,SP,-23.07512269762075,-48.89405626627188,65,0.08173076923076925,0.33583089893655294,1971,0.08657956663465231,14.6,12.866666666666667,False,False
3504602,Bady Bassitt,SP,-20.931492626930503,-49.43764689210627,65,0.03557692307692308,0.6752581537654916,1973,0.24625239477921027,24.2,20.68888888888889,False,False
3504701,Balbinos,SP,-21.892385428977075,-49.33301263750501,65,0.01153846153846154,0.8919214874063491,1973,0.44641878404152746,23.55,15.755555555555556,False,False
3504800,Bálsamo,SP,-20.70956478512544,-49.55188308913949,65,0.01153846153846154,0.8919214874063491,1970,0.9500382475590613,22.45,19.955555555555556,False,False
3504909,Bananal,SP,-22.733783767721384,-44.33437706613952,65,0.025,0.7684583572208751,2012,0.4070731221914113,37.35,30.0,False,False
3505005,Barão de Antonina,SP,-23.582885316574664,-49.5719480356713,65,0.14711538461538462,0.08320523933786642,1971,0.10513368645374463,23.6,20.955555555555556,False,False
3505104,Barbosa,SP,-21.290728881176683,-49.92198168321355,65,0.0125,0.8829773063503712,1973,0.9806103528349323,20.5,20.333333333333332,False,False
3505203,Bariri,SP,-22.06674496368743,-48.71886405972623,65,0.06346153846153847,0.4548807770395934,1969,0.0954805823504146,27.2,23.11111111111111,False,False
3505302,Barra Bonita,SP,-22.479392124737405,-48.54168043260007,65,-0.23076923076923078,0.006578413612826367,1990,0.020251720191003866,23.85,18.22222222222222,True,True
3505351,Barra do Chapéu,SP,-24.443834612175483,-49.08528039463855,65,0.10096153846153848,0.2344826070931848,1985,0.488220905503328,20.9,20.733333333333334,False,False
3505401,Barra do Turvo,SP,-24.888625913464097,-48.426978777741326,65,0.0125,0.8829773063503712,1971,1.0,22.75,18.42222222222222,False,False
3505500,Barretos,SP,-20.514125846151337,-48.65196426854113,65,0.04134615384615385,0.6263439932763901,1973,0.49905447699339966,26.25,24.11111111111111,False,False
3505609,Barrinha,SP,-21.2325118035512,-48.09511629593112,65,-0.1557692307692308,0.06661113650746185,1989,0.053726377031536474,36.8,26.666666666666668,False,False
3505708,Barueri,SP,-23.505282787052334,-46.87723020517153,65,0.1418610283853581,0.09489257948272471,1986,0.2847027809942392,81.4,45.266666666666666,False,False
3505807,Bastos,SP,-21.950250467289028,-50.74388102982797,65,0.12500000000000003,0.14103164052071637,1979,0.07838680053058594,20.7,18.4,False,False
3505906,Batatais,SP,-20.86778387276976,-47.57470309202591,65,0.03557692307692308,0.6752581537654916,1970,0.16144984740732568,28.5,25.555555555555557,False,False
3506003,Bauru,SP,-22.25386676937314,-49.12613482410898,65,-0.05384615384615385,0.5260317864344628,1989,0.39761982182042743,23.25,14.911111111111111,False,False
3506102,Bebedouro,SP,-20.940420858782737,-48.51073210492528,65,-0.04615384615384616,0.5867904254454406,2009,0.8168482142462784,35.55,30.044444444444444,False,False
3506201,Bento de Abreu,SP,-21.331705964873027,-50.86189303764437,65,0.1605769230769231,0.058637341033104036,1989,0.10513368645374463,24.7,22.666666666666668,False,False
3506300,Bernardino de Campos,SP,-23.03084511450004,-49.49187921690093,65,0.06395768398390722,0.45146415908406734,1969,0.4070731221914113,26.25,24.155555555555555,False,False
3506359,Bertioga,SP,-23.759823442011527,-46.02996909531979,65,0.02211538461538462,0.7945369497506702,1970,1.0,65.1,30.177777777777777,False,False
3506409,Bilac,SP,-21.427754018479767,-50.47927261860746,65,0.19230769230769235,0.023540058261177936,1974,0.016564659416996794,25.85,23.77777777777778,True,True
3506508,Birigui,SP,-21.26161470911304,-50.35096026073477,65,0.264423076923077,0.001847185243478315,1988,0.013490690078320355,23.4,23.866666666666667,True,True
3506607,Biritiba Mirim,SP,-23.624139442122832,-46.02130495743178,65,-0.23173076923076924,0.006356762266437549,2006,0.009222685932882982,77.25,37.86666666666667,True,True
3506706,Boa Esperança do Sul,SP,-21.935018350818385,-48.46361630535253,65,-0.17115384615384618,0.043857193295064656,2010,0.01869710762272877,38.2,28.377777777777776,False,True
3506805,Bocaina,SP,-22.10546522443056,-48.52904168011273,65,0.025961538461538463,0.759821804319769,1973,0.3274473959752802,34.35,27.22222222222222,False,False
3506904,Bofete,SP,-23.128969035177207,-48.285820500577,65,0.002884615384615385,0.9729024202503425,1967,1.0,25.7,20.733333333333334,False,False
3507001,Boituva,SP,-23.28764946300973,-47.674918263592446,65,0.11538461538461539,0.1742313882480251,1974,0.7059061814503923,48.7,31.31111111111111,False,False
3507100,Bom Jesus dos Perdões,SP,-23.172486521348123,-46.47899843636584,65,0.017792739153417798,0.8340777553187662,1969,0.49905447699339966,63.2,43.22222222222222,False,False
3507159,Bom Sucesso de Itararé,SP,-24.316040828429703,-49.16470175888468,65,-0.020192307692307693,0.8120531453899646,2017,0.8457507342183549,17.8,17.622222222222224,False,False
3507209,Borá,SP,-22.244182401529624,-50.50211511569665,65,0.008653846153846154,0.9188321343240562,1971,0.5791296951003588,19.25,17.866666666666667,False,False
3507308,Boracéia,SP,-22.170057445599102,-48.7884357378962,65,-0.014423076923076924,0.865134745405447,1973,0.31934808891406874,28.8,20.8,False,False
3507407,Borborema,SP,-21.61078237573956,-49.07202720039063,65,0.025961538461538463,0.759821804319769,1973,0.4363521181567188,20.2,16.08888888888889,False,False
3507456,Borebi,SP,-22.68055826280132,-48.99228368898097,65,-0.11108439849836516,0.19094083770394787,2000,0.33569432777951663,19.9,16.77777777777778,False,False
3507506,Botucatu,SP,-22.86337537044573,-48.46817597433765,65,0.13269230769230772,0.11816028735144751,1973,0.07085942951772722,18.7,16.933333333333334,False,False
3507605,Bragança Paulista,SP,-22.93840543953101,-46.556045568864654,65,0.17937004606013077,0.03470957048841507,1981,0.05468155507098239,41.95,32.733333333333334,False,False
3507704,Braúna,SP,-21.55322789696656,-50.33942755784239,65,0.2836538461538462,0.0008371287560921994,1988,0.003946984811317777,25.4,23.333333333333332,True,True
3507753,Brejo Alegre,SP,-21.17664033993909,-50.20981014017692,65,0.11108439849836516,0.19094083770394787,1986,0.6156758708469371,22.25,21.8,False,False
3507803,Brodowski,SP,-21.04953278252515,-47.627746636908,65,0.20673076923076925,0.014916681278871908,1973,0.0015873987178454797,38.45,26.955555555555556,True,True
3507902,Brotas,SP,-22.27333018176497,-48.08122920896845,65,0.06634615384615386,0.43464303240459945,1973,0.39761982182042743,38.95,31.755555555555556,False,False
3508009,Buri,SP,-23.7519961420154,-48.57531037144685,65,-0.002884615384615385,0.9729024202503425,1992,1.0,25.25,17.844444444444445,False,False
3508108,Buritama,SP,-21.049107685781927,-50.20027540279487,65,0.04230769230769231,0.6183417469175422,1981,0.6926060465695535,19.75,19.244444444444444,False,False
3508207,Buritizal,SP,-20.209311434360096,-47.6929484628497,65,-0.1932692307692308,0.02285338210981876,2004,0.002130695499501793,27.55,23.0,True,True
3508306,Cabrália Paulista,SP,-22.489439305452297,-49.37298886501296,65,-0.0451923076923077,0.5946081162160604,1971,0.5324687972967159,21.55,20.88888888888889,False,False
3508405,Cabreúva,SP,-23.301261935404906,-47.08027410251477,65,0.08846153846153848,0.2975531675111377,1973,0.6407607168142557,64.7,37.0,False,False
3508504,Caçapava,SP,-23.103728424068,-45.71336169252124,65,-0.018754508837386327,0.8252500634516793,2001,0.25293286153182654,93.3,42.28888888888889,False,False
3508603,Cachoeira Paulista,SP,-22.70230383567294,-44.99170482189222,65,-0.09230769230769233,0.27704301780334584,1985,0.23329562826712694,68.75,33.71111111111111,False,False
3508702,Caconde,SP,-21.539502677957906,-46.61710398829082,65,0.019230769230769235,0.8208472385419284,2017,1.0,20.25,18.6,False,False
3508801,Cafelândia,SP,-21.731138583649177,-49.54862026014632,65,-0.025961538461538463,0.759821804319769,1996,0.6926060465695535,22.5,14.955555555555556,False,False
3508900,Caiabu,SP,-21.949815417042164,-51.22389177382245,65,0.21153846153846156,0.012738072274857487,1995,0.07085942951772722,24.6,23.91111111111111,True,False
3509007,Caieiras,SP,-23.3759103773276,-46.74521296824533,65,0.1125,0.18524939541359853,2018,0.24625239477921027,84.15,48.51111111111111,False,False
3509106,Caiuá,SP,-21.801865986661987,-51.98673668403272,65,0.20822313657918665,0.014229418264448597,1970,0.02663871507995326,8.85,9.6,True,True
3509205,Cajamar,SP,-23.351447430321123,-46.87201617506733,65,0.006730769230769231,0.936826304825977,2018,0.4070731221914113,83.6,47.75555555555555,False,False
3509254,Cajati,SP,-24.77195444607618,-48.19495384355975,65,-0.05384615384615385,0.5260317864344628,2011,0.6407607168142557,27.6,17.022222222222222,False,False
3509304,Cajobi,SP,-20.87369812745772,-48.8387994069759,65,-0.21923076923076926,0.00983458779839209,1984,0.0374280118542835,32.0,26.68888888888889,True,False
3509403,Cajuru,SP,-21.275922728813963,-47.31031856559617,65,-0.22019230769230771,0.00951664515111635,1988,0.0017522531245164833,28.5,21.933333333333334,True,True
3509452,Campina do Monte Alegre,SP,-23.606746645302483,-48.44194439999855,65,-0.09230769230769233,0.27704301780334584,1992,0.5555005761215098,24.35,16.488888888888887,False,False
3509502,Campinas,SP,-22.88371794517247,-47.043787227389664,65,0.19519230769230772,0.021532075658869866,1980,0.008099400394002452,61.25,40.044444444444444,True,True
3509601,Campo Limpo Paulista,SP,-23.21794131341716,-46.76009119199393,65,0.009615384615384618,0.9098500327472845,2006,0.8603610817965768,74.25,44.48888888888889,False,False
3509700,Campos do Jordão,SP,-22.701586562617457,-45.53295233876791,65,-0.2947824081363543,0.0005195198876917873,2007,0.0019328966388049253,78.4,35.644444444444446,True,True
3509809,Campos Novos Paulista,SP,-22.61085892577458,-50.01020409727881,65,0.02307692307692308,0.7858169534357987,1975,0.024653148270964056,24.45,28.955555555555556,False,True
3509908,Cananéia,SP,-25.018326148594056,-48.00844700511988,65,-0.3865384615384616,5.320060068077565e-06,1998,0.00012053616483888974,20.2,11.755555555555556,True,True
3509957,Canas,SP,-22.730101021120863,-45.04129437868913,65,0.07403846153846154,0.3832884041626353,2005,0.1975562773493669,79.7,36.666666666666664,False,False
3510005,Cândido Mota,SP,-22.808579974266568,-50.42162812239734,65,0.04038461538461539,0.6343904759318508,1969,0.1348934261598594,20.45,28.91111111111111,False,False
3510104,Cândido Rodrigues,SP,-21.342821969478464,-48.628649565242135,65,-0.12647271344186164,0.1364957528585893,2007,0.07454257607504806,31.0,25.42222222222222,False,False
3510153,Canitar,SP,-23.01879311424284,-49.79192015210916,65,0.12935802249376724,0.12777446352434002,1971,0.2921496280656122,27.55,27.733333333333334,False,False
3510203,Capão Bonito,SP,-24.0392200939398,-48.28990137159605,65,0.020192307692307693,0.8120531453899646,1995,0.7328989927313598,21.1,15.822222222222223,False,False
3510302,Capela do Alto,SP,-23.467435128853857,-47.73102380831455,65,0.013461538461538462,0.8740480196882481,1987,0.6664086010224509,42.3,27.622222222222224,False,False
3510401,Capivari,SP,-22.98067716310695,-47.4780503658481,65,0.08750000000000001,0.302835364563549,1997,0.5439095912556042,58.0,36.111111111111114,False,False
3510500,Caraguatatuba,SP,-23.639601816273,-45.48772803575878,65,-0.1601346523807602,0.05939319528936734,1998,0.031038301874568873,44.8,24.022222222222222,False,False
3510609,Carapicuíba,SP,-23.54995469435692,-46.84190531420478,65,0.326923076923077,0.00011824234847146927,2000,0.0002663486608165839,88.65,48.955555555555556,True,True
3510708,Cardoso,SP,-20.067137775668023,-49.94756390984269,65,0.2230769230769231,0.008617102831198334,1975,0.016564659416996794,14.15,14.977777777777778,True,True
3510807,Casa Branca,SP,-21.800441305340453,-47.08813942244292,65,-0.13942307692307693,0.10063110674807266,2012,0.07838680053058594,37.85,29.244444444444444,False,False
3510906,Cássia dos Coqueiros,SP,-21.26323816741028,-47.14396377819431,65,-0.1557692307692308,0.06661113650746185,1988,0.0810416956090477,28.3,22.155555555555555,False,False
3511003,Castilho,SP,-20.897557178736616,-51.57016953941937,65,-0.05576923076923077,0.5113605348757182,1971,0.08377208835709478,12.9,11.355555555555556,False,False
3511102,Catanduva,SP,-21.1337452329472,-48.96363377090017,65,-0.09377254418693164,0.26959842970250447,2007,0.07206956866432014,30.95,24.044444444444444,False,False
3511201,Catiguá,SP,-21.062789659137174,-49.05272818391818,65,-0.003846153846153847,0.9638752961842721,2007,0.19204067398614047,30.65,22.066666666666666,False,False
3511300,Cedral,SP,-20.91387508908393,-49.26393955080257,65,0.05145467809231633,0.5446622327825313,1971,0.16870534455435418,31.4,25.0,False,False
3511409,Cerqueira César,SP,-23.059258959289867,-49.14374078141158,65,0.22607025222219967,0.007792369350689175,1975,0.020657942651907565,19.9,18.31111111111111,True,True
3511508,Cerquilho,SP,-23.187103810267114,-47.75706412727503,65,-0.09230769230769233,0.27704301780334584,1985,0.3701743102121331,45.6,29.488888888888887,False,False
3511607,Cesário Lange,SP,-23.21655866195743,-47.90388533435967,65,-0.09615384615384617,0.25751798224906275,1985,0.29592667730419125,37.85,26.644444444444446,False,False
3511706,Charqueada,SP,-22.530205766838577,-47.74626642822213,65,0.08750000000000001,0.302835364563549,1969,0.20319531429857648,41.75,33.91111111111111,False,False
3511904,Clementina,SP,-21.57024263404769,-50.46007816042048,65,0.13461538461538464,0.11292366071592867,1971,0.1567533113111856,28.55,25.066666666666666,False,False
3512001,Colina,SP,-20.74615306856221,-48.58893094791739,65,-0.019230769230769235,0.8208472385419284,2019,1.0,29.8,26.022222222222222,False,False
3512100,Colômbia,SP,-20.26689920036342,-48.72173905024996,65,-0.07403846153846154,0.3832884041626353,2010,0.4264390421954524,15.65,17.133333333333333,False,False
3512209,Conchal,SP,-22.369283505946285,-47.14116426598116,65,0.07596153846153847,0.37105504106368714,1974,0.0954805823504146,39.65,31.444444444444443,False,False
3512308,Conchas,SP,-22.9656176401581,-48.04707241835416,65,0.07984608908273437,0.34730986672577613,1969,0.3074739463256514,32.7,25.68888888888889,False,False
3512407,Cordeirópolis,SP,-22.47950425947267,-47.4147900470336,65,0.18033181574409932,0.03374937209755177,1988,0.014060907443860605,43.15,29.77777777777778,False,True
3512506,Coroados,SP,-21.37559618540008,-50.30342044518196,65,0.20062550329069717,0.01823009899490785,1974,0.030455468209439323,24.4,23.57777777777778,True,False
3512605,Coronel Macedo,SP,-23.630155040710576,-49.30680609783105,65,0.07019230769230769,0.4084852298799554,1969,0.07580582880191701,22.05,16.644444444444446,False,False
3512704,Corumbataí,SP,-22.23640447590297,-47.6110667997833,65,0.20865384615384616,0.014008663383803684,1987,0.02663871507995326,39.4,33.888888888888886,True,True
3512803,Cosmópolis,SP,-22.65169576719336,-47.18641053205002,65,-0.032692307692307694,0.7002565367900856,2006,1.0,59.95,38.68888888888889,False,False
3512902,Cosmorama,SP,-20.442497124291823,-49.77452316523305,65,0.121663865022019,0.15204270697621372,1976,0.25293286153182654,17.9,17.22222222222222,False,False
3513009,Cotia,SP,-23.675118399849747,-46.96042793875703,65,0.1909112822677531,0.02460132895984148,2014,0.07838680053058594,76.95,42.24444444444445,True,False
3513108,Cravinhos,SP,-21.33963825306652,-47.74455568684258,65,0.03318105409691427,0.6960619964561211,1974,0.31934808891406874,44.75,28.8,False,False
3513207,Cristais Paulista,SP,-20.371336207252508,-47.40088592386367,65,0.07596153846153847,0.37105504106368714,1979,0.5211789320492503,18.6,20.066666666666666,False,False
3513306,Cruzália,SP,-22.73806290300028,-50.769095477233904,65,0.09326923076923078,0.2720697041296738,1971,0.07838680053058594,15.5,23.733333333333334,False,False
3513405,Cruzeiro,SP,-22.55138217025047,-45.00633881411768,65,-0.11730769230769231,0.16716277228271015,1992,0.08377208835709478,63.4,35.75555555555555,False,False
3513504,Cubatão,SP,-23.86585681956035,-46.40823612118489,65,-0.2384615384615385,0.004984294489621833,1994,0.0008212527759359447,84.45,39.044444444444444,True,True
3513603,Cunha,SP,-23.0527804436329,-44.94197489124756,65,0.12019230769230771,0.1569669882535778,1965,0.7059061814503923,61.75,32.53333333333333,False,False
3513702,Descalvado,SP,-21.881180212847028,-47.6546409845746,65,0.1230769230769231,0.14724974459811443,1971,0.019460569787467734,41.4,31.333333333333332,False,True
3513801,Diadema,SP,-23.69712448774219,-46.6113719419868,65,0.3428708923347808,5.422394925328048e-05,1986,0.0003804860681651944,105.1,51.51111111111111,True,True
3513850,Dirce Reis,SP,-20.44847014526525,-50.628154792886704,65,0.23857626617491715,0.004982901582972936,1971,0.023251206077677004,14.1,16.4,True,True
3513900,Divinolândia,SP,-21.661729695120787,-46.69740681367505,65,-0.04615384615384616,0.5867904254454406,1987,0.5211789320492503,23.85,22.57777777777778,False,False
3514007,Dobrada,SP,-21.516158334408253,-48.357404036597295,65,-0.06634615384615386,0.43464303240459945,2011,0.49905447699339966,38.95,31.644444444444446,False,False
3514106,Dois Córregos,SP,-22.39596324364481,-48.34054163375057,65,-0.07307692307692308,0.3894966529371431,1991,0.3883192024619521,27.3,24.133333333333333,False,False
3514205,Dolcinópolis,SP,-20.117284764853405,-50.52832955976815,65,0.08750000000000001,0.302835364563549,1971,0.016564659416996794,16.3,14.955555555555556,False,True
3514304,Dourado,SP,-22.11720287867725,-48.333407542980005,65,-0.06538461538461539,0.4413305118271882,2004,0.24625239477921027,43.5,34.51111111111111,False,False
3514403,Dracena,SP,-21.55666254962881,-51.584079314030014,65,0.0451923076923077,0.5946081162160604,2008,0.5672409199242981,15.7,16.555555555555557,False,False
3514502,Duartina,SP,-22.393298418756714,-49.41332157141084,65,-0.14230769230769233,0.09378325044585276,1995,0.04658952974594933,21.95,18.933333333333334,False,False
3514601,Dumont,SP,-21.247081952324773,-47.97974660326574,65,0.030769230769230774,0.7171064503042393,1971,0.6281471370692552,40.2,30.533333333333335,False,False
3514700,Echaporã,SP,-22.44832108639692,-50.200667212143244,65,0.09807692307692309,0.2481221339531947,1971,0.0374280118542835,20.5,22.2,False,False
3514809,Eldorado,SP,-24.494946909203527,-48.233527328778,65,-0.01153846153846154,0.8919214874063491,2005,0.24625239477921027,26.3,18.177777777777777,False,False
3514908,Elias Fausto,SP,-23.070630170431112,-47.37068706672552,65,0.28076923076923077,0.0009455404204488631,2000,0.032233482480051354,58.6,37.53333333333333,True,False
3514924,Elisiário,SP,-21.161318621668283,-49.09208603083965,65,-0.0697283020877184,0.4116952528369112,2004,0.08516609205222035,30.5,22.57777777777778,False,False
3514957,Embaúba,SP,-20.952899155444253,-48.84760238435024,65,-0.31730769230769235,0.00018658890717207437,1993,0.007753572228438996,31.05,25.11111111111111,True,True
3515004,Embu das Artes,SP,-23.651356512199524,-46.85152325386405,65,0.2918970990844487,0.0005892478282187253,2000,0.00048497441951104856,87.3,46.422222222222224,True,True
3515103,Embu-Guaçu,SP,-23.85436733155401,-46.8306958903128,65,-0.04134615384615385,0.6263439932763901,2020,1.0,81.1,43.22222222222222,False,False
3515129,Emilianópolis,SP,-21.800932929893584,-51.47214012387521,65,0.07019230769230769,0.4084852298799554,1995,0.9047890422433168,21.35,21.4,False,False
3515152,Engenheiro Coelho,SP,-22.48708612334806,-47.17482155502276,65,0.09184900481899458,0.27954505705217947,1974,0.10513368645374463,47.15,32.644444444444446,False,False
3515186,Espírito Santo do Pinhal,SP,-22.192415488066423,-46.79328574217527,65,0.09711538461538463,0.252789642803682,2014,0.7883903763393662,28.95,25.333333333333332,False,False
3515194,Espírito Santo do Turvo,SP,-22.670848507363782,-49.4329461956269,65,0.01202212104960662,0.8874458134252069,1969,0.31934808891406874,19.9,20.466666666666665,False,False
3515202,Estrela d'Oeste,SP,-20.265699426759618,-50.41151581005092,65,0.15673076923076926,0.06494862597449932,1974,0.0732972202658319,19.4,21.155555555555555,False,False
3515301,Estrela do Norte,SP,-22.48563479272519,-51.669054424013154,65,0.21250000000000002,0.012337808021518988,2008,0.17118085708445183,13.2,17.244444444444444,True,False
3515350,Euclides da Cunha Paulista,SP,-22.51895251640228,-52.58867275278584,65,0.18269230769230774,0.03145044869191862,1978,0.11558351804791793,9.6,19.266666666666666,True,False
3515400,Fartura,SP,-23.39015460985792,-49.51966739564013,65,0.09711538461538463,0.252789642803682,1973,0.17621863751350042,29.45,23.866666666666667,False,False
3515509,Fernandópolis,SP,-20.27172306705086,-50.282976475670566,65,0.06634615384615386,0.43464303240459945,1973,0.31934808891406874,17.9,18.2,False,False
3515608,Fernando Prestes,SP,-21.31028558078865,-48.69570025074712,65,-0.12647271344186164,0.1364957528585893,2007,0.07454257607504806,28.75,22.88888888888889,False,False
3515657,Fernão,SP,-22.365844414866125,-49.54238167220714,65,-0.06780476271978134,0.4247149246037094,1991,0.31934808891406874,24.7,22.266666666666666,False,False
3515707,Ferraz de Vasconcelos,SP,-23.56094182121728,-46.37396371906297,65,0.27211538461538465,0.0013537062494211646,1981,0.0035966352221085086,111.85,55.022222222222226,True,True
3515806,Flora Rica,SP,-21.69847200596208,-51.374212161551,65,-0.08557692307692309,0.3135857504770575,2017,0.7465872320851034,20.95,22.022222222222222,False,False
3515905,Floreal,SP,-20.669611953826923,-50.15490728905549,65,0.10096153846153848,0.2344826070931848,1973,0.2667046417839311,17.9,18.377777777777776,False,False
3516002,Flórida Paulista,SP,-21.53998392738936,-51.17067392097574,65,-0.028846153846153848,0.7340951823194757,2017,0.8168482142462784,19.5,19.844444444444445,False,False
3516101,Florínea,SP,-22.881272157026647,-50.6953658074644,65,0.08557692307692309,0.3135857504770575,1971,0.05004808403109762,15.6,24.511111111111113,False,False
3516200,Franca,SP,-20.55521160270404,-47.38102247988597,65,-0.09807692307692309,0.2481221339531947,2002,0.053726377031536474,18.5,22.177777777777777,False,False
3516309,Francisco Morato,SP,-23.27371790401476,-46.72363417350124,65,0.1375,0.10541366817859947,1973,0.18137345418813178,79.8,48.044444444444444,False,False
3516408,Franco da Rocha,SP,-23.314185368911545,-46.73574617008138,65,0.1375,0.10541366817859947,1973,0.18137345418813178,81.85,48.17777777777778,False,False
3516507,Gabriel Monteiro,SP,-21.49963373816685,-50.56481190222591,65,0.1903846153846154,0.02496728479185129,1988,0.031038301874568873,30.05,26.044444444444444,True,False
3516606,Gália,SP,-22.320462742979995,-49.57773171614446,65,-0.1432692307692308,0.09158551296933214,2001,0.05763530883303764,26.15,22.511111111111113,False,False
3516705,Garça,SP,-22.23095412950256,-49.68961963412495,65,0.042798750936599565,0.6143517810089612,2011,0.7534782860978246,27.45,23.77777777777778,False,False
3516804,Gastão Vidigal,SP,-20.80427700501538,-50.20263567442738,65,0.01730769230769231,0.8385020825980152,2020,0.7059061814503923,16.5,15.955555555555556,False,False
3516853,Gavião Peixoto,SP,-21.7916677191748,-48.44792984611134,65,-0.18942307692307694,0.02570858110600464,2010,0.016564659416996794,38.45,29.355555555555554,True,True
3516903,General Salgado,SP,-20.63822366945576,-50.41581304615222,65,0.12025013416074452,0.15695369397883135,1976,0.12687530739535213,14.35,16.755555555555556,False,False
3517000,Getulina,SP,-21.78322001878016,-50.02794514173358,65,0.1937965913196587,0.022514456634614544,2003,0.05004808403109762,24.2,18.933333333333334,True,False
3517109,Glicério,SP,-21.34025918214672,-50.19890226521343,65,0.2865384615384616,0.0007403444303979486,1988,0.01190277071465173,24.3,24.022222222222222,True,True
3517208,Guaiçara,SP,-21.56951385034709,-49.762641306286376,65,-0.09908611054845348,0.24350015465717179,1995,0.10182967849068571,21.5,17.57777777777778,False,False
3517307,Guaimbê,SP,-21.878548083844656,-49.86071592303516,65,-0.058653846153846154,0.48976100930269273,1998,0.27379852014261447,25.6,19.133333333333333,False,False
3517406,Guaíra,SP,-20.31404000911736,-48.36416287411797,65,-0.05576923076923077,0.5113605348757182,1997,0.35263438243826933,17.3,18.57777777777778,False,False
3517505,Guapiaçu,SP,-20.74281779147795,-49.189900286720224,65,0.08173076923076925,0.33583089893655294,1974,0.3883192024619521,31.45,25.266666666666666,False,False
3517604,Guapiara,SP,-24.212511693025363,-48.55580269646648,65,0.14423076923076925,0.08942935902899353,1979,0.13905464099683393,22.1,19.044444444444444,False,False
3517703,Guará,SP,-20.482568651309272,-47.775198978373055,65,0.03365384615384616,0.6918859681811715,1975,0.0954805823504146,29.1,26.511111111111113,False,False
3517802,Guaraçaí,SP,-21.08637399374371,-51.27934419941302,65,0.28461538461538466,0.0008036342229777386,1987,0.032233482480051354,20.0,17.666666666666668,True,False
3517901,Guaraci,SP,-20.37472769586917,-49.002848096941406,65,0.0019230769230769234,0.9819330169178719,2010,0.33569432777951663,16.6,18.644444444444446,False,False
3518008,Guarani d'Oeste,SP,-20.06689480432585,-50.34470489859987,65,0.04423076923076924,0.6024730552878146,1974,0.1975562773493669,16.7,16.355555555555554,False,False
3518107,Guarantã,SP,-21.91612440993216,-49.58833255295049,65,0.007692307692307694,0.9278246057348423,1971,0.37917085700952197,24.25,18.755555555555556,False,False
3518206,Guararapes,SP,-21.285132053512765,-50.69513335374754,65,0.13846153846153847,0.10300031496560585,1973,0.1662584764648557,24.7,22.622222222222224,False,False
3518305,Guararema,SP,-23.42758666401389,-46.058584414080805,65,0.20673076923076925,0.014916681278871908,1986,0.032233482480051354,78.4,43.0,True,False
3518404,Guaratinguetá,SP,-22.79348818300525,-45.232936590492,65,-0.18269230769230774,0.03145044869191862,1997,0.032233482480051354,90.95,38.82222222222222,True,False
3518503,Guareí,SP,-23.3705181219975,-48.219128201360135,65,-0.11730769230769231,0.16716277228271015,1997,0.46701295818182675,30.75,23.022222222222222,False,False
3518602,Guariba,SP,-21.395908096602312,-48.22644206378969,65,-0.03942307692307693,0.6424804021960624,2001,0.9806103528349323,38.75,30.622222222222224,False,False
3518701,Guarujá,SP,-23.951247355016296,-46.23514954193205,65,-0.15961538461538463,0.06016535794097843,1994,0.01869710762272877,62.05,26.866666666666667,False,True
3518800,Guarulhos,SP,-23.40269349981296,-46.45478911606332,65,0.06250000000000001,0.46174282539108646,1974,0.5439095912556042,92.4,47.977777777777774,False,False
3518859,Guatapará,SP,-21.453313087177573,-47.979914240970125,65,-0.12935802249376724,0.12777446352434002,1986,0.20895933922108018,39.15,27.4,False,False
3518909,Guzolândia,SP,-20.628518793389627,-50.71360463550972,65,0.25673076923076926,0.002501336776851813,1985,0.015266779927279142,13.6,14.333333333333334,True,True
3519006,Herculândia,SP,-21.96232731915042,-50.37317761749341,65,0.003366193893889853,0.9683878455456475,2007,0.7604002213532476,21.75,17.31111111111111,False,False
3519055,Holambra,SP,-22.630325582790142,-47.06505086772341,65,0.1653846153846154,0.05147284370845172,1981,0.0374280118542835,57.35,35.955555555555556,False,False
3519071,Hortolândia,SP,-22.878472093611613,-47.2077768465911,65,0.23226737867839986,0.00624764503696303,1989,0.005078535610741497,61.4,38.08888888888889,True,True
3519105,Iacanga,SP,-21.890917489957644,-49.039639655969225,65,0.14711538461538462,0.08320523933786642,1973,0.015266779927279142,23.35,16.0,False,True
3519204,Iacri,SP,-21.7998260988408,-50.619432454172205,65,0.09230769230769233,0.27704301780334584,1986,0.186646930242533,19.75,18.4,False,False
3519253,Iaras,SP,-22.819204211606515,-49.10680046492505,65,0.024038461538461543,0.7771237463572624,1973,0.27379852014261447,18.9,17.533333333333335,False,False
3519303,Ibaté,SP,-21.95088064717407,-48.02718794319466,65,-0.01153846153846154,0.8919214874063491,2013,0.4363521181567188,42.65,37.91111111111111,False,False
3519402,Ibirá,SP,-21.074740986688123,-49.22040749978261,65,0.08896369576708898,0.2949275602756358,1973,0.05004808403109762,29.25,21.266666666666666,False,False
3519501,Ibirarema,SP,-22.81320204823104,-50.0768803813807,65,-0.05384615384615385,0.5260317864344628,1971,0.33569432777951663,25.65,30.333333333333332,False,False
3519600,Ibitinga,SP,-21.79291620543048,-48.84791005173547,65,0.02211538461538462,0.7945369497506702,1972,0.17621863751350042,22.95,20.31111111111111,False,False
3519709,Ibiúna,SP,-23.802318601312603,-47.21523864966278,65,0.19615384615384618,0.02089672865779774,1973,0.07838680053058594,40.65,29.8,True,False
3519808,Icém,SP,-20.367280709635576,-49.18530095646081,65,0.0125,0.8829773063503712,2013,1.0,15.25,18.355555555555554,False,False
3519907,Iepê,SP,-22.64855698279555,-51.05715730198061,65,0.23376626080848734,0.005931914678119866,1971,0.07580582880191701,14.4,20.733333333333334,True,False
3520004,Igaraçu do Tietê,SP,-22.54170193174655,-48.57451033474719,65,-0.1701923076923077,0.0450560990200837,1989,0.12301501734761935,21.05,16.88888888888889,False,False
3520103,Igarapava,SP,-20.063688729406262,-47.68244363148559,65,-0.1932692307692308,0.02285338210981876,2003,0.0025837459785470547,20.8,16.666666666666668,True,True
3520202,Igaratá,SP,-23.134811794535835,-46.15034417503325,65,0.030295745045008683,0.7213366343881296,1974,0.8603610817965768,61.4,37.68888888888889,False,False
3520301,Iguape,SP,-24.549433280940903,-47.47408078644024,65,-0.12500000000000003,0.14103164052071637,1988,0.28840837545464815,28.3,20.244444444444444,False,False
3520400,Ilhabela,SP,-23.84849513027268,-45.32325505077686,65,-0.10576923076923078,0.21294627515560105,1995,0.25293286153182654,11.35,6.177777777777778,False,False
3520426,Ilha Comprida,SP,-24.85915660438289,-47.71537035098673,65,-0.23750000000000004,0.005162356812227657,1999,0.01190277071465173,20.4,11.222222222222221,True,True
3520442,Ilha Solteira,SP,-20.43139173938814,-51.25896720996529,65,0.030769230769230774,0.7171064503042393,1971,0.043340125789311776,8.25,8.0,False,False
3520509,Indaiatuba,SP,-23.106045551612368,-47.20253737593883,65,0.22168791215474606,0.009055800110441584,2000,0.018325499953819525,60.3,36.46666666666667,True,True
3520608,Indiana,SP,-22.133163361914487,-51.26258371288106,65,0.12403846153846156,0.14411498395127648,1974,0.6664086010224509,18.65,20.4,False,False
3520707,Indiaporã,SP,-19.9479433476308,-50.26365646786996,65,-0.08365384615384616,0.3245842756703249,1999,0.31934808891406874,12.25,13.133333333333333,False,False
3520806,Inúbia Paulista,SP,-21.73902434807639,-50.95744279422077,65,-0.01106035136563809,0.8963971614423272,1998,0.4023273641495779,19.3,21.666666666666668,False,False
3520905,Ipaussu,SP,-23.06501001750464,-49.60809976325254,65,0.025961538461538463,0.759821804319769,1974,0.6535150821111455,32.0,27.266666666666666,False,False
3521002,Iperó,SP,-23.40444370064152,-47.6291476488075,65,0.13461538461538464,0.11292366071592867,2002,0.09243219495343426,48.95,32.111111111111114,False,False
3521101,Ipeúna,SP,-22.423912270969343,-47.71607492961397,65,0.24765569362189638,0.003549369620187313,1980,0.04658952974594933,38.85,31.933333333333334,True,False
3521150,Ipiguá,SP,-20.648009385409885,-49.40353761048167,65,0.028846153846153848,0.7340951823194757,1973,0.6794395367093345,24.1,21.244444444444444,False,False
3521200,Iporanga,SP,-24.512614336871387,-48.54621166101037,65,0.16153846153846155,0.057141691282258024,1991,0.1975562773493669,23.7,20.2,False,False
3521309,Ipuã,SP,-20.41752047525128,-48.066512257488064,65,-0.10961538461538463,0.19677448800476616,2010,0.01190277071465173,28.8,24.377777777777776,False,True
3521408,Iracemápolis,SP,-22.593699359197604,-47.5242292210118,65,0.19423076923076926,0.02218417484152764,1982,0.01869710762272877,41.25,28.133333333333333,True,True
3521507,Irapuã,SP,-21.26771716636511,-49.39744116984574,65,0.13846153846153847,0.10300031496560585,1975,0.02876438730541304,18.85,14.511111111111111,False,False
3521606,Irapuru,SP,-21.484209633042106,-51.34646958137417,65,-0.05096153846153847,0.5484350422817794,1991,0.33569432777951663,15.65,19.288888888888888,False,False
3521705,Itaberá,SP,-23.871277603344325,-49.14246965106896,65,-0.0951923076923077,0.26230733102894765,2006,0.17621863751350042,21.25,17.444444444444443,False,False
3521804,Itaí,SP,-23.471359900727485,-49.05424640772926,65,0.0826923076923077,0.33017658764094726,1969,0.20895933922108018,21.15,15.488888888888889,False,False
3521903,Itajobi,SP,-21.3555752081946,-49.05368803678218,65,-0.07980769230769232,0.3473253208868534,1970,0.22086846274676056,27.9,21.466666666666665,False,False
3522000,Itaju,SP,-21.95166459889837,-48.79398802295218,65,0.13076923076923078,0.12358551912882432,1971,0.05185908915400302,27.05,21.91111111111111,False,False
3522109,Itanhaém,SP,-24.09221732598144,-46.83450843347438,65,-0.12211538461538464,0.1504363713206985,1996,0.10513368645374463,45.25,25.6,False,False
3522158,Itaoca,SP,-24.61782243579848,-48.83896397951784,65,-0.0019230769230769234,0.9819330169178719,1975,0.8457507342183549,17.65,18.377777777777776,False,False
3522208,Itapecerica da Serra,SP,-23.73724524504957,-46.858882332271655,65,0.0451923076923077,0.5946081162160604,2015,0.8898836579770303,87.95,47.71111111111111,False,False
3522307,Itapetininga,SP,-23.645428253492216,-48.12315842501789,65,-0.13365384615384618,0.11551864505727938,2017,0.3440897276461011,32.5,21.08888888888889,False,False
3522406,Itapeva,SP,-23.913924922982343,-48.87171997084691,65,0.010576923076923078,0.9008794391838973,2006,0.20895933922108018,15.05,13.933333333333334,False,False
3522505,Itapevi,SP,-23.550921113853267,-46.96769685560438,65,0.17211538461538464,0.04268533710848181,2014,0.1348934261598594,82.5,46.977777777777774,False,False
3522604,Itapira,SP,-22.43189529418665,-46.772070528016044,65,-0.03942307692307693,0.6424804021960624,1984,0.5672409199242981,39.1,31.42222222222222,False,False
3522653,Itapirapuã Paulista,SP,-24.5689981500992,-49.22296030398299,65,0.18750000000000003,0.0272484408923059,1971,0.015903853144033468,16.0,18.977777777777778,True,True
3522703,Itápolis,SP,-21.548088328505184,-48.81547299191624,65,0.1,0.23896882733943936,1969,0.3113955087807632,29.8,24.511111111111113,False,False
3522802,Itaporanga,SP,-23.672883721312463,-49.45851857619601,65,0.21346153846153848,0.011948725315964503,1973,0.008833456203955271,22.2,18.444444444444443,True,True
3522901,Itapuí,SP,-22.250844580472688,-48.70140163875374,65,-0.05384615384615385,0.5260317864344628,1973,0.6033483431563663,24.2,16.622222222222224,False,False
3523008,Itapura,SP,-20.5949786189838,-51.44048666927384,65,-0.031730769230769236,0.7086636717402414,1971,0.20895933922108018,10.65,8.311111111111112,False,False
3523107,Itaquaquecetuba,SP,-23.46150466408647,-46.33394730554879,65,0.11538461538461539,0.1742313882480251,1974,0.1975562773493669,110.9,56.46666666666667,False,False
3523206,Itararé,SP,-24.080464195374027,-49.30363838099888,65,0.1807692307692308,0.03328067640475118,1988,0.008459197082313663,17.6,19.977777777777778,True,True
3523305,Itariri,SP,-24.29261756671899,-47.128035830181005,65,-0.1278846153846154,0.13208554084772026,1989,0.11558351804791793,20.9,17.444444444444443,False,False
3523404,Itatiba,SP,-23.00664837249153,-46.81433106058821,65,0.06923076923076923,0.4149352520971258,1990,0.12687530739535213,59.5,41.8,False,False
3523503,Itatinga,SP,-23.15356718060253,-48.62940572309649,65,0.07019230769230769,0.4084852298799554,1971,0.07085942951772722,16.9,15.977777777777778,False,False
3523602,Itirapina,SP,-22.294536172895903,-47.83400809628944,65,0.18653846153846157,0.028047779175604026,1998,0.07085942951772722,41.15,32.71111111111111,True,False
3523701,Itirapuã,SP,-20.657586009416896,-47.16925902614513,65,-0.03461538461538462,0.683552875272655,2000,0.05763530883303764,13.7,19.11111111111111,False,False
3523800,Itobi,SP,-21.74903407685726,-46.92197570729841,65,-0.0956960835548687,0.2598973828658927,2016,0.488220905503328,30.3,26.8,False,False
3523909,Itu,SP,-23.307118128677075,-47.28454908010056,65,0.21346153846153848,0.011948725315964503,1987,0.04493933338415746,58.2,34.6,True,False
3524006,Itupeva,SP,-23.146499092610657,-47.06846595704292,65,0.12596153846153849,0.1379992597344832,1997,0.5791296951003588,56.25,36.55555555555556,False,False
3524105,Ituverava,SP,-20.32951971586988,-47.8095703405936,65,-0.17980769230769234,0.03422947131578442,2001,0.021920496091912347,30.8,25.155555555555555,False,True
3524204,Jaborandi,SP,-20.650020191561115,-48.41595340378863,65,-0.02933397536104015,0.7298312391106343,1970,0.2148498852809811,26.35,25.91111111111111,False,False
3524303,Jaboticabal,SP,-21.21833533390148,-48.28792101620057,65,-0.1980769230769231,0.0196748921067039,1983,0.01294136909450836,37.3,28.57777777777778,True,True
3524402,Jacareí,SP,-23.29889768332139,-45.99059482526527,65,0.09134615384615387,0.2820779190565359,1981,0.8168482142462784,82.35,42.93333333333333,False,False
3524501,Jaci,SP,-20.945188587186944,-49.58114813906767,65,0.016346153846153847,0.8473606749709596,1970,0.46701295818182675,23.35,20.933333333333334,False,False
3524600,Jacupiranga,SP,-24.777211176148032,-48.05381804412724,65,-0.08653846153846155,0.308179547467054,1969,0.5211789320492503,29.5,16.31111111111111,False,False
3524709,Jaguariúna,SP,-22.691987848181185,-47.01271789795403,65,0.10576923076923078,0.21294627515560105,1979,0.25293286153182654,59.55,38.71111111111111,False,False
3524808,Jales,SP,-20.28578366538928,-50.554125615368335,65,0.22403846153846155,0.008334606052782998,1971,0.007753572228438996,17.35,17.4,True,True
3524907,Jambeiro,SP,-23.27927637471099,-45.71059695014382,65,-0.1557692307692308,0.06661113650746185,1991,0.043340125789311776,91.95,41.86666666666667,False,False
3525003,Jandira,SP,-23.54407603242167,-46.89972668472193,65,0.326923076923077,0.00011824234847146927,2000,0.0002663486608165839,82.8,47.044444444444444,True,True
3525102,Jardinópolis,SP,-20.991938656709504,-47.82610288148943,65,0.1028846153846154,0.22568988273148238,1978,0.20895933922108018,36.25,28.622222222222224,False,False
3525201,Jarinu,SP,-23.11197006587165,-46.72136162592176,65,-0.03991344188469398,0.6384246783001847,2011,0.2270165572915539,72.35,45.86666666666667,False,False
3525300,Jaú,SP,-22.29603840984651,-48.55588704971736,65,-0.02644866630913456,0.7555108636114545,1992,0.7883903763393662,25.4,20.177777777777777,False,False
3525409,Jeriquara,SP,-20.34015925591748,-47.57411209437922,65,-0.12884615384615386,0.1292032674393662,2004,0.006217636299301284,29.65,27.22222222222222,False,True
3525508,Joanópolis,SP,-22.938835613855662,-46.209204157774046,65,0.14903846153846154,0.0792542785402758,1970,0.13905464099683393,36.0,28.488888888888887,False,False
3525607,João Ramalho,SP,-22.2779149248601,-50.79908806912258,65,0.06057692307692309,0.47563877428430523,1971,0.5672409199242981,19.55,20.933333333333334,False,False
3525706,José Bonifácio,SP,-21.08943648772396,-49.779345937133385,65,0.11346153846153846,0.18152087117928373,1970,0.04493933338415746,19.65,19.57777777777778,False,False
3525805,Júlio Mesquita,SP,-21.9729359201434,-49.79329648906657,65,0.09326923076923078,0.2720697041296738,2008,0.5555005761215098,27.3,21.022222222222222,False,False
3525854,Jumirim,SP,-23.09964853060383,-47.78815623229836,65,-0.08942307692307694,0.29233290665128286,1985,0.44641878404152746,46.85,30.466666666666665,False,False
3525904,Jundiaí,SP,-23.19459025459462,-46.913006678022,65,0.04615384615384616,0.5867904254454406,1986,0.7328989927313598,72.1,41.44444444444444,False,False
3526001,Junqueirópolis,SP,-21.44884639527789,-51.43500583748024,65,-0.08653846153846155,0.308179547467054,1991,0.27379852014261447,15.15,17.755555555555556,False,False
3526100,Juquiá,SP,-24.213533247497395,-47.652226408187126,65,-0.09807692307692309,0.2481221339531947,1998,0.11925165071939424,32.0,24.933333333333334,False,False
3526209,Juquitiba,SP,-23.95519981414156,-47.02465123053116,65,-0.006730769230769231,0.936826304825977,2001,0.6794395367093345,43.2,30.68888888888889,False,False
3526308,Lagoinha,SP,-23.085770247421618,-45.20682184262424,65,-0.19764367005553282,0.01997236662828566,1983,0.11378463739200534,93.05,39.333333333333336,True,False
3526407,Laranjal Paulista,SP,-23.012185024860905,-47.86567106000224,65,-0.075,0.3771411397870088,1985,0.9197857474393305,40.55,28.555555555555557,False,False
3526506,Lavínia,SP,-21.150732624635804,-51.0325332170135,65,0.24326923076923082,0.004174560184218526,1986,0.016564659416996794,19.45,19.31111111111111,True,True
3526605,Lavrinhas,SP,-22.520294885829497,-44.888816211656696,65,-0.04807692307692309,0.5712996214994486,2009,0.6033483431563663,60.3,33.955555555555556,False,False
3526704,Leme,SP,-22.172117949429275,-47.33755346723272,65,-0.10384615384615385,0.22138288217168667,2004,0.2397071069526228,35.15,29.377777777777776,False,False
3526803,Lençóis Paulista,SP,-22.676060058773672,-48.82497958422904,65,-0.05576923076923077,0.5113605348757182,1971,0.7059061814503923,18.7,16.4,False,False
3526902,Limeira,SP,-22.598430334405457,-47.36359359598662,65,-0.003846153846153847,0.9638752961842721,2016,0.7604002213532476,52.05,34.68888888888889,False,False
3527009,Lindóia,SP,-22.51343384327903,-46.654862923149054,65,0.09184900481899458,0.27954505705217947,1969,0.5324687972967159,37.3,29.355555555555554,False,False
3527108,Lins,SP,-21.64976621108279,-49.68282905612821,65,0.014430016099289341,0.8651304640011379,1971,0.6860059641838443,21.35,17.022222222222222,False,False
3527207,Lorena,SP,-22.79393589020321,-45.060106929993246,65,0.07453715050756103,0.38019950221802634,1981,1.0,78.9,36.71111111111111,False,False
3527256,Lourdes,SP,-20.94917142861376,-50.23405305121644,65,0.09903846153846155,0.24351526376139854,2005,0.6794395367093345,18.35,18.266666666666666,False,False
3527306,Louveira,SP,-23.08424343701874,-46.937158974299024,65,0.1471861642127513,0.0831953597845092,1981,0.17118085708445183,57.3,38.6,False,False
3527405,Lucélia,SP,-21.64418485012193,-50.991612235042766,65,-0.04615384615384616,0.5867904254454406,1997,0.5911658771176894,21.3,23.044444444444444,False,False
3527504,Lucianópolis,SP,-22.47336086414358,-49.55028678081401,65,-0.16153846153846155,0.057141691282258024,1989,0.09861252850976931,23.45,23.355555555555554,False,False
3527603,Luís Antônio,SP,-21.552702765798823,-47.78186826549399,65,0.1076923076923077,0.20474428938111378,1973,0.11558351804791793,46.55,29.11111111111111,False,False
3527702,Luiziânia,SP,-21.672631182439847,-50.35086647545157,65,0.21442307692307694,0.011570560282309688,2003,0.053726377031536474,21.0,20.755555555555556,True,False
3527801,Lupércio,SP,-22.427129517207284,-49.816958962865776,65,0.01826923076923077,0.8296639093428102,2008,0.8603610817965768,22.6,24.977777777777778,False,False
3527900,Lutécia,SP,-22.325288838331,-50.38549749707907,65,-0.00576923076923077,0.9458360859046578,2011,1.0,20.9,19.977777777777778,False,False
3528007,Macatuba,SP,-22.48713162816572,-48.71933827303839,65,-0.06634615384615386,0.43464303240459945,1990,0.5100406406299057,20.3,14.4,False,False
3528106,Macaubal,SP,-20.837864911737555,-49.97496509904733,65,0.08461538461538462,0.3190539922528327,1973,0.12301501734761935,18.0,19.177777777777777,False,False
3528205,Macedônia,SP,-20.09812545999996,-50.18153635026173,65,0.2278846153846154,0.007285672235717852,1973,0.05185908915400302,16.2,16.0,True,False
3528304,Magda,SP,-20.59652779140612,-50.2300722084932,65,0.1230769230769231,0.14724974459811443,1988,0.29592667730419125,16.7,18.844444444444445,False,False
3528403,Mairinque,SP,-23.507939945257547,-47.2293234757034,65,0.07115384615384616,0.40209529101557673,2017,0.19204067398614047,54.95,35.577777777777776,False,False
3528502,Mairiporã,SP,-23.31726243621952,-46.56123837873144,65,0.15769230769230771,0.0633204967893206,1973,0.20319531429857648,84.35,50.13333333333333,False,False
3528601,Manduri,SP,-23.04705663296069,-49.30361055900767,65,0.17211538461538464,0.04268533710848181,1975,0.09243219495343426,26.2,22.22222222222222,False,False
3528700,Marabá Paulista,SP,-22.12770593757301,-52.05654007006447,65,0.15961538461538463,0.06016535794097843,1970,0.06395574274390818,12.8,13.155555555555555,False,False
3528809,Maracaí,SP,-22.65223495312151,-50.745235845782176,65,0.08173076923076925,0.33583089893655294,1970,0.23329562826712694,16.55,23.511111111111113,False,False
3528858,Marapoama,SP,-21.25549804634096,-49.13777449619598,65,-0.004327963577858383,0.9593627468414274,1970,0.08377208835709478,27.5,19.31111111111111,False,False
3528908,Mariápolis,SP,-21.779156187648145,-51.17180804496333,65,-0.021153846153846155,0.8032826965468698,2017,0.7465872320851034,22.05,21.4,False,False
3529005,Marília,SP,-22.17761739139572,-49.98302270753418,65,0.03895167220072545,0.6465361262504953,2013,0.3113955087807632,25.2,22.133333333333333,False,False
3529104,Marinópolis,SP,-20.479882149319305,-50.832320058197006,65,0.21346153846153848,0.011948725315964503,1971,0.01294136909450836,12.5,12.911111111111111,True,True
3529203,Martinópolis,SP,-22.17216534204796,-51.123332499419504,65,0.12403846153846156,0.14411498395127648,2004,0.33569432777951663,16.95,18.466666666666665,False,False
3529302,Matão,SP,-21.610134955201044,-48.4301971128462,65,-0.14430016099289342,0.08941909201968326,1988,0.019460569787467734,40.3,30.933333333333334,False,True
3529401,Mauá,SP,-23.66605731046145,-46.44625946615196,65,0.15628757364488607,0.0657712224512051,1986,0.12493294124863055,108.05,52.75555555555555,False,False
3529500,Mendonça,SP,-21.194062616036124,-49.57028600188232,65,0.06107237493200163,0.47213633598456584,1970,0.09243219495343426,21.3,17.977777777777778,False,False
3529609,Meridiano,SP,-20.39820454421153,-50.18658937697066,65,0.20384615384615387,0.016375942740005898,1972,0.04179063319747862,19.1,20.155555555555555,True,False
3529658,Mesópolis,SP,-19.95747723344484,-50.61544504757185,65,0.05241644777628486,0.5371681928213778,1971,0.04829200871359571,11.45,10.11111111111111,False,False
3529708,Miguelópolis,SP,-20.184720150538453,-48.10542124255469,65,-0.09230769230769233,0.27704301780334584,2001,0.22086846274676056,21.95,17.488888888888887,False,False
3529807,Mineiros do Tietê,SP,-22.463314585016818,-48.43324751765493,65,-0.09326923076923078,0.2720697041296738,1991,0.3035887052227368,24.95,18.91111111111111,False,False
3529906,Miracatu,SP,-24.19497788533344,-47.39457746503974,65,-0.11012262881439663,0.19481086120172864,1984,0.3113955087807632,28.55,24.42222222222222,False,False
3530003,Mira Estrela,SP,-19.95184171102016,-50.12429992663044,65,0.006730769230769231,0.936826304825977,1973,0.5791296951003588,11.4,10.955555555555556,False,False
3530102,Mirandópolis,SP,-21.081018973143443,-51.13044584591157,65,0.22019230769230771,0.00951664515111635,1971,0.03474573545009981,20.25,19.288888888888888,True,False
3530201,Mirante do Paranapanema,SP,-22.34922078829496,-51.99789157670506,65,0.18942307692307694,0.02570858110600464,1970,0.1476898403483945,10.7,14.88888888888889,True,False
3530300,Mirassol,SP,-20.827503651008744,-49.50424315063341,65,0.03557692307692308,0.6752581537654916,1973,0.24625239477921027,24.95,22.488888888888887,False,False
3530409,Mirassolândia,SP,-20.594924451501004,-49.48696646243221,65,0.04038461538461539,0.6343904759318508,1973,0.7465872320851034,22.8,22.044444444444444,False,False
3530508,Mococa,SP,-21.44954111633352,-47.03287407125055,65,-0.0951923076923077,0.26230733102894765,2000,0.2667046417839311,33.2,25.555555555555557,False,False
3530607,Mogi das Cruzes,SP,-23.56951597400561,-46.18606919827601,65,0.05576923076923077,0.5113605348757182,1975,0.5911658771176894,103.55,51.044444444444444,False,False
3530706,Mogi Guaçu,SP,-22.23208152687824,-47.02902522966214,65,0.024038461538461543,0.7771237463572624,1974,0.488220905503328,36.1,28.866666666666667,False,False
3530805,Mogi Mirim,SP,-22.45127892305446,-46.988422731448736,65,0.2278846153846154,0.007285672235717852,1974,0.014060907443860605,45.0,33.08888888888889,True,True
3530904,Mombuca,SP,-22.94269555097745,-47.60204144519206,65,0.11730769230769231,0.16716277228271015,1977,0.12301501734761935,47.75,31.22222222222222,False,False
3531001,Monções,SP,-20.86308810956209,-50.07942231105383,65,-0.03895167220072545,0.6465361262504953,2009,0.7883903763393662,16.4,17.977777777777778,False,False
3531100,Mongaguá,SP,-24.07016299201507,-46.66780389285298,65,0.0125,0.8829773063503712,1970,0.39761982182042743,55.55,26.644444444444446,False,False
3531209,Monte Alegre do Sul,SP,-22.70429108994631,-46.66767109913577,65,0.18653846153846157,0.028047779175604026,1997,0.07838680053058594,48.5,36.77777777777778,True,False
3531308,Monte Alto,SP,-21.259305364666456,-48.533040993766456,65,-0.06923076923076923,0.4149352520971258,2007,0.23329562826712694,32.5,25.822222222222223,False,False
3531407,Monte Aprazível,SP,-20.73760659707252,-49.76584434310385,65,0.049531138724379274,0.5598044313596797,1970,0.5211789320492503,22.15,20.155555555555555,False,False
3531506,Monte Azul Paulista,SP,-20.908871241317023,-48.68127817906733,65,-0.15096153846153848,0.07545725721395402,1979,0.25974984352926617,36.3,28.355555555555554,False,False
3531605,Monte Castelo,SP,-21.25490087869328,-51.57136447375865,65,0.19423076923076926,0.02218417484152764,2002,0.01869710762272877,12.4,11.844444444444445,True,True
3531704,Monteiro Lobato,SP,-22.936486798702365,-45.804254181070405,65,-0.08750000000000001,0.302835364563549,1989,0.3440897276461011,81.9,40.022222222222226,False,False
3531803,Monte Mor,SP,-22.9532353215324,-47.307404592155976,65,0.1432692307692308,0.09158551296933214,1969,0.27379852014261447,58.7,38.0,False,False
3531902,Morro Agudo,SP,-20.68873159877585,-48.15336731625091,65,-0.051923076923076926,0.5409152127109731,2007,0.10513368645374463,31.7,28.266666666666666,False,False
3532009,Morungaba,SP,-22.893867313838403,-46.78265230455566,65,0.10339024102661692,0.2235215426039271,1996,0.20319531429857648,54.7,38.17777777777778,False,False
3532058,Motuca,SP,-21.51374720729515,-48.17033639866268,65,-0.24134615384615388,0.0044829332297607605,1991,0.01796050511307883,39.05,28.644444444444446,True,True
3532108,Murutinga do Sul,SP,-20.99673758823467,-51.30135777835896,65,0.12115384615384618,0.15367530699707593,1972,0.01294136909450836,18.15,15.222222222222221,False,True
3532157,Nantes,SP,-22.596858389566552,-51.200888787708216,65,0.08653846153846155,0.308179547467054,2011,0.4264390421954524,16.65,22.42222222222222,False,False
3532207,Narandiba,SP,-22.56366794118509,-51.5216800531943,65,0.23653846153846156,0.005346147941232565,1977,0.043340125789311776,13.4,18.177777777777777,True,False
3532306,Natividade da Serra,SP,-23.415133636553698,-45.3814929773205,65,0.01586919978548074,0.8517949400604597,2012,0.44136624814539166,69.1,31.022222222222222,False,False
3532405,Nazaré Paulista,SP,-23.191419139613743,-46.36643430529544,65,-0.057225296196127505,0.5004921215899778,1991,0.37917085700952197,65.35,42.15555555555556,False,False
3532504,Neves Paulista,SP,-20.87049248769633,-49.64650577502948,65,-0.0019230769230769234,0.9819330169178719,1970,0.36132902060287403,22.9,21.177777777777777,False,False
3532603,Nhandeara,SP,-20.67295182327009,-50.04685605366221,65,0.1351286405975784,0.11163777107250235,1973,0.07838680053058594,17.9,17.444444444444443,False,False
3532702,Nipoã,SP,-20.89170609076807,-49.77827884428172,65,0.13416687091360988,0.11420955038938597,1970,0.13083421265918208,21.35,19.177777777777777,False,False
3532801,Nova Aliança,SP,-21.0625629650916,-49.51589401742719,65,0.1230769230769231,0.14724974459811443,1970,0.015903853144033468,22.95,20.57777777777778,False,True
3532827,Nova Campina,SP,-24.19057398912549,-48.97291963783672,65,0.09903846153846155,0.24351526376139854,1967,0.4070731221914113,20.15,18.044444444444444,False,False
3532843,Nova Canaã Paulista,SP,-20.372015254006683,-50.91054399253741,65,0.17167588858838254,0.04326456096215315,1974,0.02417772552321365,12.05,12.733333333333333,False,True
3532868,Nova Castilho,SP,-20.777887623035763,-50.34574555143909,65,0.04134615384615385,0.6263439932763901,2020,0.9960061723468323,17.0,18.133333333333333,False,False
3532900,Nova Europa,SP,-21.774300477013835,-48.54963212012401,65,0.028846153846153848,0.7340951823194757,1973,0.09861252850976931,33.7,28.133333333333333,False,False
3533007,Nova Granada,SP,-20.47601479544757,-49.3311331116654,65,-0.04807692307692309,0.5712996214994486,2009,0.6281471370692552,22.05,21.022222222222222,False,False
3533106,Nova Guataporanga,SP,-21.32234376206359,-51.64550339939619,65,0.14903846153846154,0.0792542785402758,2001,0.15216720064717362,8.7,9.444444444444445,False,False
3533205,Nova Independência,SP,-21.135361041275136,-51.50512926744853,65,0.043269230769230775,0.610384513874678,1971,0.12687530739535213,15.35,13.777777777777779,False,False
3533254,Novais,SP,-20.9886371747722,-48.91801496444871,65,-0.13942307692307693,0.10063110674807266,2005,0.07085942951772722,31.15,24.11111111111111,False,False
3533304,Nova Luzitânia,SP,-20.868673330120167,-50.24923934350138,65,0.01730769230769231,0.8385020825980152,2020,0.7059061814503923,17.25,17.91111111111111,False,False
3533403,Nova Odessa,SP,-22.784124570078543,-47.28511784883454,65,0.06923076923076923,0.4149352520971258,1993,0.3274473959752802,53.05,34.2,False,False
3533502,Novo Horizonte,SP,-21.4691945366624,-49.28380027668951,65,0.05433998714422192,0.5223372393861259,1972,0.31934808891406874,20.6,15.6,False,False
3533601,Nuporanga,SP,-20.704696400660467,-47.729085712869264,65,0.08992546545105752,0.28973825318319757,1979,0.00792477056561316,29.4,28.511111111111113,False,True
3533700,Ocauçu,SP,-22.43809798960904,-49.93792547486687,65,0.09615384615384617,0.25751798224906275,1971,0.13905464099683393,21.95,24.044444444444444,False,False
3533809,Óleo,SP,-22.953676789914542,-49.38306023230631,65,0.05096153846153847,0.5484350422817794,1974,0.28840837545464815,25.75,25.57777777777778,False,False
3533908,Olímpia,SP,-20.70527085227006,-48.95955715860635,65,-0.043760520620568094,0.606417246907927,2005,0.5911658771176894,28.25,23.733333333333334,False,False
3534005,Onda Verde,SP,-20.6173953269494,-49.24368213022638,65,0.013461538461538462,0.8740480196882481,1973,0.7328989927313598,25.55,22.288888888888888,False,False
3534104,Oriente,SP,-22.14200948736977,-50.093783317860016,65,0.09711538461538463,0.252789642803682,2013,0.25293286153182654,22.3,19.511111111111113,False,False
3534203,Orindiúva,SP,-20.20161908403531,-49.35548693706652,65,0.10050493197471135,0.23671069122216515,1969,0.6535150821111455,11.95,13.844444444444445,False,False
3534302,Orlândia,SP,-20.697836303544943,-47.90584139474011,65,0.1836538461538462,0.030568176043374543,1979,0.0005395957194361724,31.1,28.555555555555557,True,True
3534401,Osasco,SP,-23.528644941991708,-46.78921733263788,65,0.2884615384615385,0.0006817102933708383,2000,0.0035966352221085086,88.4,48.28888888888889,True,True
3534500,Oscar Bressane,SP,-22.295327701787457,-50.25728847795481,65,0.08511661703121487,0.3163043604044854,2008,0.7126057198521258,21.25,19.844444444444445,False,False
3534609,Osvaldo Cruz,SP,-21.732687851091733,-50.87388159008239,65,-0.02211538461538462,0.7945369497506702,2013,0.4264390421954524,20.6,22.68888888888889,False,False
3534708,Ourinhos,SP,-22.952671494724864,-49.85243705301588,65,0.2,0.01851591612496109,1973,0.017249952653633677,28.0,29.4,True,True
3534757,Ouroeste,SP,-19.922402003036865,-50.40197810830911,65,-0.006730769230769231,0.936826304825977,1975,0.13083421265918208,11.6,12.777777777777779,False,False
3534807,Ouro Verde,SP,-21.51037555611043,-51.73790780059598,65,0.12596153846153849,0.1379992597344832,2002,0.12301501734761935,11.1,12.533333333333333,False,False
3534906,Pacaembu,SP,-21.49542780507055,-51.274156461852606,65,-0.0951923076923077,0.26230733102894765,1991,0.37917085700952197,17.55,19.822222222222223,False,False
3535002,Palestina,SP,-20.321157615048733,-49.49761234311139,64,0.10468866608420893,0.22152812877049988,1969,0.3206695563631186,13.45,14.133333333333333,False,False
3535101,Palmares Paulista,SP,-21.104543803392747,-48.8267482065346,65,-0.2605769230769231,0.0021515738117853294,2005,0.002980308205688745,31.8,24.155555555555555,True,True
3535200,Palmeira d'Oeste,SP,-20.43884195926452,-50.7487510310766,65,0.18846153846153849,0.026468838133317404,1970,0.013490690078320355,13.0,13.4,True,True
3535309,Palmital,SP,-22.828717252420013,-50.22081808296086,65,-0.031730769230769236,0.7086636717402414,1995,1.0,22.45,27.844444444444445,False,False
3535408,Panorama,SP,-21.463274852347222,-51.8580513384481,65,0.17692307692307696,0.037215712459128636,2001,0.08377208835709478,8.6,8.422222222222222,False,False
3535507,Paraguaçu Paulista,SP,-22.45903005817408,-50.62654409886699,65,0.025,0.7684583572208751,2011,0.37917085700952197,15.15,18.155555555555555,False,False
3535606,Paraibuna,SP,-23.478315698857006,-45.641885817704434,65,0.05384615384615385,0.5260317864344628,2003,0.7193378849388556,80.0,37.86666666666667,False,False
3535705,Paraíso,SP,-21.01965136857611,-48.764584707694965,65,-0.18173076923076925,0.03235447625285426,1979,0.13083421265918208,32.5,24.955555555555556,True,False
3535804,Paranapanema,SP,-23.438514434657765,-48.795252487655695,65,-0.07596153846153847,0.37105504106368714,1992,0.6407607168142557,18.9,13.488888888888889,False,False
3535903,Paranapuã,SP,-20.063676912331395,-50.593944145173246,65,0.12454917407392459,0.14256051443382467,1971,0.013213459539630766,15.35,13.8,False,True
3536000,Parapuã,SP,-21.852981740222408,-50.82172688390831,65,-0.04568405998850516,0.5906873687663223,2000,0.31934808891406874,22.3,21.666666666666668,False,False
3536109,Pardinho,SP,-23.10211493453813,-48.40181443169363,65,0.09903846153846155,0.24351526376139854,1969,0.20895933922108018,21.75,18.666666666666668,False,False
3536208,Pariquera-Açu,SP,-24.67827858555878,-47.85005370062558,65,-0.14230769230769233,0.09378325044585276,2010,0.05565131986374875,33.25,17.733333333333334,False,False
3536257,Parisi,SP,-20.271608150174146,-50.03734522446784,65,0.15288461538461542,0.07181004824924186,1971,0.0810416956090477,16.4,16.0,False,False
3536307,Patrocínio Paulista,SP,-20.704224523064106,-47.28941389156579,65,-0.1076923076923077,0.20474428938111378,2000,0.019460569787467734,14.85,18.666666666666668,False,True
3536406,Paulicéia,SP,-21.19836386842985,-51.79073137104731,65,0.09954316229074281,0.24122696358645712,2003,0.4775403025455924,9.0,7.888888888888889,False,False
3536505,Paulínia,SP,-22.748418741172337,-47.14509777853547,65,0.24326923076923082,0.004174560184218526,1986,0.002462803962555173,60.45,39.75555555555555,True,True
3536570,Paulistânia,SP,-22.56838829711595,-49.30550405183439,65,0.04038461538461539,0.6343904759318508,1971,0.4775403025455924,21.55,19.57777777777778,False,False
3536604,Paulo de Faria,SP,-20.066646857335808,-49.46334038445855,65,0.16730769230769232,0.048819802579820055,1977,0.24625239477921027,7.1,9.533333333333333,False,False
3536703,Pederneiras,SP,-22.301298657628863,-48.86113389234668,65,0.002884615384615385,0.9729024202503425,1971,0.23329562826712694,19.45,12.977777777777778,False,False
3536802,Pedra Bela,SP,-22.775789405179733,-46.44176687026511,65,0.2538461538461539,0.0027969856672858465,1998,0.01869710762272877,33.55,28.711111111111112,True,True
3536901,Pedranópolis,SP,-20.210112934749738,-50.10693038931243,65,0.20918490626315517,0.013787908453336235,1973,0.036065047811419726,16.95,17.0,True,False
3537008,Pedregulho,SP,-20.20554757450981,-47.43907531534554,65,0.0125,0.8829773063503712,1979,0.06849092646366872,22.2,21.155555555555555,False,False
3537107,Pedreira,SP,-22.75470564763131,-46.8884957333887,65,-0.09711538461538463,0.252789642803682,2011,0.1433195491670883,55.7,40.022222222222226,False,False
3537156,Pedrinhas Paulista,SP,-22.81685567304683,-50.80248080992531,65,0.20673076923076925,0.014916681278871908,1977,0.07580582880191701,15.75,24.333333333333332,True,False
3537206,Pedro de Toledo,SP,-24.16369058520496,-47.16343575720362,65,-0.1375,0.10541366817859947,1988,0.032233482480051354,30.75,25.8,False,False
3537305,Penápolis,SP,-21.40533788841065,-50.09565456596203,65,0.042798750936599565,0.6143517810089612,1972,0.7883903763393662,23.35,21.68888888888889,False,False
3537404,Pereira Barreto,SP,-20.677728807692155,-51.106560135320464,65,-0.016346153846153847,0.8473606749709596,2012,0.11925165071939424,14.95,15.066666666666666,False,False
3537503,Pereiras,SP,-23.12044769711574,-47.97884671852661,65,-0.032692307692307694,0.7002565367900856,1985,1.0,33.05,27.11111111111111,False,False
3537602,Peruíbe,SP,-24.27927332772144,-47.01291208602888,65,0.03461538461538462,0.683552875272655,2005,1.0,21.55,18.533333333333335,False,False
3537701,Piacatu,SP,-21.57140570039808,-50.64352794081592,65,-0.025,0.7684583572208751,2013,0.5791296951003588,29.7,26.977777777777778,False,False
3537800,Piedade,SP,-23.786922327138942,-47.43811491115492,65,-0.02307692307692308,0.7858169534357987,1973,0.45663907784026875,36.6,27.31111111111111,False,False
3537909,Pilar do Sul,SP,-23.856395356998195,-47.728080866199285,65,0.06346153846153847,0.4548807770395934,1971,0.36132902060287403,30.35,22.11111111111111,False,False
3538006,Pindamonhangaba,SP,-22.87996600526164,-45.45927199456886,65,-0.203414288159344,0.016629238014053912,2006,0.04916326394719958,101.15,42.91111111111111,True,False
3538105,Pindorama,SP,-21.20971946220384,-48.911578148011095,65,-0.23076923076923078,0.006578413612826367,2005,0.003768064279825467,30.4,22.488888888888887,True,True
3538204,Pinhalzinho,SP,-22.77889708915644,-46.573428075008046,65,0.09326923076923078,0.2720697041296738,1969,0.18137345418813178,42.2,34.08888888888889,False,False
3538303,Piquerobi,SP,-21.852546264128065,-51.73146369399442,65,0.12070209533805047,0.15530790708588585,1971,0.23329562826712694,15.7,15.866666666666667,False,False
3538501,Piquete,SP,-22.59029560786513,-45.17387800239695,65,-0.1418610283853581,0.09489257948272471,1996,0.10182967849068571,74.9,36.6,False,False
3538600,Piracaia,SP,-23.046913066621464,-46.30231828506957,65,-0.13076923076923078,0.12358551912882432,2011,0.02876438730541304,41.75,31.266666666666666,False,False
3538709,Piracicaba,SP,-22.72644473474452,-47.78388927123039,65,-0.031730769230769236,0.7086636717402414,2005,0.3440897276461011,40.55,28.933333333333334,False,False
3538808,Piraju,SP,-23.186879290587267,-49.36615811304112,65,-0.059615384615384626,0.4826718288253318,2005,0.4264390421954524,27.05,22.333333333333332,False,False
3538907,Pirajuí,SP,-21.95755574451488,-49.41345132406595,65,-0.12596153846153849,0.1379992597344832,1990,0.1433195491670883,25.6,17.555555555555557,False,False
3539004,Pirangi,SP,-21.09392007668788,-48.669301954341584,65,-0.1230769230769231,0.14724974459811443,2008,0.4264390421954524,36.05,26.6,False,False
3539103,Pirapora do Bom Jesus,SP,-23.378268630216567,-46.98488208760772,65,-0.0951923076923077,0.26230733102894765,1983,0.4070731221914113,75.4,41.53333333333333,False,False
3539202,Pirapozinho,SP,-22.47918695603192,-51.619697749917904,65,0.21250000000000002,0.012337808021518988,2008,0.17118085708445183,14.6,18.733333333333334,True,False
3539301,Pirassununga,SP,-21.99595828505473,-47.38997408001367,65,-0.03461538461538462,0.683552875272655,2004,0.23329562826712694,35.9,29.22222222222222,False,False
3539400,Piratininga,SP,-22.42493097860582,-49.1917845675339,65,-0.06634615384615386,0.43464303240459945,1987,0.23329562826712694,19.6,16.22222222222222,False,False
3539509,Pitangueiras,SP,-21.00616761293261,-48.24943556933291,65,-0.15192307692307694,0.07361518372015567,1986,0.2270165572915539,33.95,27.711111111111112,False,False
3539608,Planalto,SP,-21.00125548738552,-49.93594401486831,65,0.075,0.3771411397870088,1972,0.2270165572915539,18.4,17.91111111111111,False,False
3539707,Platina,SP,-22.62528720846041,-50.21274172605613,65,0.009615384615384618,0.9098500327472845,1971,0.11558351804791793,18.55,25.266666666666666,False,False
3539806,Poá,SP,-23.53038515848028,-46.346722292772576,65,0.27211538461538465,0.0013537062494211646,1981,0.0035966352221085086,113.95,55.48888888888889,True,True
3539905,Poloni,SP,-20.75232461477736,-49.81993372768558,65,0.0778846153846154,0.35906697866031423,1970,0.27379852014261447,21.2,19.733333333333334,False,False
3540002,Pompéia,SP,-22.029029252249035,-50.187686928879685,65,0.08653846153846155,0.308179547467054,1986,0.19204067398614047,23.7,18.177777777777777,False,False
3540101,Pongaí,SP,-21.73013203414056,-49.35888284945949,65,0.03270803649172251,0.7002473945084263,1973,0.5851294281114139,23.85,17.42222222222222,False,False
3540200,Pontal,SP,-20.984551757854906,-48.06446463525474,65,-0.04423076923076924,0.6024730552878146,2010,0.06619019684698552,38.55,29.333333333333332,False,False
3540259,Pontalinda,SP,-20.45067589765009,-50.52503736699597,65,0.19519230769230772,0.021532075658869866,1971,0.008833456203955271,16.15,17.91111111111111,True,True
3540309,Pontes Gestal,SP,-20.174829633312545,-49.75731255083174,65,0.19711538461538464,0.02027778283736401,1990,0.02988229294893045,13.0,14.177777777777777,True,False
3540408,Populina,SP,-19.907327147416225,-50.51735777000838,65,0.01153846153846154,0.8919214874063491,1973,0.12687530739535213,11.2,12.088888888888889,False,False
3540507,Porangaba,SP,-23.173861351945767,-48.11738516706999,65,-0.031730769230769236,0.7086636717402414,2005,1.0,33.9,25.2,False,False
3540606,Porto Feliz,SP,-23.23030016670047,-47.51690918150084,65,0.10673076923076924,0.2088161029308362,1974,0.3883192024619521,53.85,33.644444444444446,False,False
3540705,Porto Ferreira,SP,-21.84263454617482,-47.447302946798345,65,0.0004808848419842648,0.9954828199188704,1973,0.33569432777951663,37.2,27.866666666666667,False,False
3540754,Potim,SP,-22.82516781037815,-45.303325002907066,65,-0.31442307692307697,0.00021344672684781043,1988,0.00017993493968977738,98.9,42.4,True,True
3540804,Potirendaba,SP,-21.075478549491105,-49.3917030991454,65,0.1351286405975784,0.11163777107250235,1971,0.06849092646366872,25.3,20.68888888888889,False,False
3540853,Pracinha,SP,-21.83764587919721,-51.07529837360046,65,-0.06250000000000001,0.46174282539108646,1998,0.6156758708469371,26.45,25.155555555555555,False,False
3540903,Pradópolis,SP,-21.344424700879653,-48.0860228804354,65,-0.075,0.3771411397870088,1987,0.6407607168142557,39.65,29.266666666666666,False,False
3541000,Praia Grande,SP,-24.015543178519845,-46.52243648087583,65,-0.13365384615384618,0.11551864505727938,1996,0.015903853144033468,62.05,30.11111111111111,False,True
3541059,Pratânia,SP,-22.81855938688287,-48.69682842757097,65,-0.06442307692307693,0.44807654659723983,1971,0.7328989927313598,15.15,13.777777777777779,False,False
3541109,Presidente Alves,SP,-22.12215946171768,-49.43180862454272,65,0.015384615384615387,0.8562385953808652,1992,0.7883903763393662,27.5,18.933333333333334,False,False
3541208,Presidente Bernardes,SP,-22.107164287207684,-51.6201282645215,65,0.11730769230769231,0.16716277228271015,2008,0.4363521181567188,20.8,20.377777777777776,False,False
3541307,Presidente Epitácio,SP,-21.910289368136944,-52.17449234482082,65,0.25192307692307697,0.003011458854391665,1969,0.04179063319747862,7.25,8.71111111111111,True,False
3541406,Presidente Prudente,SP,-21.99307553246557,-51.34304497112176,65,0.13031979217773576,0.12496570969020453,1996,0.16870534455435418,21.6,22.2,False,False
3541505,Presidente Venceslau,SP,-21.792956850704016,-51.83828111417002,65,0.20629959721124957,0.015150007777086407,1969,0.05565131986374875,12.65,14.333333333333334,True,False
3541604,Promissão,SP,-21.524537581567653,-49.87035508377327,65,0.06442307692307693,0.44807654659723983,1973,0.18137345418813178,21.95,18.733333333333334,False,False
3541653,Quadra,SP,-23.3009908421766,-48.038578557981296,65,-0.08750000000000001,0.302835364563549,1983,0.7465872320851034,39.2,28.244444444444444,False,False
3541703,Quatá,SP,-22.20583354575808,-50.64524806183164,65,0.03557692307692308,0.6752581537654916,1971,0.7743354696059661,17.65,16.244444444444444,False,False
3541802,Queiroz,SP,-21.80059416123949,-50.24524365667223,65,0.1605769230769231,0.058637341033104036,1974,0.10852621480054009,23.75,18.42222222222222,False,False
3541901,Queluz,SP,-22.50427857240036,-44.78529697413664,65,-0.005289733261826912,0.950342853534446,2009,0.7743354696059661,50.6,31.977777777777778,False,False
3542008,Quintana,SP,-22.10015400205928,-50.36920799847442,65,0.07115384615384616,0.40209529101557673,1986,0.6926060465695535,22.15,18.933333333333334,False,False
3542107,Rafard,SP,-23.04516580250781,-47.58368396508465,65,0.13609041028154692,0.10911190299897842,1974,0.33569432777951663,53.75,33.68888888888889,False,False
3542206,Rancharia,SP,-22.282520565783283,-50.92822768507089,65,0.07596153846153847,0.37105504106368714,2011,0.7328989927313598,16.5,17.933333333333334,False,False
3542305,Redenção da Serra,SP,-23.25369334742412,-45.52619322707744,65,-0.01826923076923077,0.8296639093428102,1991,0.488220905503328,92.7,39.37777777777778,False,False
3542404,Regente Feijó,SP,-22.252549393743283,-51.29407376570413,65,-0.015384615384615387,0.8562385953808652,1994,0.8025622312742078,17.05,16.755555555555556,False,False
3542503,Reginópolis,SP,-21.88319154151526,-49.18049076233363,65,0.13461538461538464,0.11292366071592867,1973,0.01796050511307883,21.45,15.733333333333333,False,True
3542602,Registro,SP,-24.5040189682154,-47.820716135835696,65,-0.05576923076923077,0.5113605348757182,2005,0.1476898403483945,34.25,22.244444444444444,False,False
3542701,Restinga,SP,-20.64815834583809,-47.505919747326125,65,-0.06634615384615386,0.43464303240459945,2003,0.22086846274676056,24.85,25.91111111111111,False,False
3542800,Ribeira,SP,-24.60734969679769,-49.03659667271456,65,0.07838422924343516,0.3561007184129188,1993,0.13696117762157364,19.1,20.555555555555557,False,False
3542909,Ribeirão Bonito,SP,-22.060112941695007,-48.18533484943245,65,-0.0019230769230769234,0.9819330169178719,2017,0.44641878404152746,42.35,36.46666666666667,False,False
3543006,Ribeirão Branco,SP,-24.25613579404357,-48.77809912207644,65,0.1572493433288546,0.06412602947913622,2000,0.27023411846283146,20.7,19.533333333333335,False,False
3543105,Ribeirão Corrente,SP,-20.4489765617038,-47.5732830092579,65,-0.009615384615384618,0.9098500327472845,1974,0.3440897276461011,28.3,29.11111111111111,False,False
3543204,Ribeirão do Sul,SP,-22.75159017578869,-49.92260396383392,65,-0.08461538461538462,0.3190539922528327,1997,0.3701743102121331,28.7,30.733333333333334,False,False
3543238,Ribeirão dos Índios,SP,-21.784210100370508,-51.5833311802118,65,0.05241644777628486,0.5371681928213778,1979,0.8898836579770303,16.7,18.08888888888889,False,False
3543253,Ribeirão Grande,SP,-24.18862811924416,-48.35876092514452,65,0.17884615384615388,0.03520128758921378,1986,0.02876438730541304,23.5,17.044444444444444,False,False
3543303,Ribeirão Pires,SP,-23.701108667158906,-46.40284809377071,65,0.25288461538461543,0.002902414552430826,1984,0.015903853144033468,107.25,51.62222222222222,True,True
3543402,Ribeirão Preto,SP,-21.210789361512827,-47.82125402042672,65,0.13076923076923078,0.12358551912882432,1978,0.1662584764648557,42.5,29.155555555555555,False,False
3543501,Riversul,SP,-23.84687232611747,-49.4478055090724,65,0.13416687091360988,0.11420955038938597,1973,0.17621863751350042,19.55,17.444444444444443,False,False
3543600,Rifaina,SP,-20.06077375843879,-47.44094842668378,65,-0.021153846153846155,0.8032826965468698,2004,0.0954805823504146,17.4,15.6,False,False
3543709,Rincão,SP,-21.59387698498597,-48.032175297307056,65,-0.203414288159344,0.016629238014053912,1987,0.029318643187459005,44.5,30.288888888888888,True,False
3543808,Rinópolis,SP,-21.681151704516427,-50.7174905738118,65,-0.024038461538461543,0.7771237463572624,2013,0.6664086010224509,24.45,23.08888888888889,False,False
3543907,Rio Claro,SP,-22.37382103737146,-47.57989850268859,65,0.2884615384615385,0.0006817102933708383,1990,0.005946011397210716,43.3,34.82222222222222,True,True
3544004,Rio das Pedras,SP,-22.85034601073169,-47.5984392689623,65,-0.01730769230769231,0.8385020825980152,1984,0.6156758708469371,45.75,30.8,False,False
3544103,Rio Grande da Serra,SP,-23.737833740167783,-46.37945031396126,65,-0.1836538461538462,0.030568176043374543,1986,0.021071406588780116,103.3,48.93333333333333,True,True
3544202,Riolândia,SP,-20.023514899555227,-49.70912290502855,65,0.06826923076923078,0.4214450879802445,1975,0.33569432777951663,5.7,8.555555555555555,False,False
3544251,Rosana,SP,-22.489160799228205,-52.83681598815919,65,0.23461538461538461,0.005731560186271848,1977,0.022799875341596585,7.6,16.511111111111113,True,True
3544301,Roseira,SP,-22.933073369615737,-45.30245060900528,65,-0.1158932469182078,0.17243677192357443,1989,0.41185713587235795,106.75,44.577777777777776,False,False
3544400,Rubiácea,SP,-21.36088802128285,-50.78584128622,65,0.14038461538461539,0.09830553419312299,1973,0.10182967849068571,27.7,25.666666666666668,False,False
3544509,Rubinéia,SP,-20.24981184196717,-51.01834950333139,65,0.06346153846153847,0.4548807770395934,1971,0.021071406588780116,10.6,10.28888888888889,False,True
3544608,Sabino,SP,-21.47090176146407,-49.5755968216746,65,0.04038461538461539,0.6343904759318508,1973,0.08946573118645543,18.65,16.355555555555554,False,False
3544707,Sagres,SP,-21.867779701261995,-50.99032999088782,65,0.06107237493200163,0.47213633598456584,1979,0.7883903763393662,24.5,23.4,False,False
3544806,Sales,SP,-21.347280724162708,-49.50277085067748,65,0.014423076923076924,0.865134745405447,1973,0.09861252850976931,18.65,17.11111111111111,False,False
3544905,Sales Oliveira,SP,-20.83145949961297,-47.85454181538967,65,0.04807692307692309,0.5712996214994486,1978,0.021920496091912347,33.6,29.155555555555555,False,True
3545001,Salesópolis,SP,-23.5802215596722,-45.84261722988556,65,0.06057692307692309,0.47563877428430523,1976,0.8457507342183549,69.5,33.37777777777778,False,False
3545100,Salmourão,SP,-21.588084036388853,-50.87626389416925,65,-0.043269230769230775,0.610384513874678,2013,0.45663907784026875,22.95,23.11111111111111,False,False
3545159,Saltinho,SP,-22.871225996702123,-47.73177765107759,65,-0.015384615384615387,0.8562385953808652,2005,0.37917085700952197,47.05,31.266666666666666,False,False
3545209,Salto,SP,-23.18044192668573,-47.30269446162463,65,0.19711538461538464,0.02027778283736401,2000,0.024653148270964056,59.6,34.51111111111111,True,True
3545308,Salto de Pirapora,SP,-23.65277742569396,-47.58065676977886,65,-0.15673076923076926,0.06494862597449932,1989,0.13083421265918208,39.9,27.022222222222222,False,False
3545407,Salto Grande,SP,-22.870857257297786,-49.96083636797943,65,0.09423076923076924,0.26715785444604245,1971,0.05763530883303764,27.5,30.244444444444444,False,False
3545506,Sandovalina,SP,-22.47784325024304,-51.84213587564669,65,0.2813176325607949,0.0009264366488172002,2008,0.016564659416996794,11.9,19.755555555555556,True,True
3545605,Santa Adélia,SP,-21.317814749814595,-48.81902423328408,65,-0.18750000000000003,0.0272484408923059,2001,0.019460569787467734,26.2,20.866666666666667,True,True
3545704,Santa Albertina,SP,-20.01411895128928,-50.72766161338328,65,0.10865384615384616,0.20073052452038787,1971,0.014060907443860605,10.7,11.444444444444445,False,True
3545803,Santa Bárbara d'Oeste,SP,-22.80060782905512,-47.428026706176055,65,0.12980769230769232,0.1263700865857364,1993,0.13083421265918208,50.75,34.577777777777776,False,False
3546009,Santa Branca,SP,-23.4264032227085,-45.863266735090335,65,0.15673076923076926,0.06494862597449932,1998,0.23329562826712694,82.9,38.37777777777778,False,False
3546108,Santa Clara d'Oeste,SP,-20.066880742938768,-50.90838905341101,65,0.07211538461538462,0.39576568734555584,1971,0.027683537119878636,8.95,9.444444444444445,False,False
3546207,Santa Cruz da Conceição,SP,-22.121384147085774,-47.48560670002477,65,-0.1730769230769231,0.04154006700988516,2004,0.11200893327810173,36.45,30.0,False,False
3546256,Santa Cruz da Esperança,SP,-21.27485018432159,-47.439640199844405,65,-0.268814626669204,0.0015520823767712767,1988,0.004039345459827546,35.4,24.0,True,True
3546306,Santa Cruz das Palmeiras,SP,-21.85554965334148,-47.25016016952183,65,-0.025961538461538463,0.759821804319769,2004,0.19204067398614047,35.0,27.866666666666667,False,False
3546405,Santa Cruz do Rio Pardo,SP,-22.809257890229688,-49.56895932981456,65,0.08653846153846155,0.308179547467054,1971,0.3440897276461011,28.75,30.555555555555557,False,False
3546504,Santa Ernestina,SP,-21.452545015952097,-48.36675953342444,65,-0.06634615384615386,0.43464303240459945,2011,0.49905447699339966,38.6,33.6,False,False
3546603,Santa Fé do Sul,SP,-20.24191734992984,-50.95015802661805,65,0.08992546545105752,0.28973825318319757,1971,0.016231242956803473,10.15,11.11111111111111,False,True
3546702,Santa Gertrudes,SP,-22.475123725005723,-47.521279805437786,65,0.2649675479333299,0.0018117472849547634,1982,0.0034324144822200546,40.35,30.155555555555555,True,True
3546801,Santa Isabel,SP,-23.288936729481183,-46.24230323716209,65,0.004807692307692309,0.9548528001763662,1972,0.7743354696059661,80.8,48.6,False,False
3546900,Santa Lúcia,SP,-21.67071284567027,-48.05744068275879,65,-0.16442307692307695,0.05284397831918954,1987,0.09243219495343426,45.7,36.422222222222224,False,False
3547007,Santa Maria da Serra,SP,-22.564437960164177,-48.1542520296642,65,0.11346153846153846,0.18152087117928373,1971,0.0732972202658319,24.4,21.22222222222222,False,False
3547106,Santa Mercedes,SP,-21.316749551874462,-51.73714523669077,65,0.12647271344186164,0.1364957528585893,2001,0.13696117762157364,8.25,8.4,False,False
3547205,Santana da Ponte Pensa,SP,-20.26082998984987,-50.79711472222756,65,0.1730769230769231,0.04154006700988516,1971,0.01796050511307883,12.7,13.8,False,True
3547304,Santana de Parnaíba,SP,-23.44940690606354,-46.916782432061055,65,0.1418610283853581,0.09489257948272471,1986,0.2847027809942392,79.7,45.13333333333333,False,False
3547403,Santa Rita d'Oeste,SP,-20.09718258716827,-50.81269246411698,65,0.054807692307692314,0.5186693578126838,1971,0.014652703987493569,11.45,11.266666666666667,False,True
3547502,Santa Rita do Passa Quatro,SP,-21.68249706651153,-47.50802383421168,65,-0.0451923076923077,0.5946081162160604,2007,0.7883903763393662,37.35,25.288888888888888,False,False
3547601,Santa Rosa de Viterbo,SP,-21.503787519271423,-47.366253427203446,65,-0.21634615384615385,0.010845950917060442,1988,0.04658952974594933,36.15,24.288888888888888,True,False
3547650,Santa Salete,SP,-20.2586798272051,-50.72004802342897,65,0.24134615384615388,0.0044829332297607605,1971,0.0041336894831218215,14.4,15.511111111111111,True,True
3547700,Santo Anastácio,SP,-22.037551001546447,-51.7224087462634,65,0.10384615384615385,0.22138288217168667,1971,0.4264390421954524,15.75,16.644444444444446,False,False
3547809,Santo André,SP,-23.727941030898563,-46.44159391782964,65,-0.1836538461538462,0.030568176043374543,1986,0.021071406588780116,104.45,49.977777777777774,True,True
3547908,Santo Antônio da Alegria,SP,-21.09237591674804,-47.19581188622248,65,-0.016346153846153847,0.8473606749709596,2009,0.08377208835709478,22.15,18.622222222222224,False,False
3548005,Santo Antônio de Posse,SP,-22.60328166137852,-46.94990146665244,65,0.10531378039455398,0.21502598908663806,1979,0.14991503165091513,51.65,35.022222222222226,False,False
3548054,Santo Antônio do Aracanguá,SP,-20.87300297144583,-50.55441882922828,65,0.06923076923076923,0.4149352520971258,1981,0.20895933922108018,18.55,18.711111111111112,False,False
3548104,Santo Antônio do Jardim,SP,-22.130402382457472,-46.68329344947718,65,0.12743448312583017,0.1335390103437567,1974,0.2148498852809811,24.55,23.244444444444444,False,False
3548203,Santo Antônio do Pinhal,SP,-22.831813438938948,-45.6979866216809,65,-0.2813176325607949,0.0009264366488172002,1988,0.0031990023147593274,80.35,35.333333333333336,True,True
3548302,Santo Expedito,SP,-21.82479402438231,-51.37017553896364,65,0.01009858168166956,0.9053617169758577,1996,0.573166815335483,22.55,22.044444444444444,False,False
3548401,Santópolis do Aguapeí,SP,-21.66018104921232,-50.5179767272781,65,0.11974032565408194,0.15862606949205693,1971,0.5324687972967159,24.05,22.822222222222223,False,False
3548500,Santos,SP,-23.869028107056167,-46.29157997453672,65,-0.14711538461538462,0.08320523933786642,1986,0.008459197082313663,79.2,37.333333333333336,False,True
3548609,São Bento do Sapucaí,SP,-22.68147357103252,-45.68679436980679,65,-0.08365384615384616,0.3245842756703249,2007,0.09243219495343426,60.4,30.68888888888889,False,False
3548708,São Bernardo do Campo,SP,-23.81293279024046,-46.5508606730028,65,0.08653846153846155,0.308179547467054,1986,0.11200893327810173,99.85,48.022222222222226,False,False
3548807,São Caetano do Sul,SP,-23.62622711582445,-46.56612126682793,65,0.3428708923347808,5.422394925328048e-05,1986,0.0003804860681651944,109.2,54.17777777777778,True,True
3548906,São Carlos,SP,-21.918854119962653,-47.86718828979501,65,0.058187065880096034,0.49331957372660373,1971,0.5100406406299057,46.9,36.55555555555556,False,False
3549003,São Francisco,SP,-20.365759683771124,-50.67587023018724,65,0.23857626617491715,0.004982901582972936,1971,0.023251206077677004,14.6,15.622222222222222,True,True
3549102,São João da Boa Vista,SP,-21.977977593649094,-46.80213414530937,65,0.0764606898754981,0.36802730477022005,1969,0.3701743102121331,26.25,26.844444444444445,False,False
3549201,São João das Duas Pontes,SP,-20.40831087447332,-50.38340065856534,65,0.11826923076923078,0.16371030112364793,1971,0.1567533113111856,18.45,19.822222222222223,False,False
3549250,São João de Iracema,SP,-20.520746869420154,-50.35628772062915,65,0.0826923076923077,0.33017658764094726,1970,0.22086846274676056,17.55,20.755555555555556,False,False
3549300,São João do Pau d'Alho,SP,-21.22344486719157,-51.67308616137271,65,0.09230769230769233,0.27704301780334584,2000,0.5211789320492503,11.55,9.955555555555556,False,False
3549409,São Joaquim da Barra,SP,-20.550613820620057,-47.93859731678579,65,-0.0375,0.6587873377864597,2012,0.12301501734761935,28.9,25.355555555555554,False,False
3549508,São José da Bela Vista,SP,-20.58754880399504,-47.62718087788836,65,-0.03365384615384616,0.6918859681811715,2010,0.0374280118542835,28.35,29.022222222222222,False,False
3549607,São José do Barreiro,SP,-22.7487574073902,-44.58719301695207,65,-0.032692307692307694,0.7002565367900856,2002,0.3274473959752802,42.9,31.666666666666668,False,False
3549706,São José do Rio Pardo,SP,-21.6036858857476,-46.879466242774186,65,-0.08557692307692309,0.3135857504770575,2000,0.488220905503328,29.15,26.77777777777778,False,False
3549805,São José do Rio Preto,SP,-20.79732568198131,-49.358058106913006,65,0.0375,0.6587873377864597,1973,0.186646930242533,28.75,25.155555555555555,False,False
3549904,São José dos Campos,SP,-23.09052245696009,-45.9286210437736,65,-0.10576923076923078,0.21294627515560105,1996,0.25293286153182654,74.65,40.22222222222222,False,False
3549953,São Lourenço da Serra,SP,-23.852417069299804,-46.93634092027173,65,-0.04615384615384616,0.5867904254454406,1983,0.7193378849388556,68.3,36.84444444444444,False,False
3550001,São Luiz do Paraitinga,SP,-23.24012546136556,-45.25383389538954,65,0.2384615384615385,0.004984294489621833,1968,0.0810416956090477,83.4,34.644444444444446,True,False
3550100,São Manuel,SP,-22.68222485760236,-48.54043084490149,65,-0.15673076923076926,0.06494862597449932,1999,0.27379852014261447,19.7,14.244444444444444,False,False
3550209,São Miguel Arcanjo,SP,-23.91390348208706,-47.99343328394239,65,-0.09423076923076924,0.26715785444604245,1983,0.4070731221914113,23.35,16.933333333333334,False,False
3550308,São Paulo,SP,-23.649843365745017,-46.64807019594616,65,0.3403846153846154,6.116757608356162e-05,1986,0.00045965486773427624,107.65,53.044444444444444,True,True
3550407,São Pedro,SP,-22.558090825250098,-47.92466501843848,65,0.01153846153846154,0.8919214874063491,1971,0.24625239477921027,30.4,27.711111111111112,False,False
3550506,São Pedro do Turvo,SP,-22.678944052695307,-49.77227415205508,65,0.051923076923076926,0.5409152127109731,1969,0.3035887052227368,28.25,30.133333333333333,False,False
3550605,São Roque,SP,-23.548973658567217,-47.10955814567889,65,0.19230769230769235,0.023540058261177936,2014,0.0810416956090477,69.5,42.266666666666666,True,False
3550704,São Sebastião,SP,-23.75438331472246,-45.60675602127991,65,-0.2682692307692308,0.0015828274333935118,1992,0.0005395957194361724,32.6,17.755555555555556,True,True
3550803,São Sebastião da Grama,SP,-21.753978945191605,-46.75311155933923,65,0.06153846153846155,0.46866229579159335,1969,0.3883192024619521,27.45,25.066666666666666,False,False
3550902,São Simão,SP,-21.46143311864601,-47.56834397612948,65,0.025,0.7684583572208751,1973,0.31934808891406874,35.95,23.488888888888887,False,False
3551009,São Vicente,SP,-23.959169145808392,-46.48796941071374,65,-0.18846153846153849,0.026468838133317404,1996,0.002130695499501793,69.25,34.111111111111114,True,True
3551108,Sarapuí,SP,-23.664356285118544,-47.78577115406159,65,-0.054807692307692314,0.5186693578126838,1989,0.25974984352926617,40.25,25.288888888888888,False,False
3551207,Sarutaiá,SP,-23.25762521651143,-49.48164798226004,65,0.04807692307692309,0.5712996214994486,1970,0.3883192024619521,29.4,22.622222222222224,False,False
3551306,Sebastianópolis do Sul,SP,-20.629247190333142,-49.91584074754348,65,0.16730769230769232,0.048819802579820055,1973,0.053726377031536474,18.65,17.711111111111112,False,False
3551405,Serra Azul,SP,-21.31604432941221,-47.549725531541455,65,-0.11300793786630221,0.1833710915902007,1989,0.17368521975139947,36.8,24.91111111111111,False,False
3551504,Serrana,SP,-21.216827340074733,-47.61243253109148,65,0.07019230769230769,0.4084852298799554,1974,0.08657956663465231,37.8,26.31111111111111,False,False
3551603,Serra Negra,SP,-22.589073747250573,-46.68730831895267,65,0.002884615384615385,0.9729024202503425,1997,1.0,42.75,34.13333333333333,False,False
3551702,Sertãozinho,SP,-21.122895776196184,-48.00900715322236,65,0.004807692307692309,0.9548528001763662,1972,0.17118085708445183,40.2,29.444444444444443,False,False
3551801,Sete Barras,SP,-24.273910093912708,-47.93413338043881,65,-0.14134615384615387,0.09602308626391638,2006,0.014652703987493569,31.05,22.333333333333332,False,True
3551900,Severínia,SP,-20.793191311167483,-48.79356490470565,65,-0.11346153846153846,0.18152087117928373,1979,0.44641878404152746,31.85,26.177777777777777,False,False
3552007,Silveiras,SP,-22.73465935859801,-44.84092617105952,65,0.10576923076923078,0.21294627515560105,1980,0.3113955087807632,59.75,34.71111111111111,False,False
3552106,Socorro,SP,-22.611170975728616,-46.52439394070508,65,0.08942307692307694,0.29233290665128286,1997,0.6794395367093345,33.6,30.4,False,False
3552205,Sorocaba,SP,-23.464579466300624,-47.44667274750292,65,-0.029807692307692313,0.7255839366845278,1977,0.7743354696059661,46.6,30.11111111111111,False,False
3552304,Sud Mennucci,SP,-20.66757358819839,-50.90084860523755,65,0.12980769230769232,0.1263700865857364,1972,0.01294136909450836,12.85,13.644444444444444,False,True
3552403,Sumaré,SP,-22.84184801357847,-47.26298195422508,65,0.2836538461538462,0.0008371287560921994,1993,0.021071406588780116,61.05,39.044444444444444,True,True
3552502,Suzano,SP,-23.60835815332642,-46.31046402210207,65,0.08653846153846155,0.308179547467054,1976,0.05004808403109762,115.15,55.022222222222226,False,False
3552551,Suzanápolis,SP,-20.472808739060216,-51.07559758766767,65,0.12115384615384618,0.15367530699707593,1971,0.05763530883303764,11.95,12.355555555555556,False,False
3552601,Tabapuã,SP,-20.931798417157555,-49.02899060522832,65,-0.09711538461538463,0.252789642803682,2005,0.03474573545009981,32.7,26.355555555555554,False,False
3552700,Tabatinga,SP,-21.712458628840583,-48.62908516540358,65,0.1230769230769231,0.14724974459811443,1971,0.0954805823504146,28.15,25.488888888888887,False,False
3552809,Taboão da Serra,SP,-23.620507852392063,-46.7862115977053,65,0.2697763963531725,0.0014927567142938166,2000,0.006500550461868807,96.3,49.24444444444445,True,True
3552908,Taciba,SP,-22.50484019800599,-51.34227426436705,65,0.1447463374372637,0.08836161353687573,2011,0.4313763868606389,18.85,21.466666666666665,False,False
3553005,Taguaí,SP,-23.47445354377053,-49.39743096927065,65,-0.002884615384615385,0.9729024202503425,1970,0.05763530883303764,22.1,17.866666666666667,False,False
3553104,Taiaçu,SP,-21.132236324436555,-48.53025293721413,65,-0.16153846153846155,0.057141691282258024,2007,0.19204067398614047,37.2,28.511111111111113,False,False
3553203,Taiúva,SP,-21.1326347753723,-48.42822831540295,65,-0.22403846153846155,0.008334606052782998,2001,0.08657956663465231,35.6,29.8,True,False
3553302,Tambaú,SP,-21.601758401702146,-47.23902718861032,65,-0.121663865022019,0.15204270697621372,2008,0.22392622853748595,40.6,27.288888888888888,False,False
3553401,Tanabi,SP,-20.53117858829253,-49.646493211983845,64,0.08134920634920635,0.3420339888197197,1973,0.44622009431666093,22.6,20.822222222222223,False,False
3553500,Tapiraí,SP,-24.008734044500315,-47.619374992481646,65,0.0375,0.6587873377864597,1970,1.0,27.55,23.666666666666668,False,False
3553609,Tapiratiba,SP,-21.450722017053145,-46.741793004146885,65,-0.03653846153846154,0.6670026854207679,2007,0.4363521181567188,22.5,21.42222222222222,False,False
3553658,Taquaral,SP,-21.06926762731236,-48.399354289567306,65,-0.1836538461538462,0.030568176043374543,2000,0.1662584764648557,35.7,28.866666666666667,True,False
3553708,Taquaritinga,SP,-21.42555897125792,-48.537856261476975,65,-0.1995672094234699,0.018798012993590994,1988,0.06072509291590316,29.25,25.955555555555556,True,False
3553807,Taquarituba,SP,-23.530171950182083,-49.23464697182241,65,0.08942307692307694,0.29233290665128286,1969,0.09243219495343426,23.7,16.177777777777777,False,False
3553856,Taquarivaí,SP,-23.94335224999978,-48.68795698053243,65,0.08942307692307694,0.29233290665128286,1979,0.7743354696059661,21.75,17.57777777777778,False,False
3553906,Tarabai,SP,-22.35801163900982,-51.62581977863492,65,0.1807692307692308,0.03328067640475118,1969,0.17118085708445183,18.65,20.511111111111113,True,False
3553955,Tarumã,SP,-22.763521439382007,-50.60145539868822,65,0.003846153846153847,0.9638752961842721,1969,0.10182967849068571,15.8,25.266666666666666,False,False
3554003,Tatuí,SP,-23.36208558298277,-47.869596562722016,65,-0.04711538461538462,0.5790206953061717,1991,0.39761982182042743,42.5,28.31111111111111,False,False
3554102,Taubaté,SP,-23.087157336116103,-45.5024581798395,65,-0.1866282082174755,0.02804274690582473,1977,0.027683537119878636,104.35,44.955555555555556,True,False
3554201,Tejupá,SP,-23.342511626438693,-49.30662293175038,65,0.06057692307692309,0.47563877428430523,1974,0.3883192024619521,27.95,19.91111111111111,False,False
3554300,Teodoro Sampaio,SP,-22.41660824795303,-52.37416843168565,65,0.08946609981559393,0.29231743803757704,1994,0.6926060465695535,9.8,19.4,False,False
3554409,Terra Roxa,SP,-20.778742453038465,-48.34571808602575,65,-0.03461538461538462,0.683552875272655,1984,1.0,31.55,29.2,False,False
3554508,Tietê,SP,-23.04946477661593,-47.70767253199642,64,-0.037698412698412696,0.6597087710996655,1998,1.0,49.3,30.57777777777778,False,False
3554607,Timburi,SP,-23.195820297807074,-49.61038168056061,65,0.10673076923076924,0.2088161029308362,1974,0.29592667730419125,29.9,24.977777777777778,False,False
3554656,Torre de Pedra,SP,-23.25010319475889,-48.21269629548933,65,-0.1432692307692308,0.09158551296933214,2001,0.45663907784026875,33.5,23.177777777777777,False,False
3554706,Torrinha,SP,-22.444628140357747,-48.164448199234336,65,0.03895167220072545,0.6465361262504953,1971,0.39761982182042743,29.3,25.066666666666666,False,False
3554755,Trabiju,SP,-22.03232014087343,-48.345256164808205,65,-0.032692307692307694,0.7002565367900856,2011,0.19204067398614047,44.7,35.44444444444444,False,False
3554805,Tremembé,SP,-22.94089353237326,-45.60420062322334,65,-0.08750000000000001,0.302835364563549,1982,0.33569432777951663,95.9,39.28888888888889,False,False
3554904,Três Fronteiras,SP,-20.27365250811062,-50.86960403958241,65,0.1730769230769231,0.04154006700988516,1971,0.01796050511307883,10.1,11.555555555555555,False,True
3554953,Tuiuti,SP,-22.830352259229205,-46.68763623334565,65,0.1230769230769231,0.14724974459811443,1997,0.021071406588780116,51.0,36.22222222222222,False,True
3555000,Tupã,SP,-21.947266860895663,-50.53462249769308,65,0.08942307692307694,0.29233290665128286,1970,0.2397071069526228,21.75,18.266666666666666,False,False
3555109,Tupi Paulista,SP,-21.39041807251884,-51.58720194369575,65,0.13461538461538464,0.11292366071592867,2002,0.0732972202658319,11.35,12.955555555555556,False,False
3555208,Turiúba,SP,-20.94051570106438,-50.11118456581151,65,0.01730769230769231,0.8385020825980152,1973,0.2667046417839311,19.85,20.022222222222222,False,False
3555307,Turmalina,SP,-20.08356576277344,-50.45673069131152,65,0.08173076923076925,0.33583089893655294,1974,0.05967975380939963,16.1,15.355555555555556,False,False
3555356,Ubarana,SP,-21.21976299009964,-49.748198616129365,65,0.03461538461538462,0.683552875272655,1970,0.07580582880191701,16.95,17.644444444444446,False,False
3555406,Ubatuba,SP,-23.3812145181612,-45.024052491145376,65,-0.3317307692307693,9.369852852119804e-05,1996,4.67360458501189e-05,32.25,19.22222222222222,True,True
3555505,Ubirajara,SP,-22.544267203826248,-49.66596203294984,65,-0.06250000000000001,0.46174282539108646,1997,0.3274473959752802,21.25,21.8,False,False
3555604,Uchoa,SP,-20.936947564280903,-49.15777051155577,65,0.029807692307692313,0.7255839366845278,1973,0.19204067398614047,33.95,25.355555555555554,False,False
3555703,União Paulista,SP,-20.890544513006063,-49.88727318744035,65,0.0778846153846154,0.35906697866031423,1970,0.27379852014261447,19.0,18.377777777777776,False,False
3555802,Urânia,SP,-20.20876252945032,-50.65244106354654,65,0.17500000000000002,0.03932745024003653,1971,0.014652703987493569,16.1,16.555555555555557,False,True
3555901,Uru,SP,-21.765913504602874,-49.29630013694185,65,0.08030776861137222,0.34442077838054097,1973,0.1348934261598594,21.45,15.6,False,False
3556008,Urupês,SP,-21.205219179963585,-49.26517763765175,65,0.09230769230769233,0.27704301780334584,1973,0.043340125789311776,24.6,18.622222222222224,False,False
3556107,Valentim Gentil,SP,-20.42058943770333,-50.10175715586208,65,0.20384615384615387,0.016375942740005898,1972,0.04179063319747862,17.55,17.77777777777778,True,False
3556206,Valinhos,SP,-22.97507785463296,-46.98134771585651,65,0.06826923076923078,0.4214450879802445,1981,0.36132902060287403,61.45,40.13333333333333,False,False
3556305,Valparaíso,SP,-21.20309097628946,-50.92378169855664,65,0.2663461538461539,0.0017103144653527128,1989,0.00037028525240877117,18.15,18.866666666666667,True,True
3556354,Vargem,SP,-22.8901374240156,-46.4145915448219,65,0.25961538461538464,0.0022345392261445187,1975,0.01869710762272877,34.95,30.2,True,True
3556404,Vargem Grande do Sul,SP,-21.86068812552216,-46.89895246995621,65,0.019230769230769235,0.8208472385419284,1969,0.7604002213532476,33.65,28.044444444444444,False,False
3556453,Vargem Grande Paulista,SP,-23.62091606650921,-47.01472598989624,65,0.1909112822677531,0.02460132895984148,2014,0.07838680053058594,75.5,44.44444444444444,True,False
3556503,Várzea Paulista,SP,-23.21925017432074,-46.82498619815771,65,0.009615384615384618,0.9098500327472845,2006,0.8603610817965768,74.95,43.6,False,False
3556602,Vera Cruz,SP,-22.23403771899489,-49.82621642761363,65,0.13269230769230772,0.11816028735144751,2013,0.31934808891406874,27.8,22.68888888888889,False,False
3556701,Vinhedo,SP,-23.046732571038586,-46.97921670471772,65,0.1471861642127513,0.0831953597845092,1981,0.17118085708445183,57.8,37.15555555555556,False,False
3556800,Viradouro,SP,-20.88435570646693,-48.30993054499635,65,-0.04807692307692309,0.5712996214994486,1975,0.37917085700952197,33.8,29.066666666666666,False,False
3556909,Vista Alegre do Alto,SP,-21.1767151801986,-48.64951808269065,65,-0.15480769230769234,0.06830853679511892,2007,0.13905464099683393,34.0,26.333333333333332,False,False
3556958,Vitória Brasil,SP,-20.198310279611707,-50.48544807059362,65,0.1028846153846154,0.22568988273148238,1974,0.008459197082313663,17.85,16.977777777777778,False,True
3557006,Votorantim,SP,-23.579971740317152,-47.40669259457043,65,-0.03653846153846154,0.6670026854207679,1988,0.29592667730419125,44.7,28.933333333333334,False,False
3557105,Votuporanga,SP,-20.457756194624498,-49.98909731116043,65,0.0951923076923077,0.26230733102894765,1971,0.4166794406211764,18.9,17.444444444444443,False,False
3557154,Zacarias,SP,-21.125425581565025,-50.04937885047468,65,0.08846153846153848,0.2975531675111377,1972,0.1975562773493669,20.8,19.6,False,False
3557204,Chavantes,SP,-23.046295223056653,-49.72655988971173,65,0.10865384615384616,0.20073052452038787,1990,0.36132902060287403,28.9,25.88888888888889,False,False
3557303,Estiva Gerbi,SP,-22.23600569334978,-46.94315020684049,65,0.06588122335184428,0.437972089543775,1979,0.3113955087807632,32.05,27.755555555555556,False,False
4100103,Abatiá,PR,-23.30720176915532,-50.309672323250766,65,0.23653846153846156,0.005346147941232565,1991,0.06619019684698552,13.8,24.288888888888888,True,False
4100202,Adrianópolis,PR,-24.78353055565725,-48.82122543202577,65,0.07549892019152957,0.3740827775373414,1993,0.31934808891406874,20.05,23.666666666666668,False,False
4100301,Agudos do Sul,PR,-26.027829040689333,-49.31129380890236,65,0.08173076923076925,0.33583089893655294,1976,0.16144984740732568,19.9,24.355555555555554,False,False
4100400,Almirante Tamandaré,PR,-25.296501531881468,-49.32372990143146,65,0.03221928441294574,0.7044510772633225,1992,0.41185713587235795,20.6,34.6,False,False
4100459,Altamira do Paraná,PR,-24.81333871911865,-52.69242838547727,65,0.15288461538461542,0.07181004824924186,1980,0.010939988910983817,13.55,21.866666666666667,False,True
4100509,Altônia,PR,-23.90260012793514,-53.94882335163717,65,0.22980769230769232,0.006806990933687693,2009,0.05565131986374875,9.8,13.977777777777778,True,False
4100608,Alto Paraná,PR,-23.07607612128017,-52.32356809763677,65,0.1730769230769231,0.04154006700988516,1982,0.07085942951772722,8.15,19.444444444444443,False,False
4100707,Alto Piquiri,PR,-24.098251371756312,-53.401985426353306,65,0.3736475222217737,1.0876747540558972e-05,1995,0.0012677784235433152,14.0,18.644444444444446,True,True
4100806,Alvorada do Sul,PR,-22.810599868568804,-51.25501685802109,65,0.06734007513001693,0.4279996438679877,1970,0.3113955087807632,14.0,22.88888888888889,False,False
4100905,Amaporã,PR,-23.12868407562493,-52.83479463705469,65,0.30192307692307696,0.00037747641617255206,1978,0.008099400394002452,10.35,26.288888888888888,True,True
4101002,Ampére,PR,-25.91668116000367,-53.48326819513417,65,0.0903846153846154,0.28717451712092856,1970,0.3035887052227368,12.55,24.711111111111112,False,False
4101051,Anahy,PR,-24.644176299305453,-53.14381259606774,65,0.2759615384615385,0.001155531811201797,1978,0.0023471190382498494,14.95,22.288888888888888,True,True
4101101,Andirá,PR,-23.01786155437573,-50.27153831362833,65,0.1557692307692308,0.06661113650746185,1975,0.06395574274390818,23.2,30.355555555555554,False,False
4101150,Ângulo,PR,-23.19158090602022,-51.91831144856674,65,0.1903846153846154,0.02496728479185129,1992,0.022799875341596585,10.65,22.844444444444445,True,True
4101200,Antonina,PR,-25.30511606407953,-48.72242435091655,65,0.2663461538461539,0.0017103144653527128,1979,0.010939988910983817,23.7,29.266666666666666,True,True
4101309,Antônio Olinto,PR,-25.959984731619727,-50.128502254978656,65,0.20865384615384616,0.014008663383803684,1977,0.01004816286544616,12.2,19.444444444444443,True,True
4101408,Apucarana,PR,-23.572196284637407,-51.44626061308792,65,0.06923076923076923,0.4149352520971258,1996,0.9047890422433168,12.3,25.444444444444443,False,False
4101507,Arapongas,PR,-23.44079918763513,-51.428231666972266,65,0.0451923076923077,0.5946081162160604,2011,1.0,14.2,27.31111111111111,False,False
4101606,Arapoti,PR,-24.09242749569829,-49.97558097328168,65,0.029807692307692313,0.7255839366845278,1965,0.7059061814503923,10.75,20.733333333333334,False,False
4101655,Arapuã,PR,-24.34402519325829,-51.81534660174645,65,0.2028846153846154,0.016889495653524298,2004,0.11558351804791793,13.4,22.622222222222224,True,False
4101705,Araruna,PR,-23.95511219222566,-52.57661881593038,65,0.2318422586619154,0.006355076549466706,1979,0.07206956866432014,10.9,20.666666666666668,True,False
4101804,Araucária,PR,-25.608521873465,-49.4415184354796,65,0.09230769230769233,0.27704301780334584,1994,0.1662584764648557,23.45,37.0,False,False
4101853,Ariranha do Ivaí,PR,-24.37711160369905,-51.54082849438301,65,0.22884615384615387,0.0070426804278188836,1975,0.04493933338415746,12.05,21.22222222222222,True,False
4101903,Assaí,PR,-23.40546515118436,-50.87556822822787,65,0.22457322120665163,0.008195462675085008,1988,0.09861252850976931,14.5,27.755555555555556,True,False
4102000,Assis Chateaubriand,PR,-24.42585463638765,-53.58455717916276,65,0.3009615384615385,0.00039406471296766864,2005,0.010485500191296987,12.9,22.866666666666667,True,True
4102109,Astorga,PR,-23.24996297613444,-51.6996770978592,65,0.12596153846153849,0.1379992597344832,1973,0.25974984352926617,12.5,23.288888888888888,False,False
4102208,Atalaia,PR,-23.12866933979396,-52.06492881092929,65,0.18942307692307694,0.02570858110600464,1992,0.014060907443860605,8.7,19.466666666666665,True,True
4102307,Balsa Nova,PR,-25.521832663318428,-49.68868583776299,65,0.1451923076923077,0.08731427299935919,1994,0.01869710762272877,16.0,29.022222222222222,False,True
4102406,Bandeirantes,PR,-23.16086472185443,-50.34645469502088,65,0.30247656560810254,0.0003693489252300334,1988,0.0017096104849393758,19.75,29.022222222222222,True,True
4102505,Barbosa Ferraz,PR,-24.08217748053382,-52.04669189277063,65,0.09326923076923078,0.2720697041296738,2012,0.5555005761215098,13.6,29.022222222222222,False,False
4102604,Barracão,PR,-26.24603443506125,-53.52845564262898,65,0.2605769230769231,0.0021515738117853294,1981,0.04179063319747862,6.6,17.355555555555554,True,False
4102703,Barra do Jacaré,PR,-23.105746505795587,-50.15921623365136,65,0.19615384615384618,0.02089672865779774,1975,0.027683537119878636,23.25,28.955555555555556,True,False
4102752,Bela Vista da Caroba,PR,-25.88104818952031,-53.63420355660741,65,0.10576923076923078,0.21294627515560105,1971,0.2270165572915539,11.65,23.977777777777778,False,False
4102802,Bela Vista do Paraíso,PR,-23.00508566490517,-51.23575619266569,65,0.14807692307692308,0.08121025824359357,1991,0.04493933338415746,16.3,25.91111111111111,False,False
4102901,Bituruna,PR,-26.17096813700233,-51.52749565691237,65,0.0951923076923077,0.26230733102894765,1978,0.1476898403483945,16.45,24.333333333333332,False,False
4103008,Boa Esperança,PR,-24.256801906141813,-52.75110360063878,65,0.2865384615384616,0.0007403444303979486,1978,0.025628914308205172,13.6,22.57777777777778,True,True
4103024,Boa Esperança do Iguaçu,PR,-25.640117877539303,-53.22603707534535,65,0.2557692307692308,0.002596549603187962,1989,0.004531670941802023,14.75,32.17777777777778,True,True
4103040,Boa Ventura de São Roque,PR,-24.856606108643785,-51.56842924441186,65,0.2278846153846154,0.007285672235717852,2006,0.06849092646366872,11.3,19.555555555555557,True,False
4103057,Boa Vista da Aparecida,PR,-25.43480935265769,-53.42233150531856,65,0.23803799678221108,0.005071913207328037,1977,0.009222685932882982,13.55,26.8,True,True
4103107,Bocaiúva do Sul,PR,-25.11640492110716,-48.93638464172261,65,0.11153846153846154,0.18903426846904237,2002,0.043340125789311776,25.3,35.75555555555555,False,False
4103156,Bom Jesus do Sul,PR,-26.162400261317504,-53.55256643275871,65,0.2461538461538462,0.003747978450523647,1981,0.06178608302878114,9.05,19.8,True,False
4103206,Bom Sucesso,PR,-23.71302854088633,-51.824278700856354,65,0.18173076923076925,0.03235447625285426,2006,0.1567533113111856,13.25,26.88888888888889,True,False
4103222,Bom Sucesso do Sul,PR,-26.086066278711915,-52.83883762514804,65,0.05,0.5560061415710047,1970,0.2810327034097539,11.95,29.22222222222222,False,False
4103305,Borrazópolis,PR,-23.93910640114919,-51.591988841947966,65,0.20673076923076925,0.014916681278871908,1978,0.05185908915400302,14.05,25.77777777777778,True,False
4103354,Braganey,PR,-24.801397327981448,-53.09043229192684,65,0.23130560899443134,0.006465879455870591,1979,0.0010089899659976474,14.65,23.22222222222222,True,True
4103370,Brasilândia do Sul,PR,-24.16612228702825,-53.541744436849854,65,0.34134615384615385,5.8301123691237065e-05,1980,0.005685274032837622,14.2,21.555555555555557,True,True
4103404,Cafeara,PR,-22.812981473702884,-51.71132111726296,65,0.3317307692307693,9.369852852119804e-05,1978,0.007421232664532038,14.25,22.91111111111111,True,True
4103453,Cafelândia,PR,-24.692434510431383,-53.36392436120494,65,0.3201923076923077,0.00016293221273826002,1989,0.0007024807032706283,13.8,21.555555555555557,True,True
4103479,Cafezal do Sul,PR,-23.93927793221403,-53.561790544793006,65,0.23365384615384616,0.005933512117906358,1995,0.0374280118542835,13.35,22.8,True,False
4103503,Califórnia,PR,-23.668776366863323,-51.33381428021648,65,0.19711538461538464,0.02027778283736401,1984,0.07838680053058594,13.4,24.288888888888888,True,False
4103602,Cambará,PR,-22.9970303266488,-50.08288317961245,65,0.14859341617313782,0.08022258263906404,1971,0.008099400394002452,25.15,29.711111111111112,False,True
4103701,Cambé,PR,-23.179682728787284,-51.28433640205629,65,0.1432692307692308,0.09158551296933214,1991,0.08377208835709478,14.0,24.644444444444446,False,False
4103800,Cambira,PR,-23.63031388851989,-51.56741663102661,65,0.11057692307692309,0.19287584940313707,1979,0.6926060465695535,11.8,26.68888888888889,False,False
4103909,Campina da Lagoa,PR,-24.61659868865281,-52.78829389831036,65,0.19519230769230772,0.021532075658869866,1981,0.007421232664532038,13.7,22.622222222222224,True,True
4103958,Campina do Simão,PR,-25.130801578733667,-51.78205133727816,65,0.264423076923077,0.001847185243478315,1986,0.006217636299301284,11.3,22.57777777777778,True,True
4104006,Campina Grande do Sul,PR,-25.18636001368494,-48.844045786455474,65,0.1634615384615385,0.05424550401058549,2002,0.07085942951772722,24.65,31.022222222222222,False,False
4104055,Campo Bonito,PR,-24.931071377996304,-53.0139072733835,65,0.1451923076923077,0.08731427299935919,1979,0.003946984811317777,14.1,23.377777777777776,False,True
4104105,Campo do Tenente,PR,-25.977831841688563,-49.65651895681667,65,0.17692307692307696,0.037215712459128636,1977,0.04658952974594933,12.65,20.022222222222222,False,False
4104204,Campo Largo,PR,-25.29223069827804,-49.61880187314044,65,0.15673076923076926,0.06494862597449932,1992,0.05565131986374875,15.75,29.933333333333334,False,False
4104253,Campo Magro,PR,-25.28959711713753,-49.462791349069015,65,0.13846153846153847,0.10300031496560585,1994,0.05763530883303764,19.1,32.955555555555556,False,False
4104303,Campo Mourão,PR,-24.102487312559195,-52.38067045131602,65,0.09423076923076924,0.26715785444604245,2011,0.6281471370692552,12.5,26.91111111111111,False,False
4104402,Cândido de Abreu,PR,-24.645349688051816,-51.25348326067398,65,0.18269230769230774,0.03145044869191862,1997,0.10182967849068571,10.25,19.488888888888887,True,False
4104428,Candói,PR,-25.524348950651262,-52.0206923656229,65,0.19519230769230772,0.021532075658869866,1980,0.027683537119878636,10.05,23.355555555555554,True,False
4104451,Cantagalo,PR,-25.287204068747727,-52.131417962653146,65,0.11634615384615385,0.17066966756527835,1977,0.05004808403109762,13.0,23.244444444444444,False,False
4104501,Capanema,PR,-25.610757385493805,-53.76314569627769,65,0.12935802249376724,0.12777446352434002,1975,0.10182967849068571,11.75,23.488888888888887,False,False
4104600,Capitão Leônidas Marques,PR,-25.470291456626107,-53.59299621865691,65,0.1634615384615385,0.05424550401058549,1980,0.06178608302878114,14.75,28.666666666666668,False,False
4104659,Carambeí,PR,-24.89357365641009,-50.15171598979647,65,0.06734007513001693,0.4279996438679877,1977,0.5211789320492503,13.85,21.622222222222224,False,False
4104709,Carlópolis,PR,-23.459728836687365,-49.71277523071457,65,0.17980769230769234,0.03422947131578442,1975,0.043340125789311776,27.9,23.666666666666668,False,False
4104808,Cascavel,PR,-25.0292639067166,-53.37979136652955,65,0.10480769230769232,0.21713510541441583,1978,0.021920496091912347,9.8,21.066666666666666,False,True
4104907,Castro,PR,-24.799599146760062,-49.84175873991677,65,0.02020202253900508,0.8120472338480045,2022,1.0,13.15,24.444444444444443,False,False
4105003,Catanduvas,PR,-25.24170321386332,-53.1560254232074,65,0.10673076923076924,0.2088161029308362,1978,0.12301501734761935,12.85,25.6,False,False
4105102,Centenário do Sul,PR,-22.80538190325025,-51.56063600115733,65,0.3115384615384616,0.00024390367514957225,1989,0.010939988910983817,13.95,21.644444444444446,True,True
4105201,Cerro Azul,PR,-24.875385863548928,-49.2797338933098,65,0.20533782752728105,0.015629672146284617,1986,0.0020295623064687887,15.4,23.466666666666665,True,True
4105300,Céu Azul,PR,-25.246100429456337,-53.76180067824984,65,0.32500000000000007,0.00012966375699945725,1989,0.0017522531245164833,12.1,24.977777777777778,True,True
4105409,Chopinzinho,PR,-25.812015326943268,-52.45097038349334,65,0.24903846153846157,0.0033613933934444453,1989,0.003946984811317777,12.7,30.644444444444446,True,True
4105508,Cianorte,PR,-23.727338285352754,-52.62697871499782,65,0.21634615384615385,0.010845950917060442,1990,0.02988229294893045,11.9,24.444444444444443,True,False
4105607,Cidade Gaúcha,PR,-23.38282769941376,-52.958484495549456,65,0.35769230769230775,2.530404618976737e-05,1991,0.00023831817146721104,12.05,25.466666666666665,True,True
4105706,Clevelândia,PR,-26.344635607717635,-52.35786952712031,65,0.16301996143266576,0.05495392567929945,1978,0.04179063319747862,10.85,22.0,False,False
4105805,Colombo,PR,-25.306255445322275,-49.18842680140854,65,0.021639817889291913,0.7989035160388797,1979,0.7328989927313598,25.65,39.13333333333333,False,False
4105904,Colorado,PR,-22.836106204271942,-51.97181743900589,65,0.18173076923076925,0.03235447625285426,1970,0.05763530883303764,11.1,19.977777777777778,True,False
4106001,Congonhinhas,PR,-23.60563812717045,-50.50384103826049,65,0.2971153846153846,0.000467469124277752,1986,0.0005999556251600211,11.95,25.288888888888888,True,True
4106100,Conselheiro Mairinck,PR,-23.597384176691524,-50.12968387102894,65,0.22211538461538463,0.008908128193386117,1976,0.008833456203955271,11.8,22.4,True,True
4106209,Contenda,PR,-25.71909120809359,-49.52616988131302,65,0.10480769230769232,0.21713510541441583,1977,0.49905447699339966,19.35,29.133333333333333,False,False
4106308,Corbélia,PR,-24.74250713091806,-53.23699757298324,65,0.25673076923076926,0.002501336776851813,1979,0.0005999556251600211,12.8,20.91111111111111,True,True
4106407,Cornélio Procópio,PR,-23.22579113437122,-50.62356538817148,65,0.32211538461538464,0.00014876138528584397,1985,0.0027101605930681836,13.45,29.288888888888888,True,True
4106456,Coronel Domingos Soares,PR,-26.18223194607004,-51.92515252653448,65,0.2682692307692308,0.0015828274333935118,1987,0.0027101605930681836,9.85,22.022222222222222,True,True
4106506,Coronel Vivida,PR,-25.992541938914624,-52.56436868957239,65,0.2173076923076923,0.010499001925212305,1989,0.03474573545009981,13.65,29.133333333333333,True,False
4106555,Corumbataí do Sul,PR,-24.12375020265076,-52.1421487575951,65,0.08557692307692309,0.3135857504770575,2011,0.7059061814503923,12.3,27.133333333333333,False,False
4106571,Cruzeiro do Iguaçu,PR,-25.595400606135847,-53.12970841776361,65,0.21250000000000002,0.012337808021518988,1978,0.02371045067341545,14.5,29.444444444444443,True,True
4106605,Cruzeiro do Oeste,PR,-23.7587821900886,-53.0832990251591,65,0.23750000000000004,0.005162356812227657,1979,0.011412212598447198,13.25,23.844444444444445,True,True
4106704,Cruzeiro do Sul,PR,-22.98805192362471,-52.16266344326496,65,0.20480769230769233,0.015876159806045093,1975,0.05967975380939963,7.95,17.555555555555557,True,False
4106803,Cruz Machado,PR,-25.9223439378447,-51.23200055245229,65,0.17115384615384618,0.043857193295064656,1987,0.015903853144033468,17.45,24.42222222222222,False,True
4106852,Cruzmaltina,PR,-24.019881318876426,-51.47541678812065,65,0.3009615384615385,0.00039406471296766864,1991,0.005685274032837622,10.95,23.42222222222222,True,True
4106902,Curitiba,PR,-25.477870894507745,-49.288242686028006,65,0.14807692307692308,0.08121025824359357,1992,0.03883579920096674,25.6,38.31111111111111,False,False
4107009,Curiúva,PR,-24.01319375278165,-50.465622665122766,65,0.1759615384615385,0.038259195895726995,1988,0.04829200871359571,10.65,22.711111111111112,False,False
4107108,Diamante do Norte,PR,-22.635044107029337,-52.89275836074026,65,0.16590527048457135,0.0507948130900441,1977,0.06849092646366872,8.0,19.2,False,False
4107124,Diamante do Sul,PR,-24.99047824402612,-52.7041157807597,65,0.24326923076923082,0.004174560184218526,1980,0.009222685932882982,11.0,20.822222222222223,True,True
4107157,Diamante d'Oeste,PR,-24.95418962076526,-54.10036281678167,65,0.2730769230769231,0.0013014185007797028,1989,0.001300071683545282,12.05,21.88888888888889,True,True
4107207,Dois Vizinhos,PR,-25.750158800595912,-53.07538888587551,65,0.17788461538461542,0.03619655620523172,1979,0.005946011397210716,15.1,30.355555555555554,False,True
4107256,Douradina,PR,-23.347544425951,-53.28999988864981,65,0.3086538461538462,0.0002784022343653123,1995,0.005435034567596376,11.15,27.466666666666665,True,True
4107306,Doutor Camargo,PR,-23.56120060394505,-52.2148123897421,65,0.2649675479333299,0.0018117472849547634,2005,0.03163092813744388,10.35,28.555555555555557,True,False
4107405,Enéas Marques,PR,-25.90661764719423,-53.15375031129483,65,0.2173076923076923,0.010499001925212305,1978,0.025628914308205172,14.4,29.22222222222222,True,True
4107504,Engenheiro Beltrão,PR,-23.75983271121593,-52.26970116100279,65,0.14282279806932663,0.09267392141976125,2005,0.16144984740732568,12.35,29.08888888888889,False,False
4107520,Esperança Nova,PR,-23.71442776875429,-53.79871251315684,65,0.30192307692307696,0.00037747641617255206,2001,0.002236483153282279,7.0,14.333333333333334,True,True
4107538,Entre Rios do Oeste,PR,-24.71293048446025,-54.22246684169661,65,0.27073816603714107,0.0014355266326915256,1978,0.0027101605930681836,10.05,19.355555555555554,True,True
4107546,Espigão Alto do Iguaçu,PR,-25.35268652931104,-52.78714090727382,65,0.12211538461538464,0.1504363713206985,1979,0.08377208835709478,13.25,26.866666666666667,False,False
4107553,Farol,PR,-24.12332372483772,-52.62882971330139,65,0.2730769230769231,0.0013014185007797028,2004,0.03474573545009981,10.75,21.711111111111112,True,False
4107603,Faxinal,PR,-24.003313670135004,-51.2848617338453,65,0.19711538461538464,0.02027778283736401,1992,0.05763530883303764,11.85,22.488888888888887,True,False
4107652,Fazenda Rio Grande,PR,-25.676406218051955,-49.29747272552878,65,0.16442307692307695,0.05284397831918954,1991,0.010485500191296987,23.6,33.48888888888889,False,True
4107702,Fênix,PR,-23.9010524177633,-52.02974283821475,65,-0.03221928441294574,0.7044510772633225,1987,0.8677046196464275,11.9,27.8,False,False
4107736,Fernandes Pinheiro,PR,-25.51662836204345,-50.51030668266078,65,0.21634615384615385,0.010845950917060442,1982,0.008099400394002452,11.5,20.733333333333334,True,True
4107751,Figueira,PR,-23.876305508294067,-50.430304439213366,65,0.23461538461538461,0.005731560186271848,1988,0.0020295623064687887,10.55,22.066666666666666,True,True
4107801,Floraí,PR,-23.332774702871284,-52.348444656439376,65,0.27692307692307694,0.0011103654133599575,1990,0.014060907443860605,9.8,22.622222222222224,True,True
4107850,Flor da Serra do Sul,PR,-26.23814941009337,-53.28665210054357,65,0.2105769230769231,0.01314978662714658,1980,0.021071406588780116,7.95,22.155555555555555,True,True
4107900,Floresta,PR,-23.6071750332346,-52.09000700477714,65,0.13365384615384618,0.11551864505727938,1971,0.18137345418813178,10.35,29.266666666666666,False,False
4108007,Florestópolis,PR,-22.89312525328953,-51.40256571707693,65,0.17403846153846156,0.04042092332408574,1974,0.05565131986374875,12.75,22.8,False,False
4108106,Flórida,PR,-23.10564135142016,-51.9565402796247,65,0.16442307692307695,0.05284397831918954,1989,0.13083421265918208,10.8,22.044444444444444,False,False
4108205,Formosa do Oeste,PR,-24.292562178099544,-53.33161247807892,65,0.3111324927638193,0.00024930296838246023,2001,0.004230054990797876,14.0,21.155555555555555,True,True
4108304,Foz do Iguaçu,PR,-25.466463104663312,-54.48340384578471,65,0.28269230769230774,0.0008719143155887893,1978,0.0019328966388049253,8.8,11.155555555555555,True,True
4108320,Francisco Alves,PR,-24.09483538704272,-53.87221138682497,65,0.26153846153846155,0.0020714413844396006,1996,0.025628914308205172,12.7,20.57777777777778,True,True
4108403,Francisco Beltrão,PR,-26.047692057640425,-53.13253393802352,65,0.21634615384615385,0.010845950917060442,1978,0.016564659416996794,12.6,29.488888888888887,True,True
4108452,Foz do Jordão,PR,-25.699622361223685,-52.09119292755677,65,0.09134615384615387,0.2820779190565359,1981,0.015266779927279142,11.1,27.288888888888888,False,True
4108502,General Carneiro,PR,-26.47252692792547,-51.39200569802773,65,0.22115384615384617,0.009207901182984903,1986,0.005435034567596376,11.25,17.822222222222223,True,True
4108551,Godoy Moreira,PR,-24.160291569870783,-51.90794460658552,65,0.13173076923076923,0.120849081775192,2006,0.35263438243826933,14.05,27.377777777777776,False,False
4108601,Goioerê,PR,-24.17268294026386,-53.05218850049332,65,0.21826923076923077,0.010161961215914167,1978,0.04493933338415746,13.65,21.68888888888889,True,False
4108650,Goioxim,PR,-25.12985503243725,-51.9945874948278,65,0.1451923076923077,0.08731427299935919,1978,0.006795167961004818,12.3,21.88888888888889,False,True
4108700,Grandes Rios,PR,-24.19094603659471,-51.44739494228278,65,0.22980769230769232,0.006806990933687693,1978,0.04829200871359571,11.7,20.68888888888889,True,False
4108809,Guaíra,PR,-24.19048065771136,-54.23120701882376,65,0.20384615384615387,0.016375942740005898,1996,0.04179063319747862,10.35,14.222222222222221,True,False
4108908,Guairaçá,PR,-22.92283254987177,-52.74000114182998,65,0.24284684520205374,0.0042491806101041035,1978,0.024653148270964056,9.65,23.333333333333332,True,True
4108957,Guamiranga,PR,-25.170674179762184,-50.83974900252909,65,0.24669392393792786,0.0036803162266953134,1989,0.013213459539630766,13.15,25.533333333333335,True,True
4109005,Guapirama,PR,-23.468029891506248,-50.0768618680426,65,0.16442307692307695,0.05284397831918954,1979,0.04829200871359571,14.45,23.866666666666667,False,False
4109104,Guaporema,PR,-23.325153993967053,-52.826142022596166,65,0.27403846153846156,0.001251000300597849,1993,0.006500550461868807,10.1,23.57777777777778,True,True
4109203,Guaraci,PR,-22.95672232156371,-51.67880912008886,65,0.170714118904414,0.04444982558960847,1974,0.09861252850976931,12.1,20.6,False,False
4109302,Guaraniaçu,PR,-25.05495947711749,-52.86335115960284,65,0.25961538461538464,0.0022345392261445187,1991,0.0043284807176985265,10.2,23.133333333333333,True,True
4109401,Guarapuava,PR,-25.37133179622724,-51.4911780289458,65,0.22884615384615387,0.0070426804278188836,1981,0.005685274032837622,11.55,26.355555555555554,True,True
4109500,Guaraqueçaba,PR,-25.23405925607097,-48.36736146841577,65,0.007692307692307694,0.9278246057348423,1977,0.45663907784026875,17.65,14.977777777777778,False,False
4109609,Guaratuba,PR,-25.817630366551047,-48.76861128104306,65,0.16634615384615387,0.05013161313138197,1975,0.12301501734761935,20.4,22.88888888888889,False,False
4109658,Honório Serpa,PR,-26.16281413257488,-52.372690081915074,65,0.20480769230769233,0.015876159806045093,1980,0.01241227887176321,11.7,25.022222222222222,True,True
4109708,Ibaiti,PR,-23.778224060349785,-50.28742105167266,65,0.17937004606013077,0.03470957048841507,1996,0.025628914308205172,9.8,21.955555555555556,False,True
4109757,Ibema,PR,-25.152298565304548,-53.02413071312213,65,0.1995672094234699,0.018798012993590994,1978,0.0034324144822200546,13.6,25.77777777777778,True,True
4109807,Ibiporã,PR,-23.236304706318773,-51.03778585184573,65,0.12019230769230771,0.1569669882535778,2006,0.31934808891406874,13.0,27.0,False,False
4109906,Icaraíma,PR,-23.37352028205627,-53.5856497351107,65,0.334214965179064,8.329174858073956e-05,1990,0.0025837459785470547,7.55,19.755555555555556,True,True
4110003,Iguaraçu,PR,-23.22685312695224,-51.84693672394584,65,0.2461538461538462,0.003747978450523647,1973,0.05004808403109762,12.15,22.466666666666665,True,False
4110052,Iguatu,PR,-24.68791939436242,-53.08687358530096,65,0.2759615384615385,0.001155531811201797,1978,0.0023471190382498494,14.4,21.955555555555556,True,True
4110078,Imbaú,PR,-24.438437183014766,-50.74174127310344,65,0.3807692307692308,7.331952851913417e-06,1988,3.444643305560556e-05,9.75,17.955555555555556,True,True
4110102,Imbituva,PR,-25.2258472298136,-50.65542417949954,65,0.26153846153846155,0.0020714413844396006,1990,0.01869710762272877,12.4,25.88888888888889,True,True
4110201,Inácio Martins,PR,-25.634270548017064,-51.19742573245421,65,0.17263765827235106,0.04210611321547513,1979,0.015903853144033468,14.3,27.355555555555554,False,True
4110300,Inajá,PR,-22.718694594741635,-52.22531747402899,65,0.20192307692307696,0.017417130286899955,1974,0.07580582880191701,11.35,21.622222222222224,True,False
4110409,Indianópolis,PR,-23.48681322070332,-52.673280992960045,65,0.3317307692307693,9.369852852119804e-05,1989,0.006795167961004818,9.8,24.044444444444444,True,True
4110508,Ipiranga,PR,-24.988321773345035,-50.58573067142598,65,0.19711538461538464,0.02027778283736401,2003,0.12687530739535213,11.9,22.755555555555556,True,False
4110607,Iporã,PR,-24.04513268944394,-53.71983757102378,65,0.2625,0.0019940551290711004,1997,0.021920496091912347,12.9,20.822222222222223,True,True
4110656,Iracema do Oeste,PR,-24.43853665482777,-53.35177040030575,65,0.28173076923076923,0.0009080360320565458,1978,0.005946011397210716,13.2,22.77777777777778,True,True
4110706,Irati,PR,-25.488510624092644,-50.82553118581065,65,0.24038461538461542,0.004644733942292503,1981,0.004964549597557599,13.35,24.31111111111111,True,True
4110805,Iretama,PR,-24.352214055140085,-52.1108947400637,65,0.21346153846153848,0.011948725315964503,2011,0.0954805823504146,13.4,25.57777777777778,True,False
4110904,Itaguajé,PR,-22.65947266585632,-51.96782321174472,65,0.23942307692307696,0.00481180452064912,1970,0.06395574274390818,11.65,20.91111111111111,True,False
4110953,Itaipulândia,PR,-25.156097825671253,-54.3582967228452,65,0.3038461538461539,0.00034623950677222057,1976,0.0008212527759359447,10.8,16.066666666666666,True,True
4111001,Itambaracá,PR,-22.98274581550269,-50.41400994818984,65,0.16250000000000003,0.05567791074662766,1969,0.0810416956090477,19.45,29.022222222222222,False,False
4111100,Itambé,PR,-23.70659501669977,-52.00822699819954,65,0.1230769230769231,0.14724974459811443,2011,0.488220905503328,11.25,28.177777777777777,False,False
4111209,Itapejara d'Oeste,PR,-25.98615884038947,-52.82391428837977,65,-0.002884615384615385,0.9729024202503425,1998,0.6281471370692552,11.95,30.377777777777776,False,False
4111258,Itaperuçu,PR,-25.1248547864174,-49.49058091029395,65,0.13993748901742104,0.0994574753434585,2009,0.4023273641495779,18.3,33.86666666666667,False,False
4111308,Itaúna do Sul,PR,-22.72873137168384,-52.89844695477503,65,0.2586538461538462,0.0023204267726038646,1977,0.008099400394002452,9.35,23.177777777777777,True,True
4111407,Ivaí,PR,-24.98716104033389,-50.85987378293757,65,0.264423076923077,0.001847185243478315,1977,0.003275128172611387,11.05,23.488888888888887,True,True
4111506,Ivaiporã,PR,-24.28267650932081,-51.62888175366994,65,0.20192307692307696,0.017417130286899955,1980,0.13083421265918208,12.9,20.933333333333334,True,False
4111555,Ivaté,PR,-23.35382555415056,-53.4242942331748,65,0.3203463574042234,0.00016285332268850205,1994,0.0030516237988249344,10.35,25.155555555555555,True,True
4111605,Ivatuba,PR,-23.599053455501213,-52.1773194062429,65,0.2649675479333299,0.0018117472849547634,2005,0.03163092813744388,11.1,29.666666666666668,True,False
4111704,Jaboti,PR,-23.718120886410187,-50.07980470929596,65,0.08557692307692309,0.3135857504770575,1994,0.10852621480054009,12.1,23.511111111111113,False,False
4111803,Jacarezinho,PR,-23.15055936077913,-49.94746217375738,65,0.1076923076923077,0.20474428938111378,1971,0.019460569787467734,26.9,29.933333333333334,False,True
4111902,Jaguapitã,PR,-23.06519181645052,-51.55645835339429,65,0.06588122335184428,0.437972089543775,1991,0.44641878404152746,11.55,23.044444444444444,False,False
4112009,Jaguariaíva,PR,-24.330732550012485,-49.70524519364146,65,0.09954316229074281,0.24122696358645712,1988,0.41185713587235795,10.35,20.977777777777778,False,False
4112108,Jandaia do Sul,PR,-23.62788955142258,-51.684577939666376,65,0.14615384615384616,0.08523973864681578,1996,0.28840837545464815,12.25,26.133333333333333,False,False
4112207,Janiópolis,PR,-24.128001545240977,-52.811253280640415,65,0.2538461538461539,0.0027969856672858465,1976,0.008099400394002452,14.75,23.88888888888889,True,True
4112306,Japira,PR,-23.73313990822607,-50.16303056945102,65,0.1355769230769231,0.11037483702198604,1996,0.05185908915400302,11.45,23.066666666666666,False,False
4112405,Japurá,PR,-23.43882590078541,-52.54115763631334,65,0.19903846153846155,0.01908771528935225,1973,0.11558351804791793,9.2,23.288888888888888,True,False
4112504,Jardim Alegre,PR,-24.205553559478147,-51.76726877476727,65,0.2461538461538462,0.003747978450523647,1996,0.053726377031536474,14.35,25.644444444444446,True,False
4112603,Jardim Olinda,PR,-22.573841461399883,-52.07928525829444,65,0.1701923076923077,0.0450560990200837,1970,0.0732972202658319,11.4,20.68888888888889,False,False
4112702,Jataizinho,PR,-23.25114539008864,-50.924272185450576,65,0.23173076923076924,0.006356762266437549,2010,0.09243219495343426,12.95,26.022222222222222,True,False
4112751,Jesuítas,PR,-24.41364340946286,-53.41063763680172,65,0.2884615384615385,0.0006817102933708383,2008,0.017249952653633677,13.1,22.066666666666666,True,True
4112801,Joaquim Távora,PR,-23.45680976762124,-49.910357042005,65,0.15769230769230771,0.0633204967893206,1975,0.08657956663465231,20.95,23.4,False,False
4112900,Jundiaí do Sul,PR,-23.47340854136627,-50.23206119973999,65,0.23130560899443134,0.006465879455870591,1975,0.003124511435185525,14.75,25.0,True,True
4112959,Juranda,PR,-24.397501473998563,-52.83486001597123,65,0.24711538461538465,0.00361484293919508,1978,0.04179063319747862,13.95,21.622222222222224,True,False
4113007,Jussara,PR,-23.636991858448884,-52.44774090362744,65,0.20384615384615387,0.016375942740005898,2005,0.04658952974594933,10.8,26.644444444444446,True,False
4113106,Kaloré,PR,-23.857103267670308,-51.68990411167186,65,0.19475836100362723,0.021853892997461204,1980,0.10852621480054009,13.3,25.866666666666667,True,False
4113205,Lapa,PR,-25.770542752822177,-49.87106936030248,65,0.1605769230769231,0.058637341033104036,1974,0.05004808403109762,12.2,20.88888888888889,False,False
4113254,Laranjal,PR,-24.90213554217004,-52.49064241155189,65,0.19615384615384618,0.02089672865779774,1980,0.007421232664532038,12.2,19.6,True,True
4113304,Laranjeiras do Sul,PR,-25.345407627891262,-52.3817923160747,65,0.23557692307692307,0.0055358278705207545,1978,0.0025837459785470547,9.75,22.68888888888889,True,True
4113403,Leópolis,PR,-23.026690717210005,-50.71125871524363,65,0.27019230769230773,0.001464141683299972,1988,0.017249952653633677,15.3,27.533333333333335,True,True
4113429,Lidianópolis,PR,-24.08620668177423,-51.63897167853737,65,0.2557692307692308,0.002596549603187962,1991,0.027683537119878636,13.45,25.0,True,False
4113452,Lindoeste,PR,-25.261391085713765,-53.55802054791113,65,0.22403846153846155,0.008334606052782998,1977,0.0027101605930681836,9.85,24.644444444444446,True,True
4113502,Loanda,PR,-22.949097530106005,-53.07116845398331,65,0.2836538461538462,0.0008371287560921994,1979,0.0034324144822200546,10.5,25.266666666666666,True,True
4113601,Lobato,PR,-22.981696789337096,-51.98730351956958,65,0.19519230769230772,0.021532075658869866,1970,0.05004808403109762,11.95,24.8,True,False
4113700,Londrina,PR,-23.514127822957388,-51.11051446677444,65,0.12551094375789312,0.13950276666432346,1988,0.03540000759127232,14.6,26.288888888888888,False,False
4113734,Luiziana,PR,-24.347323767358827,-52.33070493711532,65,0.2778846153846154,0.0010668362682036238,1978,0.01004816286544616,12.3,23.644444444444446,True,True
4113759,Lunardelli,PR,-24.080150472235022,-51.77103200456587,65,0.22168791215474606,0.009055800110441584,1991,0.07708717209636004,11.25,22.88888888888889,True,False
4113809,Lupionópolis,PR,-22.72798222348229,-51.66461525599428,65,0.36057692307692313,2.1758289255506334e-05,1978,0.001437064222499949,12.5,20.177777777777777,True,True
4113908,Mallet,PR,-25.880809878901303,-50.85848899848102,65,0.21014667594712372,0.01335854016535057,1976,0.01907542990884968,18.95,26.31111111111111,True,True
4114005,Mamborê,PR,-24.36103353946745,-52.58901333751306,65,0.2480769230769231,0.003486022546985994,1977,0.05004808403109762,14.6,26.066666666666666,True,False
4114104,Mandaguaçu,PR,-23.278662944979,-52.05582814873593,65,0.19134615384615386,0.024244568973916657,1992,0.0810416956090477,10.25,25.044444444444444,True,False
4114203,Mandaguari,PR,-23.4819650363499,-51.70669911008771,65,0.16250000000000003,0.05567791074662766,2011,0.20319531429857648,11.9,25.177777777777777,False,False
4114302,Mandirituba,PR,-25.842319821272334,-49.32231240733479,65,0.1451923076923077,0.08731427299935919,1990,0.027683537119878636,20.8,26.31111111111111,False,False
4114351,Manfrinópolis,PR,-26.095382918751262,-53.34529560127259,65,0.2173076923076923,0.010499001925212305,1977,0.015903853144033468,10.85,24.733333333333334,True,True
4114401,Mangueirinha,PR,-26.03327964870177,-52.20929832410776,65,0.18898774289981607,0.02608392158840163,1991,0.01004816286544616,9.1,24.68888888888889,True,True
4114500,Manoel Ribas,PR,-24.489161923246208,-51.64052435240776,65,0.2903846153846154,0.0006274171861465684,1996,0.010485500191296987,12.85,24.77777777777778,True,True
4114609,Marechal Cândido Rondon,PR,-24.5717344569716,-54.13677351960976,65,0.3201923076923077,0.00016293221273826002,1986,0.0011172318309649377,11.8,20.622222222222224,True,True
4114708,Maria Helena,PR,-23.58234901727729,-53.22137573364392,65,0.3038461538461539,0.00034623950677222057,2005,0.0043284807176985265,12.3,23.977777777777778,True,True
4114807,Marialva,PR,-23.530538818459814,-51.86772742941257,65,0.09326923076923078,0.2720697041296738,2011,0.45663907784026875,12.95,28.022222222222222,False,False
4114906,Marilândia do Sul,PR,-23.7732404737804,-51.28354878676253,65,0.16494350080060283,0.05215087429519464,1978,0.09703600799175287,13.7,25.733333333333334,False,False
4115002,Marilena,PR,-22.73276491982533,-53.06455240326132,65,0.17219819211818616,0.04267869078315606,1978,0.016231242956803473,8.65,20.0,False,True
4115101,Mariluz,PR,-24.05359522673229,-53.2106534397885,65,0.33269230769230773,8.940582380459473e-05,1979,0.003768064279825467,13.05,20.288888888888888,True,True
4115200,Maringá,PR,-23.40091659851485,-51.96775960331424,65,0.10865384615384616,0.20073052452038787,1973,0.08946573118645543,10.0,24.377777777777776,False,False
4115309,Mariópolis,PR,-26.33606591181362,-52.58072060497544,65,0.1730769230769231,0.04154006700988516,1978,0.01869710762272877,10.65,20.377777777777776,False,True
4115358,Maripá,PR,-24.44484794152093,-53.79157053825432,65,0.21923076923076926,0.00983458779839209,1985,0.031038301874568873,10.25,22.08888888888889,True,False
4115408,Marmeleiro,PR,-26.24651099506317,-53.09305426142569,65,0.13173076923076923,0.120849081775192,1974,0.2667046417839311,8.75,24.555555555555557,False,False
4115457,Marquinho,PR,-25.100601563124176,-52.25329679418458,65,0.1634615384615385,0.05424550401058549,1978,0.011412212598447198,12.25,22.31111111111111,False,True
4115507,Marumbi,PR,-23.75434741317069,-51.65956545540049,65,0.15096153846153848,0.07545725721395402,1995,0.25293286153182654,14.05,28.11111111111111,False,False
4115606,Matelândia,PR,-25.35091835889313,-53.90605328539795,65,0.29134615384615387,0.0006018054223742369,1989,0.002236483153282279,11.55,24.68888888888889,True,True
4115705,Matinhos,PR,-25.76177853332988,-48.55466527772949,65,0.3384615384615385,6.730552374950013e-05,1978,0.0008212527759359447,14.85,16.68888888888889,True,True
4115739,Mato Rico,PR,-24.701526521903567,-52.212029921631526,65,0.21442307692307694,0.011570560282309688,2004,0.025628914308205172,12.65,23.644444444444446,True,True
4115754,Mauá da Serra,PR,-23.911029059532225,-51.18023805160091,65,0.25480769230769235,0.0026950653954550177,1977,0.0007024807032706283,12.2,21.31111111111111,True,True
4115804,Medianeira,PR,-25.26322281032485,-54.09185353993689,65,0.30192307692307696,0.00037747641617255206,1980,0.0027101605930681836,9.75,19.044444444444444,True,True
4115853,Mercedes,PR,-24.43337115190109,-54.1862175576209,65,0.26730769230769236,0.0016454351395933779,1985,0.004531670941802023,13.6,19.68888888888889,True,True
4115903,Mirador,PR,-23.202413821673527,-52.74624732744376,65,0.29903846153846153,0.0004293043732212458,1986,0.015266779927279142,8.75,22.866666666666667,True,True
4116000,Miraselva,PR,-22.97304847741282,-51.48518376981802,65,0.11108439849836516,0.19094083770394787,1974,0.17118085708445183,11.9,23.822222222222223,False,False
4116059,Missal,PR,-25.095547644235307,-54.24136908860352,65,0.2745852447730152,0.0012262508933968555,1989,0.002462803962555173,11.0,19.488888888888887,True,True
4116109,Moreira Sales,PR,-24.024483197005765,-53.00552266823502,65,0.28076923076923077,0.0009455404204488631,1979,0.0015104921756299722,13.5,20.466666666666665,True,True
4116208,Morretes,PR,-25.51831677148829,-48.856052388642055,65,0.332291425811127,9.150464515558652e-05,1988,0.0017096104849393758,30.85,34.355555555555554,True,True
4116307,Munhoz de Melo,PR,-23.13029538440316,-51.73492701981372,65,0.06057692307692309,0.47563877428430523,1973,0.39761982182042743,13.15,24.31111111111111,False,False
4116406,Nossa Senhora das Graças,PR,-22.914051757756173,-51.798014554821535,65,0.22980769230769232,0.006806990933687693,1992,0.06395574274390818,12.75,22.31111111111111,True,False
4116505,Nova Aliança do Ivaí,PR,-23.16953633155402,-52.61059551131751,65,0.27019230769230773,0.001464141683299972,1973,0.036065047811419726,7.8,23.08888888888889,True,False
4116604,Nova América da Colina,PR,-23.345328417275702,-50.70644444961514,65,0.33461538461538465,8.13716056032753e-05,1992,0.0017522531245164833,14.0,28.733333333333334,True,True
4116703,Nova Aurora,PR,-24.502697795883567,-53.27706430274199,65,0.28173076923076923,0.0009080360320565458,1978,0.005946011397210716,13.75,22.6,True,True
4116802,Nova Cantu,PR,-24.659282958269067,-52.55842225208465,65,0.07019230769230769,0.4084852298799554,1979,0.1975562773493669,12.85,22.066666666666666,False,False
4116901,Nova Esperança,PR,-23.191342639535392,-52.25087239815825,65,0.31882665023556755,0.00017434180608278324,1985,0.004852913117647236,9.55,23.755555555555556,True,True
4116950,Nova Esperança do Sudoeste,PR,-25.898500018365336,-53.25756080214924,65,0.18942307692307694,0.02570858110600464,1978,0.0374280118542835,15.6,32.77777777777778,True,False
4117008,Nova Fátima,PR,-23.41849577279689,-50.53861481492763,65,0.27073816603714107,0.0014355266326915256,1975,0.001236234114081279,11.95,25.844444444444445,True,True
4117057,Nova Laranjeiras,PR,-25.2259359915648,-52.57481743825359,65,0.24423076923076928,0.004027705527632766,1991,0.009627408979904085,11.3,23.866666666666667,True,True
4117107,Nova Londrina,PR,-22.78674329641994,-52.95489695169154,65,0.2586538461538462,0.0023204267726038646,1977,0.008099400394002452,10.7,24.511111111111113,True,True
4117206,Nova Olímpia,PR,-23.426690770520256,-53.07213831883456,65,0.33613850454700106,7.577897993352063e-05,1996,0.0005541268424488021,12.95,25.844444444444445,True,True
4117214,Nova Santa Bárbara,PR,-23.593597485773813,-50.7421277691876,65,0.2,0.01851591612496109,1988,0.017249952653633677,12.4,27.266666666666666,True,True
4117222,Nova Santa Rosa,PR,-24.44029053838201,-53.9587154764136,65,0.23365384615384616,0.005933512117906358,1985,0.019460569787467734,14.15,24.644444444444446,True,True
4117255,Nova Prata do Iguaçu,PR,-25.5908317675184,-53.37834127553781,65,0.2,0.01851591612496109,2001,0.053726377031536474,15.95,31.511111111111113,True,False
4117271,Nova Tebas,PR,-24.45990205706305,-51.94447402297704,65,0.26346153846153847,0.001919330513802186,2003,0.010485500191296987,13.45,23.2,True,True
4117297,Novo Itacolomi,PR,-23.78089892748284,-51.532757069651694,65,0.10384615384615385,0.22138288217168667,1973,0.7465872320851034,11.3,23.0,False,False
4117305,Ortigueira,PR,-24.13500978526569,-50.9469408916568,65,0.2326923076923077,0.006141854588758913,1994,0.02988229294893045,10.6,19.666666666666668,True,False
4117404,Ourizona,PR,-23.45970284958515,-52.23129863288575,65,0.30576923076923085,0.00031743366486994637,1990,0.01190277071465173,10.8,26.68888888888889,True,True
4117453,Ouro Verde do Oeste,PR,-24.79387511431768,-53.90960560463391,65,0.34519230769230774,4.805830377978113e-05,1989,0.00011375263429501414,13.2,25.68888888888889,True,True
4117503,Paiçandu,PR,-23.46502614687145,-52.122076841552285,65,0.2278846153846154,0.007285672235717852,2003,0.12687530739535213,9.4,25.333333333333332,True,False
4117602,Palmas,PR,-26.45114733373212,-51.81446461814583,65,0.22596153846153846,0.007794343351490569,1985,0.007753572228438996,7.75,15.88888888888889,True,True
4117701,Palmeira,PR,-25.442653089047965,-50.05773543643012,65,0.15192307692307694,0.07361518372015567,1987,0.12687530739535213,13.1,21.333333333333332,False,False
4117800,Palmital,PR,-24.875724160059548,-52.26566275952962,65,0.2278846153846154,0.007285672235717852,1978,0.006500550461868807,12.05,19.622222222222224,True,True
4117909,Palotina,PR,-24.274545821095423,-53.8241144188042,65,0.1932692307692308,0.02285338210981876,1978,0.04028960206658344,14.0,21.755555555555556,True,False
4118006,Paraíso do Norte,PR,-23.26803473506721,-52.635415512763714,65,0.2663461538461539,0.0017103144653527128,1993,0.01294136909450836,8.55,23.555555555555557,True,True
4118105,Paranacity,PR,-22.847302628498944,-52.1446236682949,65,0.2903846153846154,0.0006274171861465684,1981,0.02371045067341545,10.65,22.333333333333332,True,True
4118204,Paranaguá,PR,-25.526513221956467,-48.51764633419261,65,0.12019230769230771,0.1569669882535778,1977,0.021071406588780116,17.75,19.91111111111111,False,True
4118303,Paranapoema,PR,-22.660461396270943,-52.10261051376897,65,0.18173076923076925,0.03235447625285426,1974,0.07838680053058594,11.7,22.0,True,False
4118402,Paranavaí,PR,-22.921102662329805,-52.51052721062232,65,0.275,0.0012023910354601723,1994,0.006500550461868807,9.95,23.711111111111112,True,True
4118451,Pato Bragado,PR,-24.634217393060915,-54.2482325194656,65,0.264423076923077,0.001847185243478315,1978,0.0035966352221085086,9.8,18.333333333333332,True,True
4118501,Pato Branco,PR,-26.16905134274913,-52.66327317199182,65,0.28227940224476344,0.0008896354005138294,1978,0.005946011397210716,11.35,25.755555555555556,True,True
4118600,Paula Freitas,PR,-26.17737165201916,-50.86082866292072,65,0.13461538461538464,0.11292366071592867,1978,0.04658952974594933,17.6,22.066666666666666,False,False
4118709,Paulo Frontin,PR,-26.060795501722748,-50.74873218759762,65,0.2682692307692308,0.0015828274333935118,1977,0.001061823793324569,17.7,21.533333333333335,True,True
4118808,Peabiru,PR,-23.931040959332574,-52.32709614637113,65,0.09761962292280575,0.2504407039726272,2011,0.5972388986848808,13.35,27.6,False,False
4118857,Perobal,PR,-23.92299739409256,-53.36510969825184,65,0.22596153846153846,0.007794343351490569,1975,0.04829200871359571,13.9,24.08888888888889,True,False
4118907,Pérola,PR,-23.830858545195465,-53.70705009211783,65,0.2726617054050781,0.0013270872933426087,2001,0.006795167961004818,9.2,18.066666666666666,True,True
4119004,Pérola d'Oeste,PR,-25.84988333443416,-53.758928466989055,65,0.17500000000000002,0.03932745024003653,1989,0.04493933338415746,11.0,20.977777777777778,False,False
4119103,Piên,PR,-26.09072263884909,-49.45328012072324,65,0.10865384615384616,0.20073052452038787,1972,0.08657956663465231,15.5,19.133333333333333,False,False
4119152,Pinhais,PR,-25.41982729645989,-49.15564122121285,65,0.17211538461538464,0.04268533710848181,1992,0.04179063319747862,29.65,43.55555555555556,False,False
4119202,Pinhalão,PR,-23.90346116655461,-50.06134036218496,65,0.08461538461538462,0.3190539922528327,1998,0.3113955087807632,10.75,20.88888888888889,False,False
4119251,Pinhal de São Bento,PR,-26.015992037575888,-53.478084461687466,65,0.19134615384615386,0.024244568973916657,1989,0.12687530739535213,11.4,26.2,True,False
4119301,Pinhão,PR,-25.78548060782921,-51.63242021700572,65,0.2836538461538462,0.0008371287560921994,1981,0.00045965486773427624,13.1,26.711111111111112,True,True
4119400,Piraí do Sul,PR,-24.47473849159841,-49.92773247184704,65,0.08846153846153848,0.2975531675111377,1986,0.3701743102121331,10.6,22.288888888888888,False,False
4119509,Piraquara,PR,-25.472414926904392,-49.05233651595171,65,0.16153846153846155,0.057141691282258024,1985,0.02371045067341545,28.85,41.15555555555556,False,True
4119608,Pitanga,PR,-24.69111715011329,-51.78040762124921,65,0.27884615384615385,0.0010248904043448762,2001,0.006795167961004818,12.55,21.644444444444446,True,True
4119657,Pitangueiras,PR,-23.20911411588344,-51.57239706532062,65,0.11442307692307693,0.17784832771439973,1985,0.2397071069526228,14.6,24.355555555555554,False,False
4119707,Planaltina do Paraná,PR,-23.09154130290273,-52.93443637131704,65,0.3375,7.058880382338688e-05,1979,0.0017522531245164833,10.8,27.933333333333334,True,True
4119806,Planalto,PR,-25.73727204194208,-53.707790689335255,65,0.13269230769230772,0.11816028735144751,1978,0.10513368645374463,10.75,22.68888888888889,False,False
4119905,Ponta Grossa,PR,-25.1397471302164,-50.08088986815875,65,0.06442307692307693,0.44807654659723983,1979,0.7059061814503923,14.35,23.88888888888889,False,False
4119954,Pontal do Paraná,PR,-25.636363929746345,-48.47453673216978,65,0.22596153846153846,0.007794343351490569,1978,0.0025837459785470547,14.3,16.8,True,True
4120002,Porecatu,PR,-22.742699061739653,-51.40994902496128,65,0.2332291483623684,0.006036064101030109,1975,0.02371045067341545,13.95,20.377777777777776,True,True
4120101,Porto Amazonas,PR,-25.529706828163658,-49.89530408391641,65,0.1855769230769231,0.02886724751932723,1981,0.04179063319747862,12.4,22.822222222222223,True,False
4120150,Porto Barreiro,PR,-25.58456323909811,-52.38215472399628,65,0.26730769230769236,0.0016454351395933779,1980,0.002236483153282279,10.35,26.866666666666667,True,True
4120200,Porto Rico,PR,-22.833050076135308,-53.31379676519026,65,0.18802597321584755,0.026853754628495104,1978,0.0027101605930681836,8.1,17.666666666666668,True,True
4120309,Porto Vitória,PR,-26.22771187295697,-51.22225283920312,65,0.11685501660217633,0.16890256328920294,1981,0.14991503165091513,17.05,25.0,False,False
4120333,Prado Ferreira,PR,-23.025544004042388,-51.400561224780446,65,0.05673076923076923,0.5041058574582591,1991,0.2270165572915539,15.1,25.244444444444444,False,False
4120358,Pranchita,PR,-25.96632026516296,-53.721155481757485,65,0.16826923076923078,0.047536931202069026,1989,0.10513368645374463,10.95,20.8,False,False
4120408,Presidente Castelo Branco,PR,-23.26373455503371,-52.149348248821696,65,0.2951923076923077,0.0005087805753050551,1994,0.01190277071465173,9.9,25.22222222222222,True,True
4120507,Primeiro de Maio,PR,-22.862170191281685,-51.07406881253047,65,0.2028846153846154,0.016889495653524298,1979,0.05004808403109762,13.7,23.666666666666668,True,False
4120606,Prudentópolis,PR,-25.13051686811289,-51.09820966050302,65,0.2605769230769231,0.0021515738117853294,1982,0.006217636299301284,10.45,26.822222222222223,True,True
4120655,Quarto Centenário,PR,-24.303120078047336,-53.15536967070124,65,0.21826923076923077,0.010161961215914167,2001,0.0374280118542835,15.15,22.91111111111111,True,False
4120705,Quatiguá,PR,-23.5621196803778,-49.93187094787267,65,0.07596153846153847,0.37105504106368714,1979,0.0732972202658319,17.95,24.155555555555555,False,False
4120804,Quatro Barras,PR,-25.36868354459628,-48.99435848508987,65,0.1932692307692308,0.02285338210981876,1985,0.01796050511307883,26.6,37.666666666666664,True,True
4120853,Quatro Pontes,PR,-24.5717711676186,-53.976490113003294,65,0.2918970990844487,0.0005892478282187253,1991,0.0025837459785470547,13.15,23.91111111111111,True,True
4120903,Quedas do Iguaçu,PR,-25.45745727018776,-52.95498785635876,65,0.12019230769230771,0.1569669882535778,1979,0.07085942951772722,11.85,25.822222222222223,False,False
4121000,Querência do Norte,PR,-23.042307302152857,-53.52124104815047,65,0.21826923076923077,0.010161961215914167,1978,0.025628914308205172,7.7,16.955555555555556,True,True
4121109,Quinta do Sol,PR,-23.829653967876936,-52.14033487766868,65,0.049038461538461545,0.5636278829337915,2005,0.9348700819203165,12.15,29.288888888888888,False,False
4121208,Quitandinha,PR,-25.910474990529664,-49.48151647737416,65,0.020192307692307693,0.8120531453899646,1977,0.7059061814503923,15.3,20.622222222222224,False,False
4121257,Ramilândia,PR,-25.09434615757788,-54.07606042672772,65,0.2745852447730152,0.0012262508933968555,1989,0.002462803962555173,12.1,21.866666666666667,True,True
4121307,Rancho Alegre,PR,-23.07992592765847,-50.91941433942733,65,0.16250000000000003,0.05567791074662766,1978,0.0954805823504146,16.1,27.755555555555556,False,False
4121356,Rancho Alegre d'Oeste,PR,-24.290528844464564,-52.9609090165723,65,0.21399375468299783,0.011756946050273321,1978,0.016231242956803473,14.85,23.133333333333333,True,True
4121406,Realeza,PR,-25.674422012301545,-53.54356271328897,65,0.19475836100362723,0.021853892997461204,1990,0.02371045067341545,13.75,27.977777777777778,True,True
4121505,Rebouças,PR,-25.658508656081768,-50.62094433653903,65,0.2620822388814243,0.002032072409715457,1982,0.004743582837762857,14.75,24.11111111111111,True,True
4121604,Renascença,PR,-26.2250296620149,-52.950786784892586,65,0.15288461538461542,0.07181004824924186,1978,0.05185908915400302,10.45,26.555555555555557,False,False
4121703,Reserva,PR,-24.59543901036185,-50.95656619699077,65,0.40480769230769237,1.870948090674393e-06,1991,2.230969583742598e-05,10.5,20.933333333333334,True,True
4121752,Reserva do Iguaçu,PR,-25.86767852873581,-51.96377288396239,65,0.16250000000000003,0.05567791074662766,1980,0.006500550461868807,10.05,24.955555555555556,False,True
4121802,Ribeirão Claro,PR,-23.261637132069907,-49.76279365916431,65,-0.006730769230769231,0.936826304825977,1971,0.5211789320492503,29.3,25.333333333333332,False,False
4121901,Ribeirão do Pinhal,PR,-23.448224915192707,-50.37426270134871,65,0.2711538461538462,0.0014079259193104986,1976,0.001300071683545282,10.45,21.8,True,True
4122008,Rio Azul,PR,-25.720915479350666,-50.79272317999136,65,0.20865384615384616,0.014008663383803684,1986,0.016564659416996794,16.2,25.11111111111111,True,True
4122107,Rio Bom,PR,-23.797417216100804,-51.43335283202799,65,0.17211538461538464,0.04268533710848181,1991,0.1567533113111856,11.05,23.733333333333334,False,False
4122156,Rio Bonito do Iguaçu,PR,-25.54662816116152,-52.60853565088623,65,0.18225535511203636,0.031896971793190156,1981,0.0051949151795271575,12.8,28.288888888888888,True,True
4122172,Rio Branco do Ivaí,PR,-24.346525403545115,-51.33381062617905,65,0.3097643455980779,0.0002663033088068272,1991,0.002910533983690051,11.65,20.2,True,True
4122206,Rio Branco do Sul,PR,-25.07645137133385,-49.34766628276671,65,0.2384615384615385,0.004984294489621833,1972,0.032233482480051354,18.25,31.933333333333334,True,False
4122305,Rio Negro,PR,-26.09482832053507,-49.68344387515654,65,0.1230769230769231,0.14724974459811443,1982,0.11200893327810173,11.95,16.08888888888889,False,False
4122404,Rolândia,PR,-23.27124266651638,-51.40921312264545,65,0.12025013416074452,0.15695369397883135,1986,0.2148498852809811,13.9,24.68888888888889,False,False
4122503,Roncador,PR,-24.565866250202745,-52.26127415711929,65,0.27403846153846156,0.001251000300597849,2001,0.014060907443860605,11.35,21.666666666666668,True,True
4122602,Rondon,PR,-23.477595397554264,-52.80456154627604,65,0.31923076923076926,0.00017048495694444306,1989,0.021071406588780116,9.55,21.11111111111111,True,True
4122651,Rosário do Ivaí,PR,-24.315707222423267,-51.203488828144565,65,0.2813176325607949,0.0009264366488172002,1991,0.003768064279825467,10.35,19.955555555555556,True,True
4122701,Sabáudia,PR,-23.348640113797128,-51.58435673845506,65,0.18173076923076925,0.03235447625285426,1976,0.2148498852809811,15.2,26.155555555555555,True,False
4122800,Salgado Filho,PR,-26.141303092443163,-53.41541690121547,65,0.2461538461538462,0.003747978450523647,1981,0.02988229294893045,10.85,24.666666666666668,True,False
4122909,Salto do Itararé,PR,-23.630690898978123,-49.68300636372852,65,0.20192307692307696,0.017417130286899955,1973,0.020251720191003866,20.85,19.822222222222223,True,True
4123006,Salto do Lontra,PR,-25.775404399506737,-53.28702937670124,65,0.15628757364488607,0.0657712224512051,1978,0.11025619565206833,14.95,33.48888888888889,False,False
4123105,Santa Amélia,PR,-23.259067721817985,-50.41010704053719,65,0.29903846153846153,0.0004293043732212458,1975,0.025628914308205172,15.2,27.977777777777778,True,True
4123204,Santa Cecília do Pavão,PR,-23.544449181350405,-50.79758831042528,65,0.1995672094234699,0.018798012993590994,1991,0.031038301874568873,13.95,26.488888888888887,True,False
4123303,Santa Cruz de Monte Castelo,PR,-23.0849537526854,-53.36284412601425,65,0.24423076923076928,0.004027705527632766,1978,0.01190277071465173,8.75,22.155555555555555,True,True
4123402,Santa Fé,PR,-23.063000620889696,-51.83880720045642,65,0.2028846153846154,0.016889495653524298,1989,0.019460569787467734,11.25,20.68888888888889,True,True
4123501,Santa Helena,PR,-24.888884576989387,-54.30562412333126,65,0.3134615384615385,0.00022317824389906426,1989,0.0015873987178454797,9.0,17.155555555555555,True,True
4123600,Santa Inês,PR,-22.71306505250424,-51.89786568515824,65,0.23942307692307696,0.00481180452064912,1970,0.06395574274390818,11.25,19.022222222222222,True,False
4123709,Santa Isabel do Ivaí,PR,-23.114520951072787,-53.24072393413375,65,0.16301996143266576,0.05495392567929945,1978,0.05278561243410978,10.5,27.666666666666668,False,False
4123808,Santa Izabel do Oeste,PR,-25.78374016814589,-53.42303477328994,65,0.11826923076923078,0.16371030112364793,1989,0.36132902060287403,16.3,32.355555555555554,False,False
4123824,Santa Lúcia,PR,-25.38928483540278,-53.5537047412225,65,0.23611445741427398,0.005439495464804661,1977,0.002980308205688745,15.55,31.444444444444443,True,True
4123857,Santa Maria do Oeste,PR,-24.909183709524697,-51.92963978489762,65,0.2890117900325431,0.0006676086746386853,1978,0.005435034567596376,11.4,19.488888888888887,True,True
4123907,Santa Mariana,PR,-23.060667716606257,-50.53889002901426,65,0.2625,0.0019940551290711004,1990,0.005946011397210716,14.8,25.644444444444446,True,True
4123956,Santa Mônica,PR,-23.154356125170068,-53.109193196538506,65,0.1451923076923077,0.08731427299935919,1973,0.1433195491670883,11.55,28.844444444444445,False,False
4124004,Santana do Itararé,PR,-23.75074388271173,-49.63246688178271,65,0.23653846153846156,0.005346147941232565,1971,0.04028960206658344,18.7,19.0,True,False
4124020,Santa Tereza do Oeste,PR,-25.036507742214265,-53.60607024055842,65,0.1932692307692308,0.02285338210981876,1978,0.011412212598447198,11.1,25.77777777777778,True,True
4124053,Santa Terezinha de Itaipu,PR,-25.456597061434245,-54.42741432476102,65,0.2755470144569837,0.001178531160027997,1976,0.005946011397210716,9.4,12.466666666666667,True,True
4124103,Santo Antônio da Platina,PR,-23.2966644368358,-50.08566934758761,65,0.16879057953647694,0.046902670383189383,1971,0.0069469983049862336,22.05,28.177777777777777,False,True
4124202,Santo Antônio do Caiuá,PR,-22.699010896700184,-52.35617291597606,65,0.1230769230769231,0.14724974459811443,1974,0.09243219495343426,9.45,19.355555555555554,False,False
4124301,Santo Antônio do Paraíso,PR,-23.58057866821024,-50.6302673050291,65,0.23173076923076924,0.006356762266437549,1988,0.005946011397210716,11.6,26.488888888888887,True,True
4124400,Santo Antônio do Sudoeste,PR,-26.066650446775785,-53.63326288811971,65,0.19134615384615386,0.024244568973916657,1989,0.10182967849068571,11.0,21.57777777777778,True,False
4124509,Santo Inácio,PR,-22.718737338773305,-51.8020541583324,65,0.23076923076923078,0.006578413612826367,2001,0.09243219495343426,12.45,20.11111111111111,True,False
4124608,São Carlos do Ivaí,PR,-23.342065741583813,-52.480506833348585,65,0.27884615384615385,0.0010248904043448762,1991,0.011412212598447198,7.8,20.133333333333333,True,True
4124707,São Jerônimo da Serra,PR,-23.71623877987812,-50.77843044549912,65,0.24038461538461542,0.004644733942292503,1985,0.002462803962555173,11.55,24.2,True,True
4124806,São João,PR,-25.774049571323385,-52.79305491679021,65,0.15340226459298048,0.07091665070747387,1979,0.10182967849068571,13.95,30.644444444444446,False,False
4124905,São João do Caiuá,PR,-22.838212116814123,-52.33056470347408,65,0.19903846153846155,0.01908771528935225,1974,0.07580582880191701,10.05,22.42222222222222,True,False
4125001,São João do Ivaí,PR,-23.992577861171025,-51.84802324964244,65,0.18653846153846157,0.028047779175604026,1977,0.08657956663465231,11.3,25.155555555555555,True,False
4125100,São João do Triunfo,PR,-25.670012245374203,-50.28677461000561,65,0.14038461538461539,0.09830553419312299,1985,0.0732972202658319,15.45,23.57777777777778,False,False
4125209,São Jorge d'Oeste,PR,-25.6558714084014,-52.94003499417666,65,0.1322433315456728,0.11949283498030386,1978,0.12301501734761935,13.05,27.244444444444444,False,False
4125308,São Jorge do Ivaí,PR,-23.43508680821721,-52.31697107535525,65,0.29615384615384616,0.00048771708895838995,1990,0.01294136909450836,10.65,25.488888888888887,True,True
4125357,São Jorge do Patrocínio,PR,-23.738793231300257,-53.94769389534344,65,0.23226737867839986,0.00624764503696303,2001,0.012155116924259905,8.25,12.311111111111112,True,True
4125407,São José da Boa Vista,PR,-23.95865203865147,-49.671194887779166,65,0.24038461538461542,0.004644733942292503,1987,0.005946011397210716,17.5,21.0,True,True
4125456,São José das Palmeiras,PR,-24.815462099939342,-54.11955368334646,65,0.28750000000000003,0.0007104655262034,1990,0.0007024807032706283,11.85,22.933333333333334,True,True
4125506,São José dos Pinhais,PR,-25.664335481912865,-49.094987886324645,65,0.2895623230590728,0.0006537782219799049,1987,0.005078535610741497,26.15,36.17777777777778,True,True
4125555,São Manoel do Paraná,PR,-23.372414163296018,-52.61238478554827,65,0.3,0.0004113321972339182,1991,0.009627408979904085,9.45,24.8,True,True
4125605,São Mateus do Sul,PR,-25.908181049559083,-50.44204226966878,65,0.28942307692307695,0.0006540400210720651,1978,0.001236234114081279,12.5,17.08888888888889,True,True
4125704,São Miguel do Iguaçu,PR,-25.387495923912763,-54.262033888840215,65,0.31730769230769235,0.00018658890717207437,1976,0.000740156073171146,11.4,17.844444444444445,True,True
4125753,São Pedro do Iguaçu,PR,-24.906511163018344,-53.890772738717686,65,0.29423076923076924,0.0005306896208559965,1990,0.00045965486773427624,13.25,23.066666666666666,True,True
4125803,São Pedro do Ivaí,PR,-23.845497358059312,-51.87172608680589,65,0.23750000000000004,0.005162356812227657,1980,0.017249952653633677,12.35,28.8,True,True
4125902,São Pedro do Paraná,PR,-22.78489401492178,-53.181286012724655,65,0.15769230769230771,0.0633204967893206,1979,0.015903853144033468,9.55,21.022222222222222,False,True
4126009,São Sebastião da Amoreira,PR,-23.45533216995402,-50.72257404837619,65,0.20384615384615387,0.016375942740005898,1988,0.02988229294893045,14.95,27.755555555555556,True,False
4126108,São Tomé,PR,-23.52450534180274,-52.538753964260536,65,0.23461538461538461,0.005731560186271848,1989,0.06178608302878114,10.15,25.644444444444446,True,False
4126207,Sapopema,PR,-23.875118267899648,-50.6045247224397,65,0.17980769230769234,0.03422947131578442,1977,0.03474573545009981,12.55,23.666666666666668,False,False
4126256,Sarandi,PR,-23.468283427698807,-51.86713292421207,65,0.08223130797930928,0.33298824821049444,2011,0.49905447699339966,12.55,28.155555555555555,False,False
4126272,Saudade do Iguaçu,PR,-25.7132108069414,-52.604390134552055,65,0.12403846153846156,0.14411498395127648,1979,0.10852621480054009,14.4,30.333333333333332,False,False
4126306,Sengés,PR,-24.24898820930348,-49.45608960307642,65,0.08415484734724633,0.3218036242674923,1977,0.24296293834878846,10.9,17.11111111111111,False,False
4126355,Serranópolis do Iguaçu,PR,-25.4769596546098,-54.02761928754943,65,0.2173076923076923,0.010499001925212305,1976,0.02988229294893045,13.2,23.511111111111113,True,False
4126405,Sertaneja,PR,-22.93420446730532,-50.87499472117037,65,0.21110844563109224,0.01294103303964413,1971,0.015266779927279142,14.6,24.511111111111113,True,True
4126504,Sertanópolis,PR,-23.057287990228765,-51.07200812460951,65,0.1076923076923077,0.20474428938111378,1978,0.46701295818182675,16.7,28.57777777777778,False,False
4126603,Siqueira Campos,PR,-23.63915938869514,-49.79293818328172,65,0.12596153846153849,0.1379992597344832,1988,0.25293286153182654,17.55,20.288888888888888,False,False
4126652,Sulina,PR,-25.69342135292902,-52.718531596635366,65,0.18653846153846157,0.028047779175604026,1979,0.022799875341596585,15.35,30.177777777777777,True,True
4126678,Tamarana,PR,-23.8222268476976,-51.05189980660575,65,0.2009615384615385,0.017959163268484925,1974,0.01796050511307883,11.4,22.933333333333334,True,True
4126702,Tamboara,PR,-23.19851962156664,-52.48405411323999,65,0.22019230769230771,0.00951664515111635,1971,0.04493933338415746,6.95,19.42222222222222,True,False
4126801,Tapejara,PR,-23.65843273842929,-52.89031232975759,65,0.25961538461538464,0.0022345392261445187,2005,0.005946011397210716,12.45,21.155555555555555,True,True
4126900,Tapira,PR,-23.32911421511229,-53.1340195207572,65,0.3120942624477879,0.00023850437565118887,1996,0.0014016093687343164,12.55,31.355555555555554,True,True
4127007,Teixeira Soares,PR,-25.313338423698667,-50.40848502682663,65,0.24519230769230774,0.003885555986180738,1989,0.019460569787467734,15.35,23.8,True,True
4127106,Telêmaco Borba,PR,-24.24996991180185,-50.52249902800117,65,0.4067307692307693,1.6717086028564487e-06,1994,1.627423149713677e-05,9.9,20.355555555555554,True,True
4127205,Terra Boa,PR,-23.696579200868364,-52.38791452728174,65,0.20384615384615387,0.016375942740005898,2005,0.04658952974594933,11.4,27.57777777777778,True,False
4127304,Terra Rica,PR,-22.72930485330843,-52.68161344965594,65,0.24519230769230774,0.003885555986180738,1978,0.006795167961004818,9.45,22.355555555555554,True,True
4127403,Terra Roxa,PR,-24.20867977105921,-54.06273567216479,65,0.20384615384615387,0.016375942740005898,1996,0.04179063319747862,12.6,17.4,True,False
4127502,Tibagi,PR,-24.65565673780262,-50.468586554834,65,0.22403846153846155,0.008334606052782998,1981,0.031038301874568873,11.8,22.133333333333333,True,False
4127601,Tijucas do Sul,PR,-25.901499791269963,-49.11213512623071,65,0.2668910873012669,0.0016772977887184847,1991,0.0009586199975089164,17.4,23.4,True,True
4127700,Toledo,PR,-24.704785850614773,-53.77756448514517,65,0.4,2.4738584990262047e-06,1990,2.095291891718388e-05,12.7,24.22222222222222,True,True
4127809,Tomazina,PR,-23.72532443893934,-49.96265058391854,65,0.10192307692307694,0.2300563729738222,1994,0.1433195491670883,16.3,25.733333333333334,False,False
4127858,Três Barras do Paraná,PR,-25.43880706191233,-53.22463252692708,65,0.18129358542806784,0.032811980665743,1978,0.030455468209439323,13.1,28.022222222222222,True,False
4127882,Tunas do Paraná,PR,-24.95265592399987,-48.90262407459564,65,0.10050493197471135,0.23671069122216515,1994,0.010264723464201625,19.9,26.622222222222224,False,True
4127908,Tuneiras do Oeste,PR,-23.87921048303953,-52.84352661038529,65,0.22596153846153846,0.007794343351490569,1990,0.024653148270964056,10.8,16.955555555555556,True,True
4127957,Tupãssi,PR,-24.646015217481303,-53.50930669343044,65,0.43135370325988553,3.80739100868665e-07,2005,1.4327813599486732e-05,12.3,21.622222222222224,True,True
4127965,Turvo,PR,-25.01203951892924,-51.48051253960682,65,0.13269230769230772,0.11816028735144751,2006,0.2270165572915539,11.95,22.6,False,False
4128005,Ubiratã,PR,-24.504921554467284,-53.02179857694967,65,0.23557692307692307,0.0055358278705207545,1980,0.015266779927279142,16.05,25.377777777777776,True,True
4128104,Umuarama,PR,-23.67972559053997,-53.41426484345906,65,0.27692307692307694,0.0011103654133599575,1974,0.022799875341596585,11.85,23.844444444444445,True,True
4128203,União da Vitória,PR,-26.10933604901737,-51.07489139153004,65,0.15961538461538463,0.06016535794097843,1987,0.008459197082313663,19.4,22.444444444444443,False,True
4128302,Uniflor,PR,-23.06705352854478,-52.10918051223116,65,0.1701923076923077,0.0450560990200837,1982,0.15216720064717362,8.2,19.022222222222222,False,False
4128401,Uraí,PR,-23.21632279156907,-50.829956434801474,65,0.2173076923076923,0.010499001925212305,1992,0.04829200871359571,13.9,27.666666666666668,True,False
4128500,Wenceslau Braz,PR,-23.85507113686008,-49.78449264105496,65,0.11346153846153846,0.18152087117928373,1992,0.07580582880191701,16.3,23.68888888888889,False,False
4128534,Ventania,PR,-24.1897533819517,-50.23988484703114,65,0.05384615384615385,0.5260317864344628,2003,0.9500382475590613,10.1,22.31111111111111,False,False
4128559,Vera Cruz do Oeste,PR,-25.00738303674073,-53.9204593408681,65,0.3134615384615385,0.00022317824389906426,1989,0.00012053616483888974,12.45,24.266666666666666,True,True
4128609,Verê,PR,-25.875080509618712,-52.95844516414952,65,0.08173076923076925,0.33583089893655294,1980,0.11558351804791793,15.05,29.044444444444444,False,False
4128625,Alto Paraíso,PR,-23.538844609387905,-53.82463465836766,65,0.26346153846153847,0.001919330513802186,2005,0.006500550461868807,5.0,12.155555555555555,True,True
4128633,Doutor Ulysses,PR,-24.626327471451503,-49.39292339128024,65,0.27211538461538465,0.0013537062494211646,1986,0.001437064222499949,14.3,21.444444444444443,True,True
4128658,Virmond,PR,-25.41026539640317,-52.236841506063904,65,0.30480769230769234,0.0003315439544841348,1981,0.0005395957194361724,11.55,25.91111111111111,True,True
4128708,Vitorino,PR,-26.28128920388687,-52.80772639126591,65,0.15480769230769234,0.06830853679511892,1978,0.0374280118542835,10.4,24.844444444444445,False,False
4128807,Xambrê,PR,-23.73573609815013,-53.59193592106463,65,0.2480769230769231,0.003486022546985994,1977,0.07085942951772722,9.4,19.066666666666666,True,False
4200051,Abdon Batista,SC,-27.583752167802928,-51.05632943262839,65,0.28942307692307695,0.0006540400210720651,1982,0.015903853144033468,4.4,9.355555555555556,True,True
4200101,Abelardo Luz,SC,-26.56242147956924,-52.25581017445374,65,0.15051695554107486,0.07638759276875527,1986,0.11740578560971188,10.0,17.511111111111113,False,False
4200200,Agrolândia,SC,-27.455097783181024,-49.82479829664084,65,0.33517673486303257,7.945145975940345e-05,1975,0.002980308205688745,12.7,12.511111111111111,True,True
4200309,Agronômica,SC,-27.32751429446945,-49.72072352459666,65,0.3163461538461539,0.00019516704883354148,1975,0.007101915496690558,17.0,18.6,True,True
4200408,Água Doce,SC,-26.76437218301133,-51.61242778081443,65,0.17500000000000002,0.03932745024003653,1982,0.05185908915400302,6.25,14.622222222222222,False,False
4200507,Águas de Chapecó,SC,-27.05430586005508,-52.95658625284958,65,0.02307692307692308,0.7858169534357987,2002,1.0,7.2,8.088888888888889,False,False
4200556,Águas Frias,SC,-26.851611470871863,-52.85229968203783,65,0.2105769230769231,0.01314978662714658,2002,0.0023471190382498494,7.9,10.311111111111112,True,True
4200606,Águas Mornas,SC,-27.7333061195929,-48.93595510340546,65,0.07596153846153847,0.37105504106368714,2007,1.0,11.4,18.733333333333334,False,False
4200705,Alfredo Wagner,SC,-27.705934358508426,-49.33082056192892,65,0.16686704016853987,0.04946841313982987,1976,0.04179063319747862,12.35,18.0,False,False
4200754,Alto Bela Vista,SC,-27.42151063740977,-51.92584074142794,65,0.1375,0.10541366817859947,1979,0.3274473959752802,6.65,8.533333333333333,False,False
4200804,Anchieta,SC,-26.532976520628857,-53.33303769002721,65,0.08750000000000001,0.302835364563549,2000,0.49905447699339966,5.2,14.866666666666667,False,False
4200903,Angelina,SC,-27.543014518181565,-49.06724095852887,65,0.1855769230769231,0.02886724751932723,1976,0.11925165071939424,10.35,17.0,True,False
4201000,Anita Garibaldi,SC,-27.730282812824136,-51.07948712607087,65,0.34479443170271784,4.922463518567472e-05,1978,0.0017522531245164833,3.75,10.311111111111112,True,True
4201109,Anitápolis,SC,-27.87985861463738,-49.13871183329988,65,0.08557692307692309,0.3135857504770575,1976,0.0954805823504146,12.4,18.77777777777778,False,False
4201208,Antônio Carlos,SC,-27.497440512400377,-48.8310536368196,65,0.13173076923076923,0.120849081775192,2007,0.10182967849068571,9.25,13.533333333333333,False,False
4201257,Apiúna,SC,-27.124507099939542,-49.364209043987984,65,0.21014667594712372,0.01335854016535057,1974,0.007259974890680442,29.15,27.977777777777778,True,True
4201273,Arabutã,SC,-27.140879819262388,-52.181624131825565,65,0.019716278521354855,0.8164444137210932,2018,0.9729391114212658,6.75,9.266666666666667,False,False
4201307,Araquari,SC,-26.46164278601318,-48.75776712801071,65,0.026923076923076925,0.751215095177401,2001,1.0,9.1,10.555555555555555,False,False
4201406,Araranguá,SC,-28.9423237145486,-49.47109109492212,65,0.01826923076923077,0.8296639093428102,1986,1.0,5.0,6.955555555555556,False,False
4201505,Armazém,SC,-28.237870875969783,-49.01459681771036,65,0.06203414461597016,0.4651882557870508,1968,1.0,10.2,17.066666666666666,False,False
4201604,Arroio Trinta,SC,-26.921626709894827,-51.33665694822648,65,0.34479443170271784,4.922463518567472e-05,1989,0.00028938385559236794,4.7,10.4,True,True
4201653,Arvoredo,SC,-27.07091527366196,-52.441919788276266,65,0.04087521156866251,0.6303562737244601,1998,0.8750731790180674,5.6,5.7555555555555555,False,False
4201703,Ascurra,SC,-26.973616000939423,-49.39591360651888,65,0.11012262881439663,0.19481086120172864,1974,0.0732972202658319,27.3,23.511111111111113,False,False
4201802,Atalanta,SC,-27.437244120162298,-49.7426196208426,65,0.26538461538461544,0.001777539213702537,1975,0.013490690078320355,17.05,18.555555555555557,True,True
4201901,Aurora,SC,-27.329641272219813,-49.59038120022287,65,0.2625,0.0019940551290711004,1976,0.008099400394002452,17.6,19.466666666666665,True,True
4201950,Balneário Arroio do Silva,SC,-29.019504113590845,-49.47516735502272,65,0.08846153846153848,0.2975531675111377,1970,0.5100406406299057,5.5,7.4222222222222225,False,False
4202008,Balneário Camboriú,SC,-27.00480417935887,-48.621557157211846,65,0.058653846153846154,0.48976100930269273,2007,0.7604002213532476,8.55,7.177777777777778,False,False
4202057,Balneário Barra do Sul,SC,-26.446368749232622,-48.65248089295262,65,0.07019230769230769,0.4084852298799554,2007,0.8898836579770303,6.8,9.71111111111111,False,False
4202073,Balneário Gaivota,SC,-29.153521525858004,-49.61546611799479,65,0.15673076923076926,0.06494862597449932,1979,0.29592667730419125,6.35,7.7555555555555555,False,False
4202081,Bandeirante,SC,-26.768635829967938,-53.64832307023645,65,0.08076923076923077,0.3415471640207668,1980,0.33569432777951663,1.7,5.177777777777778,False,False
4202099,Barra Bonita,SC,-26.668276871543124,-53.42511600597316,65,0.13269230769230772,0.11816028735144751,1999,0.036065047811419726,3.7,11.28888888888889,False,False
4202107,Barra Velha,SC,-26.662410252883788,-48.72724884123628,65,-0.003846153846153847,0.9638752961842721,2018,1.0,15.25,11.066666666666666,False,False
4202131,Bela Vista do Toldo,SC,-26.418003660046285,-50.48682468904285,65,0.12403846153846156,0.14411498395127648,1978,0.031038301874568873,5.85,11.755555555555556,False,False
4202156,Belmonte,SC,-26.857012614760947,-53.61807955173643,65,0.0668429930358128,0.4313139754533907,1999,0.28840837545464815,1.7,5.288888888888889,False,False
4202206,Benedito Novo,SC,-26.80092954608295,-49.435392037480206,65,-0.06538461538461539,0.4413305118271882,2001,0.20895933922108018,28.5,23.622222222222224,False,False
4202305,Biguaçu,SC,-27.433541359986226,-48.693883016656514,65,0.2932692307692308,0.0005534752478120442,2007,0.0043284807176985265,8.75,11.733333333333333,True,True
4202404,Blumenau,SC,-26.885537446121504,-49.09731614614315,65,-0.1389757193334525,0.10180473817042829,1999,0.1433195491670883,28.8,22.08888888888889,False,False
4202438,Bocaina do Sul,SC,-27.763162641166275,-49.90913126763089,65,0.18461538461538465,0.029707245169198246,1996,0.05004808403109762,6.75,7.8,True,False
4202453,Bombinhas,SC,-27.17316666812034,-48.51741946680143,65,0.18173076923076925,0.03235447625285426,2007,0.0954805823504146,4.85,5.666666666666667,True,False
4202503,Bom Jardim da Serra,SC,-28.36089462814824,-49.65237740072127,65,0.22457322120665163,0.008195462675085008,1984,0.06286290548992252,7.65,9.688888888888888,True,False
4202537,Bom Jesus,SC,-26.73904020547556,-52.38999376419993,65,0.19903846153846155,0.01908771528935225,1997,0.010485500191296987,7.1,10.688888888888888,True,True
4202578,Bom Jesus do Oeste,SC,-26.68401498508724,-53.09529494147469,65,0.10384615384615385,0.22138288217168667,2005,0.04658952974594933,7.65,13.355555555555556,False,False
4202602,Bom Retiro,SC,-27.785313519006884,-49.56305988004835,65,0.21826923076923077,0.010161961215914167,1996,0.01869710762272877,10.3,13.6,True,True
4202701,Botuverá,SC,-27.21862345966317,-49.12351952668645,65,0.06634615384615386,0.43464303240459945,1971,0.25974984352926617,24.25,20.733333333333334,False,False
4202800,Braço do Norte,SC,-28.240900597281247,-49.14242807702674,65,-0.0009615384615384617,0.9909659293951528,1974,1.0,10.55,16.91111111111111,False,False
4202859,Braço do Trombudo,SC,-27.36854245985912,-49.903644897706265,65,0.27019230769230773,0.001464141683299972,1997,0.014060907443860605,13.45,14.6,True,True
4202875,Brunópolis,SC,-27.34699936704808,-50.84495128274906,65,0.14711538461538462,0.08320523933786642,1996,0.4070731221914113,7.95,9.755555555555556,False,False
4202909,Brusque,SC,-27.12497271326773,-48.90973036374502,65,0.03557692307692308,0.6752581537654916,1971,0.25293286153182654,22.5,19.866666666666667,False,False
4203006,Caçador,SC,-26.76309750162765,-51.08464217992122,65,0.34134615384615385,5.8301123691237065e-05,1989,0.0003320015767270666,5.55,12.11111111111111,True,True
4203105,Caibi,SC,-27.025234303203064,-53.26301707824409,65,0.030295745045008683,0.7213366343881296,1998,1.0,6.4,10.066666666666666,False,False
4203154,Calmon,SC,-26.6221713308593,-51.00687050386696,65,0.2836538461538462,0.0008371287560921994,1978,0.002130695499501793,9.35,14.88888888888889,True,True
4203204,Camboriú,SC,-27.070884433721847,-48.708920019658926,65,0.058653846153846154,0.48976100930269273,2007,0.7604002213532476,12.55,12.177777777777777,False,False
4203253,Capão Alto,SC,-28.06211809415891,-50.60684031723176,65,0.21153846153846156,0.012738072274857487,1982,0.007101915496690558,3.9,5.355555555555555,True,True
4203303,Campo Alegre,SC,-26.120586951297,-49.21744402739077,65,0.27019230769230773,0.001464141683299972,1981,0.00016061109309200604,18.8,22.57777777777778,True,True
4203402,Campo Belo do Sul,SC,-27.84695149460319,-50.77112384274411,65,0.23365384615384616,0.005933512117906358,1982,0.043340125789311776,5.8,8.688888888888888,True,False
4203501,Campo Erê,SC,-26.450440295871083,-53.13020167904499,65,0.0451923076923077,0.5946081162160604,1974,0.5911658771176894,5.9,17.57777777777778,False,False
4203600,Campos Novos,SC,-27.413012218385145,-51.24450136098768,65,0.225,0.008060423079027226,1982,0.07838680053058594,6.45,10.444444444444445,True,False
4203709,Canelinha,SC,-27.234490425234647,-48.80238845154853,65,0.15480769230769234,0.06830853679511892,1971,0.3113955087807632,11.3,12.022222222222222,False,False
4203808,Canoinhas,SC,-26.249833680179243,-50.53336587168513,65,0.28173076923076923,0.0009080360320565458,1987,0.001061823793324569,9.5,14.2,True,True
4203907,Capinzal,SC,-27.41189594607011,-51.630833753094734,65,0.18269230769230774,0.03145044869191862,1982,0.12301501734761935,7.65,11.266666666666667,True,False
4203956,Capivari de Baixo,SC,-28.455536345184285,-48.94350167585283,65,0.06442307692307693,0.44807654659723983,2004,1.0,8.0,13.155555555555555,False,False
4204004,Catanduvas,SC,-27.044990629307737,-51.69643412392646,65,0.1634615384615385,0.05424550401058549,1982,0.08657956663465231,5.7,10.333333333333334,False,False
4204103,Caxambu do Sul,SC,-27.14655136156617,-52.92002899546716,65,0.00576923076923077,0.9458360859046578,1989,1.0,6.75,8.577777777777778,False,False
4204152,Celso Ramos,SC,-27.65197313086783,-51.30825059155029,65,0.15769230769230771,0.0633204967893206,1982,0.11200893327810173,6.3,10.844444444444445,False,False
4204178,Cerro Negro,SC,-27.77640091904834,-50.93194531322761,65,0.30769230769230776,0.00029088330683338913,1981,0.0034324144822200546,2.9,7.777777777777778,True,True
4204194,Chapadão do Lageado,SC,-27.582676099323685,-49.55635374143986,65,0.23750000000000004,0.005162356812227657,1990,0.015266779927279142,10.4,13.88888888888889,True,True
4204202,Chapecó,SC,-27.125107522133288,-52.650355574578256,65,0.03461538461538462,0.683552875272655,2004,1.0,6.7,7.2,False,False
4204251,Cocal do Sul,SC,-28.59863220869198,-49.33394780702628,65,-0.043269230769230775,0.610384513874678,1994,1.0,11.55,14.0,False,False
4204301,Concórdia,SC,-27.239130247050564,-52.00733275457441,65,0.1605769230769231,0.058637341033104036,2004,0.2397071069526228,5.8,10.777777777777779,False,False
4204350,Cordilheira Alta,SC,-26.975710853848504,-52.64162379401901,65,0.13365384615384618,0.11551864505727938,2002,0.1476898403483945,7.5,9.955555555555556,False,False
4204400,Coronel Freitas,SC,-26.88321334385649,-52.724989966238645,65,0.17403846153846156,0.04042092332408574,2002,0.053726377031536474,6.8,8.88888888888889,False,False
4204459,Coronel Martins,SC,-26.53457798958169,-52.67186502576941,65,0.19903846153846155,0.01908771528935225,2000,0.04493933338415746,9.85,16.444444444444443,True,False
4204509,Corupá,SC,-26.43994346958136,-49.32672417059436,65,0.109668122354599,0.19676013801504078,1971,0.186646930242533,22.4,20.466666666666665,False,False
4204558,Correia Pinto,SC,-27.59688638301127,-50.37813234885991,65,0.20918490626315517,0.013787908453336235,1986,0.06966661204712811,8.2,9.88888888888889,True,False
4204608,Criciúma,SC,-28.71566015284461,-49.37976929880477,65,-0.020192307692307693,0.8120531453899646,1986,1.0,9.6,13.2,False,False
4204707,Cunha Porã,SC,-26.87921597673617,-53.19070364206585,65,-0.010576923076923078,0.9008794391838973,1977,1.0,6.1,10.28888888888889,False,False
4204756,Cunhataí,SC,-26.975088325465943,-53.10085763502433,65,-0.0019230769230769234,0.9819330169178719,1998,0.9960061723468323,6.5,9.88888888888889,False,False
4204806,Curitibanos,SC,-27.29278715274931,-50.61753949407621,65,0.15384615384615388,0.07004133687461596,1996,0.3113955087807632,6.0,10.0,False,False
4204905,Descanso,SC,-26.85831885957561,-53.47921813170531,65,0.08942307692307694,0.29233290665128286,1999,0.17118085708445183,4.75,9.177777777777777,False,False
4205001,Dionísio Cerqueira,SC,-26.32992544682285,-53.53312247826956,65,0.2168790637349034,0.01066996892255798,1978,0.015266779927279142,7.0,17.066666666666666,True,True
4205100,Dona Emma,SC,-26.9887439817249,-49.77792903041739,65,0.1451923076923077,0.08731427299935919,1971,0.016564659416996794,16.85,19.6,False,True
4205159,Doutor Pedrinho,SC,-26.70555196825398,-49.553862345788005,65,0.03846153846153847,0.6506129639327536,1971,0.5672409199242981,23.75,20.866666666666667,False,False
4205175,Entre Rios,SC,-26.739532028282444,-52.57848305318566,65,0.17980769230769234,0.03422947131578442,2002,0.015903853144033468,8.75,12.777777777777779,False,True
4205191,Ermo,SC,-28.99034674157048,-49.65289385400976,65,0.08461538461538462,0.3190539922528327,1970,0.37917085700952197,6.6,10.088888888888889,False,False
4205209,Erval Velho,SC,-27.28434700729845,-51.42202395079523,65,0.1432692307692308,0.09158551296933214,1988,0.17118085708445183,4.4,8.488888888888889,False,False
4205308,Faxinal dos Guedes,SC,-26.846575308600187,-52.244338344973954,65,0.24711538461538465,0.00361484293919508,1996,0.006795167961004818,8.4,13.044444444444444,True,True
4205357,Flor do Sertão,SC,-26.76379220296101,-53.33724163859861,65,0.08942307692307694,0.29233290665128286,2000,0.16144984740732568,6.6,11.8,False,False
4205407,Florianópolis,SC,-27.57780625016774,-48.50813879019182,65,0.25961538461538464,0.0022345392261445187,2007,0.0025837459785470547,5.1,7.266666666666667,True,True
4205431,Formosa do Sul,SC,-26.63415645722713,-52.793758824405856,65,0.2384615384615385,0.004984294489621833,2002,0.003768064279825467,9.95,15.755555555555556,True,True
4205456,Forquilhinha,SC,-28.78169203112939,-49.493346262085,65,-0.04711538461538462,0.5790206953061717,1986,0.6664086010224509,5.25,9.311111111111112,False,False
4205506,Fraiburgo,SC,-27.037780857311315,-50.872427970791904,65,0.2057692307692308,0.015389839986918645,1978,0.06178608302878114,4.85,7.222222222222222,True,False
4205555,Frei Rogério,SC,-27.191723020850056,-50.76560227383503,65,0.1610964220647287,0.05788148675196118,1996,0.3274473959752802,7.15,10.311111111111112,False,False
4205605,Galvão,SC,-26.449307946221925,-52.65886568976273,65,0.1557692307692308,0.06661113650746185,1978,0.02663871507995326,10.45,20.022222222222222,False,True
4205704,Garopaba,SC,-28.04674124076693,-48.65885694583911,65,0.13942307692307693,0.10063110674807266,1971,0.35263438243826933,5.25,10.977777777777778,False,False
4205803,Garuva,SC,-26.05714579861269,-48.86729194902666,65,0.12884615384615386,0.1292032674393662,1994,0.29592667730419125,14.3,16.933333333333334,False,False
4205902,Gaspar,SC,-26.931356781718662,-48.965956256035554,65,-0.08750000000000001,0.302835364563549,1999,0.3883192024619521,23.3,18.155555555555555,False,False
4206009,Governador Celso Ramos,SC,-27.37643910240521,-48.57713686758882,65,0.3163461538461539,0.00019516704883354148,2007,0.0008648513865648905,8.4,9.333333333333334,True,True
4206108,Grão-Pará,SC,-28.155089471921933,-49.31402806317104,65,-0.038970421502509525,0.6465220491350372,1974,1.0,11.25,16.733333333333334,False,False
4206207,Gravatal,SC,-28.35395329910032,-49.0196654384672,65,0.06923076923076923,0.4149352520971258,2004,1.0,9.4,14.133333333333333,False,False
4206306,Guabiruba,SC,-27.10334023775496,-49.02075898581586,65,-0.01730769230769231,0.8385020825980152,1971,0.45663907784026875,27.05,22.622222222222224,False,False
4206405,Guaraciaba,SC,-26.580098673776806,-53.571084751586746,65,0.10096153846153848,0.2344826070931848,1978,0.11925165071939424,3.55,9.577777777777778,False,False
4206504,Guaramirim,SC,-26.4766211784396,-48.94494956397465,65,0.14134615384615387,0.09602308626391638,1980,0.49905447699339966,17.7,16.2,False,False
4206603,Guarujá do Sul,SC,-26.398373585832044,-53.48406858132385,65,0.20961538461538465,0.01357322433412817,2000,0.025628914308205172,5.9,15.222222222222221,True,True
4206652,Guatambú,SC,-27.11647529205105,-52.78336200516225,65,0.10576923076923078,0.21294627515560105,2004,0.5324687972967159,8.75,10.022222222222222,False,False
4206702,Herval d'Oeste,SC,-27.19539861176752,-51.410596065072674,65,0.2576923076923077,0.002409327973634356,1979,0.008833456203955271,3.75,8.022222222222222,True,True
4206751,Ibiam,SC,-27.208422617202817,-51.21549139244695,65,0.2384615384615385,0.004984294489621833,1988,0.010485500191296987,5.15,9.244444444444444,True,True
4206801,Ibicaré,SC,-27.092472096269603,-51.37004233628006,65,0.334214965179064,8.329174858073956e-05,1989,0.0001652488946291235,4.65,8.977777777777778,True,True
4206900,Ibirama,SC,-27.01814984015756,-49.52851807626399,65,0.11538461538461539,0.1742313882480251,1974,0.010939988910983817,28.45,25.822222222222223,False,True
4207007,Içara,SC,-28.751616324261228,-49.2773235187257,65,0.013461538461538462,0.8740480196882481,1970,1.0,8.9,11.8,False,False
4207106,Ilhota,SC,-26.85898541597292,-48.85743047208732,65,-0.006251502945795442,0.9413293183026061,1994,1.0,20.15,16.57777777777778,False,False
4207205,Imaruí,SC,-28.231417168081325,-48.83441249249745,65,0.07742245955946664,0.36203323908533214,2003,0.6664086010224509,9.9,16.6,False,False
4207304,Imbituba,SC,-28.19443970917332,-48.70264923649747,65,0.1028846153846154,0.22568988273148238,1969,0.5100406406299057,7.15,12.777777777777779,False,False
4207403,Imbuia,SC,-27.502929598077056,-49.40656679547544,65,0.18750000000000003,0.0272484408923059,1976,0.021071406588780116,14.25,18.266666666666666,True,True
4207502,Indaial,SC,-26.994999671230723,-49.22417262658294,65,0.12211538461538464,0.1504363713206985,1974,0.016564659416996794,29.1,24.355555555555554,False,True
4207577,Iomerê,SC,-26.98779638282901,-51.27542020320164,65,0.34134615384615385,5.8301123691237065e-05,1989,0.0003142895023838398,4.0,8.533333333333333,True,True
4207601,Ipira,SC,-27.37082461705486,-51.79877131590384,65,0.2076923076923077,0.014456386522445592,1989,0.10513368645374463,6.65,10.044444444444444,True,False
4207650,Iporã do Oeste,SC,-27.00042973973874,-53.489364047762415,65,0.14615384615384616,0.08523973864681578,1974,0.28840837545464815,5.95,8.688888888888888,False,False
4207684,Ipuaçu,SC,-26.678740811413963,-52.47599799871181,65,0.21250000000000002,0.012337808021518988,2002,0.021920496091912347,6.9,11.733333333333333,True,True
4207700,Ipumirim,SC,-27.0403362631742,-52.1527616740168,65,0.20437605784331253,0.016122647415165458,2004,0.03883579920096674,4.35,8.822222222222223,True,False
4207759,Iraceminha,SC,-26.84532215548576,-53.32447628885463,65,0.09423076923076924,0.26715785444604245,2002,0.36132902060287403,6.4,11.044444444444444,False,False
4207809,Irani,SC,-27.025309983653155,-51.91796937352436,65,0.24519230769230774,0.003885555986180738,1995,0.011412212598447198,6.75,11.644444444444444,True,True
4207858,Irati,SC,-26.62746368942593,-52.8900656220213,65,0.15673076923076926,0.06494862597449932,2004,0.04658952974594933,8.25,14.688888888888888,False,False
4207908,Irineópolis,SC,-26.35700673015375,-50.76065022399036,65,0.03846153846153847,0.6506129639327536,2014,0.3035887052227368,9.05,11.933333333333334,False,False
4208005,Itá,SC,-27.243917286058604,-52.33201717390902,65,0.09615384615384617,0.25751798224906275,2018,0.6664086010224509,7.6,7.666666666666667,False,False
4208104,Itaiópolis,SC,-26.47206729117952,-49.89139685698541,65,0.029807692307692313,0.7255839366845278,1999,0.5911658771176894,7.0,11.933333333333334,False,False
4208203,Itajaí,SC,-26.96901214594993,-48.753353735312906,65,0.006251502945795442,0.9413293183026061,1994,0.9273171959163837,13.15,11.244444444444444,False,False
4208302,Itapema,SC,-27.10863841232264,-48.63437315557175,65,0.0951923076923077,0.26230733102894765,2007,0.46701295818182675,9.5,10.133333333333333,False,False
4208401,Itapiranga,SC,-27.11217032245729,-53.71166840665476,65,0.2899735597165117,0.0006404713554553974,1975,0.001437064222499949,5.6,7.7555555555555555,True,True
4208450,Itapoá,SC,-26.082307285036983,-48.6522833332414,65,0.21442307692307694,0.011570560282309688,1996,0.031038301874568873,8.85,11.866666666666667,True,False
4208500,Ituporanga,SC,-27.4534278791902,-49.53877181220732,65,0.24711538461538465,0.00361484293919508,1976,0.01004816286544616,17.95,17.77777777777778,True,True
4208609,Jaborá,SC,-27.14143722454113,-51.77275752599904,65,0.22692307692307692,0.00753616048771029,1982,0.03474573545009981,6.25,10.977777777777778,True,False
4208708,Jacinto Machado,SC,-28.994864675106005,-49.84813966774153,65,0.2384615384615385,0.004984294489621833,1979,0.05185908915400302,10.6,10.355555555555556,True,False
4208807,Jaguaruna,SC,-28.65769319576609,-49.044488292446815,65,0.049038461538461545,0.5636278829337915,1984,1.0,7.75,9.88888888888889,False,False
4208906,Jaraguá do Sul,SC,-26.48181648849474,-49.159931498114005,65,0.1610964220647287,0.05788148675196118,1990,0.025628914308205172,26.35,23.444444444444443,False,True
4208955,Jardinópolis,SC,-26.71710171162466,-52.87133705269352,65,0.23076923076923078,0.006578413612826367,2002,0.0035966352221085086,8.8,11.688888888888888,True,True
4209003,Joaçaba,SC,-27.15180937732982,-51.592977667745046,65,0.17884615384615388,0.03520128758921378,1982,0.025628914308205172,7.05,10.6,False,True
4209102,Joinville,SC,-26.244302820796594,-48.95148467376964,65,0.13076923076923078,0.12358551912882432,1986,0.31934808891406874,15.25,16.955555555555556,False,False
4209151,José Boiteux,SC,-26.85947852715051,-49.64630903606868,65,0.15051695554107486,0.07638759276875527,1974,0.007753572228438996,24.55,22.244444444444444,False,True
4209177,Jupiá,SC,-26.39420068126457,-52.72091417077424,65,0.19230769230769235,0.023540058261177936,1978,0.025628914308205172,11.25,22.644444444444446,True,True
4209201,Lacerdópolis,SC,-27.25091857683616,-51.590307014040455,65,0.11538461538461539,0.1742313882480251,1982,0.15216720064717362,7.65,11.511111111111111,False,False
4209300,Lages,SC,-28.01998654454988,-50.340240118974805,65,0.10192307692307694,0.2300563729738222,1982,0.0954805823504146,6.8,7.8,False,False
4209409,Laguna,SC,-28.48633422479753,-48.82577172682973,65,0.08557692307692309,0.3135857504770575,1969,0.8898836579770303,6.7,11.844444444444445,False,False
4209458,Lajeado Grande,SC,-26.85487933377736,-52.55194690669207,65,0.20673076923076925,0.014916681278871908,1996,0.022799875341596585,7.35,10.022222222222222,True,True
4209508,Laurentino,SC,-27.207950743808176,-49.73365489664585,65,0.24477038456999078,0.003955471297471759,1975,0.012155116924259905,15.1,17.2,True,True
4209607,Lauro Müller,SC,-28.384596064898144,-49.45193377194039,65,0.0375,0.6587873377864597,1984,1.0,10.35,14.555555555555555,False,False
4209706,Lebon Régis,SC,-26.85841148088696,-50.70256698775897,65,0.22168791215474606,0.009055800110441584,1978,0.020251720191003866,4.05,8.177777777777777,True,True
4209805,Leoberto Leal,SC,-27.47205451352864,-49.25718399058456,65,0.14903846153846154,0.0792542785402758,1996,0.15216720064717362,13.3,17.11111111111111,False,False
4209854,Lindóia do Sul,SC,-27.0314688003862,-52.05243440096792,65,0.2168790637349034,0.01066996892255798,1998,0.017602022491475668,5.05,8.666666666666666,True,True
4209904,Lontras,SC,-27.189473796308587,-49.507266215300085,65,0.2692307692307693,0.001522419555560495,1976,0.0034324144822200546,20.8,23.31111111111111,True,True
4210001,Luiz Alves,SC,-26.72729167733475,-48.89109471637798,65,-0.04087521156866251,0.6303562737244601,1994,0.5211789320492503,23.0,17.177777777777777,False,False
4210035,Luzerna,SC,-27.090424083393383,-51.50575037218861,65,0.2605769230769231,0.0021515738117853294,1982,0.001236234114081279,4.45,9.422222222222222,True,True
4210050,Macieira,SC,-26.803498259054823,-51.35316098957965,65,0.34711538461538466,4.360089234021337e-05,1978,0.00023831817146721104,7.3,12.844444444444445,True,True
4210100,Mafra,SC,-26.20084733267981,-49.88964077036001,65,0.07019230769230769,0.4084852298799554,1977,0.25974984352926617,9.0,14.911111111111111,False,False
4210209,Major Gercino,SC,-27.42794893298064,-49.05265227543224,65,0.16250000000000003,0.05567791074662766,1971,0.1433195491670883,9.95,15.844444444444445,False,False
4210308,Major Vieira,SC,-26.48113996097952,-50.36155731140962,65,0.19423076923076926,0.02218417484152764,1978,0.009222685932882982,3.35,9.155555555555555,True,True
4210407,Maracajá,SC,-28.86397259968996,-49.45550761228801,65,0.01826923076923077,0.8296639093428102,1986,1.0,5.0,6.955555555555556,False,False
4210506,Maravilha,SC,-26.760028188723886,-53.19806747039958,65,0.10384615384615385,0.22138288217168667,2009,0.16144984740732568,7.1,13.555555555555555,False,False
4210555,Marema,SC,-26.812333126875483,-52.63021603902827,65,0.1653846153846154,0.05147284370845172,2002,0.04658952974594933,8.15,10.88888888888889,False,False
4210605,Massaranduba,SC,-26.62684875780138,-48.98819637545777,65,-0.06538461538461539,0.4413305118271882,1995,0.5672409199242981,25.8,22.511111111111113,False,False
4210704,Matos Costa,SC,-26.481285024529942,-51.14183173897895,65,0.19572013068759578,0.021210258269198,1990,0.026129499169554468,12.6,18.77777777777778,True,True
4210803,Meleiro,SC,-28.841790423371908,-49.60182866270835,65,0.012983890733575148,0.878508799334782,1986,0.9122762079475144,6.0,8.622222222222222,False,False
4210852,Mirim Doce,SC,-27.185562598472703,-50.17520047991544,65,0.20961538461538465,0.01357322433412817,1971,0.05967975380939963,8.3,12.088888888888889,True,False
4210902,Modelo,SC,-26.774823217885267,-53.05103649346147,65,0.17359942795631958,0.04097402076403402,2002,0.012155116924259905,6.7,10.866666666666667,False,True
4211009,Mondaí,SC,-27.09921381506843,-53.44638613273912,65,0.14423076923076925,0.08942935902899353,1974,0.24625239477921027,5.95,8.444444444444445,False,False
4211058,Monte Carlo,SC,-27.19378268155982,-50.92754454072693,65,0.19711538461538464,0.02027778283736401,1988,0.08946573118645543,6.05,7.777777777777778,True,False
4211108,Monte Castelo,SC,-26.66061824539865,-50.29145217287358,65,0.2278846153846154,0.007285672235717852,1990,0.01241227887176321,2.15,10.71111111111111,True,True
4211207,Morro da Fumaça,SC,-28.637713158064003,-49.24288364632431,65,0.0014426545259527944,0.9864490388760753,1970,1.0,12.0,14.311111111111112,False,False
4211256,Morro Grande,SC,-28.721963202965338,-49.74054601200414,65,0.09858139260677429,0.2458035640686943,1971,0.11925165071939424,6.9,10.444444444444445,False,False
4211306,Navegantes,SC,-26.828760265740364,-48.72745308771149,65,-0.030769230769230774,0.7171064503042393,1994,0.5791296951003588,13.1,9.311111111111112,False,False
4211405,Nova Erechim,SC,-26.908046019284644,-52.906697491695326,65,0.14423076923076925,0.08942935902899353,2002,0.04179063319747862,7.2,10.377777777777778,False,False
4211454,Nova Itaberaba,SC,-26.961188636655216,-52.83315866927146,65,0.1653846153846154,0.05147284370845172,2002,0.11925165071939424,8.5,9.8,False,False
4211504,Nova Trento,SC,-27.313314159064195,-49.04137970265781,65,0.18942307692307694,0.02570858110600464,1971,0.02876438730541304,18.1,19.933333333333334,True,False
4211603,Nova Veneza,SC,-28.68481781887048,-49.58504866054236,65,0.013461538461538462,0.8740480196882481,1970,1.0,8.55,12.088888888888889,False,False
4211652,Novo Horizonte,SC,-26.49487225879415,-52.796537155049705,65,0.21250000000000002,0.012337808021518988,2002,0.04028960206658344,9.55,18.533333333333335,True,False
4211702,Orleans,SC,-28.280015910041826,-49.37184258115452,65,0.024038461538461543,0.7771237463572624,1985,1.0,9.75,17.22222222222222,False,False
4211751,Otacílio Costa,SC,-27.51712676075484,-49.97177863392318,65,0.21110844563109224,0.01294103303964413,1995,0.018325499953819525,14.1,14.71111111111111,True,True
4211801,Ouro,SC,-27.28342287927609,-51.68192618746795,65,0.14666987680520074,0.08421254482965893,1979,0.20606160692352832,8.15,12.0,False,False
4211850,Ouro Verde,SC,-26.711444627289826,-52.27889651683712,65,0.2153846153846154,0.011203053689114175,2002,0.008459197082313663,8.75,14.533333333333333,True,True
4211876,Paial,SC,-27.212960182842224,-52.48785445949355,65,-0.06826923076923078,0.4214450879802445,1979,0.488220905503328,5.15,4.666666666666667,False,False
4211892,Painel,SC,-27.96358874026872,-50.07209458914375,65,0.12019230769230771,0.1569669882535778,1982,0.45663907784026875,6.95,6.688888888888889,False,False
4211900,Palhoça,SC,-27.77175125862065,-48.6617481782285,65,0.22980769230769232,0.006806990933687693,2007,0.04493933338415746,6.45,10.533333333333333,True,False
4212007,Palma Sola,SC,-26.373448189723003,-53.31445714638294,65,0.2461538461538462,0.003747978450523647,1980,0.009627408979904085,6.05,18.2,True,True
4212056,Palmeira,SC,-27.562624612831204,-50.16165007976614,65,0.17788461538461542,0.03619655620523172,1995,0.08657956663465231,9.0,11.244444444444444,False,False
4212106,Palmitos,SC,-27.09257933039512,-53.17970045919846,65,0.02644866630913456,0.7555108636114545,1998,1.0,6.8,9.6,False,False
4212205,Papanduva,SC,-26.50212902915153,-50.1724315719062,65,0.16923076923076924,0.04628252141634792,1977,0.008099400394002452,3.7,9.133333333333333,False,True
4212239,Paraíso,SC,-26.66279865253941,-53.67828394125117,65,0.10576923076923078,0.21294627515560105,1999,0.27379852014261447,2.75,5.955555555555556,False,False
4212254,Passo de Torres,SC,-29.267191600248506,-49.72175756319382,65,0.2264967605745887,0.007663303220485608,2008,0.0374280118542835,9.6,9.977777777777778,True,False
4212270,Passos Maia,SC,-26.70603211568489,-51.96104147603885,65,0.23996153615014815,0.004726933269919407,1996,0.02876438730541304,7.35,13.0,True,False
4212304,Paulo Lopes,SC,-27.96476800571033,-48.76010860368024,65,0.14230769230769233,0.09378325044585276,1978,0.3035887052227368,5.65,13.733333333333333,False,False
4212403,Pedras Grandes,SC,-28.47944003029488,-49.2044928005824,65,0.07884615384615386,0.3531652909023054,1984,0.9348700819203165,9.05,13.577777777777778,False,False
4212502,Penha,SC,-26.807644625447043,-48.650592305771895,65,-0.029807692307692313,0.7255839366845278,1994,0.45663907784026875,10.95,8.088888888888889,False,False
4212601,Peritiba,SC,-27.35123571300604,-51.875016107475005,65,0.2076923076923077,0.014456386522445592,1989,0.10513368645374463,7.3,8.777777777777779,True,False
4212650,Pescaria Brava,SC,-28.401737227914424,-48.88367484784174,65,0.09807692307692309,0.2481221339531947,2003,0.5672409199242981,7.85,13.2,False,False
4212700,Petrolândia,SC,-27.54557387976156,-49.68272028071839,65,0.25480769230769235,0.0026950653954550177,1996,0.0041336894831218215,12.1,14.177777777777777,True,True
4212809,Balneário Piçarras,SC,-26.759400993390145,-48.73332992326284,65,-0.04568405998850516,0.5906873687663223,1994,0.6599445534483355,14.95,11.688888888888888,False,False
4212908,Pinhalzinho,SC,-26.82947257061292,-52.97665410695003,65,0.14038461538461539,0.09830553419312299,2002,0.08657956663465231,7.95,11.511111111111111,False,False
4213005,Pinheiro Preto,SC,-27.04942784487784,-51.23608452873224,65,0.34134615384615385,5.8301123691237065e-05,1989,0.0003142895023838398,3.9,8.577777777777778,True,True
4213104,Piratuba,SC,-27.46124127199932,-51.772861717286894,65,0.19711538461538464,0.02027778283736401,1982,0.12301501734761935,7.15,10.8,True,False
4213153,Planalto Alegre,SC,-27.051975500380166,-52.86882870438621,65,0.02307692307692308,0.7858169534357987,2002,1.0,7.2,9.0,False,False
4213203,Pomerode,SC,-26.728182462706865,-49.17330508306812,65,-0.057692307692307696,0.49690584756476786,2014,0.6033483431563663,29.35,23.733333333333334,False,False
4213302,Ponte Alta,SC,-27.410148259124263,-50.29876190028579,65,0.23076923076923078,0.006578413612826367,1989,0.06178608302878114,8.5,11.88888888888889,True,False
4213351,Ponte Alta do Norte,SC,-27.18033055460948,-50.41860314169421,65,0.17788461538461542,0.03619655620523172,1989,0.18137345418813178,8.25,11.066666666666666,False,False
4213401,Ponte Serrada,SC,-26.861783662091742,-51.928148596856985,65,0.19519230769230772,0.021532075658869866,1998,0.033468923782858755,5.45,9.622222222222222,True,False
4213500,Porto Belo,SC,-27.174830533650777,-48.6164524092054,65,0.15096153846153848,0.07545725721395402,2007,0.19204067398614047,7.2,9.155555555555555,False,False
4213609,Porto União,SC,-26.38364205107948,-51.00792252250876,65,0.16590527048457135,0.0507948130900441,1989,0.043340125789311776,13.65,19.333333333333332,False,False
4213708,Pouso Redondo,SC,-27.286074007477787,-49.97721562139085,65,0.27019230769230773,0.001464141683299972,1997,0.014060907443860605,13.5,15.244444444444444,True,True
4213807,Praia Grande,SC,-29.18180284978849,-49.9891726105882,65,0.23076923076923078,0.006578413612826367,2006,0.031038301874568873,13.8,8.377777777777778,True,False
4213906,Presidente Castello Branco,SC,-27.23332261172527,-51.780830996201374,65,0.14615384615384616,0.08523973864681578,1979,0.37917085700952197,6.7,10.0,False,False
4214003,Presidente Getúlio,SC,-27.06251273759235,-49.71439751409429,65,0.1451923076923077,0.08731427299935919,1971,0.016564659416996794,18.15,20.844444444444445,False,True
4214102,Presidente Nereu,SC,-27.268232809018723,-49.35476402666141,65,0.24903846153846157,0.0033613933934444453,1977,0.013490690078320355,26.05,25.57777777777778,True,True
4214151,Princesa,SC,-26.432978468748548,-53.61181074332132,65,0.1980769230769231,0.0196748921067039,1980,0.027683537119878636,4.95,12.955555555555556,True,False
4214201,Quilombo,SC,-26.729152585516765,-52.718158731782815,65,0.2174122425626261,0.010496525089321328,2002,0.001980682453894406,8.55,12.4,True,True
4214300,Rancho Queimado,SC,-27.67397866421973,-49.08984515605855,65,0.054807692307692314,0.5186693578126838,1976,0.6926060465695535,12.2,18.266666666666666,False,False
4214409,Rio das Antas,SC,-26.909116240149466,-51.06333082262093,65,0.27073816603714107,0.0014355266326915256,1989,0.010939988910983817,4.5,8.511111111111111,True,True
4214508,Rio do Campo,SC,-26.892302591208907,-50.13138150447246,65,0.18653846153846157,0.028047779175604026,1974,0.10852621480054009,4.85,12.488888888888889,True,False
4214607,Rio do Oeste,SC,-27.158874120835225,-49.84161311996074,65,0.13942307692307693,0.10063110674807266,1970,0.043340125789311776,15.8,16.8,False,False
4214706,Rio dos Cedros,SC,-26.617944749897053,-49.3683970459905,65,0.07884615384615386,0.3531652909023054,1971,0.2810327034097539,25.55,23.2,False,False
4214805,Rio do Sul,SC,-27.196016310835844,-49.629957782207626,65,0.2884615384615385,0.0006817102933708383,1975,0.006795167961004818,16.7,19.377777777777776,True,True
4214904,Rio Fortuna,SC,-28.09344047843804,-49.19057270150443,65,-0.03557692307692308,0.6752581537654916,1970,0.8312453951901982,11.65,16.711111111111112,False,False
4215000,Rio Negrinho,SC,-26.44261001354324,-49.5960601753032,65,0.08800192608312046,0.3001787749050331,1971,0.2810327034097539,13.3,16.666666666666668,False,False
4215059,Rio Rufino,SC,-27.91423460296686,-49.75336126455698,65,0.1432692307692308,0.09158551296933214,1996,0.11925165071939424,8.35,9.022222222222222,False,False
4215075,Riqueza,SC,-26.9783279446397,-53.34435123628079,65,0.030295745045008683,0.7213366343881296,1998,1.0,6.2,9.977777777777778,False,False
4215109,Rodeio,SC,-26.89517607997693,-49.3509988092791,65,0.11012262881439663,0.19481086120172864,1974,0.0732972202658319,28.2,22.88888888888889,False,False
4215208,Romelândia,SC,-26.64831785853337,-53.3170846159347,65,0.04711538461538462,0.5790206953061717,2001,0.2810327034097539,5.75,13.866666666666667,False,False
4215307,Salete,SC,-26.96966628042492,-50.01070247212581,65,0.1601346523807602,0.05939319528936734,1971,0.05278561243410978,10.7,14.266666666666667,False,False
4215356,Saltinho,SC,-26.59057183483801,-53.0223481676608,65,0.11634615384615385,0.17066966756527835,2004,0.07085942951772722,7.45,15.777777777777779,False,False
4215406,Salto Veloso,SC,-26.895876386094653,-51.42801534250302,65,0.3788461538461539,8.151281761432784e-06,1989,2.5279449402802565e-05,4.45,10.933333333333334,True,True
4215455,Sangão,SC,-28.651293956548084,-49.12599755282767,65,0.07884615384615386,0.3531652909023054,1984,0.6535150821111455,9.3,11.11111111111111,False,False
4215505,Santa Cecília,SC,-26.925960356772244,-50.44622243515114,65,0.1,0.23896882733943936,1974,0.36132902060287403,5.2,11.377777777777778,False,False
4215554,Santa Helena,SC,-26.92187246981464,-53.61958930973309,65,0.11634615384615385,0.17066966756527835,2001,0.2810327034097539,3.05,6.4,False,False
4215604,Santa Rosa de Lima,SC,-28.011923442010687,-49.18196993784411,65,-0.03653846153846154,0.6670026854207679,1970,0.5439095912556042,11.8,16.6,False,False
4215653,Santa Rosa do Sul,SC,-29.121518955408742,-49.74370382823447,65,0.16153846153846155,0.057141691282258024,2008,0.10513368645374463,9.6,8.8,False,False
4215679,Santa Terezinha,SC,-26.66758839116994,-50.00531203620122,65,0.15865384615384617,0.06172624233514096,1970,0.0954805823504146,3.85,10.911111111111111,False,False
4215687,Santa Terezinha do Progresso,SC,-26.5927961838155,-53.16982619472565,65,0.05,0.5560061415710047,2001,0.10852621480054009,5.75,13.466666666666667,False,False
4215695,Santiago do Sul,SC,-26.630864496390444,-52.69731136135933,65,0.24134615384615388,0.0044829332297607605,2000,0.004964549597557599,9.8,16.022222222222222,True,True
4215703,Santo Amaro da Imperatriz,SC,-27.74181966824032,-48.79656978548185,65,0.2278846153846154,0.007285672235717852,2007,0.03474573545009981,9.1,13.622222222222222,True,False
4215752,São Bernardino,SC,-26.48769129500468,-52.98758085959643,65,0.12692307692307694,0.135017381575575,2004,0.0810416956090477,9.05,20.866666666666667,False,False
4215802,São Bento do Sul,SC,-26.294914458290712,-49.34998962401389,65,0.15917288269679164,0.06093752056919935,1979,0.036065047811419726,18.4,18.444444444444443,False,False
4215901,São Bonifácio,SC,-27.956508395634334,-48.93908974433312,65,0.11923076923076925,0.16031184519331876,1971,0.17118085708445183,8.0,14.511111111111111,False,False
4216008,São Carlos,SC,-27.03005043251414,-53.031522643654846,65,-0.0019230769230769234,0.9819330169178719,1977,1.0,7.95,9.88888888888889,False,False
4216057,São Cristóvão do Sul,SC,-27.29512868975345,-50.34957447446104,65,0.17797019855790192,0.03619058451713181,1989,0.2003602689985056,8.25,11.066666666666666,False,False
4216107,São Domingos,SC,-26.53941537714393,-52.55455568933605,65,0.1653846153846154,0.05147284370845172,2002,0.10852621480054009,8.3,15.644444444444444,False,False
4216206,São Francisco do Sul,SC,-26.26160618299716,-48.64020774400144,65,0.1076923076923077,0.20474428938111378,1993,0.5100406406299057,7.55,10.2,False,False
4216255,São João do Oeste,SC,-27.091586152352622,-53.59170085928774,65,0.19519230769230772,0.021532075658869866,1973,0.07838680053058594,4.6,6.844444444444444,True,False
4216305,São João Batista,SC,-27.32898294826036,-48.8590632251055,65,0.17403846153846156,0.04042092332408574,1971,0.022799875341596585,11.65,15.022222222222222,False,True
4216354,São João do Itaperiú,SC,-26.59100684494488,-48.79776327539994,65,-0.003846153846153847,0.9638752961842721,2018,1.0,16.1,12.866666666666667,False,False
4216404,São João do Sul,SC,-29.20559290535288,-49.81335650961765,65,0.21634615384615385,0.010845950917060442,2006,0.06395574274390818,10.4,10.155555555555555,True,False
4216503,São Joaquim,SC,-28.2983148111686,-50.0138975172172,65,0.3538461538461539,3.0893307449741695e-05,1982,0.001840518197403408,7.2,6.355555555555555,True,True
4216602,São José,SC,-27.57842380278244,-48.6561569987162,65,0.24380861488602226,0.004099939724673374,2007,0.006217636299301284,7.3,11.2,True,True
4216701,São José do Cedro,SC,-26.480864554860453,-53.53365561192576,65,0.20961538461538465,0.01357322433412817,2000,0.025628914308205172,4.7,12.977777777777778,True,True
4216800,São José do Cerrito,SC,-27.59829224708383,-50.65040210632997,65,0.2557692307692308,0.002596549603187962,1978,0.022799875341596585,5.9,8.466666666666667,True,True
4216909,São Lourenço do Oeste,SC,-26.46537122525715,-52.85978819964814,65,0.10384615384615385,0.22138288217168667,1978,0.16144984740732568,8.55,19.8,False,False
4217006,São Ludgero,SC,-28.35312446549739,-49.16806390707476,65,-0.003846153846153847,0.9638752961842721,1968,1.0,10.5,17.644444444444446,False,False
4217105,São Martinho,SC,-28.124474223706176,-48.97191657211114,65,0.07307692307692308,0.3894966529371431,1970,0.488220905503328,10.65,16.22222222222222,False,False
4217154,São Miguel da Boa Vista,SC,-26.68974925995856,-53.24003238694975,65,0.10384615384615385,0.22138288217168667,2009,0.16144984740732568,6.45,13.311111111111112,False,False
4217204,São Miguel do Oeste,SC,-26.727191174652592,-53.51233314350056,65,0.09711538461538463,0.252789642803682,1999,0.11200893327810173,2.2,6.533333333333333,False,False
4217253,São Pedro de Alcântara,SC,-27.591551762611623,-48.83702854375834,65,0.1451923076923077,0.08731427299935919,2007,0.1975562773493669,9.2,13.28888888888889,False,False
4217303,Saudades,SC,-26.897260377659464,-53.040024444402505,65,-0.02307692307692308,0.7858169534357987,1978,0.8312453951901982,7.55,10.644444444444444,False,False
4217402,Schroeder,SC,-26.367897016003703,-49.06047484422893,65,0.2173076923076923,0.010499001925212305,1986,0.006795167961004818,17.75,17.822222222222223,True,True
4217501,Seara,SC,-27.14783482328469,-52.340715727461976,65,0.0,1.0,2018,1.0,5.9,7.333333333333333,False,False
4217550,Serra Alta,SC,-26.692577621940675,-53.025305123449485,65,0.17359942795631958,0.04097402076403402,2002,0.012155116924259905,7.5,13.555555555555555,False,True
4217600,Siderópolis,SC,-28.58349295908947,-49.52663799012586,65,0.03461538461538462,0.683552875272655,1971,1.0,9.6,12.933333333333334,False,False
4217709,Sombrio,SC,-29.070207915425662,-49.65593009007746,65,0.13269230769230772,0.11816028735144751,1979,0.20319531429857648,7.4,8.822222222222223,False,False
4217758,Sul Brasil,SC,-26.695259500318592,-52.94683663903134,65,0.23076923076923078,0.006578413612826367,2002,0.0035966352221085086,6.5,11.577777777777778,True,True
4217808,Taió,SC,-27.07851326282684,-50.092301080345216,65,0.17403846153846156,0.04042092332408574,1971,0.05185908915400302,10.55,15.422222222222222,False,False
4217907,Tangará,SC,-27.147047168721468,-51.147127411090615,65,0.2384615384615385,0.004984294489621833,1989,0.01241227887176321,4.3,7.0,True,True
4217956,Tigrinhos,SC,-26.67608294631349,-53.156564189821445,65,0.07980769230769232,0.3473253208868534,2004,0.1476898403483945,6.55,13.688888888888888,False,False
4218004,Tijucas,SC,-27.24758692785567,-48.70097923078755,65,0.16686704016853987,0.04946841313982987,2007,0.17118085708445183,10.5,11.88888888888889,False,False
4218103,Timbé do Sul,SC,-28.80744678389322,-49.86851967589252,65,0.24477038456999078,0.003955471297471759,1971,0.014652703987493569,9.65,10.333333333333334,True,True
4218202,Timbó,SC,-26.80824002876799,-49.26879885082225,65,-0.06057692307692309,0.47563877428430523,2011,0.44641878404152746,29.35,24.066666666666666,False,False
4218251,Timbó Grande,SC,-26.624362275886728,-50.66563231250117,65,0.1125,0.18524939541359853,1978,0.036065047811419726,4.05,10.088888888888889,False,False
4218301,Três Barras,SC,-26.169878388211973,-50.25523065864277,65,0.23365384615384616,0.005933512117906358,1978,0.010939988910983817,9.8,14.244444444444444,True,True
4218350,Treviso,SC,-28.49917293639752,-49.48982590764867,65,0.01586919978548074,0.8517949400604597,2007,1.0,9.9,13.88888888888889,False,False
4218400,Treze de Maio,SC,-28.56618341530919,-49.15419498932206,65,0.07884615384615386,0.3531652909023054,1984,0.6535150821111455,9.6,12.088888888888889,False,False
4218509,Treze Tílias,SC,-26.964833957856435,-51.44935621480603,65,0.3788461538461539,8.151281761432784e-06,1989,2.5279449402802565e-05,5.25,11.2,True,True
4218608,Trombudo Central,SC,-27.31217900479467,-49.81141418210607,65,0.30055302624016544,0.00040252551857556057,1975,0.005946011397210716,13.85,16.644444444444446,True,True
4218707,Tubarão,SC,-28.481641265574627,-49.03728041791122,65,0.04615384615384616,0.5867904254454406,1984,1.0,8.0,13.155555555555555,False,False
4218756,Tunápolis,SC,-26.98812995998956,-53.64991298165573,65,0.12551094375789312,0.13950276666432346,1974,0.16144984740732568,4.95,7.2444444444444445,False,False
4218806,Turvo,SC,-28.90313006087621,-49.70348078201432,65,0.07980769230769232,0.3473253208868534,1970,0.46701295818182675,8.05,10.2,False,False
4218855,União do Oeste,SC,-26.786672897743173,-52.85595932985984,65,0.2105769230769231,0.01314978662714658,2002,0.0023471190382498494,8.3,11.622222222222222,True,True
4218905,Urubici,SC,-28.03886229684573,-49.57737305032242,65,0.1836538461538462,0.030568176043374543,1996,0.06395574274390818,13.85,15.177777777777777,True,False
4218954,Urupema,SC,-28.02362803315713,-49.900908158459536,65,0.07403846153846154,0.3832884041626353,1996,0.5672409199242981,7.7,7.911111111111111,False,False
4219002,Urussanga,SC,-28.49267525870459,-49.328275057434766,65,0.04087521156866251,0.6303562737244601,1970,1.0,10.2,14.666666666666666,False,False
4219101,Vargeão,SC,-26.77869560106156,-52.12420072555603,65,0.12500000000000003,0.14103164052071637,2002,0.2270165572915539,7.15,12.666666666666666,False,False
4219150,Vargem,SC,-27.466863349386927,-50.95040958069326,65,0.12454917407392459,0.14256051443382467,2008,0.4775403025455924,4.1,7.266666666666667,False,False
4219176,Vargem Bonita,SC,-26.944971350205865,-51.75670286190526,65,0.28035586287682634,0.0009646441769292539,1989,0.0069469983049862336,5.3,11.666666666666666,True,True
4219200,Vidal Ramos,SC,-27.38799517410232,-49.34777989219313,65,0.18269230769230774,0.03145044869191862,1976,0.0374280118542835,20.4,22.555555555555557,True,False
4219309,Videira,SC,-27.006556092740485,-51.12684809417697,65,0.2692307692307693,0.001522419555560495,1989,0.0011172318309649377,4.25,8.71111111111111,True,True
4219358,Vitor Meireles,SC,-26.82649645030282,-49.845175256378994,65,0.14038461538461539,0.09830553419312299,1971,0.03474573545009981,12.9,16.822222222222223,False,False
4219408,Witmarsum,SC,-26.93742194986928,-49.84174189274439,65,0.09423076923076924,0.26715785444604245,1971,0.033468923782858755,14.65,17.266666666666666,False,False
4219507,Xanxerê,SC,-26.872215536901304,-52.40978616706508,65,0.2326923076923077,0.006141854588758913,1997,0.005435034567596376,6.05,8.088888888888889,True,True
4219606,Xavantina,SC,-27.021191130400773,-52.321662625412834,65,0.0778846153846154,0.35906697866031423,1998,0.6156758708469371,4.95,8.555555555555555,False,False
4219705,Xaxim,SC,-26.970300464493377,-52.52909319452503,65,0.15,0.07733678360610473,1998,0.053726377031536474,7.2,9.022222222222222,False,False
4219853,Zortéa,SC,-27.47691093082672,-51.53559073063335,65,0.17115384615384618,0.043857193295064656,1982,0.05565131986374875,8.25,11.533333333333333,False,False
4220000,Balneário Rincão,SC,-28.826737965254,-49.25423957541362,65,-0.008653846153846154,0.9188321343240562,1986,1.0,6.1,9.955555555555556,False,False
4300034,Aceguá,RS,-31.6905483565392,-54.13918729385155,65,-0.02933397536104015,0.7298312391106343,1971,0.573166815335483,3.7,2.2222222222222223,False,False
4300059,Água Santa,RS,-28.213872296437312,-52.0517491617733,65,0.09665785323883723,0.25513858177221016,1981,0.44641878404152746,14.9,10.066666666666666,False,False
4300109,Agudo,RS,-29.608035991492155,-53.22658712311265,65,0.3480769230769231,4.152208040398953e-05,1979,0.0025837459785470547,5.25,4.8,True,True
4300208,Ajuricaba,RS,-28.20991870306021,-53.73725678781847,65,0.2480769230769231,0.003486022546985994,1975,0.053726377031536474,7.1,8.622222222222222,True,False
4300307,Alecrim,RS,-27.651756851594143,-54.783252018011225,65,0.11442307692307693,0.17784832771439973,2012,0.17621863751350042,5.35,3.2,False,False
4300406,Alegrete,RS,-29.76397133026441,-55.83626523020855,65,0.18461538461538465,0.029707245169198246,2008,0.05004808403109762,1.15,4.0,True,False
4300455,Alegria,RS,-27.81363973029752,-54.05627434581052,65,0.28324117192873194,0.0008541932162447266,1978,0.007101915496690558,9.6,11.488888888888889,True,True
4300471,Almirante Tamandaré do Sul,RS,-28.12988001207185,-52.907704629432445,65,0.32980769230769236,0.00010287450331358499,2004,0.0027101605930681836,11.75,8.6,True,True
4300505,Alpestre,RS,-27.21741435943575,-53.063507764508806,65,-0.0375,0.6587873377864597,1973,1.0,7.6,8.644444444444444,False,False
4300554,Alto Alegre,RS,-28.80422911791018,-52.98898476173987,65,0.18653846153846157,0.028047779175604026,2006,0.04179063319747862,11.9,6.044444444444444,True,False
4300570,Alto Feliz,RS,-29.36293557412941,-51.3049309013616,65,0.12358740438995605,0.14566945352822955,1977,0.13696117762157364,14.7,8.777777777777779,False,False
4300604,Alvorada,RS,-29.994984432356134,-51.0373002416717,65,0.2057692307692308,0.015389839986918645,1989,0.04028960206658344,6.65,7.555555555555555,True,False
4300638,Amaral Ferrador,RS,-30.810255447251503,-52.31729016201501,65,0.20865384615384616,0.014008663383803684,1982,0.02876438730541304,5.7,4.888888888888889,True,False
4300646,Ametista do Sul,RS,-27.36556825231299,-53.19271187117481,65,0.07403846153846154,0.3832884041626353,2013,0.7465872320851034,4.3,6.222222222222222,False,False
4300661,André da Rocha,RS,-28.594299455842872,-51.504176930713896,65,0.2586538461538462,0.0023204267726038646,1997,0.0028422709815247326,20.8,11.88888888888889,True,True
4300703,Anta Gorda,RS,-28.9702136303137,-51.994702464982,65,0.2009615384615385,0.017959163268484925,2006,0.1348934261598594,21.95,10.977777777777778,True,False
4300802,Antônio Prado,RS,-28.88243310087133,-51.31656689223143,65,0.36057692307692313,2.1758289255506334e-05,1978,0.0009586199975089164,18.45,10.244444444444444,True,True
4300851,Arambaré,RS,-30.918551470892297,-51.57863966711264,65,0.19711538461538464,0.02027778283736401,1978,0.11925165071939424,3.45,5.288888888888889,True,False
4300877,Araricá,RS,-29.63520401892009,-50.93455982675038,65,0.1605769230769231,0.058637341033104036,2006,0.20319531429857648,16.3,9.444444444444445,False,False
4300901,Aratiba,RS,-27.387463756630115,-52.30239843225792,65,0.021153846153846155,0.8032826965468698,2021,1.0,8.1,5.822222222222222,False,False
4301008,Arroio do Meio,RS,-29.36215441150257,-51.96497169948952,65,0.14615384615384616,0.08523973864681578,2006,0.186646930242533,10.7,5.355555555555555,False,False
4301057,Arroio do Sal,RS,-29.520359460329896,-49.89262646532505,65,0.2586538461538462,0.0023204267726038646,1979,0.02876438730541304,8.2,4.555555555555555,True,False
4301073,Arroio do Padre,RS,-31.440357732488025,-52.39749296126518,65,0.28750000000000003,0.0007104655262034,1974,0.016564659416996794,6.55,5.977777777777778,True,True
4301107,Arroio dos Ratos,RS,-30.192829316410418,-51.751897188898894,65,0.3538461538461539,3.0893307449741695e-05,1996,0.000101257074974498,4.45,5.2,True,True
4301206,Arroio do Tigre,RS,-29.25875178960792,-53.05219053645706,65,0.23365384615384616,0.005933512117906358,1969,0.04829200871359571,6.15,4.488888888888889,True,False
4301305,Arroio Grande,RS,-32.18841776940764,-52.91964970930239,65,0.08750000000000001,0.302835364563549,1971,0.18137345418813178,9.6,4.866666666666666,False,False
4301404,Arvorezinha,RS,-28.86410059997784,-52.18695442346568,65,0.13942307692307693,0.10063110674807266,2006,0.07580582880191701,22.0,10.4,False,False
4301503,Augusto Pestana,RS,-28.533922214779565,-54.00707675395679,65,0.30769230769230776,0.00029088330683338913,2009,0.003124511435185525,4.75,6.7555555555555555,True,True
4301552,Áurea,RS,-27.70854103274166,-52.07653326175142,65,0.12070209533805047,0.15530790708588585,1969,0.23329562826712694,11.2,7.688888888888889,False,False
4301602,Bagé,RS,-31.23656640677262,-54.015747473465225,65,0.06730769230769232,0.42801444993475524,1981,0.18137345418813178,4.75,5.711111111111111,False,False
4301636,Balneário Pinhal,RS,-30.210857064389536,-50.293989525996274,65,0.3201923076923077,0.00016293221273826002,2007,0.0005395957194361724,2.2,3.911111111111111,True,True
4301651,Barão,RS,-29.38518557681554,-51.48873237653464,65,0.22884615384615387,0.0070426804278188836,1997,0.03474573545009981,12.7,9.577777777777778,True,False
4301701,Barão de Cotegipe,RS,-27.56767552020436,-52.417113178373,65,0.13365384615384618,0.11551864505727938,2013,0.2397071069526228,8.35,4.644444444444445,False,False
4301750,Barão do Triunfo,RS,-30.41733276497524,-51.79839651774022,65,0.4173076923076923,8.919926405953304e-07,1989,5.391928060861191e-06,3.0,7.088888888888889,True,True
4301800,Barracão,RS,-27.723065498128065,-51.43870635711503,65,0.10384615384615385,0.22138288217168667,1982,0.17118085708445183,6.85,12.066666666666666,False,False
4301859,Barra do Guarita,RS,-27.20530552582545,-53.76360842011669,65,0.4067307692307693,1.6717086028564487e-06,1996,0.00011375263429501414,5.5,7.133333333333334,True,True
4301875,Barra do Quaraí,RS,-30.15135857886872,-57.3352373146585,65,0.11730769230769231,0.16716277228271015,2002,0.27379852014261447,1.6,2.2,False,False
4301909,Barra do Ribeiro,RS,-30.37384050826501,-51.35767274457443,65,0.30576923076923085,0.00031743366486994637,1989,0.001300071683545282,2.15,4.133333333333334,True,True
4301925,Barra do Rio Azul,RS,-27.40295897871228,-52.406747259014736,65,0.07357538082359251,0.3863773062896759,2013,0.29592667730419125,7.85,5.155555555555556,False,False
4301958,Barra Funda,RS,-27.92167951432432,-53.01657211286511,65,0.1937965913196587,0.022514456634614544,2009,0.2148498852809811,8.2,5.7555555555555555,True,False
4302006,Barros Cassal,RS,-29.113325958671545,-52.58862864334766,65,0.07980769230769232,0.3473253208868534,1995,0.8025622312742078,7.25,6.066666666666666,False,False
4302055,Benjamin Constant do Sul,RS,-27.48478158368904,-52.64261832788101,65,-0.0125,0.8829773063503712,1999,0.4070731221914113,7.7,4.911111111111111,False,False
4302105,Bento Gonçalves,RS,-29.12570048216554,-51.55186243754898,65,0.3538461538461539,3.0893307449741695e-05,1997,0.0028422709815247326,21.2,12.311111111111112,True,True
4302154,Boa Vista das Missões,RS,-27.70152773656871,-53.34154304956413,65,0.20052897910743842,0.018233819205158472,1971,0.05278561243410978,6.6,9.688888888888888,True,False
4302204,Boa Vista do Buricá,RS,-27.67481964791581,-54.09979648937434,65,0.12115384615384618,0.15367530699707593,2008,0.3113955087807632,11.55,11.6,False,False
4302220,Boa Vista do Cadeado,RS,-28.65599920990732,-53.83756406976124,65,0.3788461538461539,8.151281761432784e-06,2004,0.0016679338127319765,5.85,7.555555555555555,True,True
4302238,Boa Vista do Incra,RS,-28.865184985757374,-53.46149500315521,65,0.22884615384615387,0.0070426804278188836,1970,0.053726377031536474,7.7,4.822222222222222,True,False
4302253,Boa Vista do Sul,RS,-29.35125797611329,-51.67240117913038,65,0.3586538461538462,2.406512874145137e-05,2005,0.0010089899659976474,16.55,8.844444444444445,True,True
4302303,Bom Jesus,RS,-28.59816090717391,-50.42338040467674,65,0.31250000000000006,0.00023332510314954838,1996,0.014652703987493569,5.65,7.333333333333333,True,True
4302352,Bom Princípio,RS,-29.47037715172113,-51.36351687716153,65,0.2153846153846154,0.011203053689114175,1978,0.024653148270964056,10.9,7.511111111111111,True,True
4302378,Bom Progresso,RS,-27.545309099898137,-53.84892716405598,65,0.33942307692307694,6.416711713904296e-05,2004,0.003275128172611387,9.05,9.733333333333333,True,True
4302402,Bom Retiro do Sul,RS,-29.637720289947104,-51.92245491935737,65,0.3490384615384616,3.953754112601504e-05,1998,0.0002663486608165839,8.6,2.8666666666666667,True,True
4302451,Boqueirão do Leão,RS,-29.3057415624939,-52.41394582402681,65,0.10096153846153848,0.2344826070931848,2006,0.7328989927313598,7.1,2.5555555555555554,False,False
4302501,Bossoroca,RS,-28.661763376501607,-54.97153827981896,65,0.20192307692307696,0.017417130286899955,1977,0.0954805823504146,2.45,4.2,True,False
4302584,Bozano,RS,-28.35430804183368,-53.75178528385307,65,0.326923076923077,0.00011824234847146927,2009,0.01869710762272877,5.85,7.7555555555555555,True,True
4302600,Braga,RS,-27.58116781238511,-53.74225503291943,65,0.2980769230769231,0.00044800760165303284,1978,0.014060907443860605,6.55,7.933333333333334,True,True
4302659,Brochier,RS,-29.53700401088647,-51.6222597578676,65,0.3538461538461539,3.0893307449741695e-05,1997,0.0005690247956183885,11.45,7.022222222222222,True,True
4302709,Butiá,RS,-30.18337514934707,-52.004624121107256,65,0.37307692307692314,1.1167635142820231e-05,1989,5.947199361189405e-05,6.45,4.311111111111111,True,True
4302808,Caçapava do Sul,RS,-30.593232899860595,-53.47780454478157,65,0.2880500203485746,0.0006958118997328732,1981,0.0035966352221085086,4.0,5.888888888888889,True,True
4302907,Cacequi,RS,-29.920617563742656,-54.80252295037675,65,0.2784323235088893,0.0010454741553671844,2008,0.008459197082313663,4.8,5.844444444444444,True,True
4303004,Cachoeira do Sul,RS,-30.205940562574902,-52.9863146120347,65,0.21110844563109224,0.01294103303964413,1989,0.03540000759127232,1.95,3.511111111111111,True,False
4303103,Cachoeirinha,RS,-29.920947616528306,-51.09542034300285,65,0.2692307692307693,0.001522419555560495,1989,0.009627408979904085,8.55,8.133333333333333,True,True
4303202,Cacique Doble,RS,-27.81415096697886,-51.67686837125462,65,0.12019230769230771,0.1569669882535778,1981,0.33569432777951663,9.65,10.755555555555556,False,False
4303301,Caibaté,RS,-28.33531599009086,-54.65518333372384,65,0.15865384615384617,0.06172624233514096,1979,0.44641878404152746,5.05,6.133333333333334,False,False
4303400,Caiçara,RS,-27.24651609273877,-53.46659708579423,65,0.24038461538461542,0.004644733942292503,1994,0.04658952974594933,4.65,7.7555555555555555,True,False
4303509,Camaquã,RS,-30.92241608319125,-51.78873627605608,65,0.25961538461538464,0.0022345392261445187,1982,0.02876438730541304,5.1,7.555555555555555,True,False
4303558,Camargo,RS,-28.6163975473343,-52.22121720764421,65,0.25631162077761316,0.002548129962268554,2004,0.05004808403109762,21.25,11.6,True,False
4303608,Cambará do Sul,RS,-29.058068888052247,-50.13517390599976,65,0.11781678628614486,0.16542298135557165,2000,0.19204067398614047,15.5,8.555555555555555,False,False
4303673,Campestre da Serra,RS,-28.726127755862056,-51.0986820840726,65,0.17359942795631958,0.04097402076403402,1981,0.08946573118645543,11.7,7.8,False,False
4303707,Campina das Missões,RS,-27.9629486914846,-54.83412552567173,65,0.0601106052480331,0.47914121277227717,1969,0.8168482142462784,7.15,6.666666666666667,False,False
4303806,Campinas do Sul,RS,-27.736245821401138,-52.6575248788738,65,0.04040404507801016,0.6343796142249618,2013,0.2847027809942392,11.95,5.711111111111111,False,False
4303905,Campo Bom,RS,-29.6726293577978,-51.04859636236586,65,0.28269230769230774,0.0008719143155887893,1998,0.016564659416996794,15.2,9.11111111111111,True,True
4304002,Campo Novo,RS,-27.668314175585696,-53.82460440407965,65,0.2576923076923077,0.002409327973634356,1983,0.024653148270964056,7.8,8.755555555555556,True,True
4304101,Campos Borges,RS,-28.90565939627324,-53.057680474823,65,0.18461538461538465,0.029707245169198246,2006,0.10513368645374463,12.25,5.711111111111111,True,False
4304200,Candelária,RS,-29.700451952185823,-52.813207126937606,65,0.2730769230769231,0.0013014185007797028,2004,0.031038301874568873,3.8,3.3777777777777778,True,False
4304309,Cândido Godói,RS,-27.93378545661066,-54.71943952403667,65,0.25000000000000006,0.0032408345715186702,1994,0.04829200871359571,7.15,6.666666666666667,True,False
4304358,Candiota,RS,-31.554169300530376,-53.74552589253678,65,0.01826923076923077,0.8296639093428102,1971,0.4070731221914113,7.45,4.822222222222222,False,False
4304408,Canela,RS,-29.35136738465584,-50.775214376986014,65,0.20480769230769233,0.015876159806045093,1977,0.15216720064717362,20.15,6.733333333333333,True,False
4304507,Canguçu,RS,-31.217158398037107,-52.66915520548384,65,0.2278846153846154,0.007285672235717852,1982,0.007421232664532038,6.85,5.688888888888889,True,True
4304606,Canoas,RS,-29.9122339220277,-51.179625178026896,65,0.2692307692307693,0.001522419555560495,1989,0.009627408979904085,10.25,8.355555555555556,True,True
4304614,Canudos do Vale,RS,-29.327017173657275,-52.234198177795015,65,0.14230769230769233,0.09378325044585276,1996,0.1662584764648557,9.15,5.822222222222222,False,False
4304622,Capão Bonito do Sul,RS,-28.152362244289872,-51.3892041378642,65,0.225,0.008060423079027226,1982,0.0051949151795271575,7.45,8.555555555555555,True,True
4304630,Capão da Canoa,RS,-29.6796182534997,-49.99960361812913,65,0.1855769230769231,0.02886724751932723,1979,0.10513368645374463,7.25,3.577777777777778,True,False
4304655,Capão do Cipó,RS,-28.95920267299974,-54.58243351507538,65,0.22211538461538463,0.008908128193386117,1977,0.04829200871359571,3.2,7.111111111111111,True,False
4304663,Capão do Leão,RS,-31.83330668386164,-52.53825234091296,65,0.08653846153846155,0.308179547467054,1973,0.04179063319747862,10.65,8.022222222222222,False,False
4304671,Capivari do Sul,RS,-30.134858748208103,-50.51178714469604,65,0.21153846153846156,0.012738072274857487,2011,0.04658952974594933,2.6,5.622222222222222,True,False
4304689,Capela de Santana,RS,-29.705903017205948,-51.35744446896282,65,0.23750000000000004,0.005162356812227657,1978,0.014652703987493569,10.55,6.955555555555556,True,True
4304697,Capitão,RS,-29.283209001147032,-51.98439848859371,65,0.054807692307692314,0.5186693578126838,2006,0.5555005761215098,12.2,7.111111111111111,False,False
4304705,Carazinho,RS,-28.27796108270114,-52.86360287084507,65,0.30192307692307696,0.00037747641617255206,2004,0.019460569787467734,13.95,8.6,True,True
4304713,Caraá,RS,-29.77221737273921,-50.34179860298985,65,0.18269230769230774,0.03145044869191862,2011,0.1433195491670883,9.75,7.444444444444445,True,False
4304804,Carlos Barbosa,RS,-29.32173311471693,-51.50452858944568,65,0.3399855832828752,6.263336533511223e-05,1979,0.0027101605930681836,17.1,10.377777777777778,True,True
4304853,Carlos Gomes,RS,-27.70424790986404,-51.92973671811632,65,0.020192307692307693,0.8120531453899646,1982,1.0,9.35,8.933333333333334,False,False
4304903,Casca,RS,-28.59441318674913,-51.9673117414384,65,0.14378456775329515,0.090497104527437,2000,0.0939460462444957,20.2,10.866666666666667,False,False
4304952,Caseiros,RS,-28.24837167806356,-51.73702033876143,65,0.06923076923076923,0.4149352520971258,1999,0.3701743102121331,13.75,9.622222222222222,False,False
4305009,Catuípe,RS,-28.168456744921087,-54.03437253697693,65,0.24423076923076928,0.004027705527632766,2009,0.04179063319747862,7.85,8.955555555555556,True,False
4305108,Caxias do Sul,RS,-29.102062076623547,-51.023520627683496,65,0.2538461538461539,0.0027969856672858465,1979,0.014060907443860605,18.75,10.644444444444444,True,True
4305116,Centenário,RS,-27.77539752070138,-52.00309349035281,65,0.2105769230769231,0.01314978662714658,1980,0.017249952653633677,9.4,6.888888888888889,True,True
4305124,Cerrito,RS,-31.72966681104372,-52.79602311710289,65,0.07069007177168692,0.4052752071089083,1972,0.3035887052227368,9.7,7.288888888888889,False,False
4305132,Cerro Branco,RS,-29.627053625673643,-52.99555228082361,65,0.33461538461538465,8.13716056032753e-05,1979,0.014060907443860605,5.8,5.155555555555556,True,True
4305157,Cerro Grande,RS,-27.628594083691496,-53.16305818522,65,0.21826923076923077,0.010161961215914167,1978,0.1662584764648557,8.95,7.777777777777778,True,False
4305173,Cerro Grande do Sul,RS,-30.583925371606338,-51.76026711734495,65,0.3240384615384616,0.0001357569343169759,1978,0.004743582837762857,3.05,5.044444444444444,True,True
4305207,Cerro Largo,RS,-28.13078487390877,-54.73947488189629,65,0.25961538461538464,0.0022345392261445187,1979,0.04179063319747862,5.9,5.488888888888889,True,False
4305306,Chapada,RS,-28.096860732889866,-53.11510035445662,65,0.3201923076923077,0.00016293221273826002,1981,0.017249952653633677,7.75,7.8,True,True
4305355,Charqueadas,RS,-29.99023958541721,-51.55616435511483,65,0.37307692307692314,1.1167635142820231e-05,1989,8.492989135963049e-05,8.05,6.488888888888889,True,True
4305371,Charrua,RS,-27.94500887760004,-52.00043883196274,65,0.22884615384615387,0.0070426804278188836,1982,0.032233482480051354,10.95,7.555555555555555,True,False
4305405,Chiapetta,RS,-27.98646160122729,-53.90992555045501,65,0.285164711296669,0.0007872041503665035,1979,0.01241227887176321,8.75,9.8,True,True
4305439,Chuí,RS,-33.65256345354407,-53.412666234511725,65,0.22403846153846155,0.008334606052782998,1983,0.04028960206658344,1.4,0.5333333333333333,True,False
4305447,Chuvisca,RS,-30.78196310025684,-52.00472241831074,65,0.2486174633058649,0.0034226754428121784,1985,0.017249952653633677,5.9,7.911111111111111,True,True
4305454,Cidreira,RS,-30.121028427410465,-50.27213725730948,65,0.28269230769230774,0.0008719143155887893,2007,0.0015104921756299722,2.2,3.911111111111111,True,True
4305504,Ciríaco,RS,-28.34618842650652,-51.91762728248868,65,0.12935802249376724,0.12777446352434002,1999,0.29973965878959424,16.65,10.6,False,False
4305587,Colinas,RS,-29.391764706181203,-51.86556524527373,65,0.20384615384615387,0.016375942740005898,1997,0.20319531429857648,10.75,5.6,True,False
4305603,Colorado,RS,-28.47245579202805,-52.991294813957005,65,0.2836538461538462,0.0008371287560921994,1970,0.020251720191003866,13.95,8.088888888888889,True,True
4305702,Condor,RS,-28.16556173897789,-53.4939311456651,65,0.22457322120665163,0.008195462675085008,1975,0.04743415225941529,8.05,8.822222222222223,True,False
4305801,Constantina,RS,-27.689272882003024,-52.9903333965797,65,0.12211538461538464,0.1504363713206985,2009,0.3274473959752802,6.5,5.7555555555555555,False,False
4305835,Coqueiro Baixo,RS,-29.168250241820434,-52.12624520135088,65,0.08365384615384616,0.3245842756703249,1996,0.46701295818182675,14.55,7.955555555555556,False,False
4305850,Coqueiros do Sul,RS,-28.13081189954876,-52.75916520517701,65,0.20673076923076925,0.014916681278871908,2009,0.17118085708445183,14.9,7.4,True,False
4305871,Coronel Barros,RS,-28.403892848658824,-54.06023655210396,65,0.2538461538461539,0.0027969856672858465,2009,0.010939988910983817,5.85,6.822222222222222,True,True
4305900,Coronel Bicaco,RS,-27.79769634822222,-53.6463484380002,65,0.2649675479333299,0.0018117472849547634,1988,0.02876438730541304,6.95,10.155555555555555,True,False
4305934,Coronel Pilar,RS,-29.26269110371123,-51.72047672392964,65,0.3567307692307693,2.6603481470870296e-05,1997,0.0023471190382498494,17.5,8.133333333333333,True,True
4305959,Cotiporã,RS,-28.99529743132548,-51.6892731506456,65,0.3240384615384616,0.0001357569343169759,1985,0.006795167961004818,22.55,12.6,True,True
4305975,Coxilha,RS,-28.12171673583688,-52.332667647923806,65,0.04615384615384616,0.5867904254454406,1969,0.6794395367093345,16.0,9.333333333333334,False,False
4306007,Crissiumal,RS,-27.487487862960656,-54.136694942718506,65,0.24038461538461542,0.004644733942292503,2002,0.0027101605930681836,8.5,7.066666666666666,True,True
4306056,Cristal,RS,-31.00909262040365,-52.03016999691458,65,0.23557692307692307,0.0055358278705207545,1985,0.0374280118542835,6.5,7.888888888888889,True,False
4306072,Cristal do Sul,RS,-27.432421448614463,-53.24863628879642,65,0.12884615384615386,0.1292032674393662,2013,0.46701295818182675,5.8,7.555555555555555,False,False
4306106,Cruz Alta,RS,-28.70291190848913,-53.56256587261721,65,0.31923076923076926,0.00017048495694444306,2006,0.01190277071465173,5.8,6.555555555555555,True,True
4306130,Cruzaltense,RS,-27.62730022785633,-52.64420265501008,65,0.03557692307692308,0.6752581537654916,2013,0.19204067398614047,11.55,5.8,False,False
4306205,Cruzeiro do Sul,RS,-29.54052976979073,-52.03366487011793,65,0.3009615384615385,0.00039406471296766864,1996,0.0009106077957510727,8.45,3.6444444444444444,True,True
4306304,David Canabarro,RS,-28.41636896581166,-51.812192269885465,65,0.21442307692307694,0.011570560282309688,2000,0.011412212598447198,17.7,11.066666666666666,True,True
4306320,Derrubadas,RS,-27.2403114688568,-53.89352440127596,65,0.36826923076923085,1.4468976463975383e-05,1996,0.00043558221385633824,4.55,6.066666666666666,True,True
4306353,Dezesseis de Novembro,RS,-28.20466863752419,-55.07964518851713,65,0.04423076923076924,0.6024730552878146,2006,0.9348700819203165,4.65,6.111111111111111,False,False
4306379,Dilermando de Aguiar,RS,-29.81337222746103,-54.16323537261774,65,0.31057692307692314,0.0002549309139161262,2009,0.005685274032837622,2.25,3.2888888888888888,True,True
4306403,Dois Irmãos,RS,-29.599491116478763,-51.090084383416816,65,0.23173076923076924,0.006356762266437549,1979,0.022799875341596585,13.65,8.222222222222221,True,True
4306429,Dois Irmãos das Missões,RS,-27.67619196095985,-53.495999809156814,65,0.29615384615384616,0.00048771708895838995,2004,0.010939988910983817,7.35,10.622222222222222,True,True
4306452,Dois Lajeados,RS,-28.976655365542864,-51.84329340992171,65,0.1572493433288546,0.06412602947913622,2019,0.39761982182042743,24.95,12.444444444444445,False,False
4306502,Dom Feliciano,RS,-30.60433673428729,-52.20156882838936,65,0.2009615384615385,0.017959163268484925,1981,0.04829200871359571,6.05,7.4,True,False
4306551,Dom Pedro de Alcântara,RS,-29.36757544031985,-49.85543113980924,65,0.21250000000000002,0.012337808021518988,1979,0.09243219495343426,9.4,6.533333333333333,True,False
4306601,Dom Pedrito,RS,-31.057077416132067,-54.66510783009941,65,0.1653846153846154,0.05147284370845172,1985,0.04829200871359571,1.0,3.2666666666666666,False,False
4306700,Dona Francisca,RS,-29.5604687186988,-53.34643279246035,65,0.27403846153846156,0.001251000300597849,2006,0.013490690078320355,6.25,3.3777777777777778,True,True
4306734,Doutor Maurício Cardoso,RS,-27.486906045568503,-54.36769149966869,65,0.15096153846153848,0.07545725721395402,1968,0.25293286153182654,8.0,4.822222222222222,False,False
4306759,Doutor Ricardo,RS,-29.0919497279714,-51.97665483459824,65,0.23653846153846156,0.005346147941232565,2006,0.036065047811419726,18.0,8.088888888888889,True,False
4306767,Eldorado do Sul,RS,-30.078141019561304,-51.49902834283517,65,0.3307692307692308,9.818536238884153e-05,1989,0.0002519655793723025,7.15,6.733333333333333,True,True
4306809,Encantado,RS,-29.21303437233092,-51.92179905470475,65,0.14807692307692308,0.08121025824359357,1980,0.3440897276461011,16.45,7.644444444444445,False,False
4306908,Encruzilhada do Sul,RS,-30.62986093045892,-52.6721220156314,65,0.21207021531506076,0.012535111461060922,1982,0.032846101674306516,6.35,4.822222222222222,True,False
4306924,Engenho Velho,RS,-27.68482224176406,-52.908732496444216,65,0.06153846153846155,0.46866229579159335,2013,0.5211789320492503,9.95,5.777777777777778,False,False
4306932,Entre-Ijuís,RS,-28.459465845911687,-54.30175246470417,65,0.3403846153846154,6.116757608356162e-05,2013,0.0041336894831218215,5.7,7.377777777777778,True,True
4306957,Entre Rios do Sul,RS,-27.519017978364708,-52.72686721054068,65,0.025,0.7684583572208751,2013,0.33569432777951663,9.7,5.888888888888889,False,False
4306973,Erebango,RS,-27.82913783209668,-52.31848196722081,65,0.11153846153846154,0.18903426846904237,1969,0.4070731221914113,9.5,4.977777777777778,False,False
4307005,Erechim,RS,-27.64320173929705,-52.25737183779225,65,0.11442307692307693,0.17784832771439973,1971,0.45663907784026875,9.3,6.088888888888889,False,False
4307054,Ernestina,RS,-28.42068339459452,-52.55435289404798,65,0.20673076923076925,0.014916681278871908,2004,0.1567533113111856,15.35,9.555555555555555,True,False
4307104,Herval,RS,-32.02090870506828,-53.40134895918835,65,0.1557692307692308,0.06661113650746185,1970,0.11558351804791793,8.65,5.066666666666666,False,False
4307203,Erval Grande,RS,-27.35130444558178,-52.58090332092263,65,-0.027884615384615386,0.7426392261972599,2000,0.9197857474393305,5.5,4.488888888888889,False,False
4307302,Erval Seco,RS,-27.514058898585382,-53.518804537135765,65,0.3201923076923077,0.00016293221273826002,1978,0.002462803962555173,7.1,10.88888888888889,True,True
4307401,Esmeralda,RS,-28.03759262670888,-51.170117605814205,65,0.26538461538461544,0.001777539213702537,1982,0.0023471190382498494,6.6,9.2,True,True
4307450,Esperança do Sul,RS,-27.328213729037675,-54.00920053628894,65,0.4057692307692308,1.7686341908876298e-06,2002,0.00048497441951104856,5.35,5.688888888888889,True,True
4307500,Espumoso,RS,-28.8641210161644,-52.82719159213202,65,0.20673076923076925,0.014916681278871908,2006,0.06619019684698552,14.65,7.822222222222222,True,False
4307559,Estação,RS,-27.92853953869616,-52.29025862217627,65,0.058653846153846154,0.48976100930269273,1969,0.39761982182042743,11.35,6.288888888888889,False,False
4307609,Estância Velha,RS,-29.647654008802533,-51.18818536128465,65,0.29615384615384616,0.00048771708895838995,1979,0.0051949151795271575,14.5,8.28888888888889,True,True
4307708,Esteio,RS,-29.8517493799275,-51.17672545627958,65,0.2692307692307693,0.001522419555560495,1989,0.009627408979904085,9.05,6.888888888888889,True,True
4307807,Estrela,RS,-29.50880519528884,-51.91986718111886,65,0.19615384615384618,0.02089672865779774,2006,0.032233482480051354,8.6,2.9555555555555557,True,False
4307815,Estrela Velha,RS,-29.22404266596946,-53.17827420756113,65,0.2682692307692308,0.0015828274333935118,2006,0.016564659416996794,5.3,3.488888888888889,True,True
4307831,Eugênio de Castro,RS,-28.565650237916905,-54.24498026014047,65,0.2778846153846154,0.0010668362682036238,2013,0.017249952653633677,3.3,5.133333333333334,True,True
4307864,Fagundes Varela,RS,-28.88657172234159,-51.71744684056652,65,0.16442307692307695,0.05284397831918954,2014,0.11558351804791793,26.35,13.688888888888888,False,False
4307906,Farroupilha,RS,-29.21000934040996,-51.3659696127008,65,0.13653846153846155,0.10787167378640108,1970,0.15216720064717362,15.9,11.511111111111111,False,False
4308003,Faxinal do Soturno,RS,-29.557947925971828,-53.46290930107394,65,0.22264968183871459,0.008760456231458727,2006,0.015903853144033468,6.45,2.3333333333333335,True,True
4308052,Faxinalzinho,RS,-27.37534376101944,-52.676091195122304,65,-0.05096153846153847,0.5484350422817794,2000,0.3440897276461011,6.7,5.133333333333334,False,False
4308078,Fazenda Vilanova,RS,-29.589032960893068,-51.83854994147392,65,0.3355769230769231,7.761522123078333e-05,2006,0.0003320015767270666,9.45,3.5555555555555554,True,True
4308102,Feliz,RS,-29.455209426151388,-51.28498655277086,65,0.22403846153846155,0.008334606052782998,1978,0.024653148270964056,13.65,7.822222222222222,True,True
4308201,Flores da Cunha,RS,-29.031565984259,-51.22122625987917,65,0.18173076923076925,0.03235447625285426,1981,0.05565131986374875,16.95,10.533333333333333,True,False
4308250,Floriano Peixoto,RS,-27.857776029063523,-52.04547049615376,65,0.2105769230769231,0.01314978662714658,1980,0.017249952653633677,11.25,7.7555555555555555,True,True
4308300,Fontoura Xavier,RS,-29.00851879468208,-52.37784856459256,65,0.13609041028154692,0.10911190299897842,2006,0.18137345418813178,12.65,5.444444444444445,False,False
4308409,Formigueiro,RS,-29.975541388088104,-53.50619692461157,65,0.3884615384615385,4.775884288942411e-06,1981,0.00023831817146721104,7.65,4.533333333333333,True,True
4308433,Forquetinha,RS,-29.388460631438367,-52.12580754858911,65,0.20384615384615387,0.016375942740005898,2006,0.025628914308205172,7.3,4.088888888888889,True,True
4308458,Fortaleza dos Valos,RS,-28.895098668755168,-53.275728521684805,65,0.2230769230769231,0.008617102831198334,1969,0.06178608302878114,11.3,6.288888888888889,True,False
4308508,Frederico Westphalen,RS,-27.340488485894845,-53.35986649566022,65,0.1076923076923077,0.20474428938111378,1971,0.6664086010224509,5.6,8.133333333333333,False,False
4308607,Garibaldi,RS,-29.241423811152405,-51.58196481158249,65,0.44230769230769235,1.9039965807171914e-07,1997,0.00028150431806228237,19.6,10.2,True,True
4308656,Garruchos,RS,-28.2338701280928,-55.53871176126883,65,0.07692307692307694,0.36503027183830394,2006,0.5439095912556042,2.0,4.333333333333333,False,False
4308706,Gaurama,RS,-27.59871573997621,-52.11556727616236,65,0.11153846153846154,0.18903426846904237,1982,0.33569432777951663,9.9,6.977777777777778,False,False
4308805,General Câmara,RS,-29.865330484610432,-51.91641805478819,65,0.3375,7.058880382338688e-05,1989,0.00041269922621206914,6.1,3.577777777777778,True,True
4308854,Gentil,RS,-28.386168364043527,-52.03955314041754,65,0.12980769230769232,0.1263700865857364,1999,0.2810327034097539,14.5,9.177777777777777,False,False
4308904,Getúlio Vargas,RS,-27.85215050479681,-52.18054003338856,65,0.10865384615384616,0.20073052452038787,1980,0.2148498852809811,10.5,7.377777777777778,False,False
4309001,Giruá,RS,-28.03002972966984,-54.29913269114983,65,0.4278846153846154,4.6886903778767896e-07,1979,0.00028150431806228237,9.3,8.066666666666666,True,True
4309050,Glorinha,RS,-29.88644139821595,-50.77067891565412,65,0.20245251847537546,0.017149753242072147,2011,0.12687530739535213,9.85,9.022222222222222,True,False
4309100,Gramado,RS,-29.38606701777078,-50.8969273857058,65,0.21153846153846156,0.012738072274857487,1979,0.10513368645374463,18.7,7.2,True,False
4309126,Gramado dos Loureiros,RS,-27.44567403485566,-52.91491142126865,65,0.07980769230769232,0.3473253208868534,2013,0.3440897276461011,9.6,7.844444444444444,False,False
4309159,Gramado Xavier,RS,-29.28897268721224,-52.60072330176073,65,0.11442307692307693,0.17784832771439973,2000,0.2270165572915539,4.85,5.155555555555556,False,False
4309209,Gravataí,RS,-29.88945878986481,-50.94709183190856,65,0.25192307692307697,0.003011458854391665,1989,0.015266779927279142,10.0,8.955555555555556,True,True
4309258,Guabiju,RS,-28.57760021076312,-51.65986310169608,65,0.334214965179064,8.329174858073956e-05,1997,0.00020719055206373414,22.25,11.066666666666666,True,True
4309308,Guaíba,RS,-30.177296687962503,-51.43415277606973,65,0.2759615384615385,0.001155531811201797,1993,0.0028422709815247326,4.95,6.4222222222222225,True,True
4309407,Guaporé,RS,-28.854960595880925,-51.90442475569348,65,0.1730769230769231,0.04154006700988516,2016,0.22086846274676056,22.85,12.133333333333333,False,False
4309506,Guarani das Missões,RS,-28.16788553687434,-54.58649469437047,65,0.2884615384615385,0.0006817102933708383,1995,0.02663871507995326,7.25,5.222222222222222,True,True
4309555,Harmonia,RS,-29.545595885681664,-51.42645197850262,65,0.2711538461538462,0.0014079259193104986,1978,0.007421232664532038,10.3,7.222222222222222,True,True
4309571,Herveiras,RS,-29.441531280049627,-52.66931938723816,65,0.26730769230769236,0.0016454351395933779,2000,0.01004816286544616,2.5,4.644444444444445,True,True
4309605,Horizontina,RS,-27.590302300239728,-54.298703961826455,65,0.12358740438995605,0.14566945352822955,2008,0.2810327034097539,8.2,6.311111111111111,False,False
4309654,Hulha Negra,RS,-31.44757341555788,-53.889451683769245,65,0.00576923076923077,0.9458360859046578,1971,0.3883192024619521,5.35,4.4,False,False
4309704,Humaitá,RS,-27.57414717196804,-53.97981599408277,65,0.23365384615384616,0.005933512117906358,1981,0.07580582880191701,9.5,10.244444444444444,True,False
4309753,Ibarama,RS,-29.41832819147737,-53.16607060241259,65,0.25192307692307697,0.003011458854391665,1979,0.01869710762272877,6.85,4.2444444444444445,True,True
4309803,Ibiaçá,RS,-28.102150688360325,-51.78751886491491,65,0.15192307692307694,0.07361518372015567,1981,0.04829200871359571,10.35,8.28888888888889,False,False
4309902,Ibiraiaras,RS,-28.37945439699166,-51.62717298328256,65,0.17359942795631958,0.04097402076403402,1997,0.053726377031536474,16.25,10.644444444444444,False,False
4309951,Ibirapuitã,RS,-28.62523227565304,-52.44267736670502,65,0.23365384615384616,0.005933512117906358,2004,0.004743582837762857,18.2,11.133333333333333,True,True
4310009,Ibirubá,RS,-28.59494512074031,-53.17230936903893,65,0.2951923076923077,0.0005087805753050551,2006,0.001236234114081279,9.95,6.622222222222222,True,True
4310108,Igrejinha,RS,-29.560500527223983,-50.79487044697847,65,0.1510341685058951,0.07544789402941944,2010,0.08946573118645543,17.95,8.022222222222222,False,False
4310207,Ijuí,RS,-28.32033588118032,-53.89496347422872,65,0.27019230769230773,0.001464141683299972,2009,0.014060907443860605,6.05,8.6,True,True
4310306,Ilópolis,RS,-28.931132200454623,-52.130444482163774,65,0.019230769230769235,0.8208472385419284,2021,0.6664086010224509,20.0,9.533333333333333,False,False
4310330,Imbé,RS,-29.930672298342124,-50.11769485086797,65,0.31250000000000006,0.00023332510314954838,1998,0.005435034567596376,3.1,3.3333333333333335,True,True
4310363,Imigrante,RS,-29.344791185309425,-51.7742734685631,65,0.3567307692307693,2.6603481470870296e-05,1997,0.0023471190382498494,15.35,7.2444444444444445,True,True
4310405,Independência,RS,-27.9011584290583,-54.1805322393379,65,0.3259615384615385,0.000123828975594542,1979,0.000740156073171146,9.1,8.755555555555556,True,True
4310413,Inhacorá,RS,-27.902506428230208,-54.03053525625241,65,0.29423076923076924,0.0005306896208559965,1979,0.007101915496690558,10.75,11.0,True,True
4310439,Ipê,RS,-28.71751699947962,-51.299108059546526,65,0.29423076923076924,0.0005306896208559965,1986,0.017249952653633677,16.6,8.733333333333333,True,True
4310462,Ipiranga do Sul,RS,-27.93112256844616,-52.41855366247613,65,0.0826923076923077,0.33017658764094726,1969,0.29592667730419125,13.1,6.8,False,False
4310504,Iraí,RS,-27.24936645790455,-53.2415772525715,65,-0.025961538461538463,0.759821804319769,1992,1.0,5.95,8.11111111111111,False,False
4310538,Itaara,RS,-29.57690287191373,-53.76198899520119,65,0.31538461538461543,0.00020411474723196495,2005,0.007101915496690558,3.5,3.3777777777777778,True,True
4310553,Itacurubi,RS,-28.810029060225617,-55.26739227936695,65,0.2649675479333299,0.0018117472849547634,1977,0.0035966352221085086,2.45,5.355555555555555,True,True
4310579,Itapuca,RS,-28.77571180406865,-52.1956048096837,65,0.15096153846153848,0.07545725721395402,2006,0.11925165071939424,21.8,9.222222222222221,False,False
4310603,Itaqui,RS,-29.21393716506488,-56.17563853845464,65,0.11204616818233369,0.18712769933068674,1973,0.186646930242533,1.45,3.7111111111111112,False,False
4310652,Itati,RS,-29.46216860576993,-50.164283636694265,65,0.24284684520205374,0.0042491806101041035,1979,0.02417772552321365,15.85,6.644444444444445,True,True
4310702,Itatiba do Sul,RS,-27.35622330804599,-52.47747695511923,65,0.0125,0.8829773063503712,2021,1.0,6.3,5.733333333333333,False,False
4310751,Ivorá,RS,-29.513622301376856,-53.5837161430227,65,0.2649675479333299,0.0018117472849547634,2006,0.005946011397210716,5.6,2.3777777777777778,True,True
4310801,Ivoti,RS,-29.5806812899426,-51.15698037854945,65,0.23173076923076924,0.006356762266437549,1979,0.022799875341596585,13.95,8.177777777777777,True,True
4310850,Jaboticaba,RS,-27.62951633552791,-53.264072743627146,65,0.25000000000000006,0.0032408345715186702,1978,0.010485500191296987,7.55,7.111111111111111,True,True
4310876,Jacuizinho,RS,-29.03515031395646,-53.01428317022141,65,0.22980769230769232,0.006806990933687693,1969,0.0810416956090477,9.2,5.311111111111111,True,False
4310900,Jacutinga,RS,-27.786591418455664,-52.54709250788201,65,0.09807692307692309,0.2481221339531947,1969,0.2270165572915539,11.5,6.266666666666667,False,False
4311007,Jaguarão,RS,-32.40990055914126,-53.336241014545706,65,0.06826923076923078,0.4214450879802445,1990,0.9197857474393305,5.35,2.1777777777777776,False,False
4311106,Jaguari,RS,-29.45850215478245,-54.64778733550736,65,0.2236114515226831,0.008473749386513626,2011,0.08516609205222035,4.85,7.822222222222222,True,False
4311122,Jaquirana,RS,-28.948154250972,-50.36116936446906,65,0.24134615384615388,0.0044829332297607605,1999,0.0027101605930681836,14.05,8.155555555555555,True,True
4311130,Jari,RS,-29.291436578886703,-54.29796221494312,65,0.2076923076923077,0.014456386522445592,1981,0.0810416956090477,3.85,7.666666666666667,True,False
4311155,Jóia,RS,-28.7665029307976,-54.154787532876966,65,0.2,0.01851591612496109,1981,0.08946573118645543,2.35,5.822222222222222,True,False
4311205,Júlio de Castilhos,RS,-29.2583416984618,-53.652334748800506,65,0.20961538461538465,0.01357322433412817,1969,0.10182967849068571,2.45,2.7555555555555555,True,False
4311239,Lagoa Bonita do Sul,RS,-29.502598839902568,-53.0419059737904,65,0.3313296561271584,9.589240870908645e-05,1979,0.0036814312340424024,4.9,4.377777777777778,True,True
4311254,Lagoão,RS,-29.23806584486861,-52.7874340475598,65,0.23942307692307696,0.00481180452064912,2001,0.036065047811419726,4.1,4.7555555555555555,True,False
4311270,Lagoa dos Três Cantos,RS,-28.570889806952348,-52.834294134358274,65,0.18269230769230774,0.03145044869191862,2006,0.07580582880191701,15.85,9.422222222222222,True,False
4311304,Lagoa Vermelha,RS,-28.22618390485912,-51.50172384671622,65,0.23899976646617963,0.004896675735563702,1982,0.006080438084738512,9.7,9.666666666666666,True,True
4311403,Lajeado,RS,-29.443492727407765,-52.00753838931084,65,0.2278846153846154,0.007285672235717852,2006,0.05763530883303764,7.4,3.6444444444444444,True,False
4311429,Lajeado do Bugre,RS,-27.703224597689296,-53.2060120143484,65,0.22980769230769232,0.006806990933687693,1988,0.1975562773493669,7.25,6.622222222222222,True,False
4311502,Lavras do Sul,RS,-30.77219528143251,-54.15358069239285,65,0.2326923076923077,0.006141854588758913,1981,0.017249952653633677,3.05,4.4,True,True
4311601,Liberato Salzano,RS,-27.549541160745264,-53.063844590045385,65,0.075,0.3771411397870088,2013,0.6033483431563663,7.5,6.844444444444444,False,False
4311627,Lindolfo Collor,RS,-29.58262741465626,-51.21957813008474,65,0.2813176325607949,0.0009264366488172002,1978,0.0051949151795271575,13.75,6.844444444444444,True,True
4311643,Linha Nova,RS,-29.45962345257975,-51.21550375967246,65,0.22403846153846155,0.008334606052782998,1978,0.024653148270964056,16.05,8.666666666666666,True,True
4311700,Machadinho,RS,-27.58711442755812,-51.673906772060135,65,0.0951923076923077,0.26230733102894765,1982,0.27379852014261447,7.95,11.533333333333333,False,False
4311718,Maçambará,RS,-29.066438234496392,-55.7749984111302,65,0.06730769230769232,0.42801444993475524,1974,0.3883192024619521,2.45,5.5777777777777775,False,False
4311734,Mampituba,RS,-29.26243425730248,-50.002974579801766,65,0.22403846153846155,0.008334606052782998,2006,0.04829200871359571,13.5,6.733333333333333,True,False
4311759,Manoel Viana,RS,-29.42830857825557,-55.55698445281548,65,0.12403846153846156,0.14411498395127648,1977,0.2397071069526228,2.55,5.333333333333333,False,False
4311775,Maquiné,RS,-29.63568503970423,-50.20839517814438,65,0.17403846153846156,0.04042092332408574,1998,0.37917085700952197,11.0,5.644444444444445,False,False
4311791,Maratá,RS,-29.5481505212914,-51.55028867602409,65,0.24326923076923082,0.004174560184218526,1998,0.025628914308205172,12.5,8.4,True,True
4311809,Marau,RS,-28.455212220072163,-52.268603376051225,65,0.12403846153846156,0.14411498395127648,1981,0.5911658771176894,18.2,10.488888888888889,False,False
4311908,Marcelino Ramos,RS,-27.478452324885293,-51.95086431222599,65,0.12884615384615386,0.1292032674393662,1982,0.18137345418813178,6.65,8.244444444444444,False,False
4311981,Mariana Pimentel,RS,-30.313934704900177,-51.5843636937975,65,0.31250000000000006,0.00023332510314954838,1996,0.000213090833655497,4.4,6.2444444444444445,True,True
4312005,Mariano Moro,RS,-27.34266536370009,-52.1683858998076,65,0.19475836100362723,0.021853892997461204,1982,0.22392622853748595,5.35,7.311111111111111,True,False
4312054,Marques de Souza,RS,-29.28946208813541,-52.14874042387179,65,0.08365384615384616,0.3245842756703249,1996,0.46701295818182675,11.7,5.555555555555555,False,False
4312104,Mata,RS,-29.53757731497653,-54.46786522590332,65,0.2057692307692308,0.015389839986918645,2011,0.08657956663465231,3.75,5.933333333333334,True,False
4312138,Mato Castelhano,RS,-28.27760078166081,-52.19883993072518,65,0.08846153846153848,0.2975531675111377,1981,0.7465872320851034,16.3,9.688888888888888,False,False
4312153,Mato Leitão,RS,-29.524921457894305,-52.13621862799501,65,0.25727339046158165,0.0024545435651663955,2006,0.0011459368637864575,6.6,3.511111111111111,True,True
4312179,Mato Queimado,RS,-28.242989278277093,-54.65665569105392,65,0.27884615384615385,0.0010248904043448762,1995,0.03474573545009981,5.3,5.0,True,False
4312203,Maximiliano de Almeida,RS,-27.60382942629399,-51.81541301488799,65,0.12019230769230771,0.1569669882535778,1982,0.36132902060287403,9.0,9.822222222222223,False,False
4312252,Minas do Leão,RS,-30.074636900372106,-52.07788850175629,65,0.35961538461538467,2.2884062091486527e-05,1989,0.00023831817146721104,6.45,4.622222222222222,True,True
4312302,Miraguaí,RS,-27.4904605624258,-53.74551071335146,65,0.32500000000000007,0.00012966375699945725,2004,0.0017522531245164833,7.05,8.777777777777779,True,True
4312351,Montauri,RS,-28.669781738208773,-52.050174043870754,65,0.11396970755027075,0.17967065085919276,1970,0.1348934261598594,22.15,11.755555555555556,False,False
4312377,Monte Alegre dos Campos,RS,-28.70021666922146,-50.80509678946208,65,0.2865384615384616,0.0007403444303979486,2000,0.02371045067341545,6.75,8.577777777777778,True,True
4312385,Monte Belo do Sul,RS,-29.140271228980986,-51.651694520158,65,0.32211538461538464,0.00014876138528584397,1997,0.0027101605930681836,23.15,12.333333333333334,True,True
4312401,Montenegro,RS,-29.710199109452283,-51.50298917788624,65,0.24711538461538465,0.00361484293919508,1989,0.005946011397210716,10.15,6.711111111111111,True,True
4312427,Mormaço,RS,-28.69382709615754,-52.661885443320905,65,0.20726136689521812,0.0146833547303858,2006,0.0015104921756299722,15.0,8.6,True,True
4312443,Morrinhos do Sul,RS,-29.33757400272981,-49.9541841840113,65,0.23076923076923078,0.006578413612826367,2006,0.031038301874568873,11.65,6.6,True,False
4312450,Morro Redondo,RS,-31.63731924773157,-52.637846910737125,65,0.17115384615384618,0.043857193295064656,1972,0.09243219495343426,9.35,6.866666666666666,False,False
4312476,Morro Reuter,RS,-29.52222025019489,-51.05145523276199,65,0.20822313657918665,0.014229418264448597,2010,0.04413343607345138,16.95,8.911111111111111,True,False
4312500,Mostardas,RS,-30.85391223750364,-50.72840615173124,65,0.2855769230769231,0.0007713869357615674,2004,0.002130695499501793,0.9,1.0222222222222221,True,True
4312609,Muçum,RS,-29.140470449049698,-51.81543868489538,65,0.22457322120665163,0.008195462675085008,1979,0.0374280118542835,20.75,11.466666666666667,True,False
4312617,Muitos Capões,RS,-28.38490685364036,-51.229639560366834,65,0.1807692307692308,0.03328067640475118,1982,0.024653148270964056,10.25,7.133333333333334,True,True
4312625,Muliterno,RS,-28.326935360667605,-51.77691786288442,65,0.12692307692307694,0.135017381575575,1999,0.08377208835709478,18.65,11.8,False,False
4312658,Não-Me-Toque,RS,-28.45943770373496,-52.8248626339762,65,0.19519230769230772,0.021532075658869866,1969,0.05565131986374875,15.9,9.622222222222222,True,False
4312674,Nicolau Vergueiro,RS,-28.52079604576215,-52.44839039444122,65,0.2697763963531725,0.0014927567142938166,2006,0.04179063319747862,17.95,10.6,True,False
4312708,Nonoai,RS,-27.369528134537152,-52.85724386813799,65,0.06346153846153847,0.4548807770395934,2013,1.0,8.55,6.333333333333333,False,False
4312757,Nova Alvorada,RS,-28.70799009508767,-52.17141101068565,65,0.14666987680520074,0.08421254482965893,1970,0.04179063319747862,22.85,10.266666666666667,False,False
4312807,Nova Araçá,RS,-28.65130256621994,-51.74630866749505,65,0.2509615384615385,0.0031242280963713507,2000,0.006217636299301284,22.9,12.177777777777777,True,True
4312906,Nova Bassano,RS,-28.72598699099425,-51.75415358022854,65,0.2798076923076923,0.0009844754149351453,2000,0.005685274032837622,23.55,12.0,True,True
4312955,Nova Boa Vista,RS,-27.99676688524292,-52.97953808813997,65,0.2778846153846154,0.0010668362682036238,1981,0.04179063319747862,9.6,6.377777777777778,True,False
4313003,Nova Bréscia,RS,-29.22205825644542,-52.03533559865531,65,0.054807692307692314,0.5186693578126838,2006,0.5555005761215098,13.7,7.088888888888889,False,False
4313011,Nova Candelária,RS,-27.59530383359389,-54.12536452100535,65,0.10485811698816921,0.217120368208513,2008,0.18137345418813178,10.0,9.777777777777779,False,False
4313037,Nova Esperança do Sul,RS,-29.40330726058352,-54.82155692938365,65,0.20918490626315517,0.013787908453336235,1981,0.04658952974594933,4.4,8.28888888888889,True,False
4313060,Nova Hartz,RS,-29.58560673258911,-50.89920027417592,65,0.1605769230769231,0.058637341033104036,2006,0.20319531429857648,15.85,7.866666666666666,False,False
4313086,Nova Pádua,RS,-29.00099683961712,-51.31595677444989,65,0.27019230769230773,0.001464141683299972,1978,0.0028422709815247326,18.7,11.955555555555556,True,True
4313102,Nova Palma,RS,-29.433323796787505,-53.41625825949378,65,0.27884615384615385,0.0010248904043448762,2006,0.021920496091912347,6.55,2.6666666666666665,True,True
4313201,Nova Petrópolis,RS,-29.37212574405092,-51.08514762553099,65,0.2278846153846154,0.007285672235717852,1979,0.024653148270964056,16.75,7.288888888888889,True,True
4313300,Nova Prata,RS,-28.760849329614025,-51.60815668489312,65,0.2153846153846154,0.011203053689114175,2000,0.06395574274390818,22.8,13.933333333333334,True,False
4313334,Nova Ramada,RS,-28.07622528537977,-53.70371727962803,65,0.22115384615384617,0.009207901182984903,1975,0.06178608302878114,7.25,10.555555555555555,True,False
4313359,Nova Roma do Sul,RS,-28.98930137844591,-51.40853207928713,65,0.30480769230769234,0.0003315439544841348,1978,0.003124511435185525,21.5,13.177777777777777,True,True
4313375,Nova Santa Rita,RS,-29.84431333816966,-51.28852611150575,65,0.2692307692307693,0.001522419555560495,1989,0.009627408979904085,9.25,7.088888888888889,True,True
4313391,Novo Cabrais,RS,-29.760179013379226,-52.99546762114207,65,0.3967299946370184,3.001493150399658e-06,2002,0.00043558221385633824,6.15,5.333333333333333,True,True
4313409,Novo Hamburgo,RS,-29.734770156368352,-51.0490209114006,65,0.28269230769230774,0.0008719143155887893,1998,0.016564659416996794,14.65,9.6,True,True
4313425,Novo Machado,RS,-27.545025509351063,-54.53720886491523,65,0.16494350080060283,0.05215087429519464,2002,0.10182967849068571,7.0,3.6,False,False
4313441,Novo Tiradentes,RS,-27.56180732210048,-53.16712811161006,65,0.15480769230769234,0.06830853679511892,1971,0.25974984352926617,8.75,6.977777777777778,False,False
4313466,Novo Xingu,RS,-27.744292496342684,-53.05841278278267,65,0.12211538461538464,0.1504363713206985,2009,0.3274473959752802,6.3,5.355555555555555,False,False
4313490,Novo Barreiro,RS,-27.89944010642484,-53.11605731569622,65,0.24519230769230774,0.003885555986180738,1994,0.10513368645374463,7.55,5.4,True,False
4313508,Osório,RS,-29.9159765030884,-50.26749567570194,65,0.30247656560810254,0.0003693489252300334,1998,0.006500550461868807,4.45,6.111111111111111,True,True
4313607,Paim Filho,RS,-27.72211157533103,-51.78033193697941,65,0.09326923076923078,0.2720697041296738,2013,0.5555005761215098,10.2,11.488888888888889,False,False
4313656,Palmares do Sul,RS,-30.362280433774178,-50.449090254618206,65,0.22692307692307692,0.00753616048771029,2006,0.0028422709815247326,0.35,3.533333333333333,True,True
4313706,Palmeira das Missões,RS,-27.939955925501373,-53.38227162832014,65,0.2,0.01851591612496109,1981,0.07838680053058594,6.15,8.688888888888888,True,False
4313805,Palmitinho,RS,-27.327837851966667,-53.58774245674519,65,0.28942307692307695,0.0006540400210720651,2004,0.004743582837762857,5.4,8.28888888888889,True,True
4313904,Panambi,RS,-28.329596008601133,-53.50742924342161,65,0.2759615384615385,0.001155531811201797,1975,0.036065047811419726,6.8,6.933333333333334,True,False
4313953,Pantano Grande,RS,-30.25771519419545,-52.371026299293625,65,0.28269230769230774,0.0008719143155887893,1989,0.007753572228438996,3.55,3.2666666666666666,True,True
4314001,Paraí,RS,-28.600317714944804,-51.78840405509752,65,0.19615384615384618,0.02089672865779774,2000,0.027683537119878636,24.1,11.511111111111111,True,False
4314027,Paraíso do Sul,RS,-29.69619359104674,-53.121275857757965,65,0.3371002742309696,7.226742659563979e-05,2006,0.0028422709815247326,6.9,4.555555555555555,True,True
4314035,Pareci Novo,RS,-29.61045987100989,-51.42286759704297,65,0.2711538461538462,0.0014079259193104986,1978,0.007421232664532038,9.4,6.088888888888889,True,True
4314050,Parobé,RS,-29.659284494691605,-50.85601312425996,65,0.23173076923076924,0.006356762266437549,2010,0.04658952974594933,15.85,8.933333333333334,True,False
4314068,Passa Sete,RS,-29.43922062805135,-52.86997810728079,65,0.24423076923076928,0.004027705527632766,2000,0.04829200871359571,3.95,4.488888888888889,True,False
4314076,Passo do Sobrado,RS,-29.759214565244143,-52.24507952488189,65,0.4432692307692308,1.791192311519024e-07,1990,7.5005245774964885e-06,4.15,1.1777777777777778,True,True
4314100,Passo Fundo,RS,-28.268899052642464,-52.45254305491108,65,0.15192307692307694,0.07361518372015567,1981,0.1476898403483945,14.55,8.555555555555555,False,False
4314134,Paulo Bento,RS,-27.709645569288625,-52.39476377544676,65,0.1278846153846154,0.13208554084772026,2013,0.2397071069526228,9.7,4.511111111111111,False,False
4314159,Paverama,RS,-29.56922860779408,-51.728251066029145,65,0.326923076923077,0.00011824234847146927,1998,0.001300071683545282,12.25,5.866666666666666,True,True
4314175,Pedras Altas,RS,-31.838846329131524,-53.6911303405488,65,0.06634615384615386,0.43464303240459945,1972,0.24625239477921027,6.05,3.7777777777777777,False,False
4314209,Pedro Osório,RS,-31.95974165034847,-52.87238119729166,65,0.09230769230769233,0.27704301780334584,1971,0.08657956663465231,9.65,5.4222222222222225,False,False
4314308,Pejuçara,RS,-28.453782324917825,-53.5937931819525,65,0.3336538461538462,8.529937546529697e-05,1981,0.010485500191296987,6.85,7.6,True,True
4314407,Pelotas,RS,-31.581225718241672,-52.34122701985644,65,0.2697763963531725,0.0014927567142938166,1974,0.012674336075188072,7.3,6.0,True,True
4314423,Picada Café,RS,-29.460801787293253,-51.10911936066575,65,0.20673076923076925,0.014916681278871908,1979,0.09861252850976931,18.35,8.555555555555555,True,False
4314456,Pinhal,RS,-27.529020411897424,-53.23509168915115,65,0.15480769230769234,0.06830853679511892,1971,0.25974984352926617,6.0,7.711111111111111,False,False
4314464,Pinhal da Serra,RS,-27.853548008415675,-51.21947270721734,65,0.29903846153846153,0.0004293043732212458,1982,0.001236234114081279,4.7,8.977777777777778,True,True
4314472,Pinhal Grande,RS,-29.29142564524784,-53.33562427505768,65,0.2153846153846154,0.011203053689114175,2006,0.07838680053058594,4.4,2.6444444444444444,True,False
4314498,Pinheirinho do Vale,RS,-27.22182761415563,-53.634260758215966,65,0.3028846153846154,0.0003615426350525207,1996,0.01241227887176321,4.65,7.622222222222222,True,True
4314506,Pinheiro Machado,RS,-31.404481310200087,-53.4133867146838,65,0.05194805795744163,0.5409022417980689,1972,0.6729070044431608,5.4,4.622222222222222,False,False
4314548,Pinto Bandeira,RS,-29.09300560514649,-51.46159073668523,65,0.22980769230769232,0.006806990933687693,1978,0.005435034567596376,19.4,13.022222222222222,True,True
4314555,Pirapó,RS,-28.06519779573316,-55.24449362990146,65,0.04134615384615385,0.6263439932763901,2010,0.3274473959752802,3.75,5.4222222222222225,False,False
4314605,Piratini,RS,-31.438092538985885,-53.10323785721362,65,0.09807692307692309,0.2481221339531947,1982,0.20895933922108018,5.0,6.488888888888889,False,False
4314704,Planalto,RS,-27.33573437901291,-53.0779565128476,65,0.0451923076923077,0.5946081162160604,2013,0.8457507342183549,8.3,7.711111111111111,False,False
4314753,Poço das Antas,RS,-29.446136039489584,-51.64076783986574,65,0.3586538461538462,2.406512874145137e-05,2005,0.0010089899659976474,14.75,8.71111111111111,True,True
4314779,Pontão,RS,-28.03631150402313,-52.64128578941615,65,0.15480769230769234,0.06830853679511892,1981,0.2667046417839311,12.0,8.177777777777777,False,False
4314787,Ponte Preta,RS,-27.6547115201309,-52.50626701226685,65,0.0451923076923077,0.5946081162160604,2013,0.25974984352926617,9.75,4.688888888888889,False,False
4314803,Portão,RS,-29.700949760170683,-51.24866776151975,65,0.29615384615384616,0.00048771708895838995,1979,0.0051949151795271575,11.45,7.933333333333334,True,True
4314902,Porto Alegre,RS,-30.095328453545257,-51.1646113798904,65,0.28942307692307695,0.0006540400210720651,1989,0.005685274032837622,4.25,7.555555555555555,True,True
4315008,Porto Lucena,RS,-27.85069697339992,-54.95925507264351,65,0.15673076923076926,0.06494862597449932,2012,0.05763530883303764,3.8,3.4444444444444446,False,False
4315057,Porto Mauá,RS,-27.591854575417727,-54.65704542877239,65,0.09423076923076924,0.26715785444604245,2008,0.35263438243826933,6.35,4.066666666666666,False,False
4315073,Porto Vera Cruz,RS,-27.75449143711815,-54.89104265318885,65,0.12121213523403049,0.15366212026230522,2012,0.12493294124863055,5.3,4.0,False,False
4315107,Porto Xavier,RS,-27.93195010766154,-55.14315242208259,65,0.0451923076923077,0.5946081162160604,2012,0.4775403025455924,3.85,3.422222222222222,False,False
4315131,Pouso Novo,RS,-29.158043913885656,-52.22866224716263,65,0.14230769230769233,0.09378325044585276,1996,0.1662584764648557,14.5,7.333333333333333,False,False
4315149,Presidente Lucena,RS,-29.52436396064834,-51.17430569366226,65,0.20673076923076925,0.014916681278871908,1979,0.09861252850976931,14.65,7.466666666666667,True,False
4315156,Progresso,RS,-29.224290236072868,-52.31898193699651,65,0.17692307692307696,0.037215712459128636,2006,0.03474573545009981,11.6,7.088888888888889,False,False
4315172,Protásio Alves,RS,-28.736888502309284,-51.48737417592263,65,0.31538461538461543,0.00020411474723196495,2000,0.0016679338127319765,21.65,11.844444444444445,True,True
4315206,Putinga,RS,-29.028584699575763,-52.147733841759006,65,0.16153846153846155,0.057141691282258024,2006,0.3113955087807632,17.25,8.311111111111112,False,False
4315305,Quaraí,RS,-30.2795787406541,-56.153036473191726,65,0.12596153846153849,0.1379992597344832,2000,0.2397071069526228,0.95,3.0444444444444443,False,False
4315313,Quatro Irmãos,RS,-27.84280612392371,-52.47127486453787,65,0.09807692307692309,0.2481221339531947,1969,0.2270165572915539,12.15,5.311111111111111,False,False
4315321,Quevedos,RS,-29.30954022085286,-54.06541098733994,65,0.12019230769230771,0.1569669882535778,2013,0.44641878404152746,1.2,4.266666666666667,False,False
4315354,Quinze de Novembro,RS,-28.75692102388925,-53.11699419623939,65,0.21634615384615385,0.010845950917060442,2006,0.05565131986374875,12.7,6.733333333333333,True,False
4315404,Redentora,RS,-27.570160893367973,-53.63172728382295,65,0.3207501896035046,0.00015923631782410123,1978,0.0038565700454555496,6.75,8.977777777777778,True,True
4315453,Relvado,RS,-29.118470889843664,-52.06793095168089,65,0.23653846153846156,0.005346147941232565,2006,0.036065047811419726,16.55,7.622222222222222,True,False
4315503,Restinga Sêca,RS,-29.81738471952397,-53.34399032358856,65,0.4105769230769231,1.3326420029500381e-06,1990,0.0005395957194361724,7.9,5.4222222222222225,True,True
4315552,Rio dos Índios,RS,-27.25294126937861,-52.879804755533776,65,-0.014423076923076924,0.865134745405447,2001,1.0,7.55,7.688888888888889,False,False
4315602,Rio Grande,RS,-32.219599968733185,-52.404347655631,65,0.08942307692307694,0.29233290665128286,1971,0.2667046417839311,7.2,4.688888888888889,False,False
4315701,Rio Pardo,RS,-30.02275526024949,-52.43697766239861,65,0.36826923076923085,1.4468976463975383e-05,1990,0.0011172318309649377,3.7,1.5777777777777777,True,True
4315750,Riozinho,RS,-29.615719467647445,-50.39973174181351,65,0.12980769230769232,0.1263700865857364,2019,0.46701295818182675,18.35,7.377777777777778,False,False
4315800,Roca Sales,RS,-29.25672587510335,-51.82925054150676,65,0.21250000000000002,0.012337808021518988,1979,0.04658952974594933,16.0,8.933333333333334,True,False
4315909,Rodeio Bonito,RS,-27.46338992714104,-53.17067023717081,65,0.12884615384615386,0.1292032674393662,2013,0.46701295818182675,7.05,6.8,False,False
4315958,Rolador,RS,-28.254822444200148,-54.834423135003,65,0.21250000000000002,0.012337808021518988,1996,0.09243219495343426,4.65,6.155555555555556,True,False
4316006,Rolante,RS,-29.6290069140847,-50.54997683194964,65,0.18321712479600488,0.031003925543341252,1971,0.27023411846283146,19.65,7.933333333333334,True,False
4316105,Ronda Alta,RS,-27.811152584807395,-52.74966122696045,65,0.09954316229074281,0.24122696358645712,1969,0.2397071069526228,10.5,6.688888888888889,False,False
4316204,Rondinha,RS,-27.83249242648256,-52.893099386074496,65,0.09473431387090017,0.2647172793344432,2009,0.6094940546151777,8.7,6.2,False,False
4316303,Roque Gonzales,RS,-28.05946097061156,-55.08835210472608,65,0.08223130797930928,0.33298824821049444,2010,0.5100406406299057,4.75,4.377777777777778,False,False
4316402,Rosário do Sul,RS,-30.325910709786005,-55.11314084888403,65,0.21346153846153848,0.011948725315964503,1990,0.0810416956090477,2.35,4.622222222222222,True,False
4316428,Sagrada Família,RS,-27.707921240177388,-53.13197833015397,65,0.1866282082174755,0.02804274690582473,2009,0.29973965878959424,7.25,6.644444444444445,True,False
4316436,Saldanha Marinho,RS,-28.3868603347052,-53.094417707148445,65,0.3461538461538462,4.5778176066647814e-05,2009,0.001300071683545282,10.85,8.355555555555556,True,True
4316451,Salto do Jacuí,RS,-29.068237768977973,-53.25433159538272,65,0.23365384615384616,0.005933512117906358,2006,0.06395574274390818,7.15,4.511111111111111,True,False
4316477,Salvador das Missões,RS,-28.099616822398747,-54.83175614695705,65,0.22842029994252575,0.007162326716989443,1970,0.07708717209636004,6.9,6.444444444444445,True,False
4316501,Salvador do Sul,RS,-29.457767892833065,-51.53545742233628,65,0.20629959721124957,0.015150007777086407,1997,0.09703600799175287,11.2,8.911111111111111,True,False
4316600,Sananduva,RS,-27.95721054406348,-51.80045539772716,65,0.13269230769230772,0.11816028735144751,1981,0.20319531429857648,10.5,9.822222222222223,False,False
4316709,Santa Bárbara do Sul,RS,-28.37375839270678,-53.28448237017773,65,0.29134615384615387,0.0006018054223742369,1970,0.014060907443860605,10.0,8.555555555555555,True,True
4316733,Santa Cecília do Sul,RS,-28.18126941599926,-51.89854380879811,65,0.11923076923076925,0.16031184519331876,1981,0.25293286153182654,13.65,10.533333333333333,False,False
4316758,Santa Clara do Sul,RS,-29.45332654767093,-52.1322547209915,65,0.25727339046158165,0.0024545435651663955,2006,0.0011459368637864575,7.55,4.133333333333334,True,True
4316808,Santa Cruz do Sul,RS,-29.64603845897772,-52.40715387062563,65,0.4740384615384616,2.3759644380388032e-08,2001,1.1082601037802012e-05,4.5,3.511111111111111,True,True
4316907,Santa Maria,RS,-29.78490768991494,-53.82502557135909,65,0.3230769230769231,0.0001421191350157006,1981,0.0051949151795271575,4.05,2.2,True,True
4316956,Santa Maria do Herval,RS,-29.475870535247434,-50.96913089702757,65,0.18173076923076925,0.03235447625285426,2010,0.05185908915400302,18.2,8.6,True,False
4316972,Santa Margarida do Sul,RS,-30.370975987355703,-54.0977645786597,65,0.3548076923076924,2.9395150064842076e-05,1983,0.0005395957194361724,4.75,4.444444444444445,True,True
4317004,Santana da Boa Vista,RS,-30.8169430271088,-53.17694906133816,65,0.21346153846153848,0.011948725315964503,2011,0.022799875341596585,4.25,5.288888888888889,True,True
4317103,Sant'ana do Livramento,RS,-30.738282930892044,-55.56279980174284,65,0.09377254418693164,0.26959842970250447,1981,0.4828614628254793,0.85,3.088888888888889,False,False
4317202,Santa Rosa,RS,-27.8644166396187,-54.49697358685394,65,0.2076923076923077,0.014456386522445592,2010,0.11558351804791793,8.4,6.933333333333334,True,False
4317251,Santa Tereza,RS,-29.16390663631284,-51.71069275120347,65,0.3567307692307693,2.6603481470870296e-05,1997,0.0023471190382498494,19.85,10.933333333333334,True,True
4317301,Santa Vitória do Palmar,RS,-33.16392548595292,-53.00683577440763,65,0.18802597321584755,0.026853754628495104,1983,0.09861252850976931,3.6,1.3777777777777778,True,False
4317400,Santiago,RS,-29.127150034723112,-54.796495477718544,65,0.2168790637349034,0.01066996892255798,1977,0.013490690078320355,4.55,8.044444444444444,True,True
4317509,Santo Ângelo,RS,-28.25051408044032,-54.29778301711864,65,0.4153846153846154,1.0010254347561088e-06,1981,0.000740156073171146,5.95,7.155555555555556,True,True
4317558,Santo Antônio do Palma,RS,-28.49557602534633,-52.00856389157281,65,0.23557692307692307,0.0055358278705207545,1999,0.011412212598447198,19.1,11.644444444444444,True,True
4317608,Santo Antônio da Patrulha,RS,-29.87269628476214,-50.55916373756411,65,0.1572493433288546,0.06412602947913622,2011,0.2810327034097539,9.05,6.933333333333334,False,False
4317707,Santo Antônio das Missões,RS,-28.493898906545954,-55.42591471690931,65,0.13942307692307693,0.10063110674807266,1981,0.29592667730419125,2.9,4.933333333333334,False,False
4317756,Santo Antônio do Planalto,RS,-28.36513938861908,-52.681420070496834,65,0.24903846153846157,0.0033613933934444453,2004,0.06178608302878114,16.2,8.777777777777779,True,False
4317806,Santo Augusto,RS,-27.90303098524531,-53.75580743898873,65,0.19475836100362723,0.021853892997461204,1979,0.07454257607504806,7.3,11.866666666666667,True,False
4317905,Santo Cristo,RS,-27.798345798820566,-54.71103458276789,65,0.15480769230769234,0.06830853679511892,2010,0.20895933922108018,9.15,7.288888888888889,False,False
4317954,Santo Expedito do Sul,RS,-27.923059023773625,-51.66110767441806,65,0.1230769230769231,0.14724974459811443,1982,0.36132902060287403,8.9,11.266666666666667,False,False
4318002,São Borja,RS,-28.746575970567875,-55.796678440394295,65,0.16826923076923078,0.047536931202069026,1981,0.033468923782858755,1.45,3.933333333333333,False,False
4318051,São Domingos do Sul,RS,-28.53835077543957,-51.86790491601254,65,0.22115384615384617,0.009207901182984903,2000,0.0041336894831218215,20.1,10.222222222222221,True,True
4318101,São Francisco de Assis,RS,-29.447705682562336,-55.13143764147301,65,0.058653846153846154,0.48976100930269273,1977,0.8603610817965768,5.35,7.933333333333334,False,False
4318200,São Francisco de Paula,RS,-29.20202554112986,-50.55683661327753,65,0.20192307692307696,0.017417130286899955,1999,0.0810416956090477,20.8,9.333333333333334,True,False
4318309,São Gabriel,RS,-30.30491149255867,-54.36531599550391,65,0.3201923076923077,0.00016293221273826002,1989,0.0011753288348386205,4.4,4.2,True,True
4318408,São Jerônimo,RS,-30.29048111443726,-51.91166321252061,65,0.41442307692307695,1.0602452679669002e-06,1989,6.576228445336374e-06,4.85,5.511111111111111,True,True
4318424,São João da Urtiga,RS,-27.797705700022544,-51.83477846009324,65,0.10384615384615385,0.22138288217168667,1981,0.45663907784026875,9.25,9.444444444444445,False,False
4318432,São João do Polêsine,RS,-29.64211442197668,-53.470397510516776,65,0.22264968183871459,0.008760456231458727,2006,0.015903853144033468,5.35,2.1555555555555554,True,True
4318440,São Jorge,RS,-28.49832406243649,-51.71573224935389,65,0.29903846153846153,0.0004293043732212458,2000,0.0008212527759359447,18.95,10.844444444444445,True,True
4318457,São José das Missões,RS,-27.79477315453786,-53.13173899672102,65,0.24038461538461542,0.004644733942292503,2009,0.13905464099683393,6.3,4.822222222222222,True,False
4318465,São José do Herval,RS,-29.065118473103905,-52.27449864540615,65,0.23515268773030545,0.0056321602382857685,1996,0.01241227887176321,13.45,7.2,True,True
4318481,São José do Hortêncio,RS,-29.5355851924926,-51.25751896964763,65,0.22403846153846155,0.008334606052782998,1978,0.024653148270964056,14.35,7.888888888888889,True,True
4318499,São José do Inhacorá,RS,-27.738447939483937,-54.12410719170769,65,0.12115384615384618,0.15367530699707593,2008,0.3113955087807632,10.4,10.71111111111111,False,False
4318507,São José do Norte,RS,-31.76380399574576,-51.66514404031276,65,0.1903846153846154,0.02496728479185129,1997,0.08657956663465231,1.7,1.7555555555555555,True,False
4318606,São José do Ouro,RS,-27.772380800430003,-51.56034240665311,65,0.12403846153846156,0.14411498395127648,1982,0.18137345418813178,9.35,11.88888888888889,False,False
4318614,São José do Sul,RS,-29.548424282643627,-51.48597840424265,65,0.24326923076923082,0.004174560184218526,1998,0.025628914308205172,12.15,8.088888888888889,True,True
4318622,São José dos Ausentes,RS,-28.648483330090823,-49.96158328109513,65,0.4182692307692308,8.418576176896798e-07,1996,0.00012053616483888974,9.8,9.466666666666667,True,True
4318705,São Leopoldo,RS,-29.755462428565952,-51.14474045583527,65,0.30343833529207104,0.0003537363366888846,1989,0.0023471190382498494,12.3,8.11111111111111,True,True
4318804,São Lourenço do Sul,RS,-31.23453172062695,-52.12258373781891,65,0.34711538461538466,4.360089234021337e-05,1985,0.004531670941802023,7.3,7.0,True,True
4318903,São Luiz Gonzaga,RS,-28.41844774677896,-54.89106255661584,65,-0.0451923076923077,0.5946081162160604,2012,0.8898836579770303,4.7,6.666666666666667,False,False
4319000,São Marcos,RS,-28.9630402131148,-51.065119204061794,65,0.2798076923076923,0.0009844754149351453,1981,0.003124511435185525,14.25,10.266666666666667,True,True
4319109,São Martinho,RS,-27.729018311125813,-53.95325519285486,65,0.30769230769230776,0.00029088330683338913,2002,0.006217636299301284,9.15,9.311111111111112,True,True
4319125,São Martinho da Serra,RS,-29.4747981200472,-53.886169883607,65,0.3601827466462143,2.2307664557468705e-05,1978,0.002910533983690051,1.4,3.1333333333333333,True,True
4319158,São Miguel das Missões,RS,-28.67262571744097,-54.52173991216039,65,0.17500000000000002,0.03932745024003653,2013,0.09861252850976931,1.55,4.288888888888889,False,False
4319208,São Nicolau,RS,-28.202995965174264,-55.248261642279736,65,0.014423076923076924,0.865134745405447,2009,0.7883903763393662,3.75,5.977777777777778,False,False
4319307,São Paulo das Missões,RS,-27.9888054641645,-54.9753992665304,65,0.1028846153846154,0.22568988273148238,2012,0.6281471370692552,5.6,5.511111111111111,False,False
4319356,São Pedro da Serra,RS,-29.4192134869267,-51.50656818543901,65,0.22884615384615387,0.0070426804278188836,1997,0.03474573545009981,11.85,9.422222222222222,True,False
4319364,São Pedro das Missões,RS,-27.779632767272144,-53.23762257197409,65,0.2605769230769231,0.0021515738117853294,1982,0.04179063319747862,6.8,5.955555555555556,True,False
4319372,São Pedro do Butiá,RS,-28.123432189229213,-54.89491249653752,65,0.043760520620568094,0.606417246907927,1970,0.9273171959163837,5.6,5.511111111111111,False,False
4319406,São Pedro do Sul,RS,-29.61138885367805,-54.23789798865404,65,0.24038461538461542,0.004644733942292503,1996,0.02988229294893045,2.85,4.777777777777778,True,False
4319505,São Sebastião do Caí,RS,-29.58937996642305,-51.33714419258735,65,0.22019230769230771,0.00951664515111635,1978,0.031038301874568873,8.9,5.866666666666666,True,False
4319604,São Sepé,RS,-30.17572773690274,-53.61976439339168,65,0.2923076923076923,0.0005771694903292472,1981,0.001236234114081279,4.75,4.933333333333334,True,True
4319703,São Valentim,RS,-27.553796591865257,-52.559505231985774,65,0.0004808848419842648,0.9954828199188704,1999,0.5911658771176894,8.95,5.2444444444444445,False,False
4319711,São Valentim do Sul,RS,-29.0567893097258,-51.76105257831706,65,0.31923076923076926,0.00017048495694444306,1985,0.014652703987493569,24.2,11.355555555555556,True,True
4319737,São Valério do Sul,RS,-27.821024362361463,-53.90864450747466,65,0.24423076923076928,0.004027705527632766,2004,0.032233482480051354,9.4,9.666666666666666,True,False
4319752,São Vendelino,RS,-29.38266449778133,-51.37254285379242,65,0.12358740438995605,0.14566945352822955,1977,0.13696117762157364,12.35,9.355555555555556,False,False
4319802,São Vicente do Sul,RS,-29.70965752151236,-54.75413293705857,65,0.2326923076923077,0.006141854588758913,2011,0.031038301874568873,4.75,6.911111111111111,True,False
4319901,Sapiranga,RS,-29.61416324885213,-50.99562075482535,65,0.26346153846153847,0.001919330513802186,1979,0.02663871507995326,16.05,9.133333333333333,True,True
4320008,Sapucaia do Sul,RS,-29.82343090690306,-51.13375966728503,65,0.30343833529207104,0.0003537363366888846,1989,0.0023471190382498494,9.05,7.488888888888889,True,True
4320107,Sarandi,RS,-27.941227552726613,-52.89650957962189,65,0.15769230769230771,0.0633204967893206,2009,0.17621863751350042,9.6,6.711111111111111,False,False
4320206,Seberi,RS,-27.501050036829152,-53.36275592511106,65,0.27019230769230773,0.001464141683299972,2004,0.021071406588780116,6.1,9.422222222222222,True,True
4320230,Sede Nova,RS,-27.64106147525262,-53.95318039799913,65,0.23365384615384616,0.005933512117906358,1981,0.07580582880191701,9.3,8.955555555555556,True,False
4320263,Segredo,RS,-29.312461163332163,-52.92945257494715,65,0.22019230769230771,0.00951664515111635,1969,0.11558351804791793,5.9,5.466666666666667,True,False
4320305,Selbach,RS,-28.66860391350334,-52.97857253566477,65,0.17500000000000002,0.03932745024003653,2006,0.04829200871359571,13.25,6.711111111111111,False,False
4320321,Senador Salgado Filho,RS,-28.02886056621525,-54.53676542714904,65,0.3193843563309375,0.0001704028783581164,1994,0.006217636299301284,8.75,7.2444444444444445,True,True
4320354,Sentinela do Sul,RS,-30.625252492943968,-51.6077090700072,65,0.37500000000000006,1.005996825446394e-05,1978,0.0019328966388049253,2.7,4.977777777777778,True,True
4320404,Serafina Corrêa,RS,-28.701719390930297,-51.93362849860822,65,0.1,0.23896882733943936,2006,0.4070731221914113,22.8,11.266666666666667,False,False
4320453,Sério,RS,-29.395100296644483,-52.24347365983787,65,0.20673076923076925,0.014916681278871908,1996,0.021920496091912347,8.15,4.888888888888889,True,True
4320503,Sertão,RS,-28.00993807343291,-52.31413038706076,65,0.09711538461538463,0.252789642803682,1980,0.29592667730419125,13.05,6.511111111111111,False,False
4320552,Sertão Santana,RS,-30.466851846738944,-51.629979049315935,65,0.41634615384615387,9.449962628197713e-07,1996,2.3750240334262604e-05,3.85,7.177777777777778,True,True
4320578,Sete de Setembro,RS,-28.145198909494106,-54.46012472136653,65,0.2918970990844487,0.0005892478282187253,1978,0.006795167961004818,8.1,7.266666666666667,True,True
4320602,Severiano de Almeida,RS,-27.41542595921094,-52.11137743592043,65,0.16730769230769232,0.048819802579820055,1981,0.20319531429857648,7.65,6.955555555555556,False,False
4320651,Silveira Martins,RS,-29.6333732327878,-53.57009824952182,65,0.2332291483623684,0.006036064101030109,2006,0.016564659416996794,5.45,2.022222222222222,True,True
4320677,Sinimbu,RS,-29.44488628537637,-52.5690538393428,65,0.21923076923076926,0.00983458779839209,2001,0.008459197082313663,4.2,4.444444444444445,True,True
4320701,Sobradinho,RS,-29.405450343558428,-53.02624291493415,65,0.25000000000000006,0.0032408345715186702,1969,0.04028960206658344,6.05,4.622222222222222,True,False
4320800,Soledade,RS,-28.83918344097976,-52.53702401055414,65,0.1855769230769231,0.02886724751932723,2006,0.0732972202658319,13.3,6.777777777777778,True,False
4320859,Tabaí,RS,-29.667042540779644,-51.73092585182346,65,0.35248858917446607,3.326760195626284e-05,1996,0.0008874538334067265,9.45,5.2444444444444445,True,True
4320909,Tapejara,RS,-28.05849443835597,-52.01082482511827,65,0.2836538461538462,0.0008371287560921994,1982,0.0015104921756299722,14.2,8.688888888888888,True,True
4321006,Tapera,RS,-28.661344130091475,-52.86141005364964,65,0.16250000000000003,0.05567791074662766,2006,0.06849092646366872,14.15,7.688888888888889,False,False
4321105,Tapes,RS,-30.663696355146943,-51.441193522071,65,0.3432692307692308,5.294548427660294e-05,1994,0.001236234114081279,2.7,4.444444444444445,True,True
4321204,Taquara,RS,-29.669983244429503,-50.76179858580349,65,0.1451923076923077,0.08731427299935919,1998,0.3113955087807632,16.05,7.866666666666666,False,False
4321303,Taquari,RS,-29.74473202297422,-51.83148121593221,65,0.3182692307692308,0.00017836611312142312,1996,0.0007797178157655067,6.95,4.088888888888889,True,True
4321329,Taquaruçu do Sul,RS,-27.408307987977096,-53.48592457780565,65,0.2730769230769231,0.0013014185007797028,1996,0.02663871507995326,5.6,9.2,True,True
4321352,Tavares,RS,-31.288545968947865,-51.07466991122296,65,0.21826923076923077,0.010161961215914167,1991,0.07085942951772722,1.45,0.9777777777777777,True,False
4321402,Tenente Portela,RS,-27.372570691223647,-53.764114865398064,65,0.37500000000000006,1.005996825446394e-05,1978,0.0003320015767270666,6.25,8.777777777777779,True,True
4321436,Terra de Areia,RS,-29.601856532801527,-50.06646244773106,65,0.18514066416394195,0.029282063794531042,1979,0.07838680053058594,10.25,5.688888888888889,True,False
4321451,Teutônia,RS,-29.471846570898773,-51.77785510752264,65,0.31057692307692314,0.0002549309139161262,2006,0.0020295623064687887,10.95,5.822222222222222,True,True
4321469,Tio Hugo,RS,-28.58206848856525,-52.59823858686037,65,0.1980769230769231,0.0196748921067039,2006,0.008099400394002452,18.0,10.466666666666667,True,True
4321477,Tiradentes do Sul,RS,-27.368331467120573,-54.12087584904325,65,0.3630680556981199,1.9164039445528246e-05,1996,0.00032303111427727643,6.55,6.977777777777778,True,True
4321493,Toropi,RS,-29.470446874625143,-54.298813978935016,65,0.18750000000000003,0.0272484408923059,2011,0.11200893327810173,3.85,6.022222222222222,True,False
4321501,Torres,RS,-29.32839459314924,-49.809513111197845,65,0.21634615384615385,0.010845950917060442,2006,0.06395574274390818,9.4,7.222222222222222,True,False
4321600,Tramandaí,RS,-30.02820821322228,-50.2218451074232,65,0.2855769230769231,0.0007713869357615674,2007,0.0043284807176985265,3.1,3.977777777777778,True,True
4321626,Travesseiro,RS,-29.282631252609622,-52.087610281248814,65,0.08365384615384616,0.3245842756703249,1996,0.46701295818182675,11.9,5.7555555555555555,False,False
4321634,Três Arroios,RS,-27.4925419011248,-52.180139338494186,65,0.12794614274703217,0.1320731487755116,1981,0.44641878404152746,8.6,6.6,False,False
4321667,Três Cachoeiras,RS,-29.474523492887634,-49.96309128360178,65,0.2384615384615385,0.004984294489621833,1979,0.022799875341596585,10.1,5.511111111111111,True,True
4321709,Três Coroas,RS,-29.48233002054055,-50.77881100024029,65,0.11634615384615385,0.17066966756527835,2010,0.2148498852809811,19.5,8.244444444444444,False,False
4321808,Três de Maio,RS,-27.73158166050673,-54.26541107746676,65,0.10096153846153848,0.2344826070931848,1968,0.6033483431563663,10.75,10.222222222222221,False,False
4321832,Três Forquilhas,RS,-29.428400193043483,-50.085423149657856,65,0.1903846153846154,0.02496728479185129,1979,0.04493933338415746,13.7,5.8,True,False
4321857,Três Palmeiras,RS,-27.61714409613934,-52.83747229566436,65,0.0009615384615384617,0.9909659293951528,2013,0.5211789320492503,8.75,4.6,False,False
4321907,Três Passos,RS,-27.44101423453976,-53.92931555560767,65,0.3432692307692308,5.294548427660294e-05,1980,0.001840518197403408,7.35,8.622222222222222,True,True
4321956,Trindade do Sul,RS,-27.527746248842607,-52.89907222167792,65,0.08557692307692309,0.3135857504770575,2013,0.29592667730419125,7.1,4.844444444444444,False,False
4322004,Triunfo,RS,-29.84473682519297,-51.57124199538187,65,0.3692307692307693,1.3741979701919103e-05,1989,4.67360458501189e-05,8.65,5.844444444444444,True,True
4322103,Tucunduva,RS,-27.63940001920155,-54.43101756827082,65,0.15532580396091752,0.06745105054672688,2002,0.13696117762157364,8.2,5.911111111111111,False,False
4322152,Tunas,RS,-29.114061674800325,-52.89279660895971,65,0.1903846153846154,0.02496728479185129,1968,0.12687530739535213,7.4,4.222222222222222,True,False
4322186,Tupanci do Sul,RS,-27.930184957099023,-51.53760241786568,65,0.15384615384615388,0.07004133687461596,1982,0.10513368645374463,10.55,11.577777777777778,False,False
4322202,Tupanciretã,RS,-29.02057936189251,-54.0034298414067,65,0.11730769230769231,0.16716277228271015,1977,0.17621863751350042,0.5,3.7555555555555555,False,False
4322251,Tupandi,RS,-29.47396508043221,-51.42693930669997,65,0.225,0.008060423079027226,1978,0.015903853144033468,10.7,8.844444444444445,True,True
4322301,Tuparendi,RS,-27.706510839860456,-54.55458030651703,65,0.09423076923076924,0.26715785444604245,2008,0.39761982182042743,7.35,5.111111111111111,False,False
4322327,Turuçu,RS,-31.475153482754635,-52.15607017087102,65,0.2726617054050781,0.0013270872933426087,1973,0.021920496091912347,6.35,4.822222222222222,True,True
4322343,Ubiretama,RS,-28.038095781668336,-54.64654523972074,65,0.2836538461538462,0.0008371287560921994,1994,0.01869710762272877,8.5,7.6,True,True
4322350,União da Serra,RS,-28.77240240097312,-52.0215804371208,65,0.07403846153846154,0.3832884041626353,1970,0.22086846274676056,22.6,11.911111111111111,False,False
4322376,Unistalda,RS,-29.06847596513419,-55.15874725060293,65,0.18942307692307694,0.02570858110600464,1977,0.036065047811419726,2.4,4.822222222222222,True,False
4322400,Uruguaiana,RS,-29.84050112555878,-56.72944913749526,65,0.1759615384615385,0.038259195895726995,2008,0.02876438730541304,2.8,4.333333333333333,False,False
4322509,Vacaria,RS,-28.37011345847248,-50.92375118558865,65,0.2509615384615385,0.0031242280963713507,1982,0.032233482480051354,6.9,5.7555555555555555,True,False
4322525,Vale Verde,RS,-29.8307309394999,-52.11246636833052,65,0.40288461538461545,2.0928979867958374e-06,1989,2.8624805327441824e-05,5.85,2.911111111111111,True,True
4322533,Vale do Sol,RS,-29.583599526532016,-52.68964161734646,65,0.29615384615384616,0.00048771708895838995,2000,0.002130695499501793,1.1,3.3333333333333335,True,True
4322541,Vale Real,RS,-29.36275434444518,-51.24841418085014,65,0.16153846153846155,0.057141691282258024,1977,0.10513368645374463,15.55,8.28888888888889,False,False
4322558,Vanini,RS,-28.490272306925416,-51.835159203794994,65,0.22115384615384617,0.009207901182984903,2000,0.0041336894831218215,20.55,9.088888888888889,True,True
4322608,Venâncio Aires,RS,-29.57854622869983,-52.19507294320642,65,0.3,0.0004113321972339182,2000,0.0007024807032706283,8.2,2.977777777777778,True,True
4322707,Vera Cruz,RS,-29.713158580744697,-52.53865990666083,65,0.41634615384615387,9.449962628197713e-07,2001,5.273898247610649e-05,3.55,3.3777777777777778,True,True
4322806,Veranópolis,RS,-28.96339424801205,-51.55158569104868,65,0.2865384615384616,0.0007403444303979486,1978,0.02663871507995326,23.95,13.688888888888888,True,True
4322855,Vespasiano Corrêa,RS,-29.06676502356646,-51.860364670161175,65,0.22457322120665163,0.008195462675085008,1979,0.0374280118542835,23.9,11.555555555555555,True,False
4322905,Viadutos,RS,-27.57228639099125,-51.99371362951609,65,0.2326923076923077,0.006141854588758913,1982,0.010939988910983817,9.55,8.422222222222222,True,True
4323002,Viamão,RS,-30.16693902828488,-50.86936295133264,65,0.25961538461538464,0.0022345392261445187,2011,0.015266779927279142,2.9,7.444444444444445,True,True
4323101,Vicente Dutra,RS,-27.171142892069028,-53.387804843019325,65,0.14423076923076925,0.08942935902899353,1974,0.24625239477921027,5.05,8.488888888888889,False,False
4323200,Victor Graeff,RS,-28.550137612302063,-52.68527099830504,65,0.15340226459298048,0.07091665070747387,2004,0.10852621480054009,18.75,10.977777777777778,False,False
4323309,Vila Flores,RS,-28.85882566948965,-51.55294952691676,65,0.3567307692307693,2.6603481470870296e-05,1978,0.0006324589027230093,21.9,13.022222222222222,True,True
4323358,Vila Lângaro,RS,-28.128027078115323,-52.14242216206554,65,0.1601346523807602,0.05939319528936734,1980,0.0650647783255515,14.35,9.577777777777778,False,False
4323408,Vila Maria,RS,-28.55779396503668,-52.15168246972489,65,0.17500000000000002,0.03932745024003653,1970,0.1662584764648557,21.3,11.733333333333333,False,False
4323457,Vila Nova do Sul,RS,-30.34593814073119,-53.87890943754467,65,0.4057692307692308,1.7686341908876298e-06,1981,9.12437398857549e-06,5.65,5.555555555555555,True,True
4323507,Vista Alegre,RS,-27.324814079205776,-53.51024776868183,65,0.2798076923076923,0.0009844754149351453,2004,0.020251720191003866,6.4,9.333333333333334,True,True
4323606,Vista Alegre do Prata,RS,-28.820715930237213,-51.78210378781421,65,0.15917288269679164,0.06093752056919935,2006,0.06733218398429211,25.4,14.044444444444444,False,False
4323705,Vista Gaúcha,RS,-27.265803577849777,-53.70083987107608,65,0.3673076923076924,1.523256117025532e-05,1996,0.0008212527759359447,6.25,9.088888888888889,True,True
4323754,Vitória das Missões,RS,-28.381790233819885,-54.46360158849779,65,0.31538461538461543,0.00020411474723196495,2001,0.02371045067341545,6.2,7.266666666666667,True,True
4323770,Westfália,RS,-29.40647628625889,-51.742992214211576,65,0.32788461538461544,0.00011289400730627698,1997,0.0041336894831218215,14.85,7.466666666666667,True,True
4323804,Xangri-Lá,RS,-29.807938119856352,-50.06968921998386,65,0.23076923076923078,0.006578413612826367,1998,0.053726377031536474,6.25,3.688888888888889,True,False
5000203,Água Clara,MS,-19.962198523279785,-52.92727536773006,65,0.12019230769230771,0.1569669882535778,2009,0.45663907784026875,0.0,2.4,False,False
5000252,Alcinópolis,MS,-18.20916508376878,-53.749088579615474,65,0.10384615384615385,0.22138288217168667,2005,0.13905464099683393,0.0,0.0,False,False
5000609,Amambai,MS,-23.15775912161124,-54.96806991300929,65,-0.04615384615384616,0.5867904254454406,1969,0.4775403025455924,0.8,1.9111111111111112,False,False
5000708,Anastácio,MS,-20.6962278419852,-55.772318089971655,65,0.08319307766327781,0.3273649272412934,1972,0.2667046417839311,1.25,1.8222222222222222,False,False
5000807,Anaurilândia,MS,-22.111344829292378,-52.804812806803,65,0.30769230769230776,0.00029088330683338913,1977,0.0035966352221085086,2.8,4.777777777777778,True,True
5000856,Angélica,MS,-22.062404987669456,-53.865919544175725,65,0.16782880985250842,0.04817119198573855,1995,0.132851175049376,0.85,2.8444444444444446,False,False
5000906,Antônio João,MS,-22.20575924890228,-55.96958499961602,65,0.043269230769230775,0.610384513874678,2006,0.10513368645374463,1.7,1.3777777777777778,False,False
5001003,Aparecida do Taboado,MS,-20.07559005352985,-51.290123197866286,65,-0.05096153846153847,0.5484350422817794,1971,0.12687530739535213,4.15,4.666666666666667,False,False
5001102,Aquidauana,MS,-19.745974926555583,-55.87711522571277,65,0.06057692307692309,0.47563877428430523,1971,0.6664086010224509,1.9,2.1555555555555554,False,False
5001243,Aral Moreira,MS,-22.90762916656386,-55.45018456444365,65,0.0019230769230769234,0.9819330169178719,1977,0.8025622312742078,2.1,3.1555555555555554,False,False
5001508,Bandeirantes,MS,-19.805616581466072,-54.30579692544534,65,0.07307692307692308,0.3894966529371431,2000,0.04179063319747862,0.7,4.022222222222222,False,False
5001904,Bataguassu,MS,-21.80591266519959,-52.57234362367247,65,0.20629959721124957,0.015150007777086407,1988,0.08377208835709478,3.05,4.2,True,False
5002001,Batayporã,MS,-22.39066307674,-53.17756827552885,65,0.12070209533805047,0.15530790708588585,1970,0.44641878404152746,4.05,9.0,False,False
5002100,Bela Vista,MS,-21.93455996990414,-56.53836135838882,65,0.0,1.0,2006,0.8025622312742078,0.6,0.8888888888888888,False,False
5002159,Bodoquena,MS,-20.5487165141144,-56.69945602998229,65,0.07596153846153847,0.37105504106368714,1999,0.46701295818182675,1.45,1.0666666666666667,False,False
5002209,Bonito,MS,-21.03300256166212,-56.48263490412975,65,0.1278846153846154,0.13208554084772026,1993,0.1975562773493669,0.45,0.8,False,False
5002308,Brasilândia,MS,-21.07591468324288,-52.434745675769776,65,0.059615384615384626,0.4826718288253318,1970,0.9806103528349323,0.5,2.7333333333333334,False,False
5002407,Caarapó,MS,-22.58826818240976,-54.80266228707419,65,0.03653846153846154,0.6670026854207679,1997,0.39761982182042743,1.45,3.8,False,False
5002605,Camapuã,MS,-19.34187874854071,-53.869425213433935,65,-0.0009615384615384617,0.9909659293951528,2019,0.9960061723468323,0.45,3.022222222222222,False,False
5002704,Campo Grande,MS,-20.91305868681117,-54.25073341956664,65,-0.08850409874230797,0.2975376826710391,1998,0.5211789320492503,0.4,2.422222222222222,False,False
5002803,Caracol,MS,-21.94066841235985,-57.089169296948576,65,0.14038461538461539,0.09830553419312299,1992,0.04493933338415746,0.7,1.8444444444444446,False,False
5002902,Cassilândia,MS,-19.09541888277198,-52.18002579458568,65,0.10961538461538463,0.19677448800476616,1971,0.07085942951772722,0.3,4.822222222222222,False,False
5002951,Chapadão do Sul,MS,-18.99429343090485,-52.69814043216833,65,0.19134615384615386,0.024244568973916657,1996,0.02663871507995326,0.0,5.822222222222222,True,True
5003108,Corguinho,MS,-19.807462490504275,-55.05729800941104,65,-0.02933397536104015,0.7298312391106343,1983,0.9348700819203165,0.9,1.4666666666666666,False,False
5003157,Coronel Sapucaia,MS,-23.34762531023293,-55.38314262224166,65,0.1024284713426484,0.2278582229807682,2002,0.15216720064717362,0.4,3.2666666666666666,False,False
5003207,Corumbá,MS,-18.72029765338484,-56.71787352488879,65,-0.0951923076923077,0.26230733102894765,1989,0.488220905503328,0.15,0.37777777777777777,False,False
5003256,Costa Rica,MS,-18.51857135213288,-53.20306019753431,65,0.2640057782493614,0.0018826231796564646,2008,0.010485500191296987,0.15,2.533333333333333,True,True
5003306,Coxim,MS,-18.281239394201027,-54.67427935748106,65,0.09903846153846155,0.24351526376139854,1967,0.5672409199242981,2.25,2.422222222222222,False,False
5003454,Deodápolis,MS,-22.15602111206644,-54.15212719585216,65,0.11442307692307693,0.17784832771439973,1995,0.186646930242533,0.75,3.4444444444444446,False,False
5003488,Dois Irmãos do Buriti,MS,-20.60005263489533,-55.36254781769392,65,0.025961538461538463,0.759821804319769,1972,0.5324687972967159,0.95,1.6888888888888889,False,False
5003504,Douradina,MS,-22.013951314475644,-54.58777505163293,65,0.1351286405975784,0.11163777107250235,1988,0.23013963059190432,1.4,5.0,False,False
5003702,Dourados,MS,-22.145136880014046,-54.83922428791186,65,0.11634615384615385,0.17066966756527835,1996,0.1662584764648557,1.0,3.066666666666667,False,False
5003751,Eldorado,MS,-23.73823482006353,-54.225068910114224,65,0.14230769230769233,0.09378325044585276,1996,0.13083421265918208,5.85,8.644444444444444,False,False
5003801,Fátima do Sul,MS,-22.337367785776088,-54.439687169937095,65,0.0601106052480331,0.47914121277227717,2000,0.3233793442109594,0.6,4.155555555555556,False,False
5003900,Figueirão,MS,-18.744476413948963,-53.862222008859256,65,0.058187065880096034,0.49331957372660373,1972,0.8603610817965768,0.35,0.9555555555555556,False,False
5004007,Glória de Dourados,MS,-22.427225229829062,-54.1925836462921,65,0.12551094375789312,0.13950276666432346,1995,0.09703600799175287,0.75,2.7333333333333334,False,False
5004106,Guia Lopes da Laguna,MS,-21.54168016223572,-55.99618705238477,65,0.021153846153846155,0.8032826965468698,2011,0.4775403025455924,1.05,1.4222222222222223,False,False
5004304,Iguatemi,MS,-23.4340983792071,-54.53827809005328,65,0.10961538461538463,0.19677448800476616,2014,0.2667046417839311,0.2,1.6666666666666667,False,False
5004403,Inocência,MS,-19.657458073241585,-52.02201315826295,65,0.15,0.07733678360610473,1980,0.10852621480054009,0.0,2.311111111111111,False,False
5004502,Itaporã,MS,-22.0054261940757,-54.87350289173521,65,0.10961538461538463,0.19677448800476616,1992,0.10513368645374463,1.0,3.3555555555555556,False,False
5004601,Itaquiraí,MS,-23.34149426012692,-54.11917345979434,65,0.1,0.23896882733943936,2001,0.31934808891406874,1.15,5.222222222222222,False,False
5004700,Ivinhema,MS,-22.371468213960583,-53.79915070284561,65,0.22211538461538463,0.008908128193386117,1977,0.015266779927279142,1.05,2.3777777777777778,True,True
5004809,Japorã,MS,-23.810742065678813,-54.53808578525564,65,0.07980769230769232,0.3473253208868534,2001,0.37917085700952197,2.9,3.0,False,False
5004908,Jaraguari,MS,-20.227256859776283,-54.34853563513896,65,0.10384615384615385,0.22138288217168667,2001,0.46701295818182675,3.35,4.355555555555555,False,False
5005004,Jardim,MS,-21.58208940933852,-56.35203040400214,65,-0.05673076923076923,0.5041058574582591,1984,0.8750731790180674,0.8,0.8888888888888888,False,False
5005103,Jateí,MS,-22.706838856420013,-53.95753321515251,65,-0.014423076923076924,0.865134745405447,2013,0.35263438243826933,1.15,3.6666666666666665,False,False
5005152,Juti,MS,-22.776305016246944,-54.48880920705224,65,-0.06876653240374986,0.4181752515439001,1985,0.4166794406211764,1.3,3.466666666666667,False,False
5005202,Ladário,MS,-19.103103036642256,-57.568778321704,65,-0.19134615384615386,0.024244568973916657,2001,0.010939988910983817,1.5,2.888888888888889,True,True
5005251,Laguna Carapã,MS,-22.67744457732387,-55.132144366741485,65,-0.0004808848419842648,0.9954828199188704,1997,1.0,1.1,3.511111111111111,False,False
5005400,Maracaju,MS,-21.54325491964542,-55.39697364374093,65,-0.021153846153846155,0.8032826965468698,2010,0.49905447699339966,0.4,1.0666666666666667,False,False
5005608,Miranda,MS,-20.12107072032084,-56.596623994671766,65,-0.0451923076923077,0.5946081162160604,1984,0.20319531429857648,3.55,2.2222222222222223,False,False
5005681,Mundo Novo,MS,-23.9426733593894,-54.27427682248247,65,0.1283962528097987,0.13063207140014976,1996,0.132851175049376,6.35,8.844444444444445,False,False
5005707,Naviraí,MS,-23.02257981204608,-54.02584146520165,65,0.020192307692307693,0.8120531453899646,1978,0.3883192024619521,0.9,2.6222222222222222,False,False
5005806,Nioaque,MS,-21.10078126072549,-55.90137926357372,65,0.04423076923076924,0.6024730552878146,1972,0.6664086010224509,1.45,2.2,False,False
5006002,Nova Alvorada do Sul,MS,-21.49099979774357,-54.21692982189701,65,0.019230769230769235,0.8208472385419284,2009,1.0,0.4,3.2666666666666666,False,False
5006200,Nova Andradina,MS,-21.92551947589611,-53.42180565125286,65,0.2557692307692308,0.002596549603187962,1977,0.02988229294893045,0.0,1.6222222222222222,True,False
5006259,Novo Horizonte do Sul,MS,-22.60305755750992,-53.78188165768467,65,0.06780476271978134,0.4247149246037094,1999,0.45150972815622337,1.35,1.7555555555555555,False,False
5006275,Paraíso das Águas,MS,-19.22812221706902,-53.130292500881495,65,0.23557692307692307,0.0055358278705207545,1996,0.031038301874568873,0.0,3.9555555555555557,True,False
5006309,Paranaíba,MS,-19.527389348248988,-51.39622593969649,65,0.09858139260677429,0.2458035640686943,1971,0.022799875341596585,0.85,3.088888888888889,False,True
5006358,Paranhos,MS,-23.71113134808348,-55.35603191035586,65,0.05096153846153847,0.5484350422817794,2000,0.5211789320492503,0.0,1.7333333333333334,False,False
5006408,Pedro Gomes,MS,-17.91430341685934,-54.33897054486703,65,0.10723731976249104,0.20676564463432057,2014,0.08657956663465231,1.4,2.7777777777777777,False,False
5006606,Ponta Porã,MS,-22.20207842862573,-55.58392471944725,65,0.0956960835548687,0.2598973828658927,1996,0.07085942951772722,1.7,2.2222222222222223,False,False
5006903,Porto Murtinho,MS,-21.22488825750532,-57.38335713944787,65,0.13461538461538464,0.11292366071592867,1992,0.08377208835709478,0.35,1.7555555555555555,False,False
5007109,Ribas do Rio Pardo,MS,-20.59533231024713,-53.54469648664135,65,0.14570810712123222,0.086266932465999,2001,0.1975562773493669,0.4,4.0,False,False
5007208,Rio Brilhante,MS,-21.69619530399439,-54.55821355635302,65,0.058653846153846154,0.48976100930269273,2009,0.8750731790180674,0.65,2.888888888888889,False,False
5007307,Rio Negro,MS,-19.44684509086869,-54.96288611213461,65,0.014430016099289341,0.8651304640011379,1986,1.0,0.4,1.0888888888888888,False,False
5007406,Rio Verde de Mato Grosso,MS,-18.813395910857423,-55.04295252975837,65,0.0451923076923077,0.5946081162160604,1999,0.8898836579770303,1.75,2.488888888888889,False,False
5007505,Rochedo,MS,-19.978687736364027,-54.73543668955664,65,0.04472229030453663,0.5985288638372365,1996,0.45663907784026875,0.75,2.4,False,False
5007554,Santa Rita do Pardo,MS,-21.318865667864475,-52.77517462516848,65,0.12211538461538464,0.1504363713206985,1986,0.4264390421954524,0.5,2.933333333333333,False,False
5007695,São Gabriel do Oeste,MS,-19.16888269673268,-54.48253736948156,65,0.06299591429993869,0.458297395183652,2010,0.6860059641838443,0.35,2.888888888888889,False,False
5007703,Sete Quedas,MS,-23.88062458912733,-55.02779622161213,65,0.07019230769230769,0.4084852298799554,2001,0.10852621480054009,0.0,1.7333333333333334,False,False
5007802,Selvíria,MS,-20.282080348421506,-51.758243983257984,65,-0.07357538082359251,0.3863773062896759,1986,0.20319531429857648,1.0,2.6666666666666665,False,False
5007901,Sidrolândia,MS,-21.093708388152525,-54.94206395422954,65,0.08846153846153848,0.2975531675111377,2000,0.2270165572915539,0.8,2.8666666666666667,False,False
5007935,Sonora,MS,-17.64908019005345,-54.43191072376795,65,0.1375,0.10541366817859947,2010,0.02371045067341545,0.7,2.2666666666666666,False,True
5007950,Tacuru,MS,-23.64928782572376,-54.99048441538429,65,0.13076923076923078,0.12358551912882432,2001,0.02988229294893045,0.2,2.533333333333333,False,False
5007976,Taquarussu,MS,-22.66775590524593,-53.43095326474269,65,0.2620822388814243,0.002032072409715457,1978,0.001980682453894406,5.4,12.844444444444445,True,True
5008008,Terenos,MS,-20.44728213580841,-55.02417525632391,65,0.12980769230769232,0.1263700865857364,1989,0.17118085708445183,4.25,4.8,False,False
5008305,Três Lagoas,MS,-20.43828977763885,-52.21212228147227,65,-0.19134615384615386,0.024244568973916657,1997,0.04028960206658344,0.3,2.7111111111111112,True,False
5008404,Vicentina,MS,-22.46710604792202,-54.4248599535296,65,0.0,1.0,1999,0.8750731790180674,0.9,4.355555555555555,False,False
5100102,Acorizal,MT,-15.177307859088453,-56.31799819845334,65,-0.11781678628614486,0.16542298135557165,2008,0.1662584764648557,1.95,2.8222222222222224,False,False
5100201,Água Boa,MT,-13.977708285666417,-52.5003166547099,65,0.3740384615384616,1.0599994373834817e-05,1989,0.00014326382524497397,0.0,1.8444444444444446,True,True
5100250,Alta Floresta,MT,-10.055712363913958,-56.36743578536144,65,0.43653846153846154,2.7395329624552836e-07,1992,2.3750240334262604e-05,0.1,1.9333333333333333,True,True
5100300,Alto Araguaia,MT,-17.44932875946199,-53.46613872886617,65,0.20192307692307696,0.017417130286899955,2008,0.0810416956090477,2.9,3.0,True,False
5100359,Alto Boa Vista,MT,-11.811596946017952,-51.7501263182958,65,0.2576923076923077,0.002409327973634356,1973,0.05185908915400302,0.2,2.2222222222222223,True,False
5100409,Alto Garças,MT,-16.888935398809334,-53.58051200341009,65,0.029807692307692313,0.7255839366845278,1971,0.8457507342183549,0.65,1.8888888888888888,False,False
5100508,Alto Paraguai,MT,-14.759806082902696,-56.66113353364123,65,0.2057692307692308,0.015389839986918645,2001,0.08657956663465231,3.25,3.4444444444444446,True,False
5100607,Alto Taquari,MT,-17.82710135067321,-53.29672199118264,65,0.14089925870138958,0.0971535930581724,2006,0.2397071069526228,1.35,1.8444444444444446,False,False
5100805,Apiacás,MT,-8.75773286492772,-57.82659367621086,65,0.08992546545105752,0.28973825318319757,1988,0.5211789320492503,0.0,0.6666666666666666,False,False
5101001,Araguaiana,MT,-15.122900949232278,-51.79473804678119,65,0.21250000000000002,0.012337808021518988,1979,0.12687530739535213,0.0,0.7777777777777778,True,False
5101209,Araguainha,MT,-16.753876253945567,-53.125479432069135,65,-0.05145467809231633,0.5446622327825313,2013,0.6926060465695535,1.25,2.6222222222222222,False,False
5101258,Araputanga,MT,-15.25291544916565,-58.45927078775774,65,0.01826923076923077,0.8296639093428102,1980,0.7465872320851034,0.9,3.0444444444444443,False,False
5101308,Arenápolis,MT,-14.50705028429381,-56.859406306149296,65,0.3115384615384616,0.00024390367514957225,2002,0.006500550461868807,2.9,3.488888888888889,True,True
5101407,Aripuanã,MT,-10.179389836555018,-59.85693373618016,65,0.23130560899443134,0.006465879455870591,1993,0.003352921286112031,0.1,1.3555555555555556,True,True
5101605,Barão de Melgaço,MT,-16.810269409937657,-56.029236523708704,65,-0.08030776861137222,0.34442077838054097,1998,0.08377208835709478,2.55,2.8222222222222224,False,False
5101704,Barra do Bugres,MT,-15.068055770054794,-57.56022631312438,65,0.16642618567847042,0.050124258289448435,2005,0.08516609205222035,2.3,4.444444444444445,False,False
5101803,Barra do Garças,MT,-15.381981749095624,-52.50903188200194,65,0.06057692307692309,0.47563877428430523,1969,0.24625239477921027,0.0,1.5555555555555556,False,False
5101852,Bom Jesus do Araguaia,MT,-12.217841156311287,-51.739589967557336,65,0.20629959721124957,0.015150007777086407,1976,0.02371045067341545,0.0,0.8,True,True
5101902,Brasnorte,MT,-12.422164647480203,-57.999349948126216,65,0.23173076923076924,0.006356762266437549,2001,0.04658952974594933,0.0,1.5555555555555556,True,False
5102504,Cáceres,MT,-16.537475279335947,-57.83438959078356,65,0.1076923076923077,0.20474428938111378,1995,0.4264390421954524,0.5,0.24444444444444444,False,False
5102603,Campinápolis,MT,-14.37346416571799,-53.11376909980642,65,0.21346153846153848,0.011948725315964503,1985,0.0374280118542835,0.0,0.13333333333333333,True,False
5102637,Campo Novo do Parecis,MT,-13.687942643927231,-57.93093599206974,65,0.028846153846153848,0.7340951823194757,2001,0.37917085700952197,0.0,1.8444444444444446,False,False
5102678,Campo Verde,MT,-15.399718545467833,-55.03102833678344,65,-0.09281077450296311,0.27454097870408356,2005,0.6407607168142557,0.9,2.7555555555555555,False,False
5102686,Campos de Júlio,MT,-13.579136032424664,-59.19276373291232,65,0.20384615384615387,0.016375942740005898,1998,0.02371045067341545,0.0,3.2444444444444445,True,True
5102694,Canabrava do Norte,MT,-11.201586872368123,-51.82359213820221,65,0.15096153846153848,0.07545725721395402,1969,0.49905447699339966,0.0,1.3555555555555556,False,False
5102702,Canarana,MT,-13.3299824510512,-52.39923119717097,65,0.14230769230769233,0.09378325044585276,1987,0.11200893327810173,0.0,0.9555555555555556,False,False
5102793,Carlinda,MT,-10.106360999849157,-55.83407456684751,65,0.4169271580003576,9.177581394646146e-07,1984,0.0001352710649807237,0.35,1.9111111111111112,True,True
5102850,Castanheira,MT,-10.940671464862138,-58.60280394910008,65,0.1855769230769231,0.02886724751932723,1993,0.07580582880191701,0.25,1.8,True,False
5103007,Chapada dos Guimarães,MT,-15.12514356910288,-55.58264217600826,65,0.11153846153846154,0.18903426846904237,1969,0.2270165572915539,1.95,5.533333333333333,False,False
5103056,Cláudia,MT,-11.448138699182374,-55.04772423418531,65,0.14807692307692308,0.08121025824359357,2013,0.1348934261598594,0.0,0.6,False,False
5103106,Cocalinho,MT,-13.85202424995423,-51.1425167935031,65,0.0951923076923077,0.26230733102894765,2015,0.6926060465695535,0.35,0.9111111111111111,False,False
5103205,Colíder,MT,-10.630932590895991,-55.46861495421814,65,0.3211538461538462,0.00015569512328287845,1999,0.005435034567596376,0.0,1.9555555555555555,True,True
5103254,Colniza,MT,-9.29312253794033,-60.30524363344778,65,0.1855769230769231,0.02886724751932723,1993,0.005685274032837622,0.0,0.0,True,True
5103304,Comodoro,MT,-13.193246912972562,-59.75042444772546,65,0.2957441778203228,0.000498041252662779,1990,0.001236234114081279,0.0,1.6222222222222222,True,True
5103353,Confresa,MT,-10.404209719227156,-51.698571296979416,65,0.17692307692307696,0.037215712459128636,1997,0.015903853144033468,0.0,0.06666666666666667,False,True
5103361,Conquista d'Oeste,MT,-14.634640821657625,-59.33217081359887,65,0.07019230769230769,0.4084852298799554,2001,0.39761982182042743,0.0,0.7333333333333333,False,False
5103379,Cotriguaçu,MT,-9.537141643172482,-58.67528079405861,65,0.33461538461538465,8.13716056032753e-05,1996,0.0003909510769309692,0.0,0.6444444444444445,True,True
5103403,Cuiabá,MT,-15.452332669659834,-55.95562766893664,65,-0.025961538461538463,0.759821804319769,2002,0.2810327034097539,2.8,4.555555555555555,False,False
5103437,Curvelândia,MT,-15.61708204454834,-57.87649040813281,65,0.12698414167374622,0.13500487196182773,1996,0.3153535161700454,0.65,2.311111111111111,False,False
5103452,Denise,MT,-14.729979240961145,-56.961594832791405,65,0.19230769230769235,0.023540058261177936,1995,0.022799875341596585,2.15,3.1777777777777776,True,True
5103502,Diamantino,MT,-14.095944622953931,-56.80519080046959,65,0.15961538461538463,0.06016535794097843,2002,0.1433195491670883,2.2,3.2888888888888888,False,False
5103601,Dom Aquino,MT,-15.655685744954564,-54.77409893588437,65,-0.06926407727658884,0.41492029774785366,1982,0.6344362308243151,1.55,3.311111111111111,False,False
5103700,Feliz Natal,MT,-11.932813216909238,-54.1833124851374,65,0.24957923298983342,0.0033001113136374625,2003,0.010264723464201625,0.0,0.4444444444444444,True,True
5103809,Figueirópolis d'Oeste,MT,-15.52730267783733,-58.70257265089513,65,-0.06730769230769232,0.42801444993475524,1982,0.1433195491670883,1.7,2.577777777777778,False,False
5103858,Gaúcha do Norte,MT,-12.995359129740718,-53.45593614898145,65,0.09377254418693164,0.26959842970250447,1984,0.27023411846283146,0.0,0.08888888888888889,False,False
5103908,General Carneiro,MT,-15.55748749274839,-53.39167953483663,65,0.007692307692307694,0.9278246057348423,1969,0.9197857474393305,1.8,1.6444444444444444,False,False
5103957,Glória d'Oeste,MT,-15.839177706985144,-58.32535504707642,65,-0.18173076923076925,0.03235447625285426,1983,0.043340125789311776,1.1,0.8444444444444444,True,False
5104104,Guarantã do Norte,MT,-9.776331915649118,-54.62107642210056,65,0.34343438316308633,5.291622853304951e-05,1986,0.00080023307716624,0.0,1.8,True,True
5104203,Guiratinga,MT,-16.38431477519633,-53.5875687732786,65,0.06826923076923078,0.4214450879802445,1967,0.3440897276461011,1.0,2.7777777777777777,False,False
5104500,Indiavaí,MT,-15.3352031835722,-58.59753708942411,65,-0.03895167220072545,0.6465361262504953,1983,0.22086846274676056,0.6,2.7111111111111112,False,False
5104526,Ipiranga do Norte,MT,-12.016851514165449,-56.0584717259779,65,0.21153846153846156,0.012738072274857487,1986,0.01796050511307883,0.0,0.4888888888888889,True,True
5104542,Itanhangá,MT,-12.140399956272413,-56.75492259696739,65,0.13461538461538464,0.11292366071592867,1997,0.0374280118542835,0.1,0.0,False,False
5104559,Itaúba,MT,-11.111119210662466,-55.58943708483519,65,0.1807692307692308,0.03328067640475118,2012,0.17118085708445183,0.0,1.7777777777777777,True,False
5104609,Itiquira,MT,-17.334299073029964,-54.597150475370086,65,0.1701923076923077,0.0450560990200837,1987,0.1433195491670883,0.6,2.3555555555555556,False,False
5104807,Jaciara,MT,-15.977403156325268,-55.19029827149965,65,-0.013945660417543677,0.8695872401053337,1981,1.0,1.7,4.644444444444445,False,False
5104906,Jangada,MT,-15.35486422767628,-56.59973456550102,65,-0.13846153846153847,0.10300031496560585,1995,0.16144984740732568,1.15,2.8,False,False
5105002,Jauru,MT,-15.304703564344994,-58.86557586257499,65,0.1355769230769231,0.11037483702198604,2007,0.010485500191296987,0.6,2.6666666666666665,False,True
5105101,Juara,MT,-11.023314143159768,-57.61817978695367,65,0.2971153846153846,0.000467469124277752,1984,0.00037028525240877117,0.1,1.3333333333333333,True,True
5105150,Juína,MT,-11.531769616637176,-59.32487847626346,65,0.10865384615384616,0.20073052452038787,2011,0.37917085700952197,0.0,1.1111111111111112,False,False
5105176,Juruena,MT,-10.397477390551249,-58.62475721295766,65,0.1024284713426484,0.2278582229807682,1993,0.6094940546151777,0.25,1.4444444444444444,False,False
5105200,Juscimeira,MT,-16.214954539558757,-54.96027413747464,65,-0.09423076923076924,0.26715785444604245,1983,0.3440897276461011,1.9,3.888888888888889,False,False
5105234,Lambari d'Oeste,MT,-15.376988074735213,-57.77922196258272,65,0.11538461538461539,0.1742313882480251,2004,0.17118085708445183,1.05,3.2,False,False
5105259,Lucas do Rio Verde,MT,-13.0371699346753,-56.167494723978265,65,0.10961538461538463,0.19677448800476616,1999,0.16144984740732568,0.1,0.9555555555555556,False,False
5105309,Luciara,MT,-11.014771499247216,-50.94575221732191,65,0.3355769230769231,7.761522123078333e-05,1996,0.00023831817146721104,0.05,1.3555555555555556,True,True
5105507,Vila Bela da Santíssima Trindade,MT,-15.188149353711752,-59.99024123514108,65,0.09134615384615387,0.2820779190565359,2004,0.2148498852809811,0.55,1.8,False,False
5105580,Marcelândia,MT,-10.886351303309516,-54.0532419825678,65,0.12211538461538464,0.1504363713206985,1975,0.25293286153182654,0.0,0.0,False,False
5105606,Matupá,MT,-10.01406689210599,-54.35650919291736,65,0.36442307692307696,1.7760617718792576e-05,1995,0.0011753288348386205,0.0,0.0,True,True
5105622,Mirassol d'Oeste,MT,-15.654135128812149,-58.05495424283245,64,-0.1121031746031746,0.19041290368241137,1983,0.05942494324044737,1.5,2.3555555555555556,False,False
5105903,Nobres,MT,-14.378225420570432,-55.81302801723028,65,0.004807692307692309,0.9548528001763662,1969,0.9348700819203165,0.55,1.8888888888888888,False,False
5106000,Nortelândia,MT,-14.347626016970375,-56.7226150263957,65,0.2605769230769231,0.0021515738117853294,2002,0.027683537119878636,3.4,3.6666666666666665,True,False
5106109,Nossa Senhora do Livramento,MT,-15.838931247915824,-56.48440982516652,65,-0.04711538461538462,0.5790206953061717,1988,0.6033483431563663,2.6,2.933333333333333,False,False
5106158,Nova Bandeirantes,MT,-9.767935700918216,-58.07723643349052,65,0.2932692307692308,0.0005534752478120442,1983,0.004743582837762857,0.0,1.3333333333333333,True,True
5106174,Nova Nazaré,MT,-14.15591909872247,-51.88971562811712,65,0.2,0.01851591612496109,2001,0.09861252850976931,0.0,1.9111111111111112,True,False
5106182,Nova Lacerda,MT,-14.299789022986255,-59.77160649895781,65,0.1836538461538462,0.030568176043374543,2001,0.05763530883303764,0.0,0.7111111111111111,True,False
5106190,Nova Santa Helena,MT,-10.918847796700478,-54.90670809572847,65,0.29244832627893064,0.0005769341235783859,1999,0.0031990023147593274,0.2,1.8222222222222222,True,True
5106208,Nova Brasilândia,MT,-14.782925403392028,-55.0578792833532,65,-0.0125,0.8829773063503712,1969,0.49905447699339966,0.2,2.911111111111111,False,False
5106216,Nova Canaã do Norte,MT,-10.700249207229255,-56.04162986784136,65,0.2278846153846154,0.007285672235717852,1986,0.02371045067341545,0.0,0.1111111111111111,True,True
5106224,Nova Mutum,MT,-13.62968377976899,-56.10603080970039,65,0.05337821746025339,0.5297263336668613,2000,0.5851294281114139,0.0,1.288888888888889,False,False
5106232,Nova Olímpia,MT,-14.804489490473475,-57.42146370029754,65,0.24903846153846157,0.0033613933934444453,2005,0.03883579920096674,1.8,3.8,True,False
5106240,Nova Ubiratã,MT,-13.02122619426038,-54.76146868898295,65,0.11826923076923078,0.16371030112364793,1991,0.5672409199242981,0.2,1.0666666666666667,False,False
5106257,Nova Xavantina,MT,-14.634563736845056,-52.38017819701162,65,0.23076923076923078,0.006578413612826367,1978,0.17118085708445183,0.6,2.0444444444444443,True,False
5106265,Novo Mundo,MT,-9.752159013138,-55.40373258285084,65,0.20629959721124957,0.015150007777086407,1982,0.016231242956803473,0.25,1.3777777777777778,True,True
5106273,Novo Horizonte do Norte,MT,-11.383662009428484,-57.303532251878615,65,0.2663461538461539,0.0017103144653527128,1984,0.011412212598447198,0.35,2.111111111111111,True,True
5106281,Novo São Joaquim,MT,-15.08128206971628,-53.25215693953233,64,0.006947891674462881,0.9353517426871074,2019,0.8941664492754763,0.45,1.0444444444444445,False,False
5106299,Paranaíta,MT,-9.593525456818783,-56.6826821601727,65,0.22596153846153846,0.007794343351490569,1984,0.006500550461868807,0.0,0.7333333333333333,True,True
5106307,Paranatinga,MT,-13.673499969375404,-54.09689773711313,65,0.04711538461538462,0.5790206953061717,1969,0.5100406406299057,0.4,1.0666666666666667,False,False
5106315,Novo Santo Antônio,MT,-12.313182718090763,-50.888000423042925,65,0.18461538461538465,0.029707245169198246,1976,0.1348934261598594,0.55,0.8666666666666667,True,False
5106372,Pedra Preta,MT,-16.799076080851783,-54.24961167221663,65,-0.13128156186170428,0.12220532860785438,1998,0.07085942951772722,1.45,3.5555555555555554,False,False
5106422,Peixoto de Azevedo,MT,-10.149672695567608,-53.593615074257976,65,0.024525126941197503,0.7727839694100173,1974,0.9806103528349323,0.15,0.5333333333333333,False,False
5106455,Planalto da Serra,MT,-14.588718932868682,-54.673988130835326,65,-0.0778846153846154,0.35906697866031423,1990,0.6156758708469371,0.0,1.1333333333333333,False,False
5106505,Poconé,MT,-16.781626670695207,-56.94357307198164,65,0.01683096946944927,0.8429264099579448,1969,0.31934808891406874,1.15,1.7777777777777777,False,False
5106653,Pontal do Araguaia,MT,-15.932036542355116,-52.72147796670781,65,0.10961538461538463,0.19677448800476616,1971,0.25974984352926617,0.25,2.066666666666667,False,False
5106703,Ponte Branca,MT,-16.659013543468195,-52.93652101439153,65,0.0125,0.8829773063503712,1967,0.8168482142462784,0.4,0.9777777777777777,False,False
5106752,Pontes E Lacerda,MT,-15.516530092104984,-59.45716411313023,65,0.022612466797752438,0.7901616252992761,2008,0.2270165572915539,0.35,1.3777777777777778,False,False
5106778,Porto Alegre do Norte,MT,-10.826323676329292,-51.713660595290406,65,0.15961538461538463,0.06016535794097843,1996,0.3113955087807632,0.0,0.9555555555555556,False,False
5106802,Porto dos Gaúchos,MT,-11.735062321646629,-56.74597758905981,65,0.11974032565408194,0.15862606949205693,1995,0.21784307663701066,0.1,1.7555555555555555,False,False
5106828,Porto Esperidião,MT,-15.95647390094709,-58.982208267860194,65,-0.09761962292280575,0.2504407039726272,1982,0.031038301874568873,0.05,0.0,False,False
5106851,Porto Estrela,MT,-15.521122253822838,-57.21538016675371,65,0.0019230769230769234,0.9819330169178719,1979,0.6794395367093345,1.15,2.2666666666666666,False,False
5107008,Poxoréu,MT,-15.853676477509229,-54.18325297091779,65,0.14807692307692308,0.08121025824359357,2012,0.10852621480054009,1.2,0.7333333333333333,False,False
5107040,Primavera do Leste,MT,-15.099781428261448,-54.21974084029169,65,-0.06730769230769232,0.42801444993475524,2006,0.6156758708469371,0.2,1.1111111111111112,False,False
5107065,Querência,MT,-12.158463134465377,-52.74422440999495,65,0.13993748901742104,0.0994574753434585,1987,0.36132902060287403,0.0,0.0,False,False
5107107,São José dos Quatro Marcos,MT,-15.566625189310464,-58.29706680196583,65,-0.0461760515177259,0.5867784344214065,2013,0.6794395367093345,2.1,3.2888888888888888,False,False
5107156,Reserva do Cabaçal,MT,-14.928369989503729,-58.45774241989902,65,0.05384615384615385,0.5260317864344628,2007,0.08657956663465231,0.05,1.6888888888888889,False,False
5107180,Ribeirão Cascalheira,MT,-12.874650127779857,-51.56818518292889,65,0.21548824041605416,0.011200452972300483,1976,0.01869710762272877,0.0,0.8222222222222222,True,True
5107198,Ribeirãozinho,MT,-16.494022679414318,-52.75978339348752,65,0.15917288269679164,0.06093752056919935,1971,0.05864988548208383,0.65,1.8444444444444446,False,False
5107206,Rio Branco,MT,-15.272969239158192,-58.14976050469279,65,0.0004808848419842648,0.9954828199188704,1980,0.4363521181567188,0.45,1.8222222222222222,False,False
5107248,Santa Carmem,MT,-11.934732515975025,-54.89971697969444,65,0.15480769230769234,0.06830853679511892,1988,0.09861252850976931,0.0,0.9777777777777777,False,False
5107263,Santo Afonso,MT,-14.450407525383774,-57.34678640031829,65,0.02211538461538462,0.7945369497506702,2013,0.8603610817965768,1.0,2.466666666666667,False,False
5107297,São José do Povo,MT,-16.483941033946817,-54.250185683334486,65,-0.049038461538461545,0.5636278829337915,1999,0.5911658771176894,2.0,3.8,False,False
5107305,São José do Rio Claro,MT,-13.551158642541084,-56.80814338030834,65,0.12358740438995605,0.14566945352822955,2007,0.25974984352926617,0.15,0.7111111111111111,False,False
5107354,São José do Xingu,MT,-10.696406263508942,-52.61687104128211,65,-0.051923076923076926,0.5409152127109731,2004,0.36132902060287403,0.2,1.4,False,False
5107404,São Pedro da Cipa,MT,-15.954041203925176,-54.74025921462187,65,-0.002884615384615385,0.9729024202503425,1983,0.9960061723468323,1.3,3.066666666666667,False,False
5107578,Rondolândia,MT,-10.462732732660657,-61.01011861748663,65,0.2457321542539593,0.00381564064230791,1985,0.007101915496690558,0.0,1.2444444444444445,True,True
5107602,Rondonópolis,MT,-16.566756099756446,-54.68796679123231,65,0.08076923076923077,0.3415471640207668,2010,0.6156758708469371,2.0,3.511111111111111,False,False
5107701,Rosário Oeste,MT,-14.753904737759514,-55.93527537839579,65,0.054807692307692314,0.5186693578126838,1984,0.7604002213532476,1.05,2.688888888888889,False,False
5107743,Santa Cruz do Xingu,MT,-10.064579714558484,-52.54142940752285,65,0.056263526512158976,0.507719593512991,1971,1.0,0.0,0.24444444444444444,False,False
5107750,Salto do Céu,MT,-15.050864872081252,-58.050946512266414,65,0.18269230769230774,0.03145044869191862,2004,0.004743582837762857,1.25,3.911111111111111,True,True
5107768,Santa Rita do Trivelato,MT,-13.833059501354866,-55.29448514525613,65,0.13993748901742104,0.0994574753434585,2001,0.23648472833616008,0.0,1.1111111111111112,False,False
5107776,Santa Terezinha,MT,-10.33228897357355,-50.79189157457224,65,0.1730769230769231,0.04154006700988516,1996,0.006217636299301284,0.0,0.9555555555555556,False,True
5107792,Santo Antônio do Leste,MT,-14.8116716939878,-53.65688398723238,65,0.11594903187783696,0.17242301548039685,2013,0.45150972815622337,0.2,1.4666666666666666,False,False
5107800,Santo Antônio do Leverger,MT,-16.534734890120895,-55.4480652435322,65,-0.010576923076923078,0.9008794391838973,1999,1.0,1.3,2.0444444444444443,False,False
5107859,São Félix do Araguaia,MT,-11.455573560526163,-51.970176232889166,65,0.12596153846153849,0.1379992597344832,1971,0.27379852014261447,0.2,1.0888888888888888,False,False
5107875,Sapezal,MT,-13.15365289673504,-58.65334361122581,65,0.2716999357211096,0.001380325186750426,2001,0.004964549597557599,0.25,2.066666666666667,True,True
5107883,Serra Nova Dourada,MT,-12.022980916729754,-51.362100591301065,65,0.1932692307692308,0.02285338210981876,1976,0.11558351804791793,0.0,1.6,True,False
5107909,Sinop,MT,-11.710733405712912,-55.50160318822581,65,0.14230769230769233,0.09378325044585276,1986,0.27379852014261447,0.15,1.8444444444444446,False,False
5107925,Sorriso,MT,-12.741164092036117,-55.67858109286014,65,0.15,0.07733678360610473,1992,0.12301501734761935,0.1,1.3111111111111111,False,False
5107941,Tabaporã,MT,-11.21403509796171,-56.49652886543952,65,0.17167588858838254,0.04326456096215315,1987,0.11558351804791793,0.0,1.2222222222222223,False,False
5107958,Tangará da Serra,MT,-14.430999008046898,-58.29205710926369,65,0.17115384615384618,0.043857193295064656,2008,0.002462803962555173,0.15,1.6444444444444444,False,True
5108006,Tapurah,MT,-12.568002249195152,-56.53179637526914,65,0.15865384615384617,0.06172624233514096,1998,0.04028960206658344,0.0,0.0,False,False
5108055,Terra Nova do Norte,MT,-10.512565695205442,-54.98410255528542,65,0.275,0.0012023910354601723,1994,0.008833456203955271,0.0,1.4666666666666666,True,True
5108105,Tesouro,MT,-15.903653697930045,-53.45713569162518,65,0.030769230769230774,0.7171064503042393,1969,0.6535150821111455,0.45,1.3555555555555556,False,False
5108204,Torixoréu,MT,-16.294716259750658,-52.88978613709803,65,0.1230769230769231,0.14724974459811443,1970,0.36132902060287403,0.25,1.1333333333333333,False,False
5108303,União do Sul,MT,-11.527664043540058,-54.31637834127135,65,0.21067823504962438,0.013146856034963015,2003,0.020251720191003866,0.0,0.9111111111111111,True,True
5108352,Vale de São Domingos,MT,-14.9658564285155,-58.96289863320774,65,0.08461538461538462,0.3190539922528327,2007,0.014060907443860605,0.0,1.7555555555555555,False,True
5108402,Várzea Grande,MT,-15.56241206655324,-56.24281719909873,65,-0.1980769230769231,0.0196748921067039,1997,0.03474573545009981,3.35,5.311111111111111,True,False
5108501,Vera,MT,-12.422282728746326,-55.346341721085,65,0.13128156186170428,0.12220532860785438,1992,0.14117402774158275,0.6,1.6444444444444444,False,False
5108600,Vila Rica,MT,-9.980891267429383,-51.40645562308028,65,0.17412219426475806,0.040414505879369005,2002,0.03883579920096674,0.0,0.8444444444444444,False,False
5108808,Nova Guarita,MT,-10.293814598994,-55.33820941419205,65,0.2884615384615385,0.0006817102933708383,1997,0.004531670941802023,0.25,2.422222222222222,True,True
5108857,Nova Marilândia,MT,-14.290544988877846,-57.25739270519511,65,0.05673076923076923,0.5041058574582591,1987,0.7743354696059661,1.8,4.022222222222222,False,False
5108907,Nova Maringá,MT,-12.783007837693695,-57.220280863664286,65,0.18173076923076925,0.03235447625285426,2010,0.01190277071465173,0.0,1.0888888888888888,True,True
5108956,Nova Monte Verde,MT,-9.970145806128183,-57.24566047563886,65,0.25961538461538464,0.0022345392261445187,1983,0.005435034567596376,0.0,2.2,True,True
5200050,Abadia de Goiás,GO,-16.785544779855563,-49.4537971120457,65,0.19519230769230772,0.021532075658869866,1977,0.015266779927279142,4.35,6.666666666666667,True,True
5200100,Abadiânia,GO,-16.18693239464359,-48.71354136095623,65,0.20480769230769233,0.015876159806045093,1979,0.09243219495343426,1.6,4.5777777777777775,True,False
5200134,Acreúna,GO,-17.452185623286816,-50.3260613850723,65,0.275,0.0012023910354601723,1995,0.02988229294893045,2.0,6.511111111111111,True,False
5200159,Adelândia,GO,-16.36936817018098,-50.184647080640936,65,0.12262563470598753,0.14883003573030254,1979,0.186646930242533,2.1,3.6,False,False
5200175,Água Fria de Goiás,GO,-14.906536703045989,-47.79535645935767,65,0.24519230769230774,0.003885555986180738,2007,0.015903853144033468,0.9,2.422222222222222,True,True
5200209,Água Limpa,GO,-18.077920000812888,-48.7917894341572,65,0.2605769230769231,0.0021515738117853294,1996,0.015266779927279142,2.75,4.2,True,True
5200258,Águas Lindas de Goiás,GO,-15.755618318473546,-48.28606554722143,65,0.2813176325607949,0.0009264366488172002,1979,0.017602022491475668,6.4,21.066666666666666,True,True
5200308,Alexânia,GO,-16.08901623453648,-48.48242077755325,65,0.2009615384615385,0.017959163268484925,1998,0.12301501734761935,1.7,7.177777777777778,True,False
5200506,Aloândia,GO,-17.69328074216213,-49.465357370183206,65,0.16250000000000003,0.05567791074662766,1970,0.15216720064717362,1.3,4.133333333333334,False,False
5200555,Alto Horizonte,GO,-14.171308345856398,-49.42900836714582,65,0.1028846153846154,0.22568988273148238,1974,0.04829200871359571,0.35,0.9111111111111111,False,False
5200605,Alto Paraíso de Goiás,GO,-14.18292124742527,-47.53498469654788,65,0.15192307692307694,0.07361518372015567,1976,0.07580582880191701,1.1,2.2444444444444445,False,False
5200803,Alvorada do Norte,GO,-14.56641017898501,-46.63182629795447,65,0.06876653240374986,0.4181752515439001,1976,0.46701295818182675,1.7,2.3777777777777778,False,False
5200829,Amaralina,GO,-13.842588427461177,-49.61541952170099,65,0.08658009659573605,0.3081640416280693,1974,0.12493294124863055,0.0,0.0,False,False
5200852,Americano do Brasil,GO,-16.261085289562214,-50.00119986586511,65,0.04615384615384616,0.5867904254454406,1977,0.5791296951003588,2.15,3.8222222222222224,False,False
5200902,Amorinópolis,GO,-16.626504631732516,-51.107271414232805,65,0.23365384615384616,0.005933512117906358,1976,0.004964549597557599,1.0,4.2444444444444445,True,True
5201108,Anápolis,GO,-16.290695877392633,-48.973567114081966,65,0.15288461538461542,0.07181004824924186,1978,0.05967975380939963,2.5,6.066666666666666,False,False
5201207,Anhanguera,GO,-18.312313638246923,-48.2253881283924,65,0.12403846153846156,0.14411498395127648,2014,0.4166794406211764,3.6,6.111111111111111,False,False
5201306,Anicuns,GO,-16.3975238807979,-49.9680302633327,65,-0.10627555007852252,0.21086656133805426,2015,0.1975562773493669,1.5,3.688888888888889,False,False
5201405,Aparecida de Goiânia,GO,-16.809849461560102,-49.2628278940535,65,0.19860543973950134,0.019377417533906423,1975,0.20319531429857648,3.5,5.555555555555555,True,False
5201454,Aparecida do Rio Doce,GO,-18.216838685008995,-51.26307580401516,65,0.06153846153846155,0.46866229579159335,1977,0.17118085708445183,0.9,4.155555555555556,False,False
5201504,Aporé,GO,-18.76816689901941,-52.04552237972271,65,0.09903846153846155,0.24351526376139854,1971,0.0732972202658319,0.7,3.533333333333333,False,False
5201603,Araçu,GO,-16.36584458436537,-49.70150501309898,65,-0.010576923076923078,0.9008794391838973,2000,0.5555005761215098,2.15,3.8444444444444446,False,False
5201702,Aragarças,GO,-15.970206924199225,-52.14671066840239,65,0.25000000000000006,0.0032408345715186702,1971,0.022799875341596585,1.65,3.311111111111111,True,True
5201801,Aragoiânia,GO,-16.951772434099873,-49.41917481190477,65,0.07980769230769232,0.3473253208868534,1977,0.11200893327810173,3.7,6.444444444444445,False,False
5202155,Araguapaz,GO,-15.139228257973617,-50.43957607097033,65,0.16546418460518447,0.05146536785835154,1979,0.00635765663596522,0.65,1.8444444444444446,False,True
5202353,Arenópolis,GO,-16.353452764507114,-51.58458051010295,65,0.2678528569852355,0.0016135724695128988,1979,0.01294136909450836,0.7,4.177777777777778,True,True
5202502,Aruanã,GO,-14.805153699929503,-50.93738625295495,65,0.19903846153846155,0.01908771528935225,1975,0.031038301874568873,0.8,1.6666666666666667,True,False
5202601,Aurilândia,GO,-16.695084401065525,-50.52591960043441,65,0.11108439849836516,0.19094083770394787,1976,0.2148498852809811,1.55,4.844444444444444,False,False
5202809,Avelinópolis,GO,-16.49267502255106,-49.76599756257266,65,0.021153846153846155,0.8032826965468698,1992,1.0,2.45,4.8,False,False
5203104,Baliza,GO,-16.359896393565922,-52.43821194786607,65,0.22222224792905587,0.008905941510891517,1971,0.05967975380939963,0.6,2.8444444444444446,True,False
5203203,Barro Alto,GO,-14.90740055249094,-48.881106279890886,65,0.19624821895033506,0.020892628618399856,2016,0.05004808403109762,1.15,3.533333333333333,True,False
5203302,Bela Vista de Goiás,GO,-16.957435054046524,-48.91163101441001,65,0.08992546545105752,0.28973825318319757,1977,0.4775403025455924,3.5,5.155555555555556,False,False
5203401,Bom Jardim de Goiás,GO,-16.16824062166796,-52.07228075653699,65,0.21634615384615385,0.010845950917060442,1970,0.02876438730541304,2.0,4.111111111111111,True,False
5203500,Bom Jesus de Goiás,GO,-18.189126486599843,-49.87837558864711,65,0.10384615384615385,0.22138288217168667,1970,0.17118085708445183,1.7,3.688888888888889,False,False
5203559,Bonfinópolis,GO,-16.601883245746897,-49.0103654153694,65,0.2605769230769231,0.0021515738117853294,2011,0.021071406588780116,3.15,4.777777777777778,True,True
5203575,Bonópolis,GO,-13.571932082874564,-49.86345903771549,65,0.06250000000000001,0.46174282539108646,1974,0.20319531429857648,0.7,1.7333333333333334,False,False
5203609,Brazabrantes,GO,-16.38773857622637,-49.37811265357038,65,0.13846153846153847,0.10300031496560585,1977,0.020251720191003866,3.9,6.333333333333333,False,True
5203807,Britânia,GO,-15.236499334731617,-51.20827469094053,65,0.22211538461538463,0.008908128193386117,1994,0.05763530883303764,0.8,1.6444444444444444,True,False
5203906,Buriti Alegre,GO,-18.12513256151861,-49.00746840835333,65,0.27211538461538465,0.0013537062494211646,1995,0.006795167961004818,2.0,5.666666666666667,True,True
5203939,Buriti de Goiás,GO,-16.169894663035308,-50.45296421341907,65,0.25000000000000006,0.0032408345715186702,1979,0.0005999556251600211,1.6,2.888888888888889,True,True
5203962,Buritinópolis,GO,-14.406991787897326,-46.2966189839864,65,-0.1375,0.10541366817859947,1999,0.3035887052227368,1.3,3.2,False,False
5204003,Cabeceiras,GO,-15.759711273861798,-46.99240538358018,65,0.003366193893889853,0.9683878455456475,2011,0.4070731221914113,0.75,5.311111111111111,False,False
5204102,Cachoeira Alta,GO,-18.542777090240392,-50.98215723522536,65,-0.09761962292280575,0.2504407039726272,1998,0.12493294124863055,1.5,4.088888888888889,False,False
5204201,Cachoeira de Goiás,GO,-16.720617349466025,-50.69938864535993,65,0.11300793786630221,0.1833710915902007,1979,0.21188870216067207,0.75,2.9555555555555557,False,False
5204250,Cachoeira Dourada,GO,-18.49028224093727,-49.62298807201889,65,0.15051695554107486,0.07638759276875527,1970,0.25974984352926617,2.15,3.688888888888889,False,False
5204300,Caçu,GO,-18.701075885730845,-51.13122802696139,65,-0.08369409337587819,0.324568767691373,1998,0.12112132426494894,1.45,4.288888888888889,False,False
5204409,Caiapônia,GO,-17.00711013757246,-51.81464601680922,65,-0.09326923076923078,0.2720697041296738,2002,0.3274473959752802,0.55,1.9555555555555555,False,False
5204508,Caldas Novas,GO,-17.70926902572424,-48.64705028870417,65,0.1557692307692308,0.06661113650746185,2001,0.1567533113111856,2.0,3.977777777777778,False,False
5204557,Caldazinha,GO,-16.742132462440033,-48.972168886470094,65,0.21826923076923077,0.010161961215914167,2011,0.11925165071939424,3.15,4.511111111111111,True,False
5204607,Campestre de Goiás,GO,-16.787246047378787,-49.70002282250101,65,0.008653846153846154,0.9188321343240562,1968,0.7743354696059661,3.2,6.177777777777778,False,False
5204656,Campinaçu,GO,-13.884819038041488,-48.56813483331148,65,0.27692307692307694,0.0011103654133599575,2014,0.032233482480051354,1.0,3.1333333333333333,True,False
5204706,Campinorte,GO,-14.044734517873804,-48.97501658237708,65,0.20384615384615387,0.016375942740005898,1974,0.19204067398614047,0.45,1.5555555555555556,True,False
5204805,Campo Alegre de Goiás,GO,-17.55128629645984,-47.76839797867106,65,0.04038461538461539,0.6343904759318508,1972,0.6535150821111455,0.85,1.8666666666666667,False,False
5204854,Campo Limpo de Goiás,GO,-16.285916614483888,-49.10347149243047,65,0.15532580396091752,0.06745105054672688,1977,0.02988229294893045,3.55,5.644444444444445,False,False
5204904,Campos Belos,GO,-12.999935502220795,-46.510522216731125,65,0.02211538461538462,0.7945369497506702,2011,0.3035887052227368,1.9,3.8444444444444446,False,False
5204953,Campos Verdes,GO,-14.199858898993332,-49.66046545963681,65,0.1076923076923077,0.20474428938111378,1974,0.12687530739535213,0.35,1.7777777777777777,False,False
5205000,Carmo do Rio Verde,GO,-15.42514369428146,-49.74379444728059,65,0.1476316464891693,0.08219793384601028,1977,0.06178608302878114,1.9,3.9555555555555557,False,False
5205059,Castelândia,GO,-18.155753798594592,-50.33983109173711,65,-0.03942307692307693,0.6424804021960624,1970,0.12687530739535213,1.7,3.488888888888889,False,False
5205109,Catalão,GO,-17.930671267957937,-47.66422116532477,65,0.04038461538461539,0.6343904759318508,2014,0.2667046417839311,2.3,3.911111111111111,False,False
5205208,Caturaí,GO,-16.454744416589165,-49.58354064223898,65,0.1476316464891693,0.08219793384601028,1977,0.09093882440234434,3.45,5.911111111111111,False,False
5205307,Cavalcante,GO,-13.63484147118799,-47.69606560276527,65,0.0856180955224501,0.313570239963503,1968,0.4936185916631505,1.0,1.711111111111111,False,False
5205406,Ceres,GO,-15.276468306333882,-49.63758415576218,65,0.13461538461538464,0.11292366071592867,1977,0.01241227887176321,1.9,4.044444444444444,False,True
5205455,Cezarina,GO,-17.086451571167757,-49.75660775307307,65,0.08461538461538462,0.3190539922528327,2009,0.7883903763393662,1.55,4.822222222222222,False,False
5205471,Chapadão do Céu,GO,-18.464786277020263,-52.63359852311475,65,0.01009858168166956,0.9053617169758577,2003,1.0,0.0,2.5555555555555554,False,False
5205497,Cidade Ocidental,GO,-16.124207284982035,-47.81917762603187,65,0.1451923076923077,0.08731427299935919,1994,0.36132902060287403,6.7,20.466666666666665,False,False
5205513,Cocalzinho de Goiás,GO,-15.655570275603642,-48.60293205492705,65,0.2625,0.0019940551290711004,1977,0.03883579920096674,1.5,5.933333333333334,True,False
5205521,Colinas do Sul,GO,-13.984943939681552,-48.075129933956006,65,0.1653846153846154,0.05147284370845172,2020,0.35263438243826933,1.1,2.5555555555555554,False,False
5205703,Córrego do Ouro,GO,-16.365947552908356,-50.582012938381695,65,0.08365384615384616,0.3245842756703249,1976,0.10852621480054009,1.0,2.688888888888889,False,False
5205802,Corumbá de Goiás,GO,-15.930261501862322,-48.67939982675884,65,0.15532580396091752,0.06745105054672688,1977,0.27379852014261447,1.25,5.466666666666667,False,False
5205901,Corumbaíba,GO,-18.16900528915463,-48.53354901949274,65,0.07115384615384616,0.40209529101557673,1976,0.488220905503328,2.35,3.577777777777778,False,False
5206206,Cristalina,GO,-16.698100602504613,-47.51817134872202,65,0.33942307692307694,6.416711713904296e-05,1986,0.0023471190382498494,0.9,3.8222222222222224,True,True
5206305,Cristianópolis,GO,-17.21368605486533,-48.70751590263035,65,0.04038461538461539,0.6343904759318508,1971,0.2667046417839311,2.1,3.422222222222222,False,False
5206404,Crixás,GO,-14.639494726635204,-50.06525521693264,65,0.23365384615384616,0.005933512117906358,1977,0.01294136909450836,0.65,2.7111111111111112,True,True
5206503,Cromínia,GO,-17.241234473041278,-49.35725010924728,65,0.020192307692307693,0.8120531453899646,1975,0.2397071069526228,1.95,5.266666666666667,False,False
5206602,Cumari,GO,-18.320572395541568,-48.13389747264353,65,0.11538461538461539,0.1742313882480251,2015,0.2397071069526228,3.6,5.644444444444445,False,False
5206701,Damianópolis,GO,-14.55622035366861,-46.19094414223164,65,-0.007213272629763972,0.9323232913816621,2004,0.6992395368865147,1.3,2.8222222222222224,False,False
5206800,Damolândia,GO,-16.2566560213521,-49.33336023456871,65,0.14038461538461539,0.09830553419312299,1977,0.07580582880191701,3.35,5.955555555555556,False,False
5206909,Davinópolis,GO,-18.117745514692626,-47.56564471258375,65,0.007692307692307694,0.9278246057348423,1973,0.37917085700952197,3.5,3.888888888888889,False,False
5207105,Diorama,GO,-16.223222992843116,-51.34963131278303,65,0.27692307692307694,0.0011103654133599575,1976,0.01190277071465173,1.4,5.044444444444444,True,True
5207253,Doverlândia,GO,-16.804834334732195,-52.49333262983091,65,-0.12019230769230771,0.1569669882535778,2010,0.25293286153182654,0.35,1.5555555555555556,False,False
5207352,Edealina,GO,-17.42175382914229,-49.741825801879706,65,0.01730769230769231,0.8385020825980152,1970,0.46701295818182675,1.6,4.8,False,False
5207402,Edéia,GO,-17.476594424801714,-49.96414135914711,65,-0.002884615384615385,0.9729024202503425,1971,0.36132902060287403,0.7,2.1777777777777776,False,False
5207501,Estrela do Norte,GO,-13.81410303278338,-49.08632435417408,65,0.17500000000000002,0.03932745024003653,1974,0.06395574274390818,1.15,2.688888888888889,False,False
5207535,Faina,GO,-15.435545231743028,-50.37043524174846,65,0.2326923076923077,0.006141854588758913,1979,0.001437064222499949,1.6,3.7333333333333334,True,True
5207600,Fazenda Nova,GO,-16.1517105614139,-50.856879129712354,65,0.15865384615384617,0.06172624233514096,1976,0.04179063319747862,1.3,3.7555555555555555,False,False
5207808,Firminópolis,GO,-16.640041163247478,-50.31298908631206,65,0.0697283020877184,0.4116952528369112,1993,0.5972388986848808,2.3,6.666666666666667,False,False
5207907,Flores de Goiás,GO,-14.651674959836376,-46.90492173658603,65,-0.08750000000000001,0.302835364563549,1989,0.2270165572915539,1.15,1.0,False,False
5208004,Formosa,GO,-15.307300523441702,-47.24777714198272,65,-0.07118807942316076,0.4020802062911525,1999,0.06619019684698552,1.85,4.555555555555555,False,False
5208103,Formoso,GO,-13.72294882081106,-48.86759271380833,65,0.16730769230769232,0.048819802579820055,1975,0.15216720064717362,1.8,4.2444444444444445,False,False
5208152,Gameleira de Goiás,GO,-16.40309112622767,-48.67291413245238,65,0.19903846153846155,0.01908771528935225,1977,0.10182967849068571,1.3,3.4444444444444446,True,False
5208301,Divinópolis de Goiás,GO,-13.264230699909175,-46.51880907588255,65,0.026923076923076925,0.751215095177401,2011,0.2270165572915539,2.4,4.977777777777778,False,False
5208400,Goianápolis,GO,-16.514678535358655,-49.06654170458112,65,0.2759615384615385,0.001155531811201797,2011,0.027683537119878636,4.25,6.4222222222222225,True,False
5208509,Goiandira,GO,-18.12292987004301,-48.13882941155944,65,0.054807692307692314,0.5186693578126838,1971,0.5324687972967159,3.5,5.377777777777778,False,False
5208608,Goianésia,GO,-15.275301663276892,-49.16744562371936,65,0.08846153846153848,0.2975531675111377,1991,0.25974984352926617,1.1,2.7555555555555555,False,False
5208707,Goiânia,GO,-16.643348338237058,-49.27418135013688,65,0.2557692307692308,0.002596549603187962,2012,0.021071406588780116,4.85,7.466666666666667,True,True
5208806,Goianira,GO,-16.500127901121544,-49.42939713961554,65,0.15,0.07733678360610473,1977,0.019460569787467734,4.25,7.311111111111111,False,True
5208905,Goiás,GO,-15.84701166475602,-50.243113586005165,65,0.13653846153846155,0.10787167378640108,1979,0.01869710762272877,1.95,2.933333333333333,False,True
5209101,Goiatuba,GO,-17.993885336115028,-49.659916728987554,65,0.1572493433288546,0.06412602947913622,1977,0.041034137502321565,1.4,2.8666666666666667,False,False
5209150,Gouvelândia,GO,-18.50899738098907,-50.15571294395741,65,-0.057692307692307696,0.49690584756476786,1970,0.20895933922108018,1.6,3.7777777777777777,False,False
5209200,Guapó,GO,-16.911267667102408,-49.5726623916912,65,0.03461538461538462,0.683552875272655,1977,0.6407607168142557,2.85,6.777777777777778,False,False
5209291,Guaraíta,GO,-15.67228837763209,-50.05046810023951,65,0.1230769230769231,0.14724974459811443,1977,0.0374280118542835,2.45,3.8666666666666667,False,False
5209408,Guarani de Goiás,GO,-13.88972301740558,-46.43235915610787,65,-0.013461538461538462,0.8740480196882481,2013,1.0,1.0,4.177777777777778,False,False
5209457,Guarinos,GO,-14.6997074582815,-49.73096842700036,65,0.19134615384615386,0.024244568973916657,1976,0.04179063319747862,1.05,3.7555555555555555,True,False
5209606,Heitoraí,GO,-15.743456412299103,-49.785057679501406,65,0.026923076923076925,0.751215095177401,1977,0.11558351804791793,3.25,5.022222222222222,False,False
5209705,Hidrolândia,GO,-17.011712574623896,-49.26677525798199,65,0.1125,0.18524939541359853,1975,0.2667046417839311,4.05,7.688888888888889,False,False
5209804,Hidrolina,GO,-14.739763547734324,-49.36301077094088,65,0.21923076923076926,0.00983458779839209,1976,0.1348934261598594,1.0,2.511111111111111,True,False
5209903,Iaciara,GO,-14.090702860563123,-46.75488121438902,65,-0.037989902516756914,0.6546898017710854,1989,0.5155908028704785,1.25,2.488888888888889,False,False
5209937,Inaciolândia,GO,-18.508955811424563,-49.91608583909586,65,0.021164023612291034,0.8032765205505219,1970,0.28840837545464815,1.6,4.266666666666667,False,False
5209952,Indiara,GO,-17.185053425490864,-49.96819205087152,65,0.09615384615384617,0.25751798224906275,1971,0.7328989927313598,1.55,3.933333333333333,False,False
5210000,Inhumas,GO,-16.30773694665933,-49.5162755767296,65,0.04134615384615385,0.6263439932763901,1977,0.46701295818182675,3.8,6.4222222222222225,False,False
5210109,Ipameri,GO,-17.50527333555597,-48.054284070551695,65,-0.1451923076923077,0.08731427299935919,2005,0.021920496091912347,1.75,3.511111111111111,False,True
5210158,Ipiranga de Goiás,GO,-15.169541513711152,-49.67011350882535,65,0.16634615384615387,0.05013161313138197,1977,0.009222685932882982,1.65,4.044444444444444,False,True
5210208,Iporá,GO,-16.41591493238359,-51.18075352499828,65,0.2605769230769231,0.0021515738117853294,1978,0.002236483153282279,1.0,4.266666666666667,True,True
5210307,Israelândia,GO,-16.357518461304508,-50.88034724032596,65,0.11057692307692309,0.19287584940313707,1976,0.024653148270964056,1.3,3.888888888888889,False,True
5210406,Itaberaí,GO,-16.080747759334663,-49.82396597760367,65,-0.03557692307692308,0.6752581537654916,2000,0.3440897276461011,2.8,3.888888888888889,False,False
5210562,Itaguari,GO,-15.938169253305423,-49.62668198060248,65,-0.0778846153846154,0.35906697866031423,1997,0.4363521181567188,2.7,4.044444444444444,False,False
5210604,Itaguaru,GO,-15.77269219061855,-49.61280611939048,65,0.01586919978548074,0.8517949400604597,1977,0.1567533113111856,2.3,3.9555555555555557,False,False
5210802,Itajá,GO,-19.10106205706064,-51.320442502225646,65,0.1937965913196587,0.022514456634614544,1983,0.008459197082313663,1.15,4.622222222222222,True,True
5210901,Itapaci,GO,-14.942583570617431,-49.648017166937166,65,0.16738818675175637,0.048812567956719545,1977,0.02149222099681443,1.15,2.911111111111111,False,True
5211008,Itapirapuã,GO,-15.702867042933423,-50.77131729606334,65,0.20961538461538465,0.01357322433412817,1979,0.008099400394002452,1.35,3.688888888888889,True,True
5211206,Itapuranga,GO,-15.547632466884354,-49.950435924046815,65,0.1932692307692308,0.02285338210981876,1979,0.007421232664532038,2.15,3.1555555555555554,True,True
5211305,Itarumã,GO,-18.844192479045272,-51.33124441623029,65,0.09903846153846155,0.24351526376139854,1977,0.11558351804791793,1.15,4.044444444444444,False,False
5211404,Itauçu,GO,-16.19584566889133,-49.60976782472524,65,-0.1514787252250434,0.07452692165114072,2000,0.023251206077677004,2.2,3.8222222222222224,False,True
5211503,Itumbiara,GO,-18.35325947705066,-49.41652330193117,65,0.2836538461538462,0.0008371287560921994,1977,0.010939988910983817,2.05,3.0444444444444443,True,True
5211602,Ivolândia,GO,-16.675883412138145,-51.03420890939553,65,0.1230769230769231,0.14724974459811443,1976,0.036065047811419726,1.0,3.7333333333333334,False,False
5211701,Jandaia,GO,-17.091969718291157,-50.18242608271784,65,0.1634615384615385,0.05424550401058549,1995,0.06395574274390818,1.2,4.177777777777778,False,False
5211800,Jaraguá,GO,-15.701993064447317,-49.38710340932823,65,0.09615384615384617,0.25751798224906275,1977,0.0954805823504146,1.95,3.511111111111111,False,False
5211909,Jataí,GO,-17.909575141599344,-51.73225958228249,65,-0.07115384615384616,0.40209529101557673,2009,0.5672409199242981,1.4,5.288888888888889,False,False
5212006,Jaupaci,GO,-16.189988594058118,-51.05838925776196,65,0.28076923076923077,0.0009455404204488631,1978,0.003768064279825467,1.75,5.822222222222222,True,True
5212055,Jesúpolis,GO,-15.965524562302248,-49.41167780384835,65,-0.1514787252250434,0.07452692165114072,2015,0.13696117762157364,3.15,5.311111111111111,False,False
5212105,Joviânia,GO,-17.795553276273804,-49.6185872758922,65,0.054807692307692314,0.5186693578126838,1977,0.16144984740732568,0.85,1.8888888888888888,False,False
5212204,Jussara,GO,-15.582756645491475,-51.330234124200565,65,0.1605769230769231,0.058637341033104036,1979,0.0954805823504146,1.05,2.7333333333333334,False,False
5212253,Lagoa Santa,GO,-19.183220103632426,-51.28465831301647,65,0.19615384615384618,0.02089672865779774,1983,0.02876438730541304,1.15,4.511111111111111,True,False
5212303,Leopoldo de Bulhões,GO,-16.570235286569815,-48.88894634462095,65,0.2153846153846154,0.011203053689114175,2011,0.15216720064717362,3.15,4.666666666666667,True,False
5212501,Luziânia,GO,-16.48157911031459,-47.992154923118925,65,0.043269230769230775,0.610384513874678,1991,0.7193378849388556,1.15,3.911111111111111,False,False
5212600,Mairipotaba,GO,-17.29948542296109,-49.45840810960533,65,-0.09615384615384617,0.25751798224906275,2014,0.2270165572915539,1.6,5.177777777777778,False,False
5212709,Mambaí,GO,-14.419392296808734,-46.0667814953996,65,-0.18846153846153849,0.026468838133317404,1999,0.18137345418813178,1.3,3.6666666666666665,True,False
5212808,Mara Rosa,GO,-13.99666530198646,-49.396018132611374,65,0.1076923076923077,0.20474428938111378,1974,0.08657956663465231,0.45,0.9111111111111111,False,False
5212907,Marzagão,GO,-17.9853947036394,-48.68935855127334,65,0.23750000000000004,0.005162356812227657,1981,0.053726377031536474,2.35,3.3333333333333335,True,False
5212956,Matrinchã,GO,-15.377491226343665,-50.77460899040084,65,0.23365384615384616,0.005933512117906358,1979,0.003275128172611387,0.95,2.7777777777777777,True,True
5213004,Maurilândia,GO,-18.036153020353083,-50.36417759548005,65,-0.002884615384615385,0.9729024202503425,1970,0.1662584764648557,1.6,3.8222222222222224,False,False
5213053,Mimoso de Goiás,GO,-15.017088259270263,-48.30855369644832,65,0.30480769230769234,0.0003315439544841348,1976,0.016564659416996794,0.85,2.2666666666666666,True,True
5213087,Minaçu,GO,-13.499119379628514,-48.348829637281845,65,0.18610243384791048,0.028452431195444036,2015,0.16144984740732568,2.05,3.7777777777777777,True,False
5213103,Mineiros,GO,-17.630323708675956,-52.76599731448834,65,-0.06826923076923078,0.4214450879802445,2012,0.44641878404152746,2.95,2.8666666666666667,False,False
5213400,Moiporá,GO,-16.507898475469553,-50.77313514939127,65,0.11442307692307693,0.17784832771439973,1976,0.11925165071939424,1.3,3.7555555555555555,False,False
5213509,Monte Alegre de Goiás,GO,-13.294549527507687,-46.92367880841428,65,0.11108439849836516,0.19094083770394787,1967,0.5155908028704785,1.55,2.2,False,False
5213707,Montes Claros de Goiás,GO,-15.914027298035911,-51.5796507665828,65,0.2692307692307693,0.001522419555560495,1979,0.0051949151795271575,1.15,3.311111111111111,True,True
5213756,Montividiu,GO,-17.317955756042664,-51.18982286534158,65,0.05914883556406456,0.4862024450663225,1977,0.6535150821111455,0.5,1.8222222222222222,False,False
5213772,Montividiu do Norte,GO,-13.145650142406026,-48.73163109257033,65,0.13942307692307693,0.10063110674807266,1975,0.10182967849068571,0.45,1.8444444444444446,False,False
5213806,Morrinhos,GO,-17.77476853979136,-49.12928525655817,65,0.14423076923076925,0.08942935902899353,1977,0.11925165071939424,1.5,2.888888888888889,False,False
5213855,Morro Agudo de Goiás,GO,-15.311058388005115,-50.01175948911585,65,0.14955518585710634,0.07828597443736666,1978,0.002980308205688745,1.9,3.7777777777777777,False,True
5213905,Mossâmedes,GO,-16.162365344022295,-50.15819028674566,65,0.12884615384615386,0.1292032674393662,1978,0.10513368645374463,2.45,4.733333333333333,False,False
5214002,Mozarlândia,GO,-14.842586105177553,-50.58729025254485,65,0.12358740438995605,0.14566945352822955,1976,0.09093882440234434,0.3,0.9333333333333333,False,False
5214051,Mundo Novo,GO,-13.798810649865562,-50.2034712358126,65,0.06826923076923078,0.4214450879802445,1995,0.6794395367093345,0.55,1.711111111111111,False,False
5214101,Mutunópolis,GO,-13.719068413605363,-49.303781212159336,65,0.17359942795631958,0.04097402076403402,1974,0.006795167961004818,0.8,1.8888888888888888,False,True
5214408,Nazário,GO,-16.583377670375146,-49.849904902168205,65,0.01730769230769231,0.8385020825980152,1993,0.8750731790180674,2.45,4.7555555555555555,False,False
5214507,Nerópolis,GO,-16.426493405348058,-49.18637045851998,65,0.225,0.008060423079027226,1977,0.03474573545009981,3.9,6.333333333333333,True,False
5214606,Niquelândia,GO,-14.49856401408528,-48.40155566581881,65,0.3288461538461539,0.00010777444489636407,1976,0.003275128172611387,1.05,2.9555555555555557,True,True
5214705,Nova América,GO,-15.045245039026778,-49.93496130329567,65,0.21346153846153848,0.011948725315964503,1977,0.0034324144822200546,1.15,2.911111111111111,True,True
5214804,Nova Aurora,GO,-18.09863596590468,-48.29559285846132,65,0.03942307692307693,0.6424804021960624,1973,0.6794395367093345,3.45,4.688888888888889,False,False
5214838,Nova Crixás,GO,-14.13325988761935,-50.56207621895658,65,-0.04423076923076924,0.6024730552878146,1983,0.6156758708469371,0.55,1.7777777777777777,False,False
5214861,Nova Glória,GO,-15.07777991958553,-49.50841109282008,65,0.2663461538461539,0.0017103144653527128,1977,0.008833456203955271,1.15,3.511111111111111,True,True
5214879,Nova Iguaçu de Goiás,GO,-14.31146595998443,-49.28822016063063,65,0.17500000000000002,0.03932745024003653,1974,0.021920496091912347,1.0,1.8888888888888888,False,True
5214903,Nova Roma,GO,-13.800618785551944,-47.01075500889039,65,0.08173076923076925,0.33583089893655294,1976,0.45663907784026875,2.3,3.3555555555555556,False,False
5215009,Nova Veneza,GO,-16.358239147562045,-49.309145077382205,65,0.16250000000000003,0.05567791074662766,1977,0.036065047811419726,3.9,6.333333333333333,False,False
5215207,Novo Brasil,GO,-16.05514257464115,-50.64610771053359,65,0.20490622860990865,0.015872794280533828,1979,0.000983503728309127,1.0,2.688888888888889,True,True
5215231,Novo Gama,GO,-16.124911319647655,-48.0749808847437,65,0.14711538461538462,0.08320523933786642,1979,0.1662584764648557,6.25,20.066666666666666,False,False
5215256,Novo Planalto,GO,-13.250441028633285,-49.726516663658906,65,0.09954316229074281,0.24122696358645712,1974,0.017602022491475668,0.7,1.8444444444444446,False,True
5215306,Orizona,GO,-17.00783391649412,-48.19557242079657,65,0.09326923076923078,0.2720697041296738,1972,0.46701295818182675,1.45,3.7333333333333334,False,False
5215405,Ouro Verde de Goiás,GO,-16.255144172431045,-49.22059997167009,65,0.13653846153846155,0.10787167378640108,1977,0.04179063319747862,3.0,5.044444444444444,False,False
5215504,Ouvidor,GO,-18.21935208690893,-47.74725818887779,65,-0.005289733261826912,0.950342853534446,1973,0.9348700819203165,3.75,5.4222222222222225,False,False
5215603,Padre Bernardo,GO,-15.361286196149909,-48.30517896932407,65,0.10678211913474113,0.20880151270856662,1967,0.5555005761215098,1.3,7.066666666666666,False,False
5215652,Palestina de Goiás,GO,-16.704283889927957,-51.44086028000454,65,0.11057692307692309,0.19287584940313707,1972,0.053726377031536474,1.2,5.355555555555555,False,False
5215702,Palmeiras de Goiás,GO,-16.80902341007279,-49.94594325244467,65,0.14282279806932663,0.09267392141976125,1993,0.043340125789311776,2.0,4.777777777777778,False,False
5215801,Palmelo,GO,-17.306541006340918,-48.39683556811492,65,0.08076923076923077,0.3415471640207668,1972,0.16144984740732568,1.85,3.1777777777777776,False,False
5215900,Palminópolis,GO,-16.819842945790448,-50.19516490435022,65,0.1451923076923077,0.08731427299935919,1995,0.02876438730541304,1.65,4.844444444444444,False,False
5216007,Panamá,GO,-18.204025217569303,-49.403199182120645,65,0.3101707230798508,0.0002605588529907642,1994,0.012155116924259905,1.95,3.6444444444444444,True,True
5216304,Paranaiguara,GO,-18.80842260792581,-50.62370290293568,65,-0.06442307692307693,0.44807654659723983,2003,0.23329562826712694,0.85,4.266666666666667,False,False
5216403,Paraúna,GO,-17.04704644864084,-50.637927431062,65,0.14807692307692308,0.08121025824359357,1978,0.18137345418813178,1.35,5.133333333333334,False,False
5216452,Perolândia,GO,-17.494265842851522,-52.22486276083785,65,-0.19230769230769235,0.023540058261177936,2002,0.05185908915400302,1.2,3.533333333333333,True,False
5216809,Petrolina de Goiás,GO,-16.111946730055816,-49.31638894659877,65,-0.05576923076923077,0.5113605348757182,2003,0.27379852014261447,2.8,4.4222222222222225,False,False
5216908,Pilar de Goiás,GO,-14.587340387423374,-49.52168789604343,65,0.1605769230769231,0.058637341033104036,1976,0.10513368645374463,1.35,4.222222222222222,False,False
5217104,Piracanjuba,GO,-17.331832366083077,-48.99338008443168,65,0.12596153846153849,0.1379992597344832,1977,0.05004808403109762,2.4,4.888888888888889,False,False
5217203,Piranhas,GO,-16.414072934216975,-51.84192448395424,65,0.1418610283853581,0.09489257948272471,1971,0.18137345418813178,1.05,4.733333333333333,False,False
5217302,Pirenópolis,GO,-15.810042664281198,-49.01185794856556,65,0.03125751472897721,0.712876266353327,1977,0.2563242059624761,1.8,3.311111111111111,False,False
5217401,Pires do Rio,GO,-17.27223008619973,-48.38911812666909,65,0.058653846153846154,0.48976100930269273,1972,0.27379852014261447,1.85,3.1777777777777776,False,False
5217609,Planaltina,GO,-15.284385499796432,-47.75204121504844,65,0.12987014489360407,0.12635793302119447,2008,0.1476898403483945,3.3,9.666666666666666,False,False
5217708,Pontalina,GO,-17.53115734900112,-49.538110121896246,65,0.019230769230769235,0.8208472385419284,1970,0.2667046417839311,1.15,3.977777777777778,False,False
5218003,Porangatu,GO,-13.292198759762236,-49.230767696508295,65,0.1283962528097987,0.13063207140014976,1974,0.017249952653633677,1.0,2.7777777777777777,False,True
5218052,Porteirão,GO,-17.901147147714457,-50.14811448210322,65,-0.04711538461538462,0.5790206953061717,1970,0.08657956663465231,1.6,3.8222222222222224,False,False
5218102,Portelândia,GO,-17.35125104241459,-52.70460901140032,65,-0.10339024102661692,0.2235215426039271,1989,0.4775403025455924,3.6,3.3333333333333335,False,False
5218300,Posse,GO,-14.230301762819954,-46.43552348675467,65,-0.05433998714422192,0.5223372393861259,2014,0.8750731790180674,1.3,2.422222222222222,False,False
5218391,Professor Jamil,GO,-17.273238214321843,-49.24615079402363,65,0.04038461538461539,0.6343904759318508,1975,0.25293286153182654,1.75,4.2,False,False
5218508,Quirinópolis,GO,-18.43726345358052,-50.52908341397288,65,-0.15192307692307694,0.07361518372015567,1997,0.05565131986374875,0.45,0.7777777777777778,False,False
5218607,Rialma,GO,-15.34075166159684,-49.53254197312202,65,0.121663865022019,0.15204270697621372,1977,0.05004808403109762,1.65,3.088888888888889,False,False
5218706,Rianápolis,GO,-15.472399913572882,-49.44012683092093,65,0.06346153846153847,0.4548807770395934,1977,0.23329562826712694,2.4,3.977777777777778,False,False
5218789,Rio Quente,GO,-17.832758739281857,-48.782762011648494,65,0.264423076923077,0.001847185243478315,1996,0.0015873987178454797,2.3,4.822222222222222,True,True
5218805,Rio Verde,GO,-17.738791766897233,-51.03918214909252,65,0.1230769230769231,0.14724974459811443,1975,0.12301501734761935,1.3,4.0,False,False
5218904,Rubiataba,GO,-15.181051392509753,-49.87677090387096,65,0.15821111301282312,0.06251496407922592,1977,0.0066463699246685414,1.9,3.8666666666666667,False,True
5219001,Sanclerlândia,GO,-16.285170368659724,-50.37530621024333,65,0.2009615384615385,0.017959163268484925,1979,0.017249952653633677,1.6,2.9555555555555557,True,True
5219100,Santa Bárbara de Goiás,GO,-16.59646989710476,-49.67945821622997,65,0.02933397536104015,0.7298312391106343,1993,1.0,4.1,7.666666666666667,False,False
5219209,Santa Cruz de Goiás,GO,-17.360563981540242,-48.59312767074093,65,0.08846153846153848,0.2975531675111377,1971,0.16144984740732568,2.45,3.5555555555555554,False,False
5219258,Santa Fé de Goiás,GO,-15.667630768599674,-51.17158212624356,65,0.20384615384615387,0.016375942740005898,1979,0.015903853144033468,1.05,2.7333333333333334,True,True
5219308,Santa Helena de Goiás,GO,-17.801548818455707,-50.57871738078929,65,0.16494350080060283,0.05215087429519464,1973,0.025628914308205172,1.75,5.311111111111111,False,True
5219357,Santa Isabel,GO,-15.25046648653238,-49.39005879735596,65,0.06923076923076923,0.4149352520971258,1977,0.31934808891406874,1.65,3.6222222222222222,False,False
5219407,Santa Rita do Araguaia,GO,-17.24389302722655,-53.06871659029459,65,0.04711538461538462,0.5790206953061717,2008,0.7883903763393662,3.3,2.2666666666666666,False,False
5219456,Santa Rita do Novo Destino,GO,-14.876537216123836,-49.05626486977155,65,0.1759615384615385,0.038259195895726995,2016,0.09243219495343426,1.15,3.533333333333333,False,False
5219506,Santa Rosa de Goiás,GO,-16.062824430164465,-49.48606038582629,65,-0.07453715050756103,0.38019950221802634,2003,0.34834335125646165,2.5,3.8444444444444446,False,False
5219605,Santa Tereza de Goiás,GO,-13.572427203527855,-48.98205332760225,65,0.2,0.01851591612496109,1975,0.02988229294893045,1.15,2.7777777777777777,True,False
5219704,Santa Terezinha de Goiás,GO,-14.322498708225096,-49.67275735590745,65,0.12115384615384618,0.15367530699707593,1976,0.09861252850976931,0.7,2.7333333333333334,False,False
5219712,Santo Antônio da Barra,GO,-17.525107808605412,-50.63055516477388,65,0.16250000000000003,0.05567791074662766,1978,0.07838680053058594,1.25,4.288888888888889,False,False
5219738,Santo Antônio de Goiás,GO,-16.47668368424249,-49.2940662638895,65,0.275,0.0012023910354601723,1977,0.010939988910983817,3.9,6.333333333333333,True,True
5219753,Santo Antônio do Descoberto,GO,-16.08491848433957,-48.28296805680022,65,0.15961538461538463,0.06016535794097843,2004,0.25293286153182654,5.5,16.622222222222224,False,False
5219803,São Domingos,GO,-13.53407337904262,-46.48395363198168,65,0.1418610283853581,0.09489257948272471,2009,0.16144984740732568,2.0,4.777777777777778,False,False
5219902,São Francisco de Goiás,GO,-15.951213341491997,-49.25595578057871,65,0.030769230769230774,0.7171064503042393,1977,0.5555005761215098,1.8,3.3777777777777778,False,False
5220009,São João d'Aliança,GO,-14.485484133908134,-47.422721543345226,65,0.06057692307692309,0.47563877428430523,1968,0.6281471370692552,1.6,2.8444444444444446,False,False
5220058,São João da Paraúna,GO,-16.818461023806286,-50.37291627837627,65,0.14423076923076925,0.08942935902899353,1995,0.04829200871359571,1.55,4.866666666666666,False,False
5220108,São Luís de Montes Belos,GO,-16.45547863713844,-50.37543475314061,65,-0.01490743010151221,0.8606822507735123,2004,0.8457507342183549,1.45,3.688888888888889,False,False
5220157,São Luiz do Norte,GO,-14.916061846078437,-49.276215955083465,65,0.20192307692307696,0.017417130286899955,2016,0.10182967849068571,2.1,5.022222222222222,True,False
5220207,São Miguel do Araguaia,GO,-13.145101427767592,-50.24935509604215,65,0.31250000000000006,0.00023332510314954838,1976,0.010485500191296987,1.05,2.577777777777778,True,True
5220264,São Miguel do Passa Quatro,GO,-16.989539900348625,-48.66776172807698,65,0.0778846153846154,0.35906697866031423,1977,0.4264390421954524,1.5,1.8444444444444446,False,False
5220280,São Patrício,GO,-15.366867791024504,-49.82760418514264,65,0.13269230769230772,0.11816028735144751,1978,0.007421232664532038,1.9,3.9555555555555557,False,True
5220405,São Simão,GO,-19.010810547816053,-50.59094017282992,65,0.06538461538461539,0.4413305118271882,1980,0.37917085700952197,0.4,3.422222222222222,False,False
5220454,Senador Canedo,GO,-16.705423872822344,-49.10775687065285,65,0.24230769230769236,0.004326256244848926,2010,0.0810416956090477,3.5,5.488888888888889,True,False
5220504,Serranópolis,GO,-18.22466579143399,-52.21224148967731,65,0.058653846153846154,0.48976100930269273,2009,0.4775403025455924,0.4,3.4,False,False
5220603,Silvânia,GO,-16.60674263408205,-48.55841685797372,65,0.12454917407392459,0.14256051443382467,1977,0.6033483431563663,0.35,1.2666666666666666,False,False
5220686,Simolândia,GO,-14.432568028200542,-46.58292184578976,65,0.05,0.5560061415710047,1976,0.7604002213532476,1.85,2.4444444444444446,False,False
5220702,Sítio d'Abadia,GO,-14.752145533224027,-46.26791254971769,65,0.002884615384615385,0.9729024202503425,2004,1.0,1.3,3.2444444444444445,False,False
5221007,Taquaral de Goiás,GO,-16.046291420760785,-49.59581172602167,65,-0.17788461538461542,0.03619655620523172,2004,0.015266779927279142,2.55,3.8444444444444446,False,True
5221080,Teresina de Goiás,GO,-13.682366387068836,-47.23754479509251,65,-0.07357538082359251,0.3863773062896759,2014,0.19204067398614047,1.75,2.511111111111111,False,False
5221197,Terezópolis de Goiás,GO,-16.442855448737145,-49.07438505563269,65,0.23942307692307696,0.00481180452064912,1977,0.043340125789311776,3.55,5.4222222222222225,True,False
5221304,Três Ranchos,GO,-18.34414401068186,-47.78218481481644,65,0.010576923076923078,0.9008794391838973,1976,0.6281471370692552,5.45,6.955555555555556,False,False
5221403,Trindade,GO,-16.638984306205653,-49.54526824012383,65,0.18173076923076925,0.03235447625285426,1977,0.05565131986374875,4.3,7.266666666666667,True,False
5221452,Trombas,GO,-13.421340324443385,-48.75420343376421,65,0.18610243384791048,0.028452431195444036,1976,0.07838680053058594,1.35,2.7777777777777777,True,False
5221502,Turvânia,GO,-16.577183994706832,-50.13211286378793,65,0.09326923076923078,0.2720697041296738,1994,0.11925165071939424,1.1,2.8,False,False
5221551,Turvelândia,GO,-17.75444323329495,-50.31259853467748,65,0.07980769230769232,0.3473253208868534,1975,0.08377208835709478,2.0,5.177777777777778,False,False
5221577,Uirapuru,GO,-14.14962279571167,-49.96614784155686,65,0.1730769230769231,0.04154006700988516,1978,0.07085942951772722,0.55,2.688888888888889,False,False
5221601,Uruaçu,GO,-14.41912263999223,-49.08991307483189,65,0.1605769230769231,0.058637341033104036,2014,0.05565131986374875,0.65,1.4666666666666666,False,False
5221700,Uruana,GO,-15.57802404831188,-49.643349896271154,65,0.10050493197471135,0.23671069122216515,1977,0.06072509291590316,2.35,4.0,False,False
5221809,Urutaí,GO,-17.435920208576725,-48.19613876572412,65,-0.027884615384615386,0.7426392261972599,1971,0.19204067398614047,1.95,2.977777777777778,False,False
5221858,Valparaíso de Goiás,GO,-16.084571774997052,-47.988392226293264,65,0.15865384615384617,0.06172624233514096,1979,0.1662584764648557,6.95,22.866666666666667,False,False
5221908,Varjão,GO,-17.078057817972432,-49.61147888499048,65,0.07692307692307694,0.36503027183830394,1971,0.6535150821111455,1.9,5.733333333333333,False,False
5222005,Vianópolis,GO,-16.81303640742399,-48.44182729352322,65,0.06923076923076923,0.4149352520971258,1971,0.3274473959752802,0.95,1.9333333333333333,False,False
5222054,Vicentinópolis,GO,-17.724516498119293,-49.87280213766315,65,-0.003846153846153847,0.9638752961842721,1970,0.25974984352926617,1.95,4.533333333333333,False,False
5222203,Vila Boa,GO,-14.99355070266946,-47.06266966355389,65,-0.11826923076923078,0.16371030112364793,1995,0.025628914308205172,0.55,0.6222222222222222,False,True
5222302,Vila Propício,GO,-15.269077592343626,-48.81442110590933,65,0.1447463374372637,0.08836161353687573,1992,0.2397071069526228,1.15,3.6222222222222222,False,False
5300108,Brasília,DF,-15.781440272062586,-47.79674813894448,65,0.24957923298983342,0.0033001113136374625,1980,0.015266779927279142,10.25,33.333333333333336,True,True
